#
# There is insufficient memory for the Java Runtime Environment to continue.
# Native memory allocation (malloc) failed to allocate 1655856 bytes. Error detail: Chunk::new
# Possible reasons:
#   The system is out of physical RAM or swap space
#   This process is running with CompressedOops enabled, and the Java Heap may be blocking the growth of the native heap
# Possible solutions:
#   Reduce memory load on the system
#   Increase physical memory or swap space
#   Check if swap backing store is full
#   Decrease Java heap size (-Xmx/-Xms)
#   Decrease number of Java threads
#   Decrease Java thread stack sizes (-Xss)
#   Set larger code cache with -XX:ReservedCodeCacheSize=
#   JVM is running with Unscaled Compressed Oops mode in which the Java heap is
#     placed in the first 4GB address space. The Java Heap base address is the
#     maximum limit for the native heap growth. Please use -XX:HeapBaseMinAddress
#     to set the Java Heap base and to place the Java Heap above 4GB virtual address.
# This output file may be truncated or incomplete.
#
#  Out of Memory Error (arena.cpp:191), pid=8140, tid=3456
#
# JRE version: OpenJDK Runtime Environment Microsoft-10376486 (17.0.13+11) (build 17.0.13+11-LTS)
# Java VM: OpenJDK 64-Bit Server VM Microsoft-10376486 (17.0.13+11-LTS, mixed mode, sharing, tiered, compressed oops, compressed class ptrs, g1 gc, windows-amd64)
# No core dump will be written. Minidumps are not enabled by default on client versions of Windows
#

---------------  S U M M A R Y ------------

Command Line: --add-opens=java.base/java.lang=ALL-UNNAMED --add-opens=java.base/java.lang.invoke=ALL-UNNAMED --add-opens=java.base/java.util=ALL-UNNAMED --add-opens=java.prefs/java.util.prefs=ALL-UNNAMED --add-exports=jdk.compiler/com.sun.tools.javac.api=ALL-UNNAMED --add-exports=jdk.compiler/com.sun.tools.javac.util=ALL-UNNAMED --add-opens=java.base/java.util=ALL-UNNAMED --add-opens=java.prefs/java.util.prefs=ALL-UNNAMED --add-opens=java.base/java.nio.charset=ALL-UNNAMED --add-opens=java.base/java.net=ALL-UNNAMED --add-opens=java.base/java.util.concurrent.atomic=ALL-UNNAMED --add-opens=java.xml/javax.xml.namespace=ALL-UNNAMED -XX:MaxMetaspaceSize=512m -Xmx2048m -Dfile.encoding=windows-1252 -Duser.country=US -Duser.language=en -Duser.variant -javaagent:C:\Users\aliah\.gradle\wrapper\dists\gradle-8.11.1-bin\bpt9gzteqjrbo1mjrsomdt32c\gradle-8.11.1\lib\agents\gradle-instrumentation-agent-8.11.1.jar org.gradle.launcher.daemon.bootstrap.GradleDaemon 8.11.1

Host: Intel(R) Core(TM) i7-7500U CPU @ 2.70GHz, 4 cores, 7G,  Windows 10 , 64 bit Build 19041 (10.0.19041.5198)
Time: Fri Jan 17 20:28:47 2025 Pakistan Standard Time elapsed time: 127.946934 seconds (0d 0h 2m 7s)

---------------  T H R E A D  ---------------

Current thread (0x0000028c7a97d210):  JavaThread "C2 CompilerThread0" daemon [_thread_in_native, id=3456, stack(0x000000f5e5600000,0x000000f5e5700000)]


Current CompileTask:
C2: 127947 25644   !   4       com.sun.tools.javac.parser.JavaTokenizer::readToken (1731 bytes)

Stack: [0x000000f5e5600000,0x000000f5e5700000]
Native frames: (J=compiled Java code, j=interpreted, Vv=VM code, C=native code)
V  [jvm.dll+0x687fc9]
V  [jvm.dll+0x83eeb8]
V  [jvm.dll+0x840963]
V  [jvm.dll+0x840fd3]
V  [jvm.dll+0x24951f]
V  [jvm.dll+0xad0c4]
V  [jvm.dll+0xad75c]
V  [jvm.dll+0x36aaaf]
V  [jvm.dll+0x335153]
V  [jvm.dll+0x3345ea]
V  [jvm.dll+0x21a748]
V  [jvm.dll+0x219b7f]
V  [jvm.dll+0x1a5506]
V  [jvm.dll+0x22a1ca]
V  [jvm.dll+0x22830b]
V  [jvm.dll+0x7f4708]
V  [jvm.dll+0x7eea6c]
V  [jvm.dll+0x686ea7]
C  [ucrtbase.dll+0x21bb2]
C  [KERNEL32.DLL+0x17374]
C  [ntdll.dll+0x4cc91]


---------------  P R O C E S S  ---------------

Threads class SMR info:
_java_thread_list=0x0000028c27a919a0, length=107, elements={
0x0000028c5cd73050, 0x0000028c7a953470, 0x0000028c7a954200, 0x0000028c7a96bc50,
0x0000028c7a96d730, 0x0000028c7a970010, 0x0000028c7a9708e0, 0x0000028c7a97d210,
0x0000028c7a980160, 0x0000028c7a999590, 0x0000028c7aaa6960, 0x0000028c7ab5fc50,
0x0000028c1b8a7060, 0x0000028c1b8a8ec0, 0x0000028c1b8a6b50, 0x0000028c1b8a84a0,
0x0000028c1c2195b0, 0x0000028c1c215e00, 0x0000028c1c217c60, 0x0000028c1c216d30,
0x0000028c1c218170, 0x0000028c1c213a90, 0x0000028c1df14fc0, 0x0000028c1df0e570,
0x0000028c1df159e0, 0x0000028c1eff5410, 0x0000028c1eff30a0, 0x0000028c1eeed080,
0x0000028c268a2aa0, 0x0000028c268a4900, 0x0000028c268a1660, 0x0000028c268a0c40,
0x0000028c2689ede0, 0x0000028c268a1b70, 0x0000028c2689f2f0, 0x0000028c268a39d0,
0x0000028c268a43f0, 0x0000028c268a4e10, 0x0000028c268a3ee0, 0x0000028c268a5320,
0x0000028c268a5d40, 0x0000028c2689f800, 0x0000028c268a6760, 0x0000028c268a0220,
0x0000028c268a0730, 0x0000028c268a1150, 0x0000028c1eff35b0, 0x0000028c1eff8bc0,
0x0000028c1eff5e30, 0x0000028c1eff2b90, 0x0000028c1eff90d0, 0x0000028c1eff4f00,
0x0000028c1eff6340, 0x0000028c1eff44e0, 0x0000028c1eff6850, 0x0000028c1eff3ac0,
0x0000028c1eff6d60, 0x0000028c1eff3fd0, 0x0000028c1eff81a0, 0x0000028c1eff2170,
0x0000028c1eff86b0, 0x0000028c1eff95e0, 0x0000028c1eff9af0, 0x0000028c1eff2680,
0x0000028c1df11d20, 0x0000028c1df11300, 0x0000028c1df108e0, 0x0000028c1df11810,
0x0000028c1df13670, 0x0000028c1df0ea80, 0x0000028c1df12740, 0x0000028c1df0f9b0,
0x0000028c1df0fec0, 0x0000028c1df13b80, 0x0000028c1df10df0, 0x0000028c1df12c50,
0x0000028c1df13160, 0x0000028c1df103d0, 0x0000028c1df14090, 0x0000028c1df0e060,
0x0000028c1df145a0, 0x0000028c1df14ab0, 0x0000028c1c218680, 0x0000028c1c218b90,
0x0000028c1c2190a0, 0x0000028c1c216310, 0x0000028c1c214ed0, 0x0000028c1c216820,
0x0000028c1c213fa0, 0x0000028c1c2149c0, 0x0000028c1c2153e0, 0x0000028c1c217240,
0x0000028c1c219fd0, 0x0000028c1c21a4e0, 0x0000028c1c21a9f0, 0x0000028c1c213580,
0x0000028c211d1820, 0x0000028c211d91a0, 0x0000028c211d40a0, 0x0000028c211d45b0,
0x0000028c211d3b90, 0x0000028c211d3680, 0x0000028c211d7850, 0x0000028c211d3170,
0x0000028c211d59f0, 0x0000028c211d6e30, 0x0000028c1cda3240
}

Java Threads: ( => current thread )
  0x0000028c5cd73050 JavaThread "main" [_thread_blocked, id=7240, stack(0x000000f5e4900000,0x000000f5e4a00000)]
  0x0000028c7a953470 JavaThread "Reference Handler" daemon [_thread_blocked, id=5592, stack(0x000000f5e5000000,0x000000f5e5100000)]
  0x0000028c7a954200 JavaThread "Finalizer" daemon [_thread_blocked, id=11740, stack(0x000000f5e5100000,0x000000f5e5200000)]
  0x0000028c7a96bc50 JavaThread "Signal Dispatcher" daemon [_thread_blocked, id=8400, stack(0x000000f5e5200000,0x000000f5e5300000)]
  0x0000028c7a96d730 JavaThread "Attach Listener" daemon [_thread_blocked, id=3228, stack(0x000000f5e5300000,0x000000f5e5400000)]
  0x0000028c7a970010 JavaThread "Service Thread" daemon [_thread_blocked, id=6048, stack(0x000000f5e5400000,0x000000f5e5500000)]
  0x0000028c7a9708e0 JavaThread "Monitor Deflation Thread" daemon [_thread_blocked, id=6104, stack(0x000000f5e5500000,0x000000f5e5600000)]
=>0x0000028c7a97d210 JavaThread "C2 CompilerThread0" daemon [_thread_in_native, id=3456, stack(0x000000f5e5600000,0x000000f5e5700000)]
  0x0000028c7a980160 JavaThread "C1 CompilerThread0" daemon [_thread_blocked, id=5416, stack(0x000000f5e5700000,0x000000f5e5800000)]
  0x0000028c7a999590 JavaThread "Sweeper thread" daemon [_thread_blocked, id=8960, stack(0x000000f5e5800000,0x000000f5e5900000)]
  0x0000028c7aaa6960 JavaThread "Common-Cleaner" daemon [_thread_blocked, id=448, stack(0x000000f5e5900000,0x000000f5e5a00000)]
  0x0000028c7ab5fc50 JavaThread "Notification Thread" daemon [_thread_blocked, id=16056, stack(0x000000f5e5a00000,0x000000f5e5b00000)]
  0x0000028c1b8a7060 JavaThread "Daemon health stats" [_thread_blocked, id=12160, stack(0x000000f5e6000000,0x000000f5e6100000)]
  0x0000028c1b8a8ec0 JavaThread "Incoming local TCP Connector on port 55569" [_thread_in_native, id=5636, stack(0x000000f5e6100000,0x000000f5e6200000)]
  0x0000028c1b8a6b50 JavaThread "Daemon periodic checks" [_thread_blocked, id=19816, stack(0x000000f5e6200000,0x000000f5e6300000)]
  0x0000028c1b8a84a0 JavaThread "Cache worker for journal cache (C:\Users\aliah\.gradle\caches\journal-1)" [_thread_blocked, id=5612, stack(0x000000f5e6a00000,0x000000f5e6b00000)]
  0x0000028c1c2195b0 JavaThread "File lock request listener" [_thread_in_native, id=15416, stack(0x000000f5e6b00000,0x000000f5e6c00000)]
  0x0000028c1c215e00 JavaThread "Cache worker for file hash cache (C:\Users\aliah\.gradle\caches\8.11.1\fileHashes)" [_thread_blocked, id=14228, stack(0x000000f5e6c00000,0x000000f5e6d00000)]
  0x0000028c1c217c60 JavaThread "Cache worker for file content cache (C:\Users\aliah\.gradle\caches\8.11.1\fileContent)" [_thread_blocked, id=14232, stack(0x000000f5e6d00000,0x000000f5e6e00000)]
  0x0000028c1c216d30 JavaThread "File watcher server" daemon [_thread_in_native, id=9968, stack(0x000000f5e7000000,0x000000f5e7100000)]
  0x0000028c1c218170 JavaThread "File watcher consumer" daemon [_thread_blocked, id=16692, stack(0x000000f5e7100000,0x000000f5e7200000)]
  0x0000028c1c213a90 JavaThread "jar transforms" [_thread_blocked, id=2548, stack(0x000000f5e7700000,0x000000f5e7800000)]
  0x0000028c1df14fc0 JavaThread "Memory manager" [_thread_blocked, id=15152, stack(0x000000f5e8800000,0x000000f5e8900000)]
  0x0000028c1df0e570 JavaThread "ForkJoinPool.commonPool-worker-1" daemon [_thread_blocked, id=15384, stack(0x000000f5e8a00000,0x000000f5e8b00000)]
  0x0000028c1df159e0 JavaThread "ForkJoinPool.commonPool-worker-2" daemon [_thread_blocked, id=5060, stack(0x000000f5e8b00000,0x000000f5e8c00000)]
  0x0000028c1eff5410 JavaThread "jar transforms Thread 2" [_thread_blocked, id=3736, stack(0x000000f5ea700000,0x000000f5ea800000)]
  0x0000028c1eff30a0 JavaThread "jar transforms Thread 3" [_thread_blocked, id=17316, stack(0x000000f5ea800000,0x000000f5ea900000)]
  0x0000028c1eeed080 JavaThread "jar transforms Thread 4" [_thread_blocked, id=14144, stack(0x000000f5ead00000,0x000000f5eae00000)]
  0x0000028c268a2aa0 JavaThread "Daemon Thread 2" [_thread_blocked, id=19756, stack(0x000000f5e4600000,0x000000f5e4700000)]
  0x0000028c268a4900 JavaThread "Handler for socket connection from /127.0.0.1:55569 to /127.0.0.1:55580" [_thread_in_native, id=14292, stack(0x000000f5e4700000,0x000000f5e4800000)]
  0x0000028c268a1660 JavaThread "Cancel handler" [_thread_blocked, id=19296, stack(0x000000f5e4800000,0x000000f5e4900000)]
  0x0000028c268a0c40 JavaThread "Daemon worker Thread 2" [_thread_blocked, id=11396, stack(0x000000f5e5e00000,0x000000f5e5f00000)]
  0x0000028c2689ede0 JavaThread "Asynchronous log dispatcher for DefaultDaemonConnection: socket connection from /127.0.0.1:55569 to /127.0.0.1:55580" [_thread_blocked, id=12724, stack(0x000000f5e6300000,0x000000f5e6400000)]
  0x0000028c268a1b70 JavaThread "Stdin handler" [_thread_blocked, id=11636, stack(0x000000f5e6400000,0x000000f5e6500000)]
  0x0000028c2689f2f0 JavaThread "Daemon client event forwarder" [_thread_blocked, id=3536, stack(0x000000f5e6500000,0x000000f5e6600000)]
  0x0000028c268a39d0 JavaThread "Cache worker for file hash cache (D:\React Native\MyProject\android\.gradle\8.11.1\fileHashes)" [_thread_blocked, id=4304, stack(0x000000f5e6600000,0x000000f5e6700000)]
  0x0000028c268a43f0 JavaThread "Cache worker for Build Output Cleanup Cache (D:\React Native\MyProject\android\.gradle\buildOutputCleanup)" [_thread_blocked, id=4152, stack(0x000000f5e6700000,0x000000f5e6800000)]
  0x0000028c268a4e10 JavaThread "Cache worker for checksums cache (D:\React Native\MyProject\android\.gradle\8.11.1\checksums)" [_thread_blocked, id=8644, stack(0x000000f5e6900000,0x000000f5e6a00000)]
  0x0000028c268a3ee0 JavaThread "Cache worker for cache directory md-rule (C:\Users\aliah\.gradle\caches\8.11.1\md-rule)" [_thread_blocked, id=19176, stack(0x000000f5e6e00000,0x000000f5e6f00000)]
  0x0000028c268a5320 JavaThread "Cache worker for cache directory md-supplier (C:\Users\aliah\.gradle\caches\8.11.1\md-supplier)" [_thread_blocked, id=15616, stack(0x000000f5e6f00000,0x000000f5e7000000)]
  0x0000028c268a5d40 JavaThread "Cache worker for Build Output Cleanup Cache (D:\React Native\MyProject\node_modules\@react-native\gradle-plugin\.gradle\buildOutputCleanup)" [_thread_blocked, id=732, stack(0x000000f5e7200000,0x000000f5e7300000)]
  0x0000028c2689f800 JavaThread "Unconstrained build operations" [_thread_blocked, id=13676, stack(0x000000f5e7300000,0x000000f5e7400000)]
  0x0000028c268a6760 JavaThread "Unconstrained build operations Thread 2" [_thread_blocked, id=18724, stack(0x000000f5e7400000,0x000000f5e7500000)]
  0x0000028c268a0220 JavaThread "Unconstrained build operations Thread 3" [_thread_blocked, id=19884, stack(0x000000f5e7800000,0x000000f5e7900000)]
  0x0000028c268a0730 JavaThread "Unconstrained build operations Thread 4" [_thread_blocked, id=10688, stack(0x000000f5e7900000,0x000000f5e7a00000)]
  0x0000028c268a1150 JavaThread "Unconstrained build operations Thread 5" [_thread_blocked, id=10196, stack(0x000000f5e7a00000,0x000000f5e7b00000)]
  0x0000028c1eff35b0 JavaThread "Unconstrained build operations Thread 6" [_thread_blocked, id=11616, stack(0x000000f5e7b00000,0x000000f5e7c00000)]
  0x0000028c1eff8bc0 JavaThread "Unconstrained build operations Thread 7" [_thread_blocked, id=1812, stack(0x000000f5e7c00000,0x000000f5e7d00000)]
  0x0000028c1eff5e30 JavaThread "Unconstrained build operations Thread 8" [_thread_blocked, id=18924, stack(0x000000f5e7d00000,0x000000f5e7e00000)]
  0x0000028c1eff2b90 JavaThread "Unconstrained build operations Thread 9" [_thread_blocked, id=2348, stack(0x000000f5e7e00000,0x000000f5e7f00000)]
  0x0000028c1eff90d0 JavaThread "Unconstrained build operations Thread 10" [_thread_blocked, id=3768, stack(0x000000f5e7f00000,0x000000f5e8000000)]
  0x0000028c1eff4f00 JavaThread "build event listener" [_thread_blocked, id=2936, stack(0x000000f5e8000000,0x000000f5e8100000)]
  0x0000028c1eff6340 JavaThread "ForkJoinPool.commonPool-worker-4" daemon [_thread_blocked, id=11072, stack(0x000000f5e8100000,0x000000f5e8200000)]
  0x0000028c1eff44e0 JavaThread "included builds" [_thread_in_native, id=10140, stack(0x000000f5e8200000,0x000000f5e8300000)]
  0x0000028c1eff6850 JavaThread "Execution worker" [_thread_blocked, id=14076, stack(0x000000f5e8300000,0x000000f5e8400000)]
  0x0000028c1eff3ac0 JavaThread "Execution worker Thread 2" [_thread_blocked, id=19728, stack(0x000000f5e8400000,0x000000f5e8500000)]
  0x0000028c1eff6d60 JavaThread "Execution worker Thread 3" [_thread_blocked, id=19136, stack(0x000000f5e8500000,0x000000f5e8600000)]
  0x0000028c1eff3fd0 JavaThread "Cache worker for execution history cache (D:\React Native\MyProject\node_modules\@react-native\gradle-plugin\.gradle\8.11.1\executionHistory)" [_thread_blocked, id=19820, stack(0x000000f5e8600000,0x000000f5e8700000)]
  0x0000028c1eff81a0 JavaThread "Unconstrained build operations Thread 11" [_thread_blocked, id=16716, stack(0x000000f5e8700000,0x000000f5e8800000)]
  0x0000028c1eff2170 JavaThread "Unconstrained build operations Thread 12" [_thread_blocked, id=1648, stack(0x000000f5e8900000,0x000000f5e8a00000)]
  0x0000028c1eff86b0 JavaThread "Unconstrained build operations Thread 13" [_thread_blocked, id=18736, stack(0x000000f5e8c00000,0x000000f5e8d00000)]
  0x0000028c1eff95e0 JavaThread "Unconstrained build operations Thread 14" [_thread_blocked, id=13224, stack(0x000000f5e8d00000,0x000000f5e8e00000)]
  0x0000028c1eff9af0 JavaThread "Unconstrained build operations Thread 15" [_thread_blocked, id=5192, stack(0x000000f5e8e00000,0x000000f5e8f00000)]
  0x0000028c1eff2680 JavaThread "Unconstrained build operations Thread 16" [_thread_blocked, id=7320, stack(0x000000f5e8f00000,0x000000f5e9000000)]
  0x0000028c1df11d20 JavaThread "Unconstrained build operations Thread 17" [_thread_blocked, id=13024, stack(0x000000f5e9000000,0x000000f5e9100000)]
  0x0000028c1df11300 JavaThread "Unconstrained build operations Thread 18" [_thread_blocked, id=1516, stack(0x000000f5e9100000,0x000000f5e9200000)]
  0x0000028c1df108e0 JavaThread "Unconstrained build operations Thread 19" [_thread_blocked, id=17776, stack(0x000000f5e9200000,0x000000f5e9300000)]
  0x0000028c1df11810 JavaThread "Unconstrained build operations Thread 20" [_thread_blocked, id=19872, stack(0x000000f5e9300000,0x000000f5e9400000)]
  0x0000028c1df13670 JavaThread "Unconstrained build operations Thread 21" [_thread_blocked, id=2840, stack(0x000000f5e9400000,0x000000f5e9500000)]
  0x0000028c1df0ea80 JavaThread "Unconstrained build operations Thread 22" [_thread_blocked, id=9396, stack(0x000000f5e9500000,0x000000f5e9600000)]
  0x0000028c1df12740 JavaThread "Unconstrained build operations Thread 23" [_thread_blocked, id=13276, stack(0x000000f5e9600000,0x000000f5e9700000)]
  0x0000028c1df0f9b0 JavaThread "Unconstrained build operations Thread 24" [_thread_blocked, id=3436, stack(0x000000f5e9700000,0x000000f5e9800000)]
  0x0000028c1df0fec0 JavaThread "Unconstrained build operations Thread 25" [_thread_blocked, id=17348, stack(0x000000f5e9800000,0x000000f5e9900000)]
  0x0000028c1df13b80 JavaThread "Unconstrained build operations Thread 26" [_thread_blocked, id=7744, stack(0x000000f5e9900000,0x000000f5e9a00000)]
  0x0000028c1df10df0 JavaThread "Unconstrained build operations Thread 27" [_thread_blocked, id=7156, stack(0x000000f5e9a00000,0x000000f5e9b00000)]
  0x0000028c1df12c50 JavaThread "Unconstrained build operations Thread 28" [_thread_blocked, id=1996, stack(0x000000f5e9b00000,0x000000f5e9c00000)]
  0x0000028c1df13160 JavaThread "Unconstrained build operations Thread 29" [_thread_blocked, id=15864, stack(0x000000f5e9c00000,0x000000f5e9d00000)]
  0x0000028c1df103d0 JavaThread "Unconstrained build operations Thread 30" [_thread_blocked, id=9508, stack(0x000000f5e9d00000,0x000000f5e9e00000)]
  0x0000028c1df14090 JavaThread "Unconstrained build operations Thread 31" [_thread_blocked, id=16172, stack(0x000000f5e9e00000,0x000000f5e9f00000)]
  0x0000028c1df0e060 JavaThread "build event listener" [_thread_blocked, id=13048, stack(0x000000f5e9f00000,0x000000f5ea000000)]
  0x0000028c1df145a0 JavaThread "Unconstrained build operations Thread 32" [_thread_blocked, id=20340, stack(0x000000f5ea000000,0x000000f5ea100000)]
  0x0000028c1df14ab0 JavaThread "Unconstrained build operations Thread 33" [_thread_blocked, id=2248, stack(0x000000f5ea100000,0x000000f5ea200000)]
  0x0000028c1c218680 JavaThread "Unconstrained build operations Thread 34" [_thread_blocked, id=9172, stack(0x000000f5ea200000,0x000000f5ea300000)]
  0x0000028c1c218b90 JavaThread "Unconstrained build operations Thread 35" [_thread_blocked, id=20464, stack(0x000000f5ea300000,0x000000f5ea400000)]
  0x0000028c1c2190a0 JavaThread "Unconstrained build operations Thread 36" [_thread_blocked, id=2584, stack(0x000000f5ea400000,0x000000f5ea500000)]
  0x0000028c1c216310 JavaThread "Unconstrained build operations Thread 37" [_thread_blocked, id=7256, stack(0x000000f5ea500000,0x000000f5ea600000)]
  0x0000028c1c214ed0 JavaThread "Unconstrained build operations Thread 38" [_thread_blocked, id=6932, stack(0x000000f5ea600000,0x000000f5ea700000)]
  0x0000028c1c216820 JavaThread "Unconstrained build operations Thread 39" [_thread_blocked, id=18344, stack(0x000000f5ea900000,0x000000f5eaa00000)]
  0x0000028c1c213fa0 JavaThread "Unconstrained build operations Thread 40" [_thread_blocked, id=6580, stack(0x000000f5eaa00000,0x000000f5eab00000)]
  0x0000028c1c2149c0 JavaThread "Cache worker for execution history cache (D:\React Native\MyProject\android\.gradle\8.11.1\executionHistory)" [_thread_blocked, id=19092, stack(0x000000f5eab00000,0x000000f5eac00000)]
  0x0000028c1c2153e0 JavaThread "Exec process Thread 5" [_thread_blocked, id=17924, stack(0x000000f5eac00000,0x000000f5ead00000)]
  0x0000028c1c217240 JavaThread "Exec process Thread 6" [_thread_blocked, id=18964, stack(0x000000f5eae00000,0x000000f5eaf00000)]
  0x0000028c1c219fd0 JavaThread "Exec process Thread 7" [_thread_blocked, id=12020, stack(0x000000f5eb100000,0x000000f5eb200000)]
  0x0000028c1c21a4e0 JavaThread "WorkerExecutor Queue" [_thread_blocked, id=2344, stack(0x000000f5e6800000,0x000000f5e6900000)]
  0x0000028c1c21a9f0 JavaThread "WorkerExecutor Queue Thread 3" [_thread_blocked, id=8172, stack(0x000000f5eb300000,0x000000f5eb400000)]
  0x0000028c1c213580 JavaThread "WorkerExecutor Queue Thread 4" [_thread_blocked, id=636, stack(0x000000f5eb500000,0x000000f5eb600000)]
  0x0000028c211d1820 JavaThread "WorkerExecutor Queue Thread 5" [_thread_blocked, id=4964, stack(0x000000f5eb700000,0x000000f5eb800000)]
  0x0000028c211d91a0 JavaThread "Cache worker for Java compile cache (C:\Users\aliah\.gradle\caches\8.11.1\javaCompile)" [_thread_blocked, id=5656, stack(0x000000f5eb800000,0x000000f5eb900000)]
  0x0000028c211d40a0 JavaThread "Build operations" [_thread_blocked, id=4204, stack(0x000000f5eb200000,0x000000f5eb300000)]
  0x0000028c211d45b0 JavaThread "Build operations Thread 2" [_thread_blocked, id=20008, stack(0x000000f5eb900000,0x000000f5eba00000)]
  0x0000028c211d3b90 JavaThread "Build operations Thread 3" [_thread_blocked, id=20420, stack(0x000000f5eba00000,0x000000f5ebb00000)]
  0x0000028c211d3680 JavaThread "pool-5-thread-1" [_thread_blocked, id=12152, stack(0x000000f5ebb00000,0x000000f5ebc00000)]
  0x0000028c211d7850 JavaThread "stderr" [_thread_in_native, id=14944, stack(0x000000f5ebc00000,0x000000f5ebd00000)]
  0x0000028c211d3170 JavaThread "stdout" [_thread_in_native, id=10244, stack(0x000000f5ebd00000,0x000000f5ebe00000)]
  0x0000028c211d59f0 JavaThread "Problems report writer" [_thread_blocked, id=2992, stack(0x000000f5ebe00000,0x000000f5ebf00000)]
  0x0000028c211d6e30 JavaThread "Build operations Thread 4" [_thread_blocked, id=17060, stack(0x000000f5eb400000,0x000000f5eb500000)]
  0x0000028c1cda3240 JavaThread "C2 CompilerThread1" daemon [_thread_in_native, id=10712, stack(0x000000f5ebf00000,0x000000f5ec000000)]

Other Threads:
  0x0000028c7a94ceb0 VMThread "VM Thread" [stack: 0x000000f5e4f00000,0x000000f5e5000000] [id=12056]
  0x0000028c5cd73f20 WatcherThread [stack: 0x000000f5e5b00000,0x000000f5e5c00000] [id=14844]
  0x0000028c5cdce320 GCTaskThread "GC Thread#0" [stack: 0x000000f5e4a00000,0x000000f5e4b00000] [id=10064]
  0x0000028c7ac67330 GCTaskThread "GC Thread#1" [stack: 0x000000f5e5c00000,0x000000f5e5d00000] [id=6040]
  0x0000028c7aca5710 GCTaskThread "GC Thread#2" [stack: 0x000000f5e5d00000,0x000000f5e5e00000] [id=2856]
  0x0000028c1b5a56d0 GCTaskThread "GC Thread#3" [stack: 0x000000f5e5f00000,0x000000f5e6000000] [id=13800]
  0x0000028c5cddf180 ConcurrentGCThread "G1 Main Marker" [stack: 0x000000f5e4b00000,0x000000f5e4c00000] [id=8020]
  0x0000028c5cddfab0 ConcurrentGCThread "G1 Conc#0" [stack: 0x000000f5e4c00000,0x000000f5e4d00000] [id=5504]
  0x0000028c5ce24b10 ConcurrentGCThread "G1 Refine#0" [stack: 0x000000f5e4d00000,0x000000f5e4e00000] [id=13220]
  0x0000028c1edd45d0 ConcurrentGCThread "G1 Refine#1" [stack: 0x000000f5e7500000,0x000000f5e7600000] [id=5276]
  0x0000028c1dcc05a0 ConcurrentGCThread "G1 Refine#2" [stack: 0x000000f5e7600000,0x000000f5e7700000] [id=18812]
  0x0000028c5ce25450 ConcurrentGCThread "G1 Service" [stack: 0x000000f5e4e00000,0x000000f5e4f00000] [id=18096]

Threads with active compile tasks:
C2 CompilerThread0   127991 25644   !   4       com.sun.tools.javac.parser.JavaTokenizer::readToken (1731 bytes)
C2 CompilerThread1   127991 25642       4       com.sun.tools.javac.util.Names::fromString (9 bytes)

VM state: not at safepoint (normal execution)

VM Mutex/Monitor currently owned by a thread: None

Heap address: 0x0000000080000000, size: 2048 MB, Compressed Oops mode: 32-bit

CDS archive(s) mapped at: [0x0000028c00000000-0x0000028c00bb0000-0x0000028c00bb0000), size 12255232, SharedBaseAddress: 0x0000028c00000000, ArchiveRelocationMode: 1.
Compressed class space mapped at: 0x0000028c01000000-0x0000028c1b000000, reserved size: 436207616
Narrow klass base: 0x0000028c00000000, Narrow klass shift: 0, Narrow klass range: 0x100000000

GC Precious Log:
 CPUs: 4 total, 4 available
 Memory: 8042M
 Large Page Support: Disabled
 NUMA Support: Disabled
 Compressed Oops: Enabled (32-bit)
 Heap Region Size: 1M
 Heap Min Capacity: 8M
 Heap Initial Capacity: 126M
 Heap Max Capacity: 2G
 Pre-touch: Disabled
 Parallel Workers: 4
 Concurrent Workers: 1
 Concurrent Refinement Workers: 4
 Periodic GC: Disabled

Heap:
 garbage-first heap   total 577536K, used 278964K [0x0000000080000000, 0x0000000100000000)
  region size 1024K, 32 young (32768K), 2 survivors (2048K)
 Metaspace       used 136179K, committed 137920K, reserved 557056K
  class space    used 18096K, committed 18944K, reserved 425984K

Heap Regions: E=young(eden), S=young(survivor), O=old, HS=humongous(starts), HC=humongous(continues), CS=collection set, F=free, OA=open archive, CA=closed archive, TAMS=top-at-mark-start (previous, next)
|   0|0x0000000080000000, 0x0000000080100000, 0x0000000080100000|100%|HS|  |TAMS 0x0000000080100000, 0x0000000080000000| Complete 
|   1|0x0000000080100000, 0x0000000080200000, 0x0000000080200000|100%|HC|  |TAMS 0x0000000080200000, 0x0000000080100000| Complete 
|   2|0x0000000080200000, 0x0000000080300000, 0x0000000080300000|100%|HC|  |TAMS 0x0000000080300000, 0x0000000080200000| Complete 
|   3|0x0000000080300000, 0x0000000080400000, 0x0000000080400000|100%| O|  |TAMS 0x0000000080400000, 0x0000000080300000| Untracked 
|   4|0x0000000080400000, 0x0000000080500000, 0x0000000080500000|100%| O|  |TAMS 0x0000000080500000, 0x0000000080400000| Untracked 
|   5|0x0000000080500000, 0x0000000080600000, 0x0000000080600000|100%| O|  |TAMS 0x0000000080600000, 0x0000000080500000| Untracked 
|   6|0x0000000080600000, 0x0000000080700000, 0x0000000080700000|100%| O|  |TAMS 0x0000000080700000, 0x0000000080600000| Untracked 
|   7|0x0000000080700000, 0x0000000080800000, 0x0000000080800000|100%|HS|  |TAMS 0x0000000080800000, 0x0000000080700000| Complete 
|   8|0x0000000080800000, 0x0000000080900000, 0x0000000080900000|100%| O|  |TAMS 0x0000000080900000, 0x0000000080800000| Untracked 
|   9|0x0000000080900000, 0x0000000080a00000, 0x0000000080a00000|100%| O|  |TAMS 0x0000000080a00000, 0x0000000080900000| Untracked 
|  10|0x0000000080a00000, 0x0000000080b00000, 0x0000000080b00000|100%| O|  |TAMS 0x0000000080b00000, 0x0000000080a00000| Untracked 
|  11|0x0000000080b00000, 0x0000000080c00000, 0x0000000080c00000|100%| O|  |TAMS 0x0000000080c00000, 0x0000000080b00000| Untracked 
|  12|0x0000000080c00000, 0x0000000080d00000, 0x0000000080d00000|100%| O|  |TAMS 0x0000000080d00000, 0x0000000080c00000| Untracked 
|  13|0x0000000080d00000, 0x0000000080e00000, 0x0000000080e00000|100%| O|  |TAMS 0x0000000080e00000, 0x0000000080d00000| Untracked 
|  14|0x0000000080e00000, 0x0000000080f00000, 0x0000000080f00000|100%| O|  |TAMS 0x0000000080f00000, 0x0000000080e00000| Untracked 
|  15|0x0000000080f00000, 0x0000000081000000, 0x0000000081000000|100%| O|  |TAMS 0x0000000081000000, 0x0000000080f00000| Untracked 
|  16|0x0000000081000000, 0x0000000081100000, 0x0000000081100000|100%| O|  |TAMS 0x0000000081100000, 0x0000000081000000| Untracked 
|  17|0x0000000081100000, 0x0000000081200000, 0x0000000081200000|100%| O|  |TAMS 0x0000000081200000, 0x0000000081100000| Untracked 
|  18|0x0000000081200000, 0x0000000081300000, 0x0000000081300000|100%| O|  |TAMS 0x0000000081300000, 0x0000000081200000| Untracked 
|  19|0x0000000081300000, 0x0000000081400000, 0x0000000081400000|100%| O|  |TAMS 0x0000000081400000, 0x0000000081300000| Untracked 
|  20|0x0000000081400000, 0x0000000081500000, 0x0000000081500000|100%| O|  |TAMS 0x0000000081500000, 0x0000000081400000| Untracked 
|  21|0x0000000081500000, 0x0000000081600000, 0x0000000081600000|100%| O|  |TAMS 0x0000000081600000, 0x0000000081500000| Untracked 
|  22|0x0000000081600000, 0x0000000081700000, 0x0000000081700000|100%| O|  |TAMS 0x0000000081700000, 0x0000000081600000| Untracked 
|  23|0x0000000081700000, 0x0000000081800000, 0x0000000081800000|100%| O|  |TAMS 0x0000000081800000, 0x0000000081700000| Untracked 
|  24|0x0000000081800000, 0x0000000081900000, 0x0000000081900000|100%| O|  |TAMS 0x0000000081900000, 0x0000000081800000| Untracked 
|  25|0x0000000081900000, 0x0000000081a00000, 0x0000000081a00000|100%| O|  |TAMS 0x0000000081a00000, 0x0000000081900000| Untracked 
|  26|0x0000000081a00000, 0x0000000081b00000, 0x0000000081b00000|100%| O|  |TAMS 0x0000000081b00000, 0x0000000081a00000| Untracked 
|  27|0x0000000081b00000, 0x0000000081c00000, 0x0000000081c00000|100%| O|  |TAMS 0x0000000081c00000, 0x0000000081b00000| Untracked 
|  28|0x0000000081c00000, 0x0000000081d00000, 0x0000000081d00000|100%| O|  |TAMS 0x0000000081d00000, 0x0000000081c00000| Untracked 
|  29|0x0000000081d00000, 0x0000000081e00000, 0x0000000081e00000|100%| O|  |TAMS 0x0000000081e00000, 0x0000000081d00000| Untracked 
|  30|0x0000000081e00000, 0x0000000081f00000, 0x0000000081f00000|100%| O|  |TAMS 0x0000000081f00000, 0x0000000081e00000| Untracked 
|  31|0x0000000081f00000, 0x0000000082000000, 0x0000000082000000|100%| O|  |TAMS 0x0000000082000000, 0x0000000081f00000| Untracked 
|  32|0x0000000082000000, 0x00000000820ebe00, 0x0000000082100000| 92%| O|  |TAMS 0x00000000820ebe00, 0x0000000082000000| Untracked 
|  33|0x0000000082100000, 0x0000000082200000, 0x0000000082200000|100%| O|  |TAMS 0x0000000082200000, 0x0000000082100000| Untracked 
|  34|0x0000000082200000, 0x0000000082300000, 0x0000000082300000|100%| O|  |TAMS 0x0000000082300000, 0x0000000082200000| Untracked 
|  35|0x0000000082300000, 0x0000000082400000, 0x0000000082400000|100%| O|  |TAMS 0x0000000082400000, 0x0000000082300000| Untracked 
|  36|0x0000000082400000, 0x0000000082500000, 0x0000000082500000|100%|HS|  |TAMS 0x0000000082500000, 0x0000000082400000| Complete 
|  37|0x0000000082500000, 0x0000000082600000, 0x0000000082600000|100%|HC|  |TAMS 0x0000000082600000, 0x0000000082500000| Complete 
|  38|0x0000000082600000, 0x0000000082700000, 0x0000000082700000|100%|HS|  |TAMS 0x0000000082700000, 0x0000000082600000| Complete 
|  39|0x0000000082700000, 0x0000000082800000, 0x0000000082800000|100%|HC|  |TAMS 0x0000000082800000, 0x0000000082700000| Complete 
|  40|0x0000000082800000, 0x0000000082900000, 0x0000000082900000|100%|HS|  |TAMS 0x0000000082900000, 0x0000000082800000| Complete 
|  41|0x0000000082900000, 0x0000000082a00000, 0x0000000082a00000|100%|HC|  |TAMS 0x0000000082a00000, 0x0000000082900000| Complete 
|  42|0x0000000082a00000, 0x0000000082b00000, 0x0000000082b00000|100%|HC|  |TAMS 0x0000000082b00000, 0x0000000082a00000| Complete 
|  43|0x0000000082b00000, 0x0000000082c00000, 0x0000000082c00000|100%|HC|  |TAMS 0x0000000082c00000, 0x0000000082b00000| Complete 
|  44|0x0000000082c00000, 0x0000000082d00000, 0x0000000082d00000|100%|HS|  |TAMS 0x0000000082d00000, 0x0000000082c00000| Complete 
|  45|0x0000000082d00000, 0x0000000082e00000, 0x0000000082e00000|100%|HC|  |TAMS 0x0000000082e00000, 0x0000000082d00000| Complete 
|  46|0x0000000082e00000, 0x0000000082f00000, 0x0000000082f00000|100%|HC|  |TAMS 0x0000000082f00000, 0x0000000082e00000| Complete 
|  47|0x0000000082f00000, 0x0000000083000000, 0x0000000083000000|100%|HC|  |TAMS 0x0000000083000000, 0x0000000082f00000| Complete 
|  48|0x0000000083000000, 0x0000000083100000, 0x0000000083100000|100%| O|  |TAMS 0x0000000083100000, 0x0000000083000000| Untracked 
|  49|0x0000000083100000, 0x0000000083200000, 0x0000000083200000|100%| O|  |TAMS 0x0000000083200000, 0x0000000083100000| Untracked 
|  50|0x0000000083200000, 0x0000000083200000, 0x0000000083300000|  0%| F|  |TAMS 0x0000000083200000, 0x0000000083200000| Untracked 
|  51|0x0000000083300000, 0x0000000083400000, 0x0000000083400000|100%| O|  |TAMS 0x0000000083400000, 0x0000000083300000| Untracked 
|  52|0x0000000083400000, 0x0000000083500000, 0x0000000083500000|100%| O|  |TAMS 0x0000000083500000, 0x0000000083400000| Untracked 
|  53|0x0000000083500000, 0x0000000083600000, 0x0000000083600000|100%|HS|  |TAMS 0x0000000083600000, 0x0000000083500000| Complete 
|  54|0x0000000083600000, 0x0000000083700000, 0x0000000083700000|100%| O|  |TAMS 0x0000000083700000, 0x0000000083600000| Untracked 
|  55|0x0000000083700000, 0x0000000083800000, 0x0000000083800000|100%| O|  |TAMS 0x0000000083800000, 0x0000000083700000| Untracked 
|  56|0x0000000083800000, 0x0000000083900000, 0x0000000083900000|100%| O|  |TAMS 0x0000000083900000, 0x0000000083800000| Untracked 
|  57|0x0000000083900000, 0x0000000083a00000, 0x0000000083a00000|100%| O|  |TAMS 0x0000000083a00000, 0x0000000083900000| Untracked 
|  58|0x0000000083a00000, 0x0000000083b00000, 0x0000000083b00000|100%| O|  |TAMS 0x0000000083b00000, 0x0000000083a00000| Untracked 
|  59|0x0000000083b00000, 0x0000000083c00000, 0x0000000083c00000|100%| O|  |TAMS 0x0000000083c00000, 0x0000000083b00000| Untracked 
|  60|0x0000000083c00000, 0x0000000083d00000, 0x0000000083d00000|100%| O|  |TAMS 0x0000000083d00000, 0x0000000083c00000| Untracked 
|  61|0x0000000083d00000, 0x0000000083e00000, 0x0000000083e00000|100%| O|  |TAMS 0x0000000083e00000, 0x0000000083d00000| Untracked 
|  62|0x0000000083e00000, 0x0000000083f00000, 0x0000000083f00000|100%| O|  |TAMS 0x0000000083f00000, 0x0000000083e00000| Untracked 
|  63|0x0000000083f00000, 0x0000000084000000, 0x0000000084000000|100%|HS|  |TAMS 0x0000000084000000, 0x0000000083f00000| Complete 
|  64|0x0000000084000000, 0x0000000084100000, 0x0000000084100000|100%| O|  |TAMS 0x0000000084100000, 0x0000000084000000| Untracked 
|  65|0x0000000084100000, 0x0000000084100000, 0x0000000084200000|  0%| F|  |TAMS 0x0000000084100000, 0x0000000084100000| Untracked 
|  66|0x0000000084200000, 0x0000000084300000, 0x0000000084300000|100%| O|  |TAMS 0x0000000084300000, 0x0000000084200000| Untracked 
|  67|0x0000000084300000, 0x0000000084400000, 0x0000000084400000|100%| O|  |TAMS 0x0000000084400000, 0x0000000084300000| Untracked 
|  68|0x0000000084400000, 0x0000000084500000, 0x0000000084500000|100%| O|  |TAMS 0x0000000084500000, 0x0000000084400000| Untracked 
|  69|0x0000000084500000, 0x0000000084600000, 0x0000000084600000|100%| O|  |TAMS 0x0000000084600000, 0x0000000084500000| Untracked 
|  70|0x0000000084600000, 0x0000000084700000, 0x0000000084700000|100%| O|  |TAMS 0x0000000084700000, 0x0000000084600000| Untracked 
|  71|0x0000000084700000, 0x0000000084800000, 0x0000000084800000|100%| O|  |TAMS 0x0000000084800000, 0x0000000084700000| Untracked 
|  72|0x0000000084800000, 0x0000000084900000, 0x0000000084900000|100%| O|  |TAMS 0x0000000084900000, 0x0000000084800000| Untracked 
|  73|0x0000000084900000, 0x0000000084a00000, 0x0000000084a00000|100%| O|  |TAMS 0x0000000084a00000, 0x0000000084900000| Untracked 
|  74|0x0000000084a00000, 0x0000000084b00000, 0x0000000084b00000|100%|HS|  |TAMS 0x0000000084a00000, 0x0000000084a00000| Complete 
|  75|0x0000000084b00000, 0x0000000084c00000, 0x0000000084c00000|100%|HC|  |TAMS 0x0000000084b00000, 0x0000000084b00000| Complete 
|  76|0x0000000084c00000, 0x0000000084d00000, 0x0000000084d00000|100%| O|  |TAMS 0x0000000084d00000, 0x0000000084c00000| Untracked 
|  77|0x0000000084d00000, 0x0000000084e00000, 0x0000000084e00000|100%| O|  |TAMS 0x0000000084d00000, 0x0000000084d00000| Untracked 
|  78|0x0000000084e00000, 0x0000000084f00000, 0x0000000084f00000|100%| O|  |TAMS 0x0000000084f00000, 0x0000000084e00000| Untracked 
|  79|0x0000000084f00000, 0x0000000085000000, 0x0000000085000000|100%| O|  |TAMS 0x0000000084f00000, 0x0000000084f00000| Untracked 
|  80|0x0000000085000000, 0x0000000085100000, 0x0000000085100000|100%| O|  |TAMS 0x0000000085100000, 0x0000000085000000| Untracked 
|  81|0x0000000085100000, 0x0000000085200000, 0x0000000085200000|100%|HS|  |TAMS 0x0000000085200000, 0x0000000085100000| Complete 
|  82|0x0000000085200000, 0x0000000085300000, 0x0000000085300000|100%|HS|  |TAMS 0x0000000085300000, 0x0000000085200000| Complete 
|  83|0x0000000085300000, 0x0000000085400000, 0x0000000085400000|100%| O|  |TAMS 0x0000000085400000, 0x0000000085300000| Untracked 
|  84|0x0000000085400000, 0x0000000085500000, 0x0000000085500000|100%|HS|  |TAMS 0x0000000085500000, 0x0000000085400000| Complete 
|  85|0x0000000085500000, 0x0000000085600000, 0x0000000085600000|100%|HS|  |TAMS 0x0000000085600000, 0x0000000085500000| Complete 
|  86|0x0000000085600000, 0x0000000085700000, 0x0000000085700000|100%|HS|  |TAMS 0x0000000085700000, 0x0000000085600000| Complete 
|  87|0x0000000085700000, 0x0000000085800000, 0x0000000085800000|100%|HC|  |TAMS 0x0000000085800000, 0x0000000085700000| Complete 
|  88|0x0000000085800000, 0x0000000085900000, 0x0000000085900000|100%| O|  |TAMS 0x0000000085900000, 0x0000000085800000| Untracked 
|  89|0x0000000085900000, 0x0000000085a00000, 0x0000000085a00000|100%|HS|  |TAMS 0x0000000085a00000, 0x0000000085900000| Complete 
|  90|0x0000000085a00000, 0x0000000085b00000, 0x0000000085b00000|100%|HS|  |TAMS 0x0000000085b00000, 0x0000000085a00000| Complete 
|  91|0x0000000085b00000, 0x0000000085c00000, 0x0000000085c00000|100%|HC|  |TAMS 0x0000000085c00000, 0x0000000085b00000| Complete 
|  92|0x0000000085c00000, 0x0000000085d00000, 0x0000000085d00000|100%| O|  |TAMS 0x0000000085d00000, 0x0000000085c00000| Untracked 
|  93|0x0000000085d00000, 0x0000000085e00000, 0x0000000085e00000|100%| O|  |TAMS 0x0000000085e00000, 0x0000000085d00000| Untracked 
|  94|0x0000000085e00000, 0x0000000085f00000, 0x0000000085f00000|100%| O|  |TAMS 0x0000000085f00000, 0x0000000085e00000| Untracked 
|  95|0x0000000085f00000, 0x0000000086000000, 0x0000000086000000|100%| O|  |TAMS 0x0000000085f00000, 0x0000000085f00000| Untracked 
|  96|0x0000000086000000, 0x0000000086100000, 0x0000000086100000|100%| O|  |TAMS 0x0000000086100000, 0x0000000086000000| Untracked 
|  97|0x0000000086100000, 0x0000000086200000, 0x0000000086200000|100%| O|  |TAMS 0x0000000086200000, 0x0000000086100000| Untracked 
|  98|0x0000000086200000, 0x0000000086300000, 0x0000000086300000|100%| O|  |TAMS 0x0000000086300000, 0x0000000086200000| Untracked 
|  99|0x0000000086300000, 0x0000000086400000, 0x0000000086400000|100%| O|  |TAMS 0x0000000086400000, 0x0000000086300000| Untracked 
| 100|0x0000000086400000, 0x0000000086500000, 0x0000000086500000|100%| O|  |TAMS 0x0000000086500000, 0x0000000086400000| Untracked 
| 101|0x0000000086500000, 0x0000000086600000, 0x0000000086600000|100%| O|  |TAMS 0x0000000086600000, 0x0000000086500000| Untracked 
| 102|0x0000000086600000, 0x0000000086700000, 0x0000000086700000|100%| O|  |TAMS 0x0000000086700000, 0x0000000086600000| Untracked 
| 103|0x0000000086700000, 0x0000000086800000, 0x0000000086800000|100%| O|  |TAMS 0x0000000086800000, 0x0000000086700000| Untracked 
| 104|0x0000000086800000, 0x0000000086900000, 0x0000000086900000|100%| O|  |TAMS 0x0000000086900000, 0x0000000086800000| Untracked 
| 105|0x0000000086900000, 0x0000000086a00000, 0x0000000086a00000|100%| O|  |TAMS 0x0000000086a00000, 0x0000000086900000| Untracked 
| 106|0x0000000086a00000, 0x0000000086b00000, 0x0000000086b00000|100%| O|  |TAMS 0x0000000086b00000, 0x0000000086a00000| Untracked 
| 107|0x0000000086b00000, 0x0000000086c00000, 0x0000000086c00000|100%| O|  |TAMS 0x0000000086c00000, 0x0000000086b00000| Untracked 
| 108|0x0000000086c00000, 0x0000000086d00000, 0x0000000086d00000|100%| O|  |TAMS 0x0000000086d00000, 0x0000000086c00000| Untracked 
| 109|0x0000000086d00000, 0x0000000086e00000, 0x0000000086e00000|100%| O|  |TAMS 0x0000000086e00000, 0x0000000086d00000| Untracked 
| 110|0x0000000086e00000, 0x0000000086f00000, 0x0000000086f00000|100%| O|  |TAMS 0x0000000086f00000, 0x0000000086e00000| Untracked 
| 111|0x0000000086f00000, 0x0000000087000000, 0x0000000087000000|100%| O|  |TAMS 0x0000000087000000, 0x0000000086f00000| Untracked 
| 112|0x0000000087000000, 0x0000000087100000, 0x0000000087100000|100%| O|  |TAMS 0x0000000087100000, 0x0000000087000000| Untracked 
| 113|0x0000000087100000, 0x0000000087200000, 0x0000000087200000|100%| O|  |TAMS 0x0000000087200000, 0x0000000087100000| Untracked 
| 114|0x0000000087200000, 0x0000000087300000, 0x0000000087300000|100%| O|  |TAMS 0x0000000087300000, 0x0000000087200000| Untracked 
| 115|0x0000000087300000, 0x0000000087400000, 0x0000000087400000|100%| O|  |TAMS 0x0000000087400000, 0x0000000087300000| Untracked 
| 116|0x0000000087400000, 0x0000000087500000, 0x0000000087500000|100%| O|  |TAMS 0x0000000087500000, 0x0000000087400000| Untracked 
| 117|0x0000000087500000, 0x0000000087600000, 0x0000000087600000|100%| O|  |TAMS 0x0000000087600000, 0x0000000087500000| Untracked 
| 118|0x0000000087600000, 0x0000000087700000, 0x0000000087700000|100%| O|  |TAMS 0x0000000087700000, 0x0000000087600000| Untracked 
| 119|0x0000000087700000, 0x0000000087800000, 0x0000000087800000|100%| O|  |TAMS 0x0000000087800000, 0x0000000087700000| Untracked 
| 120|0x0000000087800000, 0x0000000087900000, 0x0000000087900000|100%| O|  |TAMS 0x0000000087900000, 0x0000000087800000| Untracked 
| 121|0x0000000087900000, 0x0000000087a00000, 0x0000000087a00000|100%| O|  |TAMS 0x0000000087a00000, 0x0000000087900000| Untracked 
| 122|0x0000000087a00000, 0x0000000087b00000, 0x0000000087b00000|100%| O|  |TAMS 0x0000000087b00000, 0x0000000087a00000| Untracked 
| 123|0x0000000087b00000, 0x0000000087c00000, 0x0000000087c00000|100%| O|  |TAMS 0x0000000087c00000, 0x0000000087b00000| Untracked 
| 124|0x0000000087c00000, 0x0000000087d00000, 0x0000000087d00000|100%| O|  |TAMS 0x0000000087c00000, 0x0000000087c00000| Untracked 
| 125|0x0000000087d00000, 0x0000000087e00000, 0x0000000087e00000|100%| O|  |TAMS 0x0000000087d00000, 0x0000000087d00000| Untracked 
| 126|0x0000000087e00000, 0x0000000087f00000, 0x0000000087f00000|100%| O|  |TAMS 0x0000000087f00000, 0x0000000087e00000| Untracked 
| 127|0x0000000087f00000, 0x0000000088000000, 0x0000000088000000|100%| O|  |TAMS 0x0000000087f00000, 0x0000000087f00000| Untracked 
| 128|0x0000000088000000, 0x0000000088100000, 0x0000000088100000|100%| O|  |TAMS 0x0000000088000000, 0x0000000088000000| Untracked 
| 129|0x0000000088100000, 0x0000000088200000, 0x0000000088200000|100%|HS|  |TAMS 0x0000000088200000, 0x0000000088100000| Complete 
| 130|0x0000000088200000, 0x0000000088300000, 0x0000000088300000|100%|HS|  |TAMS 0x0000000088300000, 0x0000000088200000| Complete 
| 131|0x0000000088300000, 0x0000000088400000, 0x0000000088400000|100%| O|  |TAMS 0x0000000088400000, 0x0000000088300000| Untracked 
| 132|0x0000000088400000, 0x0000000088500000, 0x0000000088500000|100%|HS|  |TAMS 0x0000000088500000, 0x0000000088400000| Complete 
| 133|0x0000000088500000, 0x0000000088600000, 0x0000000088600000|100%|HC|  |TAMS 0x0000000088600000, 0x0000000088500000| Complete 
| 134|0x0000000088600000, 0x0000000088700000, 0x0000000088700000|100%| O|  |TAMS 0x0000000088700000, 0x0000000088600000| Untracked 
| 135|0x0000000088700000, 0x0000000088800000, 0x0000000088800000|100%| O|  |TAMS 0x0000000088800000, 0x0000000088700000| Untracked 
| 136|0x0000000088800000, 0x0000000088900000, 0x0000000088900000|100%| O|  |TAMS 0x0000000088800000, 0x0000000088800000| Untracked 
| 137|0x0000000088900000, 0x0000000088a00000, 0x0000000088a00000|100%| O|  |TAMS 0x0000000088a00000, 0x0000000088900000| Untracked 
| 138|0x0000000088a00000, 0x0000000088b00000, 0x0000000088b00000|100%|HS|  |TAMS 0x0000000088b00000, 0x0000000088a00000| Complete 
| 139|0x0000000088b00000, 0x0000000088c00000, 0x0000000088c00000|100%|HC|  |TAMS 0x0000000088c00000, 0x0000000088b00000| Complete 
| 140|0x0000000088c00000, 0x0000000088d00000, 0x0000000088d00000|100%| O|  |TAMS 0x0000000088c00000, 0x0000000088c00000| Untracked 
| 141|0x0000000088d00000, 0x0000000088e00000, 0x0000000088e00000|100%| O|  |TAMS 0x0000000088d00000, 0x0000000088d00000| Untracked 
| 142|0x0000000088e00000, 0x0000000088f00000, 0x0000000088f00000|100%|HS|  |TAMS 0x0000000088e00000, 0x0000000088e00000| Complete 
| 143|0x0000000088f00000, 0x0000000089000000, 0x0000000089000000|100%|HC|  |TAMS 0x0000000088f00000, 0x0000000088f00000| Complete 
| 144|0x0000000089000000, 0x0000000089100000, 0x0000000089100000|100%| O|  |TAMS 0x0000000089100000, 0x0000000089000000| Untracked 
| 145|0x0000000089100000, 0x0000000089200000, 0x0000000089200000|100%| O|  |TAMS 0x0000000089100000, 0x0000000089100000| Untracked 
| 146|0x0000000089200000, 0x0000000089300000, 0x0000000089300000|100%| O|  |TAMS 0x0000000089300000, 0x0000000089200000| Untracked 
| 147|0x0000000089300000, 0x0000000089400000, 0x0000000089400000|100%| O|  |TAMS 0x0000000089300000, 0x0000000089300000| Untracked 
| 148|0x0000000089400000, 0x0000000089500000, 0x0000000089500000|100%| O|  |TAMS 0x0000000089400000, 0x0000000089400000| Untracked 
| 149|0x0000000089500000, 0x0000000089600000, 0x0000000089600000|100%| O|  |TAMS 0x0000000089600000, 0x0000000089500000| Untracked 
| 150|0x0000000089600000, 0x0000000089700000, 0x0000000089700000|100%| O|  |TAMS 0x0000000089700000, 0x0000000089600000| Untracked 
| 151|0x0000000089700000, 0x0000000089800000, 0x0000000089800000|100%| O|  |TAMS 0x0000000089800000, 0x0000000089700000| Untracked 
| 152|0x0000000089800000, 0x0000000089900000, 0x0000000089900000|100%| O|  |TAMS 0x0000000089900000, 0x0000000089800000| Untracked 
| 153|0x0000000089900000, 0x0000000089a00000, 0x0000000089a00000|100%| O|  |TAMS 0x0000000089900000, 0x0000000089900000| Untracked 
| 154|0x0000000089a00000, 0x0000000089b00000, 0x0000000089b00000|100%| O|  |TAMS 0x0000000089b00000, 0x0000000089a00000| Untracked 
| 155|0x0000000089b00000, 0x0000000089c00000, 0x0000000089c00000|100%| O|  |TAMS 0x0000000089b00000, 0x0000000089b00000| Untracked 
| 156|0x0000000089c00000, 0x0000000089d00000, 0x0000000089d00000|100%| O|  |TAMS 0x0000000089c00000, 0x0000000089c00000| Untracked 
| 157|0x0000000089d00000, 0x0000000089e00000, 0x0000000089e00000|100%| O|  |TAMS 0x0000000089e00000, 0x0000000089d00000| Untracked 
| 158|0x0000000089e00000, 0x0000000089f00000, 0x0000000089f00000|100%| O|  |TAMS 0x0000000089e00000, 0x0000000089e00000| Untracked 
| 159|0x0000000089f00000, 0x000000008a000000, 0x000000008a000000|100%| O|  |TAMS 0x0000000089f00000, 0x0000000089f00000| Untracked 
| 160|0x000000008a000000, 0x000000008a100000, 0x000000008a100000|100%|HS|  |TAMS 0x000000008a100000, 0x000000008a000000| Complete 
| 161|0x000000008a100000, 0x000000008a200000, 0x000000008a200000|100%| O|  |TAMS 0x000000008a200000, 0x000000008a100000| Untracked 
| 162|0x000000008a200000, 0x000000008a300000, 0x000000008a300000|100%| O|  |TAMS 0x000000008a300000, 0x000000008a200000| Untracked 
| 163|0x000000008a300000, 0x000000008a400000, 0x000000008a400000|100%| O|  |TAMS 0x000000008a400000, 0x000000008a300000| Untracked 
| 164|0x000000008a400000, 0x000000008a500000, 0x000000008a500000|100%| O|  |TAMS 0x000000008a500000, 0x000000008a400000| Untracked 
| 165|0x000000008a500000, 0x000000008a600000, 0x000000008a600000|100%| O|  |TAMS 0x000000008a500000, 0x000000008a500000| Untracked 
| 166|0x000000008a600000, 0x000000008a700000, 0x000000008a700000|100%| O|  |TAMS 0x000000008a600000, 0x000000008a600000| Untracked 
| 167|0x000000008a700000, 0x000000008a800000, 0x000000008a800000|100%| O|  |TAMS 0x000000008a800000, 0x000000008a700000| Untracked 
| 168|0x000000008a800000, 0x000000008a900000, 0x000000008a900000|100%| O|  |TAMS 0x000000008a800000, 0x000000008a800000| Untracked 
| 169|0x000000008a900000, 0x000000008aa00000, 0x000000008aa00000|100%| O|  |TAMS 0x000000008aa00000, 0x000000008a900000| Untracked 
| 170|0x000000008aa00000, 0x000000008ab00000, 0x000000008ab00000|100%| O|  |TAMS 0x000000008aa00000, 0x000000008aa00000| Untracked 
| 171|0x000000008ab00000, 0x000000008ac00000, 0x000000008ac00000|100%| O|  |TAMS 0x000000008ac00000, 0x000000008ab00000| Untracked 
| 172|0x000000008ac00000, 0x000000008ad00000, 0x000000008ad00000|100%| O|  |TAMS 0x000000008ad00000, 0x000000008ac00000| Untracked 
| 173|0x000000008ad00000, 0x000000008ae00000, 0x000000008ae00000|100%| O|  |TAMS 0x000000008ae00000, 0x000000008ad00000| Untracked 
| 174|0x000000008ae00000, 0x000000008af00000, 0x000000008af00000|100%| O|  |TAMS 0x000000008ae00000, 0x000000008ae00000| Untracked 
| 175|0x000000008af00000, 0x000000008b000000, 0x000000008b000000|100%| O|  |TAMS 0x000000008b000000, 0x000000008af00000| Untracked 
| 176|0x000000008b000000, 0x000000008b100000, 0x000000008b100000|100%| O|  |TAMS 0x000000008b100000, 0x000000008b000000| Untracked 
| 177|0x000000008b100000, 0x000000008b200000, 0x000000008b200000|100%| O|  |TAMS 0x000000008b200000, 0x000000008b100000| Untracked 
| 178|0x000000008b200000, 0x000000008b300000, 0x000000008b300000|100%| O|  |TAMS 0x000000008b300000, 0x000000008b200000| Untracked 
| 179|0x000000008b300000, 0x000000008b400000, 0x000000008b400000|100%| O|  |TAMS 0x000000008b400000, 0x000000008b300000| Untracked 
| 180|0x000000008b400000, 0x000000008b500000, 0x000000008b500000|100%| O|  |TAMS 0x000000008b500000, 0x000000008b400000| Untracked 
| 181|0x000000008b500000, 0x000000008b600000, 0x000000008b600000|100%| O|  |TAMS 0x000000008b600000, 0x000000008b500000| Untracked 
| 182|0x000000008b600000, 0x000000008b700000, 0x000000008b700000|100%| O|  |TAMS 0x000000008b700000, 0x000000008b600000| Untracked 
| 183|0x000000008b700000, 0x000000008b800000, 0x000000008b800000|100%| O|  |TAMS 0x000000008b800000, 0x000000008b700000| Untracked 
| 184|0x000000008b800000, 0x000000008b900000, 0x000000008b900000|100%| O|  |TAMS 0x000000008b900000, 0x000000008b800000| Untracked 
| 185|0x000000008b900000, 0x000000008ba00000, 0x000000008ba00000|100%| O|  |TAMS 0x000000008ba00000, 0x000000008b900000| Untracked 
| 186|0x000000008ba00000, 0x000000008bb00000, 0x000000008bb00000|100%| O|  |TAMS 0x000000008ba00000, 0x000000008ba00000| Untracked 
| 187|0x000000008bb00000, 0x000000008bc00000, 0x000000008bc00000|100%| O|  |TAMS 0x000000008bc00000, 0x000000008bb00000| Untracked 
| 188|0x000000008bc00000, 0x000000008bd00000, 0x000000008bd00000|100%| O|  |TAMS 0x000000008bd00000, 0x000000008bc00000| Untracked 
| 189|0x000000008bd00000, 0x000000008be00000, 0x000000008be00000|100%| O|  |TAMS 0x000000008be00000, 0x000000008bd00000| Untracked 
| 190|0x000000008be00000, 0x000000008bf00000, 0x000000008bf00000|100%| O|  |TAMS 0x000000008bf00000, 0x000000008be00000| Untracked 
| 191|0x000000008bf00000, 0x000000008c000000, 0x000000008c000000|100%| O|  |TAMS 0x000000008c000000, 0x000000008bf00000| Untracked 
| 192|0x000000008c000000, 0x000000008c100000, 0x000000008c100000|100%| O|  |TAMS 0x000000008c100000, 0x000000008c000000| Untracked 
| 193|0x000000008c100000, 0x000000008c200000, 0x000000008c200000|100%| O|  |TAMS 0x000000008c200000, 0x000000008c100000| Untracked 
| 194|0x000000008c200000, 0x000000008c300000, 0x000000008c300000|100%| O|  |TAMS 0x000000008c300000, 0x000000008c200000| Untracked 
| 195|0x000000008c300000, 0x000000008c400000, 0x000000008c400000|100%| O|  |TAMS 0x000000008c400000, 0x000000008c300000| Untracked 
| 196|0x000000008c400000, 0x000000008c500000, 0x000000008c500000|100%| O|  |TAMS 0x000000008c500000, 0x000000008c400000| Untracked 
| 197|0x000000008c500000, 0x000000008c600000, 0x000000008c600000|100%| O|  |TAMS 0x000000008c600000, 0x000000008c500000| Untracked 
| 198|0x000000008c600000, 0x000000008c700000, 0x000000008c700000|100%| O|  |TAMS 0x000000008c700000, 0x000000008c600000| Untracked 
| 199|0x000000008c700000, 0x000000008c781200, 0x000000008c800000| 50%| O|  |TAMS 0x000000008c700000, 0x000000008c700000| Untracked 
| 200|0x000000008c800000, 0x000000008c900000, 0x000000008c900000|100%| O|  |TAMS 0x000000008c900000, 0x000000008c800000| Untracked 
| 201|0x000000008c900000, 0x000000008c900000, 0x000000008ca00000|  0%| F|  |TAMS 0x000000008c900000, 0x000000008c900000| Untracked 
| 202|0x000000008ca00000, 0x000000008cb00000, 0x000000008cb00000|100%| O|  |TAMS 0x000000008cb00000, 0x000000008ca00000| Untracked 
| 203|0x000000008cb00000, 0x000000008cc00000, 0x000000008cc00000|100%| O|  |TAMS 0x000000008cc00000, 0x000000008cb00000| Untracked 
| 204|0x000000008cc00000, 0x000000008cd00000, 0x000000008cd00000|100%| O|  |TAMS 0x000000008cd00000, 0x000000008cc00000| Untracked 
| 205|0x000000008cd00000, 0x000000008ce00000, 0x000000008ce00000|100%| O|  |TAMS 0x000000008ce00000, 0x000000008cd00000| Untracked 
| 206|0x000000008ce00000, 0x000000008cf00000, 0x000000008cf00000|100%| O|  |TAMS 0x000000008cf00000, 0x000000008ce00000| Untracked 
| 207|0x000000008cf00000, 0x000000008d000000, 0x000000008d000000|100%| O|  |TAMS 0x000000008d000000, 0x000000008cf00000| Untracked 
| 208|0x000000008d000000, 0x000000008d100000, 0x000000008d100000|100%| O|  |TAMS 0x000000008d100000, 0x000000008d000000| Untracked 
| 209|0x000000008d100000, 0x000000008d200000, 0x000000008d200000|100%| O|  |TAMS 0x000000008d200000, 0x000000008d100000| Untracked 
| 210|0x000000008d200000, 0x000000008d300000, 0x000000008d300000|100%| O|  |TAMS 0x000000008d300000, 0x000000008d200000| Untracked 
| 211|0x000000008d300000, 0x000000008d400000, 0x000000008d400000|100%| O|  |TAMS 0x000000008d400000, 0x000000008d300000| Untracked 
| 212|0x000000008d400000, 0x000000008d500000, 0x000000008d500000|100%| O|  |TAMS 0x000000008d500000, 0x000000008d400000| Untracked 
| 213|0x000000008d500000, 0x000000008d600000, 0x000000008d600000|100%| O|  |TAMS 0x000000008d600000, 0x000000008d500000| Untracked 
| 214|0x000000008d600000, 0x000000008d700000, 0x000000008d700000|100%| O|  |TAMS 0x000000008d700000, 0x000000008d600000| Untracked 
| 215|0x000000008d700000, 0x000000008d800000, 0x000000008d800000|100%| O|  |TAMS 0x000000008d800000, 0x000000008d700000| Untracked 
| 216|0x000000008d800000, 0x000000008d900000, 0x000000008d900000|100%| O|  |TAMS 0x000000008d900000, 0x000000008d800000| Untracked 
| 217|0x000000008d900000, 0x000000008da00000, 0x000000008da00000|100%| O|  |TAMS 0x000000008da00000, 0x000000008d900000| Untracked 
| 218|0x000000008da00000, 0x000000008db00000, 0x000000008db00000|100%| O|  |TAMS 0x000000008db00000, 0x000000008da00000| Untracked 
| 219|0x000000008db00000, 0x000000008dc00000, 0x000000008dc00000|100%| O|  |TAMS 0x000000008dc00000, 0x000000008db00000| Untracked 
| 220|0x000000008dc00000, 0x000000008dd00000, 0x000000008dd00000|100%| O|  |TAMS 0x000000008dd00000, 0x000000008dc00000| Untracked 
| 221|0x000000008dd00000, 0x000000008de00000, 0x000000008de00000|100%| O|  |TAMS 0x000000008de00000, 0x000000008dd00000| Untracked 
| 222|0x000000008de00000, 0x000000008df00000, 0x000000008df00000|100%| O|  |TAMS 0x000000008df00000, 0x000000008de00000| Untracked 
| 223|0x000000008df00000, 0x000000008e000000, 0x000000008e000000|100%| O|  |TAMS 0x000000008e000000, 0x000000008df00000| Untracked 
| 224|0x000000008e000000, 0x000000008e100000, 0x000000008e100000|100%| O|  |TAMS 0x000000008e100000, 0x000000008e000000| Untracked 
| 225|0x000000008e100000, 0x000000008e200000, 0x000000008e200000|100%| O|  |TAMS 0x000000008e200000, 0x000000008e100000| Untracked 
| 226|0x000000008e200000, 0x000000008e200000, 0x000000008e300000|  0%| F|  |TAMS 0x000000008e200000, 0x000000008e200000| Untracked 
| 227|0x000000008e300000, 0x000000008e400000, 0x000000008e400000|100%| O|  |TAMS 0x000000008e400000, 0x000000008e300000| Untracked 
| 228|0x000000008e400000, 0x000000008e400000, 0x000000008e500000|  0%| F|  |TAMS 0x000000008e400000, 0x000000008e400000| Untracked 
| 229|0x000000008e500000, 0x000000008e600000, 0x000000008e600000|100%| O|  |TAMS 0x000000008e600000, 0x000000008e500000| Untracked 
| 230|0x000000008e600000, 0x000000008e700000, 0x000000008e700000|100%| O|  |TAMS 0x000000008e700000, 0x000000008e600000| Untracked 
| 231|0x000000008e700000, 0x000000008e800000, 0x000000008e800000|100%| O|  |TAMS 0x000000008e800000, 0x000000008e700000| Untracked 
| 232|0x000000008e800000, 0x000000008e900000, 0x000000008e900000|100%| O|  |TAMS 0x000000008e900000, 0x000000008e800000| Untracked 
| 233|0x000000008e900000, 0x000000008ea00000, 0x000000008ea00000|100%|HS|  |TAMS 0x000000008e900000, 0x000000008e900000| Complete 
| 234|0x000000008ea00000, 0x000000008eb00000, 0x000000008eb00000|100%|HC|  |TAMS 0x000000008ea00000, 0x000000008ea00000| Complete 
| 235|0x000000008eb00000, 0x000000008eb00000, 0x000000008ec00000|  0%| F|  |TAMS 0x000000008eb00000, 0x000000008eb00000| Untracked 
| 236|0x000000008ec00000, 0x000000008ec00000, 0x000000008ed00000|  0%| F|  |TAMS 0x000000008ec00000, 0x000000008ec00000| Untracked 
| 237|0x000000008ed00000, 0x000000008ed00000, 0x000000008ee00000|  0%| F|  |TAMS 0x000000008ed00000, 0x000000008ed00000| Untracked 
| 238|0x000000008ee00000, 0x000000008ee00000, 0x000000008ef00000|  0%| F|  |TAMS 0x000000008ee00000, 0x000000008ee00000| Untracked 
| 239|0x000000008ef00000, 0x000000008ef00000, 0x000000008f000000|  0%| F|  |TAMS 0x000000008ef00000, 0x000000008ef00000| Untracked 
| 240|0x000000008f000000, 0x000000008f000000, 0x000000008f100000|  0%| F|  |TAMS 0x000000008f000000, 0x000000008f000000| Untracked 
| 241|0x000000008f100000, 0x000000008f100000, 0x000000008f200000|  0%| F|  |TAMS 0x000000008f100000, 0x000000008f100000| Untracked 
| 242|0x000000008f200000, 0x000000008f200000, 0x000000008f300000|  0%| F|  |TAMS 0x000000008f200000, 0x000000008f200000| Untracked 
| 243|0x000000008f300000, 0x000000008f300000, 0x000000008f400000|  0%| F|  |TAMS 0x000000008f300000, 0x000000008f300000| Untracked 
| 244|0x000000008f400000, 0x000000008f500000, 0x000000008f500000|100%| O|  |TAMS 0x000000008f500000, 0x000000008f400000| Untracked 
| 245|0x000000008f500000, 0x000000008f600000, 0x000000008f600000|100%| O|  |TAMS 0x000000008f600000, 0x000000008f500000| Untracked 
| 246|0x000000008f600000, 0x000000008f600000, 0x000000008f700000|  0%| F|  |TAMS 0x000000008f600000, 0x000000008f600000| Untracked 
| 247|0x000000008f700000, 0x000000008f700000, 0x000000008f800000|  0%| F|  |TAMS 0x000000008f700000, 0x000000008f700000| Untracked 
| 248|0x000000008f800000, 0x000000008f800000, 0x000000008f900000|  0%| F|  |TAMS 0x000000008f800000, 0x000000008f800000| Untracked 
| 249|0x000000008f900000, 0x000000008f900000, 0x000000008fa00000|  0%| F|  |TAMS 0x000000008f900000, 0x000000008f900000| Untracked 
| 250|0x000000008fa00000, 0x000000008fa00000, 0x000000008fb00000|  0%| F|  |TAMS 0x000000008fa00000, 0x000000008fa00000| Untracked 
| 251|0x000000008fb00000, 0x000000008fb00000, 0x000000008fc00000|  0%| F|  |TAMS 0x000000008fb00000, 0x000000008fb00000| Untracked 
| 252|0x000000008fc00000, 0x000000008fd00000, 0x000000008fd00000|100%| O|  |TAMS 0x000000008fd00000, 0x000000008fc00000| Untracked 
| 253|0x000000008fd00000, 0x000000008fd00000, 0x000000008fe00000|  0%| F|  |TAMS 0x000000008fd00000, 0x000000008fd00000| Untracked 
| 254|0x000000008fe00000, 0x000000008fe00000, 0x000000008ff00000|  0%| F|  |TAMS 0x000000008fe00000, 0x000000008fe00000| Untracked 
| 255|0x000000008ff00000, 0x000000008ff00000, 0x0000000090000000|  0%| F|  |TAMS 0x000000008ff00000, 0x000000008ff00000| Untracked 
| 256|0x0000000090000000, 0x0000000090000000, 0x0000000090100000|  0%| F|  |TAMS 0x0000000090000000, 0x0000000090000000| Untracked 
| 257|0x0000000090100000, 0x0000000090100000, 0x0000000090200000|  0%| F|  |TAMS 0x0000000090100000, 0x0000000090100000| Untracked 
| 258|0x0000000090200000, 0x0000000090200000, 0x0000000090300000|  0%| F|  |TAMS 0x0000000090200000, 0x0000000090200000| Untracked 
| 259|0x0000000090300000, 0x0000000090300000, 0x0000000090400000|  0%| F|  |TAMS 0x0000000090300000, 0x0000000090300000| Untracked 
| 260|0x0000000090400000, 0x0000000090400000, 0x0000000090500000|  0%| F|  |TAMS 0x0000000090400000, 0x0000000090400000| Untracked 
| 261|0x0000000090500000, 0x0000000090500000, 0x0000000090600000|  0%| F|  |TAMS 0x0000000090500000, 0x0000000090500000| Untracked 
| 262|0x0000000090600000, 0x0000000090600000, 0x0000000090700000|  0%| F|  |TAMS 0x0000000090600000, 0x0000000090600000| Untracked 
| 263|0x0000000090700000, 0x0000000090700000, 0x0000000090800000|  0%| F|  |TAMS 0x0000000090700000, 0x0000000090700000| Untracked 
| 264|0x0000000090800000, 0x0000000090800000, 0x0000000090900000|  0%| F|  |TAMS 0x0000000090800000, 0x0000000090800000| Untracked 
| 265|0x0000000090900000, 0x0000000090900000, 0x0000000090a00000|  0%| F|  |TAMS 0x0000000090900000, 0x0000000090900000| Untracked 
| 266|0x0000000090a00000, 0x0000000090a00000, 0x0000000090b00000|  0%| F|  |TAMS 0x0000000090a00000, 0x0000000090a00000| Untracked 
| 267|0x0000000090b00000, 0x0000000090c00000, 0x0000000090c00000|100%| O|  |TAMS 0x0000000090c00000, 0x0000000090b00000| Untracked 
| 268|0x0000000090c00000, 0x0000000090d00000, 0x0000000090d00000|100%| O|  |TAMS 0x0000000090d00000, 0x0000000090c00000| Untracked 
| 269|0x0000000090d00000, 0x0000000090e00000, 0x0000000090e00000|100%| O|  |TAMS 0x0000000090e00000, 0x0000000090d00000| Untracked 
| 270|0x0000000090e00000, 0x0000000090f00000, 0x0000000090f00000|100%| O|  |TAMS 0x0000000090f00000, 0x0000000090e00000| Untracked 
| 271|0x0000000090f00000, 0x0000000091000000, 0x0000000091000000|100%| O|  |TAMS 0x0000000091000000, 0x0000000090f00000| Untracked 
| 272|0x0000000091000000, 0x0000000091100000, 0x0000000091100000|100%| O|  |TAMS 0x0000000091100000, 0x0000000091000000| Untracked 
| 273|0x0000000091100000, 0x0000000091200000, 0x0000000091200000|100%| O|  |TAMS 0x0000000091200000, 0x0000000091100000| Untracked 
| 274|0x0000000091200000, 0x0000000091200000, 0x0000000091300000|  0%| F|  |TAMS 0x0000000091200000, 0x0000000091200000| Untracked 
| 275|0x0000000091300000, 0x0000000091300000, 0x0000000091400000|  0%| F|  |TAMS 0x0000000091300000, 0x0000000091300000| Untracked 
| 276|0x0000000091400000, 0x0000000091400000, 0x0000000091500000|  0%| F|  |TAMS 0x0000000091400000, 0x0000000091400000| Untracked 
| 277|0x0000000091500000, 0x0000000091500000, 0x0000000091600000|  0%| F|  |TAMS 0x0000000091500000, 0x0000000091500000| Untracked 
| 278|0x0000000091600000, 0x0000000091600000, 0x0000000091700000|  0%| F|  |TAMS 0x0000000091600000, 0x0000000091600000| Untracked 
| 279|0x0000000091700000, 0x0000000091700000, 0x0000000091800000|  0%| F|  |TAMS 0x0000000091700000, 0x0000000091700000| Untracked 
| 280|0x0000000091800000, 0x0000000091800000, 0x0000000091900000|  0%| F|  |TAMS 0x0000000091800000, 0x0000000091800000| Untracked 
| 281|0x0000000091900000, 0x0000000091900000, 0x0000000091a00000|  0%| F|  |TAMS 0x0000000091900000, 0x0000000091900000| Untracked 
| 282|0x0000000091a00000, 0x0000000091a00000, 0x0000000091b00000|  0%| F|  |TAMS 0x0000000091a00000, 0x0000000091a00000| Untracked 
| 283|0x0000000091b00000, 0x0000000091b00000, 0x0000000091c00000|  0%| F|  |TAMS 0x0000000091b00000, 0x0000000091b00000| Untracked 
| 284|0x0000000091c00000, 0x0000000091c00000, 0x0000000091d00000|  0%| F|  |TAMS 0x0000000091c00000, 0x0000000091c00000| Untracked 
| 285|0x0000000091d00000, 0x0000000091d00000, 0x0000000091e00000|  0%| F|  |TAMS 0x0000000091d00000, 0x0000000091d00000| Untracked 
| 286|0x0000000091e00000, 0x0000000091f00000, 0x0000000091f00000|100%| O|  |TAMS 0x0000000091f00000, 0x0000000091e00000| Untracked 
| 287|0x0000000091f00000, 0x0000000091f00000, 0x0000000092000000|  0%| F|  |TAMS 0x0000000091f00000, 0x0000000091f00000| Untracked 
| 288|0x0000000092000000, 0x0000000092000000, 0x0000000092100000|  0%| F|  |TAMS 0x0000000092000000, 0x0000000092000000| Untracked 
| 289|0x0000000092100000, 0x0000000092100000, 0x0000000092200000|  0%| F|  |TAMS 0x0000000092100000, 0x0000000092100000| Untracked 
| 290|0x0000000092200000, 0x0000000092200000, 0x0000000092300000|  0%| F|  |TAMS 0x0000000092200000, 0x0000000092200000| Untracked 
| 291|0x0000000092300000, 0x0000000092300000, 0x0000000092400000|  0%| F|  |TAMS 0x0000000092300000, 0x0000000092300000| Untracked 
| 292|0x0000000092400000, 0x0000000092500000, 0x0000000092500000|100%| O|  |TAMS 0x0000000092500000, 0x0000000092400000| Untracked 
| 293|0x0000000092500000, 0x0000000092600000, 0x0000000092600000|100%| O|  |TAMS 0x0000000092600000, 0x0000000092500000| Untracked 
| 294|0x0000000092600000, 0x0000000092600000, 0x0000000092700000|  0%| F|  |TAMS 0x0000000092600000, 0x0000000092600000| Untracked 
| 295|0x0000000092700000, 0x0000000092700000, 0x0000000092800000|  0%| F|  |TAMS 0x0000000092700000, 0x0000000092700000| Untracked 
| 296|0x0000000092800000, 0x0000000092800000, 0x0000000092900000|  0%| F|  |TAMS 0x0000000092800000, 0x0000000092800000| Untracked 
| 297|0x0000000092900000, 0x0000000092900000, 0x0000000092a00000|  0%| F|  |TAMS 0x0000000092900000, 0x0000000092900000| Untracked 
| 298|0x0000000092a00000, 0x0000000092a00000, 0x0000000092b00000|  0%| F|  |TAMS 0x0000000092a00000, 0x0000000092a00000| Untracked 
| 299|0x0000000092b00000, 0x0000000092b00000, 0x0000000092c00000|  0%| F|  |TAMS 0x0000000092b00000, 0x0000000092b00000| Untracked 
| 300|0x0000000092c00000, 0x0000000092c00000, 0x0000000092d00000|  0%| F|  |TAMS 0x0000000092c00000, 0x0000000092c00000| Untracked 
| 301|0x0000000092d00000, 0x0000000092d00000, 0x0000000092e00000|  0%| F|  |TAMS 0x0000000092d00000, 0x0000000092d00000| Untracked 
| 302|0x0000000092e00000, 0x0000000092e00000, 0x0000000092f00000|  0%| F|  |TAMS 0x0000000092e00000, 0x0000000092e00000| Untracked 
| 303|0x0000000092f00000, 0x0000000092f00000, 0x0000000093000000|  0%| F|  |TAMS 0x0000000092f00000, 0x0000000092f00000| Untracked 
| 304|0x0000000093000000, 0x0000000093000000, 0x0000000093100000|  0%| F|  |TAMS 0x0000000093000000, 0x0000000093000000| Untracked 
| 305|0x0000000093100000, 0x0000000093100000, 0x0000000093200000|  0%| F|  |TAMS 0x0000000093100000, 0x0000000093100000| Untracked 
| 306|0x0000000093200000, 0x0000000093200000, 0x0000000093300000|  0%| F|  |TAMS 0x0000000093200000, 0x0000000093200000| Untracked 
| 307|0x0000000093300000, 0x0000000093300000, 0x0000000093400000|  0%| F|  |TAMS 0x0000000093300000, 0x0000000093300000| Untracked 
| 308|0x0000000093400000, 0x0000000093400000, 0x0000000093500000|  0%| F|  |TAMS 0x0000000093400000, 0x0000000093400000| Untracked 
| 309|0x0000000093500000, 0x0000000093500000, 0x0000000093600000|  0%| F|  |TAMS 0x0000000093500000, 0x0000000093500000| Untracked 
| 310|0x0000000093600000, 0x0000000093600000, 0x0000000093700000|  0%| F|  |TAMS 0x0000000093600000, 0x0000000093600000| Untracked 
| 311|0x0000000093700000, 0x0000000093700000, 0x0000000093800000|  0%| F|  |TAMS 0x0000000093700000, 0x0000000093700000| Untracked 
| 312|0x0000000093800000, 0x0000000093800000, 0x0000000093900000|  0%| F|  |TAMS 0x0000000093800000, 0x0000000093800000| Untracked 
| 313|0x0000000093900000, 0x0000000093900000, 0x0000000093a00000|  0%| F|  |TAMS 0x0000000093900000, 0x0000000093900000| Untracked 
| 314|0x0000000093a00000, 0x0000000093a00000, 0x0000000093b00000|  0%| F|  |TAMS 0x0000000093a00000, 0x0000000093a00000| Untracked 
| 315|0x0000000093b00000, 0x0000000093b00000, 0x0000000093c00000|  0%| F|  |TAMS 0x0000000093b00000, 0x0000000093b00000| Untracked 
| 316|0x0000000093c00000, 0x0000000093c00000, 0x0000000093d00000|  0%| F|  |TAMS 0x0000000093c00000, 0x0000000093c00000| Untracked 
| 317|0x0000000093d00000, 0x0000000093d00000, 0x0000000093e00000|  0%| F|  |TAMS 0x0000000093d00000, 0x0000000093d00000| Untracked 
| 318|0x0000000093e00000, 0x0000000093e00000, 0x0000000093f00000|  0%| F|  |TAMS 0x0000000093e00000, 0x0000000093e00000| Untracked 
| 319|0x0000000093f00000, 0x0000000093f00000, 0x0000000094000000|  0%| F|  |TAMS 0x0000000093f00000, 0x0000000093f00000| Untracked 
| 320|0x0000000094000000, 0x0000000094000000, 0x0000000094100000|  0%| F|  |TAMS 0x0000000094000000, 0x0000000094000000| Untracked 
| 321|0x0000000094100000, 0x0000000094100000, 0x0000000094200000|  0%| F|  |TAMS 0x0000000094100000, 0x0000000094100000| Untracked 
| 322|0x0000000094200000, 0x0000000094200000, 0x0000000094300000|  0%| F|  |TAMS 0x0000000094200000, 0x0000000094200000| Untracked 
| 323|0x0000000094300000, 0x0000000094300000, 0x0000000094400000|  0%| F|  |TAMS 0x0000000094300000, 0x0000000094300000| Untracked 
| 324|0x0000000094400000, 0x0000000094400000, 0x0000000094500000|  0%| F|  |TAMS 0x0000000094400000, 0x0000000094400000| Untracked 
| 325|0x0000000094500000, 0x0000000094500000, 0x0000000094600000|  0%| F|  |TAMS 0x0000000094500000, 0x0000000094500000| Untracked 
| 326|0x0000000094600000, 0x0000000094600000, 0x0000000094700000|  0%| F|  |TAMS 0x0000000094600000, 0x0000000094600000| Untracked 
| 327|0x0000000094700000, 0x0000000094700000, 0x0000000094800000|  0%| F|  |TAMS 0x0000000094700000, 0x0000000094700000| Untracked 
| 328|0x0000000094800000, 0x0000000094800000, 0x0000000094900000|  0%| F|  |TAMS 0x0000000094800000, 0x0000000094800000| Untracked 
| 329|0x0000000094900000, 0x0000000094900000, 0x0000000094a00000|  0%| F|  |TAMS 0x0000000094900000, 0x0000000094900000| Untracked 
| 330|0x0000000094a00000, 0x0000000094a00000, 0x0000000094b00000|  0%| F|  |TAMS 0x0000000094a00000, 0x0000000094a00000| Untracked 
| 331|0x0000000094b00000, 0x0000000094b00000, 0x0000000094c00000|  0%| F|  |TAMS 0x0000000094b00000, 0x0000000094b00000| Untracked 
| 332|0x0000000094c00000, 0x0000000094c00000, 0x0000000094d00000|  0%| F|  |TAMS 0x0000000094c00000, 0x0000000094c00000| Untracked 
| 333|0x0000000094d00000, 0x0000000094d00000, 0x0000000094e00000|  0%| F|  |TAMS 0x0000000094d00000, 0x0000000094d00000| Untracked 
| 334|0x0000000094e00000, 0x0000000094e00000, 0x0000000094f00000|  0%| F|  |TAMS 0x0000000094e00000, 0x0000000094e00000| Untracked 
| 335|0x0000000094f00000, 0x0000000094f00000, 0x0000000095000000|  0%| F|  |TAMS 0x0000000094f00000, 0x0000000094f00000| Untracked 
| 336|0x0000000095000000, 0x0000000095000000, 0x0000000095100000|  0%| F|  |TAMS 0x0000000095000000, 0x0000000095000000| Untracked 
| 337|0x0000000095100000, 0x0000000095100000, 0x0000000095200000|  0%| F|  |TAMS 0x0000000095100000, 0x0000000095100000| Untracked 
| 338|0x0000000095200000, 0x0000000095200000, 0x0000000095300000|  0%| F|  |TAMS 0x0000000095200000, 0x0000000095200000| Untracked 
| 339|0x0000000095300000, 0x0000000095300000, 0x0000000095400000|  0%| F|  |TAMS 0x0000000095300000, 0x0000000095300000| Untracked 
| 340|0x0000000095400000, 0x0000000095400000, 0x0000000095500000|  0%| F|  |TAMS 0x0000000095400000, 0x0000000095400000| Untracked 
| 341|0x0000000095500000, 0x0000000095500000, 0x0000000095600000|  0%| F|  |TAMS 0x0000000095500000, 0x0000000095500000| Untracked 
| 342|0x0000000095600000, 0x0000000095600000, 0x0000000095700000|  0%| F|  |TAMS 0x0000000095600000, 0x0000000095600000| Untracked 
| 343|0x0000000095700000, 0x0000000095700000, 0x0000000095800000|  0%| F|  |TAMS 0x0000000095700000, 0x0000000095700000| Untracked 
| 344|0x0000000095800000, 0x0000000095800000, 0x0000000095900000|  0%| F|  |TAMS 0x0000000095800000, 0x0000000095800000| Untracked 
| 345|0x0000000095900000, 0x0000000095900000, 0x0000000095a00000|  0%| F|  |TAMS 0x0000000095900000, 0x0000000095900000| Untracked 
| 346|0x0000000095a00000, 0x0000000095a00000, 0x0000000095b00000|  0%| F|  |TAMS 0x0000000095a00000, 0x0000000095a00000| Untracked 
| 347|0x0000000095b00000, 0x0000000095b00000, 0x0000000095c00000|  0%| F|  |TAMS 0x0000000095b00000, 0x0000000095b00000| Untracked 
| 348|0x0000000095c00000, 0x0000000095c00000, 0x0000000095d00000|  0%| F|  |TAMS 0x0000000095c00000, 0x0000000095c00000| Untracked 
| 349|0x0000000095d00000, 0x0000000095d00000, 0x0000000095e00000|  0%| F|  |TAMS 0x0000000095d00000, 0x0000000095d00000| Untracked 
| 350|0x0000000095e00000, 0x0000000095e00000, 0x0000000095f00000|  0%| F|  |TAMS 0x0000000095e00000, 0x0000000095e00000| Untracked 
| 351|0x0000000095f00000, 0x0000000095f00000, 0x0000000096000000|  0%| F|  |TAMS 0x0000000095f00000, 0x0000000095f00000| Untracked 
| 352|0x0000000096000000, 0x0000000096000000, 0x0000000096100000|  0%| F|  |TAMS 0x0000000096000000, 0x0000000096000000| Untracked 
| 353|0x0000000096100000, 0x0000000096100000, 0x0000000096200000|  0%| F|  |TAMS 0x0000000096100000, 0x0000000096100000| Untracked 
| 354|0x0000000096200000, 0x0000000096200000, 0x0000000096300000|  0%| F|  |TAMS 0x0000000096200000, 0x0000000096200000| Untracked 
| 355|0x0000000096300000, 0x0000000096300000, 0x0000000096400000|  0%| F|  |TAMS 0x0000000096300000, 0x0000000096300000| Untracked 
| 356|0x0000000096400000, 0x0000000096400000, 0x0000000096500000|  0%| F|  |TAMS 0x0000000096400000, 0x0000000096400000| Untracked 
| 357|0x0000000096500000, 0x0000000096500000, 0x0000000096600000|  0%| F|  |TAMS 0x0000000096500000, 0x0000000096500000| Untracked 
| 358|0x0000000096600000, 0x0000000096600000, 0x0000000096700000|  0%| F|  |TAMS 0x0000000096600000, 0x0000000096600000| Untracked 
| 359|0x0000000096700000, 0x0000000096700000, 0x0000000096800000|  0%| F|  |TAMS 0x0000000096700000, 0x0000000096700000| Untracked 
| 360|0x0000000096800000, 0x0000000096800000, 0x0000000096900000|  0%| F|  |TAMS 0x0000000096800000, 0x0000000096800000| Untracked 
| 361|0x0000000096900000, 0x0000000096900000, 0x0000000096a00000|  0%| F|  |TAMS 0x0000000096900000, 0x0000000096900000| Untracked 
| 362|0x0000000096a00000, 0x0000000096a00000, 0x0000000096b00000|  0%| F|  |TAMS 0x0000000096a00000, 0x0000000096a00000| Untracked 
| 363|0x0000000096b00000, 0x0000000096b00000, 0x0000000096c00000|  0%| F|  |TAMS 0x0000000096b00000, 0x0000000096b00000| Untracked 
| 364|0x0000000096c00000, 0x0000000096c00000, 0x0000000096d00000|  0%| F|  |TAMS 0x0000000096c00000, 0x0000000096c00000| Untracked 
| 365|0x0000000096d00000, 0x0000000096d00000, 0x0000000096e00000|  0%| F|  |TAMS 0x0000000096d00000, 0x0000000096d00000| Untracked 
| 366|0x0000000096e00000, 0x0000000096e00000, 0x0000000096f00000|  0%| F|  |TAMS 0x0000000096e00000, 0x0000000096e00000| Untracked 
| 367|0x0000000096f00000, 0x0000000096f00000, 0x0000000097000000|  0%| F|  |TAMS 0x0000000096f00000, 0x0000000096f00000| Untracked 
| 368|0x0000000097000000, 0x0000000097000000, 0x0000000097100000|  0%| F|  |TAMS 0x0000000097000000, 0x0000000097000000| Untracked 
| 369|0x0000000097100000, 0x0000000097100000, 0x0000000097200000|  0%| F|  |TAMS 0x0000000097100000, 0x0000000097100000| Untracked 
| 370|0x0000000097200000, 0x0000000097200000, 0x0000000097300000|  0%| F|  |TAMS 0x0000000097200000, 0x0000000097200000| Untracked 
| 371|0x0000000097300000, 0x0000000097300000, 0x0000000097400000|  0%| F|  |TAMS 0x0000000097300000, 0x0000000097300000| Untracked 
| 372|0x0000000097400000, 0x0000000097400000, 0x0000000097500000|  0%| F|  |TAMS 0x0000000097400000, 0x0000000097400000| Untracked 
| 373|0x0000000097500000, 0x0000000097500000, 0x0000000097600000|  0%| F|  |TAMS 0x0000000097500000, 0x0000000097500000| Untracked 
| 374|0x0000000097600000, 0x0000000097600000, 0x0000000097700000|  0%| F|  |TAMS 0x0000000097600000, 0x0000000097600000| Untracked 
| 375|0x0000000097700000, 0x0000000097700000, 0x0000000097800000|  0%| F|  |TAMS 0x0000000097700000, 0x0000000097700000| Untracked 
| 376|0x0000000097800000, 0x0000000097800000, 0x0000000097900000|  0%| F|  |TAMS 0x0000000097800000, 0x0000000097800000| Untracked 
| 377|0x0000000097900000, 0x0000000097900000, 0x0000000097a00000|  0%| F|  |TAMS 0x0000000097900000, 0x0000000097900000| Untracked 
| 378|0x0000000097a00000, 0x0000000097a00000, 0x0000000097b00000|  0%| F|  |TAMS 0x0000000097a00000, 0x0000000097a00000| Untracked 
| 379|0x0000000097b00000, 0x0000000097b00000, 0x0000000097c00000|  0%| F|  |TAMS 0x0000000097b00000, 0x0000000097b00000| Untracked 
| 380|0x0000000097c00000, 0x0000000097c00000, 0x0000000097d00000|  0%| F|  |TAMS 0x0000000097c00000, 0x0000000097c00000| Untracked 
| 381|0x0000000097d00000, 0x0000000097d00000, 0x0000000097e00000|  0%| F|  |TAMS 0x0000000097d00000, 0x0000000097d00000| Untracked 
| 382|0x0000000097e00000, 0x0000000097e00000, 0x0000000097f00000|  0%| F|  |TAMS 0x0000000097e00000, 0x0000000097e00000| Untracked 
| 383|0x0000000097f00000, 0x0000000097f00000, 0x0000000098000000|  0%| F|  |TAMS 0x0000000097f00000, 0x0000000097f00000| Untracked 
| 384|0x0000000098000000, 0x0000000098000000, 0x0000000098100000|  0%| F|  |TAMS 0x0000000098000000, 0x0000000098000000| Untracked 
| 385|0x0000000098100000, 0x0000000098100000, 0x0000000098200000|  0%| F|  |TAMS 0x0000000098100000, 0x0000000098100000| Untracked 
| 386|0x0000000098200000, 0x0000000098200000, 0x0000000098300000|  0%| F|  |TAMS 0x0000000098200000, 0x0000000098200000| Untracked 
| 387|0x0000000098300000, 0x0000000098300000, 0x0000000098400000|  0%| F|  |TAMS 0x0000000098300000, 0x0000000098300000| Untracked 
| 388|0x0000000098400000, 0x0000000098400000, 0x0000000098500000|  0%| F|  |TAMS 0x0000000098400000, 0x0000000098400000| Untracked 
| 389|0x0000000098500000, 0x0000000098500000, 0x0000000098600000|  0%| F|  |TAMS 0x0000000098500000, 0x0000000098500000| Untracked 
| 390|0x0000000098600000, 0x0000000098600000, 0x0000000098700000|  0%| F|  |TAMS 0x0000000098600000, 0x0000000098600000| Untracked 
| 391|0x0000000098700000, 0x0000000098700000, 0x0000000098800000|  0%| F|  |TAMS 0x0000000098700000, 0x0000000098700000| Untracked 
| 392|0x0000000098800000, 0x0000000098800000, 0x0000000098900000|  0%| F|  |TAMS 0x0000000098800000, 0x0000000098800000| Untracked 
| 393|0x0000000098900000, 0x0000000098900000, 0x0000000098a00000|  0%| F|  |TAMS 0x0000000098900000, 0x0000000098900000| Untracked 
| 394|0x0000000098a00000, 0x0000000098a00000, 0x0000000098b00000|  0%| F|  |TAMS 0x0000000098a00000, 0x0000000098a00000| Untracked 
| 395|0x0000000098b00000, 0x0000000098b00000, 0x0000000098c00000|  0%| F|  |TAMS 0x0000000098b00000, 0x0000000098b00000| Untracked 
| 396|0x0000000098c00000, 0x0000000098c00000, 0x0000000098d00000|  0%| F|  |TAMS 0x0000000098c00000, 0x0000000098c00000| Untracked 
| 397|0x0000000098d00000, 0x0000000098d00000, 0x0000000098e00000|  0%| F|  |TAMS 0x0000000098d00000, 0x0000000098d00000| Untracked 
| 398|0x0000000098e00000, 0x0000000098e00000, 0x0000000098f00000|  0%| F|  |TAMS 0x0000000098e00000, 0x0000000098e00000| Untracked 
| 399|0x0000000098f00000, 0x0000000098f00000, 0x0000000099000000|  0%| F|  |TAMS 0x0000000098f00000, 0x0000000098f00000| Untracked 
| 400|0x0000000099000000, 0x0000000099000000, 0x0000000099100000|  0%| F|  |TAMS 0x0000000099000000, 0x0000000099000000| Untracked 
| 401|0x0000000099100000, 0x0000000099100000, 0x0000000099200000|  0%| F|  |TAMS 0x0000000099100000, 0x0000000099100000| Untracked 
| 402|0x0000000099200000, 0x0000000099200000, 0x0000000099300000|  0%| F|  |TAMS 0x0000000099200000, 0x0000000099200000| Untracked 
| 403|0x0000000099300000, 0x0000000099300000, 0x0000000099400000|  0%| F|  |TAMS 0x0000000099300000, 0x0000000099300000| Untracked 
| 404|0x0000000099400000, 0x0000000099400000, 0x0000000099500000|  0%| F|  |TAMS 0x0000000099400000, 0x0000000099400000| Untracked 
| 405|0x0000000099500000, 0x0000000099500000, 0x0000000099600000|  0%| F|  |TAMS 0x0000000099500000, 0x0000000099500000| Untracked 
| 406|0x0000000099600000, 0x0000000099600000, 0x0000000099700000|  0%| F|  |TAMS 0x0000000099600000, 0x0000000099600000| Untracked 
| 407|0x0000000099700000, 0x0000000099700000, 0x0000000099800000|  0%| F|  |TAMS 0x0000000099700000, 0x0000000099700000| Untracked 
| 408|0x0000000099800000, 0x0000000099800000, 0x0000000099900000|  0%| F|  |TAMS 0x0000000099800000, 0x0000000099800000| Untracked 
| 409|0x0000000099900000, 0x0000000099900000, 0x0000000099a00000|  0%| F|  |TAMS 0x0000000099900000, 0x0000000099900000| Untracked 
| 410|0x0000000099a00000, 0x0000000099a00000, 0x0000000099b00000|  0%| F|  |TAMS 0x0000000099a00000, 0x0000000099a00000| Untracked 
| 411|0x0000000099b00000, 0x0000000099b00000, 0x0000000099c00000|  0%| F|  |TAMS 0x0000000099b00000, 0x0000000099b00000| Untracked 
| 412|0x0000000099c00000, 0x0000000099c00000, 0x0000000099d00000|  0%| F|  |TAMS 0x0000000099c00000, 0x0000000099c00000| Untracked 
| 413|0x0000000099d00000, 0x0000000099d00000, 0x0000000099e00000|  0%| F|  |TAMS 0x0000000099d00000, 0x0000000099d00000| Untracked 
| 414|0x0000000099e00000, 0x0000000099e00000, 0x0000000099f00000|  0%| F|  |TAMS 0x0000000099e00000, 0x0000000099e00000| Untracked 
| 415|0x0000000099f00000, 0x0000000099f00000, 0x000000009a000000|  0%| F|  |TAMS 0x0000000099f00000, 0x0000000099f00000| Untracked 
| 416|0x000000009a000000, 0x000000009a000000, 0x000000009a100000|  0%| F|  |TAMS 0x000000009a000000, 0x000000009a000000| Untracked 
| 417|0x000000009a100000, 0x000000009a100000, 0x000000009a200000|  0%| F|  |TAMS 0x000000009a100000, 0x000000009a100000| Untracked 
| 418|0x000000009a200000, 0x000000009a200000, 0x000000009a300000|  0%| F|  |TAMS 0x000000009a200000, 0x000000009a200000| Untracked 
| 419|0x000000009a300000, 0x000000009a300000, 0x000000009a400000|  0%| F|  |TAMS 0x000000009a300000, 0x000000009a300000| Untracked 
| 420|0x000000009a400000, 0x000000009a400000, 0x000000009a500000|  0%| F|  |TAMS 0x000000009a400000, 0x000000009a400000| Untracked 
| 421|0x000000009a500000, 0x000000009a500000, 0x000000009a600000|  0%| F|  |TAMS 0x000000009a500000, 0x000000009a500000| Untracked 
| 422|0x000000009a600000, 0x000000009a600000, 0x000000009a700000|  0%| F|  |TAMS 0x000000009a600000, 0x000000009a600000| Untracked 
| 423|0x000000009a700000, 0x000000009a700000, 0x000000009a800000|  0%| F|  |TAMS 0x000000009a700000, 0x000000009a700000| Untracked 
| 424|0x000000009a800000, 0x000000009a800000, 0x000000009a900000|  0%| F|  |TAMS 0x000000009a800000, 0x000000009a800000| Untracked 
| 425|0x000000009a900000, 0x000000009a900000, 0x000000009aa00000|  0%| F|  |TAMS 0x000000009a900000, 0x000000009a900000| Untracked 
| 426|0x000000009aa00000, 0x000000009aa00000, 0x000000009ab00000|  0%| F|  |TAMS 0x000000009aa00000, 0x000000009aa00000| Untracked 
| 427|0x000000009ab00000, 0x000000009ab00000, 0x000000009ac00000|  0%| F|  |TAMS 0x000000009ab00000, 0x000000009ab00000| Untracked 
| 428|0x000000009ac00000, 0x000000009ac00000, 0x000000009ad00000|  0%| F|  |TAMS 0x000000009ac00000, 0x000000009ac00000| Untracked 
| 429|0x000000009ad00000, 0x000000009ad00000, 0x000000009ae00000|  0%| F|  |TAMS 0x000000009ad00000, 0x000000009ad00000| Untracked 
| 430|0x000000009ae00000, 0x000000009ae00000, 0x000000009af00000|  0%| F|  |TAMS 0x000000009ae00000, 0x000000009ae00000| Untracked 
| 431|0x000000009af00000, 0x000000009af00000, 0x000000009b000000|  0%| F|  |TAMS 0x000000009af00000, 0x000000009af00000| Untracked 
| 432|0x000000009b000000, 0x000000009b000000, 0x000000009b100000|  0%| F|  |TAMS 0x000000009b000000, 0x000000009b000000| Untracked 
| 433|0x000000009b100000, 0x000000009b100000, 0x000000009b200000|  0%| F|  |TAMS 0x000000009b100000, 0x000000009b100000| Untracked 
| 434|0x000000009b200000, 0x000000009b200000, 0x000000009b300000|  0%| F|  |TAMS 0x000000009b200000, 0x000000009b200000| Untracked 
| 435|0x000000009b300000, 0x000000009b300000, 0x000000009b400000|  0%| F|  |TAMS 0x000000009b300000, 0x000000009b300000| Untracked 
| 436|0x000000009b400000, 0x000000009b400000, 0x000000009b500000|  0%| F|  |TAMS 0x000000009b400000, 0x000000009b400000| Untracked 
| 437|0x000000009b500000, 0x000000009b500000, 0x000000009b600000|  0%| F|  |TAMS 0x000000009b500000, 0x000000009b500000| Untracked 
| 438|0x000000009b600000, 0x000000009b600000, 0x000000009b700000|  0%| F|  |TAMS 0x000000009b600000, 0x000000009b600000| Untracked 
| 439|0x000000009b700000, 0x000000009b700000, 0x000000009b800000|  0%| F|  |TAMS 0x000000009b700000, 0x000000009b700000| Untracked 
| 440|0x000000009b800000, 0x000000009b800000, 0x000000009b900000|  0%| F|  |TAMS 0x000000009b800000, 0x000000009b800000| Untracked 
| 441|0x000000009b900000, 0x000000009b900000, 0x000000009ba00000|  0%| F|  |TAMS 0x000000009b900000, 0x000000009b900000| Untracked 
| 442|0x000000009ba00000, 0x000000009ba00000, 0x000000009bb00000|  0%| F|  |TAMS 0x000000009ba00000, 0x000000009ba00000| Untracked 
| 443|0x000000009bb00000, 0x000000009bb00000, 0x000000009bc00000|  0%| F|  |TAMS 0x000000009bb00000, 0x000000009bb00000| Untracked 
| 444|0x000000009bc00000, 0x000000009bc00000, 0x000000009bd00000|  0%| F|  |TAMS 0x000000009bc00000, 0x000000009bc00000| Untracked 
| 445|0x000000009bd00000, 0x000000009bd00000, 0x000000009be00000|  0%| F|  |TAMS 0x000000009bd00000, 0x000000009bd00000| Untracked 
| 446|0x000000009be00000, 0x000000009be00000, 0x000000009bf00000|  0%| F|  |TAMS 0x000000009be00000, 0x000000009be00000| Untracked 
| 447|0x000000009bf00000, 0x000000009bf00000, 0x000000009c000000|  0%| F|  |TAMS 0x000000009bf00000, 0x000000009bf00000| Untracked 
| 448|0x000000009c000000, 0x000000009c000000, 0x000000009c100000|  0%| F|  |TAMS 0x000000009c000000, 0x000000009c000000| Untracked 
| 449|0x000000009c100000, 0x000000009c100000, 0x000000009c200000|  0%| F|  |TAMS 0x000000009c100000, 0x000000009c100000| Untracked 
| 450|0x000000009c200000, 0x000000009c200000, 0x000000009c300000|  0%| F|  |TAMS 0x000000009c200000, 0x000000009c200000| Untracked 
| 451|0x000000009c300000, 0x000000009c300000, 0x000000009c400000|  0%| F|  |TAMS 0x000000009c300000, 0x000000009c300000| Untracked 
| 452|0x000000009c400000, 0x000000009c400000, 0x000000009c500000|  0%| F|  |TAMS 0x000000009c400000, 0x000000009c400000| Untracked 
| 453|0x000000009c500000, 0x000000009c500000, 0x000000009c600000|  0%| F|  |TAMS 0x000000009c500000, 0x000000009c500000| Untracked 
| 454|0x000000009c600000, 0x000000009c600000, 0x000000009c700000|  0%| F|  |TAMS 0x000000009c600000, 0x000000009c600000| Untracked 
| 455|0x000000009c700000, 0x000000009c700000, 0x000000009c800000|  0%| F|  |TAMS 0x000000009c700000, 0x000000009c700000| Untracked 
| 456|0x000000009c800000, 0x000000009c800000, 0x000000009c900000|  0%| F|  |TAMS 0x000000009c800000, 0x000000009c800000| Untracked 
| 457|0x000000009c900000, 0x000000009c900000, 0x000000009ca00000|  0%| F|  |TAMS 0x000000009c900000, 0x000000009c900000| Untracked 
| 458|0x000000009ca00000, 0x000000009ca00000, 0x000000009cb00000|  0%| F|  |TAMS 0x000000009ca00000, 0x000000009ca00000| Untracked 
| 459|0x000000009cb00000, 0x000000009cb00000, 0x000000009cc00000|  0%| F|  |TAMS 0x000000009cb00000, 0x000000009cb00000| Untracked 
| 460|0x000000009cc00000, 0x000000009cc00000, 0x000000009cd00000|  0%| F|  |TAMS 0x000000009cc00000, 0x000000009cc00000| Untracked 
| 461|0x000000009cd00000, 0x000000009cd00000, 0x000000009ce00000|  0%| F|  |TAMS 0x000000009cd00000, 0x000000009cd00000| Untracked 
| 462|0x000000009ce00000, 0x000000009ce00000, 0x000000009cf00000|  0%| F|  |TAMS 0x000000009ce00000, 0x000000009ce00000| Untracked 
| 463|0x000000009cf00000, 0x000000009cf00000, 0x000000009d000000|  0%| F|  |TAMS 0x000000009cf00000, 0x000000009cf00000| Untracked 
| 464|0x000000009d000000, 0x000000009d000000, 0x000000009d100000|  0%| F|  |TAMS 0x000000009d000000, 0x000000009d000000| Untracked 
| 465|0x000000009d100000, 0x000000009d100000, 0x000000009d200000|  0%| F|  |TAMS 0x000000009d100000, 0x000000009d100000| Untracked 
| 466|0x000000009d200000, 0x000000009d200000, 0x000000009d300000|  0%| F|  |TAMS 0x000000009d200000, 0x000000009d200000| Untracked 
| 467|0x000000009d300000, 0x000000009d300000, 0x000000009d400000|  0%| F|  |TAMS 0x000000009d300000, 0x000000009d300000| Untracked 
| 468|0x000000009d400000, 0x000000009d400000, 0x000000009d500000|  0%| F|  |TAMS 0x000000009d400000, 0x000000009d400000| Untracked 
| 469|0x000000009d500000, 0x000000009d500000, 0x000000009d600000|  0%| F|  |TAMS 0x000000009d500000, 0x000000009d500000| Untracked 
| 470|0x000000009d600000, 0x000000009d600000, 0x000000009d700000|  0%| F|  |TAMS 0x000000009d600000, 0x000000009d600000| Untracked 
| 471|0x000000009d700000, 0x000000009d700000, 0x000000009d800000|  0%| F|  |TAMS 0x000000009d700000, 0x000000009d700000| Untracked 
| 472|0x000000009d800000, 0x000000009d800000, 0x000000009d900000|  0%| F|  |TAMS 0x000000009d800000, 0x000000009d800000| Untracked 
| 473|0x000000009d900000, 0x000000009d900000, 0x000000009da00000|  0%| F|  |TAMS 0x000000009d900000, 0x000000009d900000| Untracked 
| 474|0x000000009da00000, 0x000000009da00000, 0x000000009db00000|  0%| F|  |TAMS 0x000000009da00000, 0x000000009da00000| Untracked 
| 475|0x000000009db00000, 0x000000009db00000, 0x000000009dc00000|  0%| F|  |TAMS 0x000000009db00000, 0x000000009db00000| Untracked 
| 476|0x000000009dc00000, 0x000000009dc00000, 0x000000009dd00000|  0%| F|  |TAMS 0x000000009dc00000, 0x000000009dc00000| Untracked 
| 477|0x000000009dd00000, 0x000000009dd00000, 0x000000009de00000|  0%| F|  |TAMS 0x000000009dd00000, 0x000000009dd00000| Untracked 
| 478|0x000000009de00000, 0x000000009de00000, 0x000000009df00000|  0%| F|  |TAMS 0x000000009de00000, 0x000000009de00000| Untracked 
| 479|0x000000009df00000, 0x000000009df00000, 0x000000009e000000|  0%| F|  |TAMS 0x000000009df00000, 0x000000009df00000| Untracked 
| 480|0x000000009e000000, 0x000000009e000000, 0x000000009e100000|  0%| F|  |TAMS 0x000000009e000000, 0x000000009e000000| Untracked 
| 481|0x000000009e100000, 0x000000009e100000, 0x000000009e200000|  0%| F|  |TAMS 0x000000009e100000, 0x000000009e100000| Untracked 
| 482|0x000000009e200000, 0x000000009e200000, 0x000000009e300000|  0%| F|  |TAMS 0x000000009e200000, 0x000000009e200000| Untracked 
| 483|0x000000009e300000, 0x000000009e300000, 0x000000009e400000|  0%| F|  |TAMS 0x000000009e300000, 0x000000009e300000| Untracked 
| 484|0x000000009e400000, 0x000000009e400000, 0x000000009e500000|  0%| F|  |TAMS 0x000000009e400000, 0x000000009e400000| Untracked 
| 485|0x000000009e500000, 0x000000009e500000, 0x000000009e600000|  0%| F|  |TAMS 0x000000009e500000, 0x000000009e500000| Untracked 
| 486|0x000000009e600000, 0x000000009e600000, 0x000000009e700000|  0%| F|  |TAMS 0x000000009e600000, 0x000000009e600000| Untracked 
| 487|0x000000009e700000, 0x000000009e700000, 0x000000009e800000|  0%| F|  |TAMS 0x000000009e700000, 0x000000009e700000| Untracked 
| 488|0x000000009e800000, 0x000000009e800000, 0x000000009e900000|  0%| F|  |TAMS 0x000000009e800000, 0x000000009e800000| Untracked 
| 489|0x000000009e900000, 0x000000009e900000, 0x000000009ea00000|  0%| F|  |TAMS 0x000000009e900000, 0x000000009e900000| Untracked 
| 490|0x000000009ea00000, 0x000000009ea00000, 0x000000009eb00000|  0%| F|  |TAMS 0x000000009ea00000, 0x000000009ea00000| Untracked 
| 491|0x000000009eb00000, 0x000000009eb00000, 0x000000009ec00000|  0%| F|  |TAMS 0x000000009eb00000, 0x000000009eb00000| Untracked 
| 492|0x000000009ec00000, 0x000000009ec00000, 0x000000009ed00000|  0%| F|  |TAMS 0x000000009ec00000, 0x000000009ec00000| Untracked 
| 493|0x000000009ed00000, 0x000000009ed00000, 0x000000009ee00000|  0%| F|  |TAMS 0x000000009ed00000, 0x000000009ed00000| Untracked 
| 494|0x000000009ee00000, 0x000000009ee00000, 0x000000009ef00000|  0%| F|  |TAMS 0x000000009ee00000, 0x000000009ee00000| Untracked 
| 495|0x000000009ef00000, 0x000000009ef00000, 0x000000009f000000|  0%| F|  |TAMS 0x000000009ef00000, 0x000000009ef00000| Untracked 
| 496|0x000000009f000000, 0x000000009f000000, 0x000000009f100000|  0%| F|  |TAMS 0x000000009f000000, 0x000000009f000000| Untracked 
| 497|0x000000009f100000, 0x000000009f100000, 0x000000009f200000|  0%| F|  |TAMS 0x000000009f100000, 0x000000009f100000| Untracked 
| 498|0x000000009f200000, 0x000000009f200000, 0x000000009f300000|  0%| F|  |TAMS 0x000000009f200000, 0x000000009f200000| Untracked 
| 499|0x000000009f300000, 0x000000009f300000, 0x000000009f400000|  0%| F|  |TAMS 0x000000009f300000, 0x000000009f300000| Untracked 
| 500|0x000000009f400000, 0x000000009f400000, 0x000000009f500000|  0%| F|  |TAMS 0x000000009f400000, 0x000000009f400000| Untracked 
| 501|0x000000009f500000, 0x000000009f500000, 0x000000009f600000|  0%| F|  |TAMS 0x000000009f500000, 0x000000009f500000| Untracked 
| 502|0x000000009f600000, 0x000000009f600000, 0x000000009f700000|  0%| F|  |TAMS 0x000000009f600000, 0x000000009f600000| Untracked 
| 503|0x000000009f700000, 0x000000009f700000, 0x000000009f800000|  0%| F|  |TAMS 0x000000009f700000, 0x000000009f700000| Untracked 
| 504|0x000000009f800000, 0x000000009f800000, 0x000000009f900000|  0%| F|  |TAMS 0x000000009f800000, 0x000000009f800000| Untracked 
| 505|0x000000009f900000, 0x000000009f900000, 0x000000009fa00000|  0%| F|  |TAMS 0x000000009f900000, 0x000000009f900000| Untracked 
| 506|0x000000009fa00000, 0x000000009fa00000, 0x000000009fb00000|  0%| F|  |TAMS 0x000000009fa00000, 0x000000009fa00000| Untracked 
| 507|0x000000009fb00000, 0x000000009fb00000, 0x000000009fc00000|  0%| F|  |TAMS 0x000000009fb00000, 0x000000009fb00000| Untracked 
| 508|0x000000009fc00000, 0x000000009fc00000, 0x000000009fd00000|  0%| F|  |TAMS 0x000000009fc00000, 0x000000009fc00000| Untracked 
| 509|0x000000009fd00000, 0x000000009fd00000, 0x000000009fe00000|  0%| F|  |TAMS 0x000000009fd00000, 0x000000009fd00000| Untracked 
| 510|0x000000009fe00000, 0x000000009fe00000, 0x000000009ff00000|  0%| F|  |TAMS 0x000000009fe00000, 0x000000009fe00000| Untracked 
| 511|0x000000009ff00000, 0x000000009ff00000, 0x00000000a0000000|  0%| F|  |TAMS 0x000000009ff00000, 0x000000009ff00000| Untracked 
| 512|0x00000000a0000000, 0x00000000a0000000, 0x00000000a0100000|  0%| F|  |TAMS 0x00000000a0000000, 0x00000000a0000000| Untracked 
| 513|0x00000000a0100000, 0x00000000a0100000, 0x00000000a0200000|  0%| F|  |TAMS 0x00000000a0100000, 0x00000000a0100000| Untracked 
| 514|0x00000000a0200000, 0x00000000a0200000, 0x00000000a0300000|  0%| F|  |TAMS 0x00000000a0200000, 0x00000000a0200000| Untracked 
| 515|0x00000000a0300000, 0x00000000a0300000, 0x00000000a0400000|  0%| F|  |TAMS 0x00000000a0300000, 0x00000000a0300000| Untracked 
| 516|0x00000000a0400000, 0x00000000a0400000, 0x00000000a0500000|  0%| F|  |TAMS 0x00000000a0400000, 0x00000000a0400000| Untracked 
| 517|0x00000000a0500000, 0x00000000a0500000, 0x00000000a0600000|  0%| F|  |TAMS 0x00000000a0500000, 0x00000000a0500000| Untracked 
| 518|0x00000000a0600000, 0x00000000a0600000, 0x00000000a0700000|  0%| F|  |TAMS 0x00000000a0600000, 0x00000000a0600000| Untracked 
| 519|0x00000000a0700000, 0x00000000a0700000, 0x00000000a0800000|  0%| F|  |TAMS 0x00000000a0700000, 0x00000000a0700000| Untracked 
| 520|0x00000000a0800000, 0x00000000a0800000, 0x00000000a0900000|  0%| F|  |TAMS 0x00000000a0800000, 0x00000000a0800000| Untracked 
| 521|0x00000000a0900000, 0x00000000a0900000, 0x00000000a0a00000|  0%| F|  |TAMS 0x00000000a0900000, 0x00000000a0900000| Untracked 
| 522|0x00000000a0a00000, 0x00000000a0a00000, 0x00000000a0b00000|  0%| F|  |TAMS 0x00000000a0a00000, 0x00000000a0a00000| Untracked 
| 523|0x00000000a0b00000, 0x00000000a0b00000, 0x00000000a0c00000|  0%| F|  |TAMS 0x00000000a0b00000, 0x00000000a0b00000| Untracked 
| 524|0x00000000a0c00000, 0x00000000a0c00000, 0x00000000a0d00000|  0%| F|  |TAMS 0x00000000a0c00000, 0x00000000a0c00000| Untracked 
| 525|0x00000000a0d00000, 0x00000000a0d00000, 0x00000000a0e00000|  0%| F|  |TAMS 0x00000000a0d00000, 0x00000000a0d00000| Untracked 
| 526|0x00000000a0e00000, 0x00000000a0e00000, 0x00000000a0f00000|  0%| F|  |TAMS 0x00000000a0e00000, 0x00000000a0e00000| Untracked 
| 527|0x00000000a0f00000, 0x00000000a0f00000, 0x00000000a1000000|  0%| F|  |TAMS 0x00000000a0f00000, 0x00000000a0f00000| Untracked 
| 528|0x00000000a1000000, 0x00000000a1000000, 0x00000000a1100000|  0%| F|  |TAMS 0x00000000a1000000, 0x00000000a1000000| Untracked 
| 529|0x00000000a1100000, 0x00000000a1100000, 0x00000000a1200000|  0%| F|  |TAMS 0x00000000a1100000, 0x00000000a1100000| Untracked 
| 530|0x00000000a1200000, 0x00000000a1200000, 0x00000000a1300000|  0%| F|  |TAMS 0x00000000a1200000, 0x00000000a1200000| Untracked 
| 531|0x00000000a1300000, 0x00000000a1300000, 0x00000000a1400000|  0%| F|  |TAMS 0x00000000a1300000, 0x00000000a1300000| Untracked 
| 532|0x00000000a1400000, 0x00000000a14e6780, 0x00000000a1500000| 90%| E|  |TAMS 0x00000000a1400000, 0x00000000a1400000| Complete 
| 533|0x00000000a1500000, 0x00000000a1600000, 0x00000000a1600000|100%| E|CS|TAMS 0x00000000a1500000, 0x00000000a1500000| Complete 
| 534|0x00000000a1600000, 0x00000000a1700000, 0x00000000a1700000|100%| E|CS|TAMS 0x00000000a1600000, 0x00000000a1600000| Complete 
| 535|0x00000000a1700000, 0x00000000a1800000, 0x00000000a1800000|100%| E|CS|TAMS 0x00000000a1700000, 0x00000000a1700000| Complete 
| 536|0x00000000a1800000, 0x00000000a1900000, 0x00000000a1900000|100%| E|CS|TAMS 0x00000000a1800000, 0x00000000a1800000| Complete 
| 537|0x00000000a1900000, 0x00000000a1a00000, 0x00000000a1a00000|100%| E|CS|TAMS 0x00000000a1900000, 0x00000000a1900000| Complete 
| 538|0x00000000a1a00000, 0x00000000a1b00000, 0x00000000a1b00000|100%| E|CS|TAMS 0x00000000a1a00000, 0x00000000a1a00000| Complete 
| 539|0x00000000a1b00000, 0x00000000a1c00000, 0x00000000a1c00000|100%| E|CS|TAMS 0x00000000a1b00000, 0x00000000a1b00000| Complete 
| 540|0x00000000a1c00000, 0x00000000a1d00000, 0x00000000a1d00000|100%| E|CS|TAMS 0x00000000a1c00000, 0x00000000a1c00000| Complete 
| 541|0x00000000a1d00000, 0x00000000a1e00000, 0x00000000a1e00000|100%| E|CS|TAMS 0x00000000a1d00000, 0x00000000a1d00000| Complete 
| 542|0x00000000a1e00000, 0x00000000a1f00000, 0x00000000a1f00000|100%| E|CS|TAMS 0x00000000a1e00000, 0x00000000a1e00000| Complete 
| 543|0x00000000a1f00000, 0x00000000a2000000, 0x00000000a2000000|100%| E|CS|TAMS 0x00000000a1f00000, 0x00000000a1f00000| Complete 
| 544|0x00000000a2000000, 0x00000000a2100000, 0x00000000a2100000|100%| E|CS|TAMS 0x00000000a2000000, 0x00000000a2000000| Complete 
| 545|0x00000000a2100000, 0x00000000a2200000, 0x00000000a2200000|100%| E|CS|TAMS 0x00000000a2100000, 0x00000000a2100000| Complete 
| 546|0x00000000a2200000, 0x00000000a2300000, 0x00000000a2300000|100%| E|CS|TAMS 0x00000000a2200000, 0x00000000a2200000| Complete 
| 547|0x00000000a2300000, 0x00000000a2400000, 0x00000000a2400000|100%| E|CS|TAMS 0x00000000a2300000, 0x00000000a2300000| Complete 
| 548|0x00000000a2400000, 0x00000000a2500000, 0x00000000a2500000|100%| S|CS|TAMS 0x00000000a2400000, 0x00000000a2400000| Complete 
| 549|0x00000000a2500000, 0x00000000a2600000, 0x00000000a2600000|100%| S|CS|TAMS 0x00000000a2500000, 0x00000000a2500000| Complete 
| 550|0x00000000a2600000, 0x00000000a2700000, 0x00000000a2700000|100%| E|CS|TAMS 0x00000000a2600000, 0x00000000a2600000| Complete 
| 551|0x00000000a2700000, 0x00000000a2800000, 0x00000000a2800000|100%| E|CS|TAMS 0x00000000a2700000, 0x00000000a2700000| Complete 
| 552|0x00000000a2800000, 0x00000000a2900000, 0x00000000a2900000|100%| E|CS|TAMS 0x00000000a2800000, 0x00000000a2800000| Complete 
| 553|0x00000000a2900000, 0x00000000a2a00000, 0x00000000a2a00000|100%| E|CS|TAMS 0x00000000a2900000, 0x00000000a2900000| Complete 
| 554|0x00000000a2a00000, 0x00000000a2b00000, 0x00000000a2b00000|100%| E|CS|TAMS 0x00000000a2a00000, 0x00000000a2a00000| Complete 
| 555|0x00000000a2b00000, 0x00000000a2c00000, 0x00000000a2c00000|100%| E|  |TAMS 0x00000000a2b00000, 0x00000000a2b00000| Complete 
| 556|0x00000000a2c00000, 0x00000000a2d00000, 0x00000000a2d00000|100%| E|CS|TAMS 0x00000000a2c00000, 0x00000000a2c00000| Complete 
| 557|0x00000000a2d00000, 0x00000000a2e00000, 0x00000000a2e00000|100%| E|CS|TAMS 0x00000000a2d00000, 0x00000000a2d00000| Complete 
| 558|0x00000000a2e00000, 0x00000000a2f00000, 0x00000000a2f00000|100%| E|CS|TAMS 0x00000000a2e00000, 0x00000000a2e00000| Complete 
| 559|0x00000000a2f00000, 0x00000000a3000000, 0x00000000a3000000|100%| E|CS|TAMS 0x00000000a2f00000, 0x00000000a2f00000| Complete 
| 560|0x00000000a3000000, 0x00000000a3100000, 0x00000000a3100000|100%| E|CS|TAMS 0x00000000a3000000, 0x00000000a3000000| Complete 
| 561|0x00000000a3100000, 0x00000000a3200000, 0x00000000a3200000|100%| E|CS|TAMS 0x00000000a3100000, 0x00000000a3100000| Complete 
| 562|0x00000000a3200000, 0x00000000a3300000, 0x00000000a3300000|100%| E|CS|TAMS 0x00000000a3200000, 0x00000000a3200000| Complete 
| 563|0x00000000a3300000, 0x00000000a3400000, 0x00000000a3400000|100%| E|CS|TAMS 0x00000000a3300000, 0x00000000a3300000| Complete 

Card table byte_map: [0x0000028c73cb0000,0x0000028c740b0000] _byte_map_base: 0x0000028c738b0000

Marking Bits (Prev, Next): (CMBitMap*) 0x0000028c5cdce850, (CMBitMap*) 0x0000028c5cdce890
 Prev Bits: [0x0000028c744b0000, 0x0000028c764b0000)
 Next Bits: [0x0000028c764b0000, 0x0000028c784b0000)

Polling page: 0x0000028c5ab90000

Metaspace:

Usage:
  Non-class:    115.32 MB used.
      Class:     17.67 MB used.
       Both:    132.99 MB used.

Virtual space:
  Non-class space:      128.00 MB reserved,     116.19 MB ( 91%) committed,  2 nodes.
      Class space:      416.00 MB reserved,      18.50 MB (  4%) committed,  1 nodes.
             Both:      544.00 MB reserved,     134.69 MB ( 25%) committed. 

Chunk freelists:
   Non-Class:  10.89 MB
       Class:  13.47 MB
        Both:  24.36 MB

MaxMetaspaceSize: 512.00 MB
CompressedClassSpaceSize: 416.00 MB
Initial GC threshold: 21.00 MB
Current GC threshold: 217.81 MB
CDS: on
MetaspaceReclaimPolicy: balanced
 - commit_granule_bytes: 65536.
 - commit_granule_words: 8192.
 - virtual_space_node_default_size: 8388608.
 - enlarge_chunks_in_place: 1.
 - new_chunks_are_fully_committed: 0.
 - uncommit_free_chunks: 1.
 - use_allocation_guard: 0.
 - handle_deallocations: 1.


Internal statistics:

num_allocs_failed_limit: 20.
num_arena_births: 2526.
num_arena_deaths: 0.
num_vsnodes_births: 3.
num_vsnodes_deaths: 0.
num_space_committed: 2153.
num_space_uncommitted: 0.
num_chunks_returned_to_freelist: 20.
num_chunks_taken_from_freelist: 9046.
num_chunk_merges: 20.
num_chunk_splits: 5579.
num_chunks_enlarged: 3219.
num_inconsistent_stats: 0.

CodeHeap 'non-profiled nmethods': size=120000Kb used=14671Kb max_used=14671Kb free=105328Kb
 bounds [0x0000028c6c380000, 0x0000028c6d1e0000, 0x0000028c738b0000]
CodeHeap 'profiled nmethods': size=120000Kb used=42351Kb max_used=42351Kb free=77648Kb
 bounds [0x0000028c648b0000, 0x0000028c67210000, 0x0000028c6bde0000]
CodeHeap 'non-nmethods': size=5760Kb used=2492Kb max_used=2571Kb free=3267Kb
 bounds [0x0000028c6bde0000, 0x0000028c6c080000, 0x0000028c6c380000]
 total_blobs=22173 nmethods=21131 adapters=952
 compilation: enabled
              stopped_count=0, restarted_count=0
 full_count=0

Compilation events (20 events):
Event: 127.782 Thread 0x0000028c7a980160 25713       2       com.sun.tools.javac.code.Directive$ExportsFlag::values (10 bytes)
Event: 127.782 Thread 0x0000028c7a980160 nmethod 25713 0x0000028c6720ab10 code [0x0000028c6720acc0, 0x0000028c6720ae08]
Event: 127.789 Thread 0x0000028c1cda3240 nmethod 25611 0x0000028c6d1c1090 code [0x0000028c6d1c1660, 0x0000028c6d1c6ea8]
Event: 127.790 Thread 0x0000028c1cda3240 25708       4       com.sun.tools.javac.parser.JavaTokenizer::scanIdent (639 bytes)
Event: 127.795 Thread 0x0000028c7a980160 25714       2       java.util.LinkedHashMap::valuesToArray (38 bytes)
Event: 127.795 Thread 0x0000028c7a980160 nmethod 25714 0x0000028c6720af10 code [0x0000028c6720b0c0, 0x0000028c6720b338]
Event: 127.796 Thread 0x0000028c7a980160 25715 %     2       java.util.LinkedHashMap::valuesToArray @ 10 (38 bytes)
Event: 127.796 Thread 0x0000028c7a980160 nmethod 25715% 0x0000028c6720b490 code [0x0000028c6720b640, 0x0000028c6720b918]
Event: 127.816 Thread 0x0000028c7a980160 25717       2       java.util.Set::of (10 bytes)
Event: 127.816 Thread 0x0000028c7a980160 nmethod 25717 0x0000028c6720ba90 code [0x0000028c6720bc20, 0x0000028c6720bd88]
Event: 127.923 Thread 0x0000028c1cda3240 nmethod 25708 0x0000028c6d1c9790 code [0x0000028c6d1c9aa0, 0x0000028c6d1cc818]
Event: 127.924 Thread 0x0000028c1cda3240 25716       4       java.util.LinkedHashMap::valuesToArray (38 bytes)
Event: 127.931 Thread 0x0000028c1cda3240 nmethod 25716 0x0000028c6d1ce010 code [0x0000028c6d1ce1a0, 0x0000028c6d1ce5d8]
Event: 127.931 Thread 0x0000028c1cda3240 25613       4       java.util.regex.Pattern$Branch::match (66 bytes)
Event: 127.934 Thread 0x0000028c1cda3240 nmethod 25613 0x0000028c6d1ce710 code [0x0000028c6d1ce8a0, 0x0000028c6d1cea58]
Event: 127.934 Thread 0x0000028c1cda3240 25652       4       com.sun.tools.javac.parser.UnicodeReader::isASCII (15 bytes)
Event: 127.935 Thread 0x0000028c1cda3240 nmethod 25652 0x0000028c6d1cec10 code [0x0000028c6d1ced80, 0x0000028c6d1cee18]
Event: 127.935 Thread 0x0000028c1cda3240 25704       4       com.sun.tools.javac.parser.UnicodeReader::acceptOneOf (19 bytes)
Event: 127.943 Thread 0x0000028c1cda3240 nmethod 25704 0x0000028c6d1cef10 code [0x0000028c6d1cf0e0, 0x0000028c6d1cf558]
Event: 127.943 Thread 0x0000028c1cda3240 25662       4       com.sun.tools.javac.parser.Scanner::token (30 bytes)

GC Heap History (20 events):
Event: 114.612 GC heap before
{Heap before GC invocations=44 (full 0):
 garbage-first heap   total 402432K, used 334422K [0x0000000080000000, 0x0000000100000000)
  region size 1024K, 99 young (101376K), 8 survivors (8192K)
 Metaspace       used 115962K, committed 117568K, reserved 557056K
  class space    used 15900K, committed 16640K, reserved 425984K
}
Event: 114.630 GC heap after
{Heap after GC invocations=45 (full 0):
 garbage-first heap   total 402432K, used 251241K [0x0000000080000000, 0x0000000100000000)
  region size 1024K, 13 young (13312K), 13 survivors (13312K)
 Metaspace       used 115962K, committed 117568K, reserved 557056K
  class space    used 15900K, committed 16640K, reserved 425984K
}
Event: 116.449 GC heap before
{Heap before GC invocations=45 (full 0):
 garbage-first heap   total 402432K, used 344425K [0x0000000080000000, 0x0000000100000000)
  region size 1024K, 94 young (96256K), 13 survivors (13312K)
 Metaspace       used 116251K, committed 117824K, reserved 557056K
  class space    used 15913K, committed 16640K, reserved 425984K
}
Event: 116.480 GC heap after
{Heap after GC invocations=46 (full 0):
 garbage-first heap   total 402432K, used 274627K [0x0000000080000000, 0x0000000100000000)
  region size 1024K, 12 young (12288K), 12 survivors (12288K)
 Metaspace       used 116251K, committed 117824K, reserved 557056K
  class space    used 15913K, committed 16640K, reserved 425984K
}
Event: 117.498 GC heap before
{Heap before GC invocations=46 (full 0):
 garbage-first heap   total 402432K, used 350403K [0x0000000080000000, 0x0000000100000000)
  region size 1024K, 70 young (71680K), 12 survivors (12288K)
 Metaspace       used 117583K, committed 119168K, reserved 557056K
  class space    used 16020K, committed 16768K, reserved 425984K
}
Event: 117.521 GC heap after
{Heap after GC invocations=47 (full 0):
 garbage-first heap   total 402432K, used 283055K [0x0000000080000000, 0x0000000100000000)
  region size 1024K, 8 young (8192K), 8 survivors (8192K)
 Metaspace       used 117583K, committed 119168K, reserved 557056K
  class space    used 16020K, committed 16768K, reserved 425984K
}
Event: 117.800 GC heap before
{Heap before GC invocations=47 (full 0):
 garbage-first heap   total 402432K, used 307631K [0x0000000080000000, 0x0000000100000000)
  region size 1024K, 34 young (34816K), 8 survivors (8192K)
 Metaspace       used 119182K, committed 120832K, reserved 557056K
  class space    used 16174K, committed 16896K, reserved 425984K
}
Event: 117.811 GC heap after
{Heap after GC invocations=48 (full 0):
 garbage-first heap   total 402432K, used 286541K [0x0000000080000000, 0x0000000100000000)
  region size 1024K, 4 young (4096K), 4 survivors (4096K)
 Metaspace       used 119182K, committed 120832K, reserved 557056K
  class space    used 16174K, committed 16896K, reserved 425984K
}
Event: 119.006 GC heap before
{Heap before GC invocations=49 (full 0):
 garbage-first heap   total 514048K, used 337741K [0x0000000080000000, 0x0000000100000000)
  region size 1024K, 56 young (57344K), 4 survivors (4096K)
 Metaspace       used 120036K, committed 121792K, reserved 557056K
  class space    used 16259K, committed 17088K, reserved 425984K
}
Event: 119.022 GC heap after
{Heap after GC invocations=50 (full 0):
 garbage-first heap   total 514048K, used 290555K [0x0000000080000000, 0x0000000100000000)
  region size 1024K, 7 young (7168K), 7 survivors (7168K)
 Metaspace       used 120036K, committed 121792K, reserved 557056K
  class space    used 16259K, committed 17088K, reserved 425984K
}
Event: 119.179 GC heap before
{Heap before GC invocations=50 (full 0):
 garbage-first heap   total 514048K, used 308987K [0x0000000080000000, 0x0000000100000000)
  region size 1024K, 25 young (25600K), 7 survivors (7168K)
 Metaspace       used 120092K, committed 121792K, reserved 557056K
  class space    used 16271K, committed 17088K, reserved 425984K
}
Event: 119.212 GC heap after
{Heap after GC invocations=51 (full 0):
 garbage-first heap   total 514048K, used 250815K [0x0000000080000000, 0x0000000100000000)
  region size 1024K, 3 young (3072K), 3 survivors (3072K)
 Metaspace       used 120092K, committed 121792K, reserved 557056K
  class space    used 16271K, committed 17088K, reserved 425984K
}
Event: 119.494 GC heap before
{Heap before GC invocations=51 (full 0):
 garbage-first heap   total 514048K, used 273343K [0x0000000080000000, 0x0000000100000000)
  region size 1024K, 25 young (25600K), 3 survivors (3072K)
 Metaspace       used 120249K, committed 121920K, reserved 557056K
  class space    used 16286K, committed 17088K, reserved 425984K
}
Event: 119.508 GC heap after
{Heap after GC invocations=52 (full 0):
 garbage-first heap   total 577536K, used 247510K [0x0000000080000000, 0x0000000100000000)
  region size 1024K, 1 young (1024K), 1 survivors (1024K)
 Metaspace       used 120249K, committed 121920K, reserved 557056K
  class space    used 16286K, committed 17088K, reserved 425984K
}
Event: 123.579 GC heap before
{Heap before GC invocations=52 (full 0):
 garbage-first heap   total 577536K, used 457430K [0x0000000080000000, 0x0000000100000000)
  region size 1024K, 201 young (205824K), 1 survivors (1024K)
 Metaspace       used 131219K, committed 132992K, reserved 557056K
  class space    used 17613K, committed 18432K, reserved 425984K
}
Event: 123.603 GC heap after
{Heap after GC invocations=53 (full 0):
 garbage-first heap   total 577536K, used 268515K [0x0000000080000000, 0x0000000100000000)
  region size 1024K, 18 young (18432K), 18 survivors (18432K)
 Metaspace       used 131219K, committed 132992K, reserved 557056K
  class space    used 17613K, committed 18432K, reserved 425984K
}
Event: 126.999 GC heap before
{Heap before GC invocations=54 (full 0):
 garbage-first heap   total 577536K, used 452835K [0x0000000080000000, 0x0000000100000000)
  region size 1024K, 203 young (207872K), 18 survivors (18432K)
 Metaspace       used 135832K, committed 137536K, reserved 557056K
  class space    used 18071K, committed 18880K, reserved 425984K
}
Event: 127.024 GC heap after
{Heap after GC invocations=55 (full 0):
 garbage-first heap   total 577536K, used 261507K [0x0000000080000000, 0x0000000100000000)
  region size 1024K, 14 young (14336K), 14 survivors (14336K)
 Metaspace       used 135832K, committed 137536K, reserved 557056K
  class space    used 18071K, committed 18880K, reserved 425984K
}
Event: 127.279 GC heap before
{Heap before GC invocations=55 (full 0):
 garbage-first heap   total 577536K, used 274819K [0x0000000080000000, 0x0000000100000000)
  region size 1024K, 28 young (28672K), 14 survivors (14336K)
 Metaspace       used 135872K, committed 137664K, reserved 557056K
  class space    used 18071K, committed 18944K, reserved 425984K
}
Event: 127.306 GC heap after
{Heap after GC invocations=56 (full 0):
 garbage-first heap   total 577536K, used 244148K [0x0000000080000000, 0x0000000100000000)
  region size 1024K, 2 young (2048K), 2 survivors (2048K)
 Metaspace       used 135872K, committed 137664K, reserved 557056K
  class space    used 18071K, committed 18944K, reserved 425984K
}

Dll operation events (15 events):
Event: 0.010 Loaded shared library C:\Program Files\Microsoft\jdk-17.0.13.11-hotspot\bin\java.dll
Event: 0.028 Loaded shared library C:\Program Files\Microsoft\jdk-17.0.13.11-hotspot\bin\jsvml.dll
Event: 0.092 Loaded shared library C:\Program Files\Microsoft\jdk-17.0.13.11-hotspot\bin\zip.dll
Event: 0.095 Loaded shared library C:\Program Files\Microsoft\jdk-17.0.13.11-hotspot\bin\instrument.dll
Event: 0.100 Loaded shared library C:\Program Files\Microsoft\jdk-17.0.13.11-hotspot\bin\net.dll
Event: 0.101 Loaded shared library C:\Program Files\Microsoft\jdk-17.0.13.11-hotspot\bin\nio.dll
Event: 0.103 Loaded shared library C:\Program Files\Microsoft\jdk-17.0.13.11-hotspot\bin\zip.dll
Event: 0.389 Loaded shared library C:\Program Files\Microsoft\jdk-17.0.13.11-hotspot\bin\jimage.dll
Event: 0.554 Loaded shared library C:\Program Files\Microsoft\jdk-17.0.13.11-hotspot\bin\verify.dll
Event: 0.724 Loaded shared library C:\Users\aliah\.gradle\native\c067742578af261105cb4f569cf0c3c89f3d7b1fecec35dd04571415982c5e48\windows-amd64\native-platform.dll
Event: 0.732 Loaded shared library C:\Users\aliah\.gradle\native\100fb08df4bc3b14c8652ba06237920a3bd2aa13389f12d3474272988ae205f9\windows-amd64\native-platform-file-events.dll
Event: 2.102 Loaded shared library C:\Program Files\Microsoft\jdk-17.0.13.11-hotspot\bin\management.dll
Event: 2.104 Loaded shared library C:\Program Files\Microsoft\jdk-17.0.13.11-hotspot\bin\management_ext.dll
Event: 2.323 Loaded shared library C:\Program Files\Microsoft\jdk-17.0.13.11-hotspot\bin\extnet.dll
Event: 2.658 Loaded shared library C:\Program Files\Microsoft\jdk-17.0.13.11-hotspot\bin\sunmscapi.dll

Deoptimization events (20 events):
Event: 127.795 Thread 0x0000028c1eff44e0 Uncommon trap: trap_request=0xffffffbe fr.pc=0x0000028c6d12c4b0 relative=0x0000000000000290
Event: 127.795 Thread 0x0000028c1eff44e0 Uncommon trap: reason=profile_predicate action=maybe_recompile pc=0x0000028c6d12c4b0 method=java.util.LinkedHashMap.valuesToArray([Ljava/lang/Object;)[Ljava/lang/Object; @ 10 c2
Event: 127.795 Thread 0x0000028c1eff44e0 DEOPT PACKING pc=0x0000028c6d12c4b0 sp=0x000000f5e82f83e0
Event: 127.795 Thread 0x0000028c1eff44e0 DEOPT UNPACKING pc=0x0000028c6be369a3 sp=0x000000f5e82f8390 mode 2
Event: 127.931 Thread 0x0000028c1eff44e0 Uncommon trap: trap_request=0xffffffd6 fr.pc=0x0000028c6d1ce550 relative=0x00000000000003b0
Event: 127.931 Thread 0x0000028c1eff44e0 Uncommon trap: reason=array_check action=maybe_recompile pc=0x0000028c6d1ce550 method=java.util.LinkedHashMap.valuesToArray([Ljava/lang/Object;)[Ljava/lang/Object; @ 25 c2
Event: 127.931 Thread 0x0000028c1eff44e0 DEOPT PACKING pc=0x0000028c6d1ce550 sp=0x000000f5e82f83d0
Event: 127.931 Thread 0x0000028c1eff44e0 DEOPT UNPACKING pc=0x0000028c6be369a3 sp=0x000000f5e82f8378 mode 2
Event: 127.934 Thread 0x0000028c1eff44e0 Uncommon trap: trap_request=0xffffffd6 fr.pc=0x0000028c6d1ce550 relative=0x00000000000003b0
Event: 127.934 Thread 0x0000028c1eff44e0 Uncommon trap: reason=array_check action=maybe_recompile pc=0x0000028c6d1ce550 method=java.util.LinkedHashMap.valuesToArray([Ljava/lang/Object;)[Ljava/lang/Object; @ 25 c2
Event: 127.934 Thread 0x0000028c1eff44e0 DEOPT PACKING pc=0x0000028c6d1ce550 sp=0x000000f5e82f83d0
Event: 127.934 Thread 0x0000028c1eff44e0 DEOPT UNPACKING pc=0x0000028c6be369a3 sp=0x000000f5e82f8378 mode 2
Event: 127.939 Thread 0x0000028c1eff44e0 Uncommon trap: trap_request=0xffffffd6 fr.pc=0x0000028c6d1ce550 relative=0x00000000000003b0
Event: 127.939 Thread 0x0000028c1eff44e0 Uncommon trap: reason=array_check action=maybe_recompile pc=0x0000028c6d1ce550 method=java.util.LinkedHashMap.valuesToArray([Ljava/lang/Object;)[Ljava/lang/Object; @ 25 c2
Event: 127.939 Thread 0x0000028c1eff44e0 DEOPT PACKING pc=0x0000028c6d1ce550 sp=0x000000f5e82f83d0
Event: 127.939 Thread 0x0000028c1eff44e0 DEOPT UNPACKING pc=0x0000028c6be369a3 sp=0x000000f5e82f8378 mode 2
Event: 127.944 Thread 0x0000028c1eff44e0 Uncommon trap: trap_request=0xffffffd6 fr.pc=0x0000028c6d1ce550 relative=0x00000000000003b0
Event: 127.944 Thread 0x0000028c1eff44e0 Uncommon trap: reason=array_check action=maybe_recompile pc=0x0000028c6d1ce550 method=java.util.LinkedHashMap.valuesToArray([Ljava/lang/Object;)[Ljava/lang/Object; @ 25 c2
Event: 127.944 Thread 0x0000028c1eff44e0 DEOPT PACKING pc=0x0000028c6d1ce550 sp=0x000000f5e82f83d0
Event: 127.944 Thread 0x0000028c1eff44e0 DEOPT UNPACKING pc=0x0000028c6be369a3 sp=0x000000f5e82f8378 mode 2

Classes loaded (20 events):
Event: 123.312 Loading class jdk/internal/access/JavaUtilCollectionAccess done
Event: 123.312 Loading class java/util/ImmutableCollections$Access$1 done
Event: 123.716 Loading class java/text/BreakIterator
Event: 123.717 Loading class java/text/BreakIterator done
Event: 123.778 Loading class java/util/function/ToIntBiFunction
Event: 123.778 Loading class java/util/function/ToIntBiFunction done
Event: 123.783 Loading class java/nio/file/Path$1
Event: 123.783 Loading class java/nio/file/Path$1 done
Event: 124.265 Loading class java/util/EnumMap$Values
Event: 124.266 Loading class java/util/EnumMap$Values done
Event: 124.266 Loading class java/util/EnumMap$ValueIterator
Event: 124.266 Loading class java/util/EnumMap$ValueIterator done
Event: 125.161 Loading class java/util/concurrent/Executors$DelegatedScheduledExecutorService
Event: 125.161 Loading class java/util/concurrent/Executors$DelegatedExecutorService
Event: 125.161 Loading class java/util/concurrent/Executors$DelegatedExecutorService done
Event: 125.161 Loading class java/util/concurrent/Executors$DelegatedScheduledExecutorService done
Event: 126.735 Loading class java/text/MessageFormat
Event: 126.736 Loading class java/text/MessageFormat done
Event: 126.788 Loading class java/io/CharArrayReader
Event: 126.788 Loading class java/io/CharArrayReader done

Classes unloaded (0 events):
No events

Classes redefined (0 events):
No events

Internal exceptions (20 events):
Event: 127.135 Thread 0x0000028c1eff6850 Exception <a 'sun/nio/fs/WindowsException'{0x00000000a296b6d8}> (0x00000000a296b6d8) 
thrown [s\src\hotspot\share\prims\jni.cpp, line 516]
Event: 127.135 Thread 0x0000028c1eff6850 Exception <a 'sun/nio/fs/WindowsException'{0x00000000a296c9f0}> (0x00000000a296c9f0) 
thrown [s\src\hotspot\share\prims\jni.cpp, line 516]
Event: 127.135 Thread 0x0000028c1eff6850 Exception <a 'sun/nio/fs/WindowsException'{0x00000000a296ca80}> (0x00000000a296ca80) 
thrown [s\src\hotspot\share\prims\jni.cpp, line 516]
Event: 127.136 Thread 0x0000028c1eff6850 Exception <a 'sun/nio/fs/WindowsException'{0x00000000a296d238}> (0x00000000a296d238) 
thrown [s\src\hotspot\share\prims\jni.cpp, line 516]
Event: 127.138 Thread 0x0000028c1c21a9f0 Exception <a 'sun/nio/fs/WindowsException'{0x00000000a2979380}> (0x00000000a2979380) 
thrown [s\src\hotspot\share\prims\jni.cpp, line 516]
Event: 127.138 Thread 0x0000028c1c21a9f0 Exception <a 'sun/nio/fs/WindowsException'{0x00000000a2979610}> (0x00000000a2979610) 
thrown [s\src\hotspot\share\prims\jni.cpp, line 516]
Event: 127.138 Thread 0x0000028c1c21a9f0 Exception <a 'sun/nio/fs/WindowsException'{0x00000000a29796d0}> (0x00000000a29796d0) 
thrown [s\src\hotspot\share\prims\jni.cpp, line 516]
Event: 127.138 Thread 0x0000028c1c21a9f0 Exception <a 'sun/nio/fs/WindowsException'{0x00000000a2979be0}> (0x00000000a2979be0) 
thrown [s\src\hotspot\share\prims\jni.cpp, line 516]
Event: 127.175 Thread 0x0000028c1eff3ac0 Exception <a 'sun/nio/fs/WindowsException'{0x00000000a2850c88}> (0x00000000a2850c88) 
thrown [s\src\hotspot\share\prims\jni.cpp, line 516]
Event: 127.175 Thread 0x0000028c1eff3ac0 Exception <a 'sun/nio/fs/WindowsException'{0x00000000a2851b98}> (0x00000000a2851b98) 
thrown [s\src\hotspot\share\prims\jni.cpp, line 516]
Event: 127.175 Thread 0x0000028c1eff3ac0 Exception <a 'sun/nio/fs/WindowsException'{0x00000000a2851c28}> (0x00000000a2851c28) 
thrown [s\src\hotspot\share\prims\jni.cpp, line 516]
Event: 127.175 Thread 0x0000028c1eff3ac0 Exception <a 'sun/nio/fs/WindowsException'{0x00000000a2852168}> (0x00000000a2852168) 
thrown [s\src\hotspot\share\prims\jni.cpp, line 516]
Event: 127.176 Thread 0x0000028c1c213580 Exception <a 'sun/nio/fs/WindowsException'{0x00000000a29827d0}> (0x00000000a29827d0) 
thrown [s\src\hotspot\share\prims\jni.cpp, line 516]
Event: 127.190 Thread 0x0000028c1eff6850 Exception <a 'sun/nio/fs/WindowsException'{0x00000000a28d6fa8}> (0x00000000a28d6fa8) 
thrown [s\src\hotspot\share\prims\jni.cpp, line 516]
Event: 127.190 Thread 0x0000028c1eff6850 Exception <a 'sun/nio/fs/WindowsException'{0x00000000a28d8180}> (0x00000000a28d8180) 
thrown [s\src\hotspot\share\prims\jni.cpp, line 516]
Event: 127.190 Thread 0x0000028c1eff6850 Exception <a 'sun/nio/fs/WindowsException'{0x00000000a28d8210}> (0x00000000a28d8210) 
thrown [s\src\hotspot\share\prims\jni.cpp, line 516]
Event: 127.191 Thread 0x0000028c1eff6850 Exception <a 'sun/nio/fs/WindowsException'{0x00000000a28d8530}> (0x00000000a28d8530) 
thrown [s\src\hotspot\share\prims\jni.cpp, line 516]
Event: 127.191 Thread 0x0000028c211d1820 Exception <a 'sun/nio/fs/WindowsException'{0x00000000a299e338}> (0x00000000a299e338) 
thrown [s\src\hotspot\share\prims\jni.cpp, line 516]
Event: 127.759 Thread 0x0000028c1eff44e0 Exception <a 'sun/nio/fs/WindowsException'{0x00000000a2310d98}> (0x00000000a2310d98) 
thrown [s\src\hotspot\share\prims\jni.cpp, line 516]
Event: 127.759 Thread 0x0000028c1eff44e0 Exception <a 'sun/nio/fs/WindowsException'{0x00000000a23112a0}> (0x00000000a23112a0) 
thrown [s\src\hotspot\share\prims\jni.cpp, line 516]

VM Operations (20 events):
Event: 125.383 Executing VM operation: HandshakeAllThreads
Event: 125.383 Executing VM operation: HandshakeAllThreads done
Event: 125.873 Executing VM operation: ICBufferFull
Event: 125.873 Executing VM operation: ICBufferFull done
Event: 126.072 Executing VM operation: ICBufferFull
Event: 126.072 Executing VM operation: ICBufferFull done
Event: 126.258 Executing VM operation: ICBufferFull
Event: 126.259 Executing VM operation: ICBufferFull done
Event: 126.310 Executing VM operation: HandshakeAllThreads
Event: 126.311 Executing VM operation: HandshakeAllThreads done
Event: 126.379 Executing VM operation: ICBufferFull
Event: 126.379 Executing VM operation: ICBufferFull done
Event: 126.471 Executing VM operation: ICBufferFull
Event: 126.471 Executing VM operation: ICBufferFull done
Event: 126.629 Executing VM operation: ICBufferFull
Event: 126.629 Executing VM operation: ICBufferFull done
Event: 126.999 Executing VM operation: G1CollectForAllocation
Event: 127.025 Executing VM operation: G1CollectForAllocation done
Event: 127.279 Executing VM operation: G1CollectForAllocation
Event: 127.306 Executing VM operation: G1CollectForAllocation done

Memory protections (0 events):
No events

Nmethod flushes (20 events):
Event: 122.458 Thread 0x0000028c7a999590 flushing  nmethod 0x0000028c66d56c90
Event: 122.459 Thread 0x0000028c7a999590 flushing  nmethod 0x0000028c66d79e10
Event: 122.459 Thread 0x0000028c7a999590 flushing  nmethod 0x0000028c66d7a890
Event: 122.459 Thread 0x0000028c7a999590 flushing  nmethod 0x0000028c66d7d890
Event: 122.459 Thread 0x0000028c7a999590 flushing  nmethod 0x0000028c66d7e110
Event: 122.459 Thread 0x0000028c7a999590 flushing  nmethod 0x0000028c66da7b90
Event: 126.312 Thread 0x0000028c7a999590 flushing  nmethod 0x0000028c6c626510
Event: 126.317 Thread 0x0000028c7a999590 flushing  nmethod 0x0000028c6ce2d210
Event: 126.321 Thread 0x0000028c7a999590 flushing  nmethod 0x0000028c64c46090
Event: 126.321 Thread 0x0000028c7a999590 flushing  nmethod 0x0000028c64c80810
Event: 126.330 Thread 0x0000028c7a999590 flushing  nmethod 0x0000028c65696c90
Event: 126.331 Thread 0x0000028c7a999590 flushing  nmethod 0x0000028c6589fd10
Event: 126.331 Thread 0x0000028c7a999590 flushing  nmethod 0x0000028c658d7c90
Event: 126.331 Thread 0x0000028c7a999590 flushing  nmethod 0x0000028c658d8190
Event: 126.331 Thread 0x0000028c7a999590 flushing  nmethod 0x0000028c658dcb90
Event: 126.333 Thread 0x0000028c7a999590 flushing  nmethod 0x0000028c65aa9690
Event: 126.333 Thread 0x0000028c7a999590 flushing  nmethod 0x0000028c65ad5090
Event: 126.333 Thread 0x0000028c7a999590 flushing  nmethod 0x0000028c65af6790
Event: 126.338 Thread 0x0000028c7a999590 flushing  nmethod 0x0000028c660e5a10
Event: 126.344 Thread 0x0000028c7a999590 flushing  nmethod 0x0000028c66783510

Events (20 events):
Event: 109.198 Thread 0x0000028c1eff6d60 Thread added: 0x0000028c1c213580
Event: 109.606 Thread 0x0000028c1cdaa1d0 Thread exited: 0x0000028c1cdaa1d0
Event: 109.988 Thread 0x0000028c7a97d210 Thread added: 0x0000028c1cda7200
Event: 110.369 Thread 0x0000028c1cda7200 Thread exited: 0x0000028c1cda7200
Event: 110.753 Thread 0x0000028c7a980160 Thread added: 0x0000028c1cda6760
Event: 121.651 Thread 0x0000028c1c21a9f0 Thread added: 0x0000028c211d1820
Event: 122.042 Thread 0x0000028c1eff6d60 Thread added: 0x0000028c211d91a0
Event: 122.747 Thread 0x0000028c1cda6760 Thread exited: 0x0000028c1cda6760
Event: 122.883 Thread 0x0000028c7a980160 Thread added: 0x0000028c1cda3240
Event: 123.763 Thread 0x0000028c1c213070 Thread exited: 0x0000028c1c213070
Event: 124.349 Thread 0x0000028c1eff6d60 Thread added: 0x0000028c211d40a0
Event: 124.350 Thread 0x0000028c1eff6d60 Thread added: 0x0000028c211d45b0
Event: 124.350 Thread 0x0000028c1eff6d60 Thread added: 0x0000028c211d3b90
Event: 125.163 Thread 0x0000028c1c21a4e0 Thread added: 0x0000028c211d3680
Event: 125.172 Thread 0x0000028c1c21a4e0 Thread added: 0x0000028c211d7850
Event: 125.172 Thread 0x0000028c1c21a4e0 Thread added: 0x0000028c211d3170
Event: 126.908 Thread 0x0000028c1eff3ac0 Thread added: 0x0000028c211d59f0
Event: 126.909 Thread 0x0000028c1cda3240 Thread exited: 0x0000028c1cda3240
Event: 126.991 Thread 0x0000028c1eff3ac0 Thread added: 0x0000028c211d6e30
Event: 126.993 Thread 0x0000028c7a980160 Thread added: 0x0000028c1cda3240


Dynamic libraries:
0x00007ff71eda0000 - 0x00007ff71edae000 	C:\Program Files\Microsoft\jdk-17.0.13.11-hotspot\bin\java.exe
0x00007ffd1f0d0000 - 0x00007ffd1f2c8000 	C:\WINDOWS\SYSTEM32\ntdll.dll
0x00007ffd1dd80000 - 0x00007ffd1de42000 	C:\WINDOWS\System32\KERNEL32.DLL
0x00007ffd1c840000 - 0x00007ffd1cb3e000 	C:\WINDOWS\System32\KERNELBASE.dll
0x00007ffd1cc80000 - 0x00007ffd1cd80000 	C:\WINDOWS\System32\ucrtbase.dll
0x00007ffd11060000 - 0x00007ffd11077000 	C:\Program Files\Microsoft\jdk-17.0.13.11-hotspot\bin\jli.dll
0x00007ffd06140000 - 0x00007ffd0615d000 	C:\Program Files\Microsoft\jdk-17.0.13.11-hotspot\bin\VCRUNTIME140.dll
0x00007ffd1e690000 - 0x00007ffd1e82d000 	C:\WINDOWS\System32\USER32.dll
0x00007ffd1c810000 - 0x00007ffd1c832000 	C:\WINDOWS\System32\win32u.dll
0x00007ffd01fe0000 - 0x00007ffd0227a000 	C:\WINDOWS\WinSxS\amd64_microsoft.windows.common-controls_6595b64144ccf1df_6.0.19041.4355_none_60b8b9eb71f62e16\COMCTL32.dll
0x00007ffd1e1b0000 - 0x00007ffd1e1db000 	C:\WINDOWS\System32\GDI32.dll
0x00007ffd1d870000 - 0x00007ffd1d90e000 	C:\WINDOWS\System32\msvcrt.dll
0x00007ffd1cee0000 - 0x00007ffd1cff7000 	C:\WINDOWS\System32\gdi32full.dll
0x00007ffd1d050000 - 0x00007ffd1d0ed000 	C:\WINDOWS\System32\msvcp_win.dll
0x00007ffd1de50000 - 0x00007ffd1de7f000 	C:\WINDOWS\System32\IMM32.DLL
0x00007ffd13af0000 - 0x00007ffd13afc000 	C:\Program Files\Microsoft\jdk-17.0.13.11-hotspot\bin\vcruntime140_1.dll
0x00007ffceff00000 - 0x00007ffceff8d000 	C:\Program Files\Microsoft\jdk-17.0.13.11-hotspot\bin\msvcp140.dll
0x00007ffcd1120000 - 0x00007ffcd1d91000 	C:\Program Files\Microsoft\jdk-17.0.13.11-hotspot\bin\server\jvm.dll
0x00007ffd1e090000 - 0x00007ffd1e141000 	C:\WINDOWS\System32\ADVAPI32.dll
0x00007ffd1ef90000 - 0x00007ffd1f02f000 	C:\WINDOWS\System32\sechost.dll
0x00007ffd1e430000 - 0x00007ffd1e553000 	C:\WINDOWS\System32\RPCRT4.dll
0x00007ffd1c7e0000 - 0x00007ffd1c807000 	C:\WINDOWS\System32\bcrypt.dll
0x00007ffd1e830000 - 0x00007ffd1e89b000 	C:\WINDOWS\System32\WS2_32.dll
0x00007ffd1bcb0000 - 0x00007ffd1bcfb000 	C:\WINDOWS\SYSTEM32\POWRPROF.dll
0x00007ffd0f560000 - 0x00007ffd0f56a000 	C:\WINDOWS\SYSTEM32\VERSION.dll
0x00007ffd062e0000 - 0x00007ffd06307000 	C:\WINDOWS\SYSTEM32\WINMM.dll
0x00007ffd1bb70000 - 0x00007ffd1bb82000 	C:\WINDOWS\SYSTEM32\UMPDC.dll
0x00007ffd1afe0000 - 0x00007ffd1aff2000 	C:\WINDOWS\SYSTEM32\kernel.appcore.dll
0x00007ffd11a10000 - 0x00007ffd11a1a000 	C:\Program Files\Microsoft\jdk-17.0.13.11-hotspot\bin\jimage.dll
0x00007ffd193a0000 - 0x00007ffd19584000 	C:\WINDOWS\SYSTEM32\DBGHELP.DLL
0x00007ffcfea80000 - 0x00007ffcfeab4000 	C:\WINDOWS\SYSTEM32\dbgcore.DLL
0x00007ffd1cb40000 - 0x00007ffd1cbc2000 	C:\WINDOWS\System32\bcryptPrimitives.dll
0x00007ffd171d0000 - 0x00007ffd171de000 	C:\Program Files\Microsoft\jdk-17.0.13.11-hotspot\bin\instrument.dll
0x00007ffcfee00000 - 0x00007ffcfee25000 	C:\Program Files\Microsoft\jdk-17.0.13.11-hotspot\bin\java.dll
0x00007ffceec00000 - 0x00007ffceecd7000 	C:\Program Files\Microsoft\jdk-17.0.13.11-hotspot\bin\jsvml.dll
0x00007ffd1d0f0000 - 0x00007ffd1d85d000 	C:\WINDOWS\System32\SHELL32.dll
0x00007ffd1a7a0000 - 0x00007ffd1af44000 	C:\WINDOWS\SYSTEM32\windows.storage.dll
0x00007ffd1eae0000 - 0x00007ffd1ee33000 	C:\WINDOWS\System32\combase.dll
0x00007ffd1c1a0000 - 0x00007ffd1c1ce000 	C:\WINDOWS\SYSTEM32\Wldp.dll
0x00007ffd1eec0000 - 0x00007ffd1ef8d000 	C:\WINDOWS\System32\OLEAUT32.dll
0x00007ffd1e900000 - 0x00007ffd1e9ad000 	C:\WINDOWS\System32\SHCORE.dll
0x00007ffd1e150000 - 0x00007ffd1e1a5000 	C:\WINDOWS\System32\shlwapi.dll
0x00007ffd1c6a0000 - 0x00007ffd1c6c4000 	C:\WINDOWS\SYSTEM32\profapi.dll
0x00007ffcff6f0000 - 0x00007ffcff708000 	C:\Program Files\Microsoft\jdk-17.0.13.11-hotspot\bin\zip.dll
0x00007ffd04bc0000 - 0x00007ffd04bda000 	C:\Program Files\Microsoft\jdk-17.0.13.11-hotspot\bin\net.dll
0x00007ffd19ad0000 - 0x00007ffd19bdd000 	C:\WINDOWS\SYSTEM32\WINHTTP.dll
0x00007ffd1bf00000 - 0x00007ffd1bf6a000 	C:\WINDOWS\system32\mswsock.dll
0x00007ffd029f0000 - 0x00007ffd02a06000 	C:\Program Files\Microsoft\jdk-17.0.13.11-hotspot\bin\nio.dll
0x00007ffd17f00000 - 0x00007ffd17f10000 	C:\Program Files\Microsoft\jdk-17.0.13.11-hotspot\bin\verify.dll
0x00007ffd16ff0000 - 0x00007ffd17017000 	C:\Users\aliah\.gradle\native\c067742578af261105cb4f569cf0c3c89f3d7b1fecec35dd04571415982c5e48\windows-amd64\native-platform.dll
0x00007ffce39a0000 - 0x00007ffce3ae4000 	C:\Users\aliah\.gradle\native\100fb08df4bc3b14c8652ba06237920a3bd2aa13389f12d3474272988ae205f9\windows-amd64\native-platform-file-events.dll
0x00007ffd10db0000 - 0x00007ffd10dba000 	C:\Program Files\Microsoft\jdk-17.0.13.11-hotspot\bin\management.dll
0x00007ffd10cf0000 - 0x00007ffd10cfb000 	C:\Program Files\Microsoft\jdk-17.0.13.11-hotspot\bin\management_ext.dll
0x00007ffd1d860000 - 0x00007ffd1d868000 	C:\WINDOWS\System32\PSAPI.DLL
0x00007ffd1c0f0000 - 0x00007ffd1c108000 	C:\WINDOWS\SYSTEM32\CRYPTSP.dll
0x00007ffd1b7b0000 - 0x00007ffd1b7e4000 	C:\WINDOWS\system32\rsaenh.dll
0x00007ffd1c660000 - 0x00007ffd1c68e000 	C:\WINDOWS\SYSTEM32\USERENV.dll
0x00007ffd1c110000 - 0x00007ffd1c11c000 	C:\WINDOWS\SYSTEM32\CRYPTBASE.dll
0x00007ffd1bb90000 - 0x00007ffd1bbcb000 	C:\WINDOWS\SYSTEM32\IPHLPAPI.DLL
0x00007ffd1e680000 - 0x00007ffd1e688000 	C:\WINDOWS\System32\NSI.dll
0x00007ffd13500000 - 0x00007ffd13517000 	C:\WINDOWS\SYSTEM32\dhcpcsvc6.DLL
0x00007ffd136b0000 - 0x00007ffd136cd000 	C:\WINDOWS\SYSTEM32\dhcpcsvc.DLL
0x00007ffd1bbd0000 - 0x00007ffd1bc9a000 	C:\WINDOWS\SYSTEM32\DNSAPI.dll
0x00007ffd05d80000 - 0x00007ffd05d89000 	C:\Program Files\Microsoft\jdk-17.0.13.11-hotspot\bin\extnet.dll
0x00007ffd08530000 - 0x00007ffd0853e000 	C:\Program Files\Microsoft\jdk-17.0.13.11-hotspot\bin\sunmscapi.dll
0x00007ffd1cd80000 - 0x00007ffd1cedc000 	C:\WINDOWS\System32\CRYPT32.dll
0x00007ffd1c210000 - 0x00007ffd1c237000 	C:\WINDOWS\SYSTEM32\ncrypt.dll
0x00007ffd1c1d0000 - 0x00007ffd1c20b000 	C:\WINDOWS\SYSTEM32\NTASN1.dll
0x00007ffd00d00000 - 0x00007ffd00d07000 	C:\WINDOWS\system32\wshunix.dll
0x00007ffd01930000 - 0x00007ffd01947000 	C:\WINDOWS\system32\napinsp.dll
0x00007ffd024a0000 - 0x00007ffd024bb000 	C:\WINDOWS\system32\pnrpnsp.dll
0x00007ffd16ab0000 - 0x00007ffd16ac5000 	C:\WINDOWS\system32\wshbth.dll
0x00007ffd17340000 - 0x00007ffd1735d000 	C:\WINDOWS\system32\NLAapi.dll
0x00007ffd02910000 - 0x00007ffd02922000 	C:\WINDOWS\System32\winrnr.dll
0x000000005ece0000 - 0x000000005ed06000 	C:\Program Files\Bonjour\mdnsNSP.dll
0x00007ffd0a860000 - 0x00007ffd0a86a000 	C:\Windows\System32\rasadhlp.dll
0x00007ffd0e990000 - 0x00007ffd0ea10000 	C:\WINDOWS\System32\fwpuclnt.dll
0x00007ffd1ba00000 - 0x00007ffd1ba33000 	C:\WINDOWS\SYSTEM32\ntmarta.dll

dbghelp: loaded successfully - version: 4.0.5 - missing functions: none
symbol engine: initialized successfully - sym options: 0x614 - pdb path: .;C:\Program Files\Microsoft\jdk-17.0.13.11-hotspot\bin;C:\WINDOWS\SYSTEM32;C:\WINDOWS\WinSxS\amd64_microsoft.windows.common-controls_6595b64144ccf1df_6.0.19041.4355_none_60b8b9eb71f62e16;C:\Program Files\Microsoft\jdk-17.0.13.11-hotspot\bin\server;C:\Users\aliah\.gradle\native\c067742578af261105cb4f569cf0c3c89f3d7b1fecec35dd04571415982c5e48\windows-amd64;C:\Users\aliah\.gradle\native\100fb08df4bc3b14c8652ba06237920a3bd2aa13389f12d3474272988ae205f9\windows-amd64;C:\Program Files\Bonjour

VM Arguments:
jvm_args: --add-opens=java.base/java.lang=ALL-UNNAMED --add-opens=java.base/java.lang.invoke=ALL-UNNAMED --add-opens=java.base/java.util=ALL-UNNAMED --add-opens=java.prefs/java.util.prefs=ALL-UNNAMED --add-exports=jdk.compiler/com.sun.tools.javac.api=ALL-UNNAMED --add-exports=jdk.compiler/com.sun.tools.javac.util=ALL-UNNAMED --add-opens=java.base/java.util=ALL-UNNAMED --add-opens=java.prefs/java.util.prefs=ALL-UNNAMED --add-opens=java.base/java.nio.charset=ALL-UNNAMED --add-opens=java.base/java.net=ALL-UNNAMED --add-opens=java.base/java.util.concurrent.atomic=ALL-UNNAMED --add-opens=java.xml/javax.xml.namespace=ALL-UNNAMED -XX:MaxMetaspaceSize=512m -Xmx2048m -Dfile.encoding=windows-1252 -Duser.country=US -Duser.language=en -Duser.variant -javaagent:C:\Users\aliah\.gradle\wrapper\dists\gradle-8.11.1-bin\bpt9gzteqjrbo1mjrsomdt32c\gradle-8.11.1\lib\agents\gradle-instrumentation-agent-8.11.1.jar 
java_command: org.gradle.launcher.daemon.bootstrap.GradleDaemon 8.11.1
java_class_path (initial): C:\Users\aliah\.gradle\wrapper\dists\gradle-8.11.1-bin\bpt9gzteqjrbo1mjrsomdt32c\gradle-8.11.1\lib\gradle-daemon-main-8.11.1.jar
Launcher Type: SUN_STANDARD

[Global flags]
     intx CICompilerCount                          = 3                                         {product} {ergonomic}
   size_t CompressedClassSpaceSize                 = 436207616                                 {product} {ergonomic}
     uint ConcGCThreads                            = 1                                         {product} {ergonomic}
     uint G1ConcRefinementThreads                  = 4                                         {product} {ergonomic}
   size_t G1HeapRegionSize                         = 1048576                                   {product} {ergonomic}
    uintx GCDrainStackTargetSize                   = 64                                        {product} {ergonomic}
   size_t InitialHeapSize                          = 132120576                                 {product} {ergonomic}
   size_t MarkStackSize                            = 4194304                                   {product} {ergonomic}
   size_t MaxHeapSize                              = 2147483648                                {product} {command line}
   size_t MaxMetaspaceSize                         = 536870912                                 {product} {command line}
   size_t MaxNewSize                               = 1287651328                                {product} {ergonomic}
   size_t MinHeapDeltaBytes                        = 1048576                                   {product} {ergonomic}
   size_t MinHeapSize                              = 8388608                                   {product} {ergonomic}
    uintx NonNMethodCodeHeapSize                   = 5832780                                {pd product} {ergonomic}
    uintx NonProfiledCodeHeapSize                  = 122912730                              {pd product} {ergonomic}
    uintx ProfiledCodeHeapSize                     = 122912730                              {pd product} {ergonomic}
    uintx ReservedCodeCacheSize                    = 251658240                              {pd product} {ergonomic}
     bool SegmentedCodeCache                       = true                                      {product} {ergonomic}
   size_t SoftMaxHeapSize                          = 2147483648                             {manageable} {ergonomic}
     bool UseCompressedClassPointers               = true                           {product lp64_product} {ergonomic}
     bool UseCompressedOops                        = true                           {product lp64_product} {ergonomic}
     bool UseG1GC                                  = true                                      {product} {ergonomic}
     bool UseLargePagesIndividualAllocation        = false                                  {pd product} {ergonomic}

Logging:
Log output configuration:
 #0: stdout all=warning uptime,level,tags
 #1: stderr all=off uptime,level,tags

Environment Variables:
JAVA_HOME=C:\Program Files\Microsoft\jdk-17.0.13.11-hotspot\
CLASSPATH=D:\React Native\MyProject\android\\gradle\wrapper\gradle-wrapper.jar
PATH=C:\Program Files\Microsoft\jdk-17.0.13.11-hotspot\bin;C:\WINDOWS\system32;C:\WINDOWS;C:\WINDOWS\System32\Wbem;C:\WINDOWS\System32\WindowsPowerShell\v1.0\;C:\WINDOWS\System32\OpenSSH\;C:\Program Files\nodejs\;C:\Program Files\Git\cmd;C:\Users\aliah\AppData\Local\Android\Sdk\emulator;C:\Users\aliah\AppData\Local\Android\Sdk;C:\Users\aliah\AppData\Local\Android\Sdk\platform-tools;C:\ProgramData\chocolatey\bin;D:\React Native\MyProject\android\gradle-8.11.1\bin;C:\Users\aliah\AppData\Local\Microsoft\WindowsApps;C:\Users\aliah\AppData\Local\Programs\Microsoft VS Code\bin;C:\Users\aliah\AppData\Roaming\npm;C:\Program Files\Microsoft\jdk-17.0.13.11-hotspot\bin;D:\React Native\MyProject\android\gradle-8.11.1\bin;
USERNAME=aliah
OS=Windows_NT
PROCESSOR_IDENTIFIER=Intel64 Family 6 Model 142 Stepping 9, GenuineIntel
TMP=C:\Users\aliah\AppData\Local\Temp
TEMP=C:\Users\aliah\AppData\Local\Temp



Periodic native trim disabled


---------------  S Y S T E M  ---------------

OS:
 Windows 10 , 64 bit Build 19041 (10.0.19041.5198)
OS uptime: 8 days 10:18 hours

CPU: total 4 (initial active 4) (2 cores per cpu, 2 threads per core) family 6 model 142 stepping 9 microcode 0xf0, cx8, cmov, fxsr, ht, mmx, 3dnowpref, sse, sse2, sse3, ssse3, sse4.1, sse4.2, popcnt, lzcnt, tsc, tscinvbit, avx, avx2, aes, erms, clmul, bmi1, bmi2, adx, fma, vzeroupper, clflush, clflushopt
Processor Information for the first 4 processors :
  Max Mhz: 2904, Current Mhz: 2703, Mhz Limit: 2700

Memory: 4k page, system-wide physical 8042M (500M free)
TotalPageFile size 12138M (AvailPageFile size 1M)
current process WorkingSet (physical memory assigned to process): 966M, peak: 969M
current process commit charge ("private bytes"): 996M, peak: 999M

vm_info: OpenJDK 64-Bit Server VM (17.0.13+11-LTS) for windows-amd64 JRE (17.0.13+11-LTS), built on Oct 11 2024 23:25:05 by "MicrosoftCorporation" with unknown MS VC++:1939

END.
