#
# There is insufficient memory for the Java Runtime Environment to continue.
# Native memory allocation (malloc) failed to allocate 1582080 bytes. Error detail: Chunk::new
# Possible reasons:
#   The system is out of physical RAM or swap space
#   This process is running with CompressedOops enabled, and the Java Heap may be blocking the growth of the native heap
# Possible solutions:
#   Reduce memory load on the system
#   Increase physical memory or swap space
#   Check if swap backing store is full
#   Decrease Java heap size (-Xmx/-Xms)
#   Decrease number of Java threads
#   Decrease Java thread stack sizes (-Xss)
#   Set larger code cache with -XX:ReservedCodeCacheSize=
#   JVM is running with Unscaled Compressed Oops mode in which the Java heap is
#     placed in the first 4GB address space. The Java Heap base address is the
#     maximum limit for the native heap growth. Please use -XX:HeapBaseMinAddress
#     to set the Java Heap base and to place the Java Heap above 4GB virtual address.
# This output file may be truncated or incomplete.
#
#  Out of Memory Error (arena.cpp:191), pid=10776, tid=16572
#
# JRE version: OpenJDK Runtime Environment Microsoft-10376486 (17.0.13+11) (build 17.0.13+11-LTS)
# Java VM: OpenJDK 64-Bit Server VM Microsoft-10376486 (17.0.13+11-LTS, mixed mode, sharing, tiered, compressed oops, compressed class ptrs, g1 gc, windows-amd64)
# No core dump will be written. Minidumps are not enabled by default on client versions of Windows
#

---------------  S U M M A R Y ------------

Command Line: --add-opens=java.base/java.lang=ALL-UNNAMED --add-opens=java.base/java.lang.invoke=ALL-UNNAMED --add-opens=java.base/java.util=ALL-UNNAMED --add-opens=java.prefs/java.util.prefs=ALL-UNNAMED --add-exports=jdk.compiler/com.sun.tools.javac.api=ALL-UNNAMED --add-exports=jdk.compiler/com.sun.tools.javac.util=ALL-UNNAMED --add-opens=java.base/java.util=ALL-UNNAMED --add-opens=java.prefs/java.util.prefs=ALL-UNNAMED --add-opens=java.base/java.nio.charset=ALL-UNNAMED --add-opens=java.base/java.net=ALL-UNNAMED --add-opens=java.base/java.util.concurrent.atomic=ALL-UNNAMED --add-opens=java.xml/javax.xml.namespace=ALL-UNNAMED -XX:MaxMetaspaceSize=512m -Xmx2048m -Dfile.encoding=windows-1252 -Duser.country=US -Duser.language=en -Duser.variant -javaagent:C:\Users\aliah\.gradle\wrapper\dists\gradle-8.11.1-bin\bpt9gzteqjrbo1mjrsomdt32c\gradle-8.11.1\lib\agents\gradle-instrumentation-agent-8.11.1.jar org.gradle.launcher.daemon.bootstrap.GradleDaemon 8.11.1

Host: Intel(R) Core(TM) i7-7500U CPU @ 2.70GHz, 4 cores, 7G,  Windows 10 , 64 bit Build 19041 (10.0.19041.5198)
Time: Sun Jan 26 18:18:15 2025 Pakistan Standard Time elapsed time: 2501.628152 seconds (0d 0h 41m 41s)

---------------  T H R E A D  ---------------

Current thread (0x000002bf5be2fe40):  JavaThread "C2 CompilerThread0" daemon [_thread_in_native, id=16572, stack(0x000000fff2800000,0x000000fff2900000)]


Current CompileTask:
C2:2501628 20343       4       org.gradle.api.internal.artifacts.ivyservice.resolveengine.graph.builder.NodeState::isExcluded (95 bytes)

Stack: [0x000000fff2800000,0x000000fff2900000]
Native frames: (J=compiled Java code, j=interpreted, Vv=VM code, C=native code)
V  [jvm.dll+0x687fc9]
V  [jvm.dll+0x83eeb8]
V  [jvm.dll+0x840963]
V  [jvm.dll+0x840fd3]
V  [jvm.dll+0x24951f]
V  [jvm.dll+0xad0c4]
V  [jvm.dll+0xad75c]
V  [jvm.dll+0x36aafe]
V  [jvm.dll+0x335153]
V  [jvm.dll+0x3345ea]
V  [jvm.dll+0x21a748]
V  [jvm.dll+0x219b7f]
V  [jvm.dll+0x1a5506]
V  [jvm.dll+0x22a1ca]
V  [jvm.dll+0x22830b]
V  [jvm.dll+0x7f4708]
V  [jvm.dll+0x7eea6c]
V  [jvm.dll+0x686ea7]
C  [ucrtbase.dll+0x21bb2]
C  [KERNEL32.DLL+0x17374]
C  [ntdll.dll+0x4cc91]


---------------  P R O C E S S  ---------------

Threads class SMR info:
_java_thread_list=0x000002bf06decbc0, length=46, elements={
0x000002bf3e223b80, 0x000002bf5be06210, 0x000002bf5be06fa0, 0x000002bf5be21f10,
0x000002bf5be25900, 0x000002bf5be265e0, 0x000002bf5be2a940, 0x000002bf5be2fe40,
0x000002bf5be33d00, 0x000002bf5be36620, 0x000002bf5be276a0, 0x000002bf5be2ae50,
0x000002bf5be28ff0, 0x000002bf5be27bb0, 0x000002bf5be285d0, 0x000002bf7cc71180,
0x000002bf7cc70250, 0x000002bf7cc725c0, 0x000002bf7cc70760, 0x000002bf7cc6e900,
0x000002bf7cc6c080, 0x000002bf7cc720b0, 0x000002bf5be28ae0, 0x000002bf7e7798f0,
0x000002bf7e777fa0, 0x000002bf7e773dd0, 0x000002bf7e777070, 0x000002bf5be29500,
0x000002bf7c1ed780, 0x000002bf7c1ebe30, 0x000002bf7c1ecd60, 0x000002bf7c1ee6b0,
0x000002bf7c1eebc0, 0x000002bf7c1e95b0, 0x000002bf7c1ec340, 0x000002bf7c1e90a0,
0x000002bf7c1f0a20, 0x000002bf017bd620, 0x000002bf7c1f0000, 0x000002bf7c1e9ac0,
0x000002bf7c1ed270, 0x000002bf7c1ec850, 0x000002bf7c1edc90, 0x000002bf7c1ea4e0,
0x000002bf7c1ee1a0, 0x000002bf7c1ef0d0
}

Java Threads: ( => current thread )
  0x000002bf3e223b80 JavaThread "main" [_thread_blocked, id=14928, stack(0x000000fff1b00000,0x000000fff1c00000)]
  0x000002bf5be06210 JavaThread "Reference Handler" daemon [_thread_blocked, id=11088, stack(0x000000fff2200000,0x000000fff2300000)]
  0x000002bf5be06fa0 JavaThread "Finalizer" daemon [_thread_blocked, id=2104, stack(0x000000fff2300000,0x000000fff2400000)]
  0x000002bf5be21f10 JavaThread "Signal Dispatcher" daemon [_thread_blocked, id=16548, stack(0x000000fff2400000,0x000000fff2500000)]
  0x000002bf5be25900 JavaThread "Attach Listener" daemon [_thread_blocked, id=2576, stack(0x000000fff2500000,0x000000fff2600000)]
  0x000002bf5be265e0 JavaThread "Service Thread" daemon [_thread_blocked, id=2156, stack(0x000000fff2600000,0x000000fff2700000)]
  0x000002bf5be2a940 JavaThread "Monitor Deflation Thread" daemon [_thread_blocked, id=12228, stack(0x000000fff2700000,0x000000fff2800000)]
=>0x000002bf5be2fe40 JavaThread "C2 CompilerThread0" daemon [_thread_in_native, id=16572, stack(0x000000fff2800000,0x000000fff2900000)]
  0x000002bf5be33d00 JavaThread "C1 CompilerThread0" daemon [_thread_blocked, id=18392, stack(0x000000fff2900000,0x000000fff2a00000)]
  0x000002bf5be36620 JavaThread "Sweeper thread" daemon [_thread_blocked, id=9664, stack(0x000000fff2a00000,0x000000fff2b00000)]
  0x000002bf5be276a0 JavaThread "Common-Cleaner" daemon [_thread_blocked, id=1036, stack(0x000000fff2b00000,0x000000fff2c00000)]
  0x000002bf5be2ae50 JavaThread "Notification Thread" daemon [_thread_blocked, id=17332, stack(0x000000fff2c00000,0x000000fff2d00000)]
  0x000002bf5be28ff0 JavaThread "Daemon health stats" [_thread_blocked, id=8148, stack(0x000000fff3300000,0x000000fff3400000)]
  0x000002bf5be27bb0 JavaThread "Incoming local TCP Connector on port 63657" [_thread_in_native, id=9184, stack(0x000000fff3400000,0x000000fff3500000)]
  0x000002bf5be285d0 JavaThread "Daemon periodic checks" [_thread_blocked, id=10048, stack(0x000000fff3500000,0x000000fff3600000)]
  0x000002bf7cc71180 JavaThread "Cache worker for journal cache (C:\Users\aliah\.gradle\caches\journal-1)" [_thread_blocked, id=17852, stack(0x000000fff2e00000,0x000000fff2f00000)]
  0x000002bf7cc70250 JavaThread "File lock request listener" [_thread_in_native, id=13344, stack(0x000000fff3d00000,0x000000fff3e00000)]
  0x000002bf7cc725c0 JavaThread "Cache worker for file hash cache (C:\Users\aliah\.gradle\caches\8.11.1\fileHashes)" [_thread_blocked, id=13144, stack(0x000000fff3e00000,0x000000fff3f00000)]
  0x000002bf7cc70760 JavaThread "Cache worker for file content cache (C:\Users\aliah\.gradle\caches\8.11.1\fileContent)" [_thread_blocked, id=8568, stack(0x000000fff4000000,0x000000fff4100000)]
  0x000002bf7cc6e900 JavaThread "File watcher server" daemon [_thread_in_native, id=15320, stack(0x000000fff4300000,0x000000fff4400000)]
  0x000002bf7cc6c080 JavaThread "File watcher consumer" daemon [_thread_blocked, id=10872, stack(0x000000fff4400000,0x000000fff4500000)]
  0x000002bf7cc720b0 JavaThread "jar transforms" [_thread_blocked, id=10208, stack(0x000000fff4900000,0x000000fff4a00000)]
  0x000002bf5be28ae0 JavaThread "Memory manager" [_thread_blocked, id=10372, stack(0x000000fff5b00000,0x000000fff5c00000)]
  0x000002bf7e7798f0 JavaThread "jar transforms Thread 2" [_thread_blocked, id=12020, stack(0x000000fff7a00000,0x000000fff7b00000)]
  0x000002bf7e777fa0 JavaThread "jar transforms Thread 3" [_thread_blocked, id=7764, stack(0x000000fff7b00000,0x000000fff7c00000)]
  0x000002bf7e773dd0 JavaThread "jar transforms Thread 4" [_thread_blocked, id=11320, stack(0x000000fff8200000,0x000000fff8300000)]
  0x000002bf7e777070 JavaThread "Monitor" [_thread_in_native, id=10948, stack(0x000000fff8500000,0x000000fff8600000)]
  0x000002bf5be29500 JavaThread "Device List Monitor" [_thread_in_native, id=13696, stack(0x000000fff8600000,0x000000fff8700000)]
  0x000002bf7c1ed780 JavaThread "Daemon Thread 2" [_thread_blocked, id=10636, stack(0x000000fff1800000,0x000000fff1900000)]
  0x000002bf7c1ebe30 JavaThread "Handler for socket connection from /127.0.0.1:63657 to /127.0.0.1:64832" [_thread_in_native, id=10416, stack(0x000000fff1900000,0x000000fff1a00000)]
  0x000002bf7c1ecd60 JavaThread "Cancel handler" [_thread_blocked, id=2588, stack(0x000000fff1a00000,0x000000fff1b00000)]
  0x000002bf7c1ee6b0 JavaThread "Daemon worker Thread 2" [_thread_in_Java, id=10656, stack(0x000000fff3600000,0x000000fff3700000)]
  0x000002bf7c1eebc0 JavaThread "Asynchronous log dispatcher for DefaultDaemonConnection: socket connection from /127.0.0.1:63657 to /127.0.0.1:64832" [_thread_blocked, id=1384, stack(0x000000fff3700000,0x000000fff3800000)]
  0x000002bf7c1e95b0 JavaThread "Stdin handler" [_thread_blocked, id=11580, stack(0x000000fff3800000,0x000000fff3900000)]
  0x000002bf7c1ec340 JavaThread "Daemon client event forwarder" [_thread_blocked, id=14792, stack(0x000000fff3900000,0x000000fff3a00000)]
  0x000002bf7c1e90a0 JavaThread "Cache worker for file hash cache (D:\React Native\MyProject\android\.gradle\8.11.1\fileHashes)" [_thread_blocked, id=17504, stack(0x000000fff3a00000,0x000000fff3b00000)]
  0x000002bf7c1f0a20 JavaThread "Cache worker for Build Output Cleanup Cache (D:\React Native\MyProject\android\.gradle\buildOutputCleanup)" [_thread_blocked, id=13756, stack(0x000000fff3b00000,0x000000fff3c00000)]
  0x000002bf017bd620 JavaThread "C2 CompilerThread1" daemon [_thread_in_native, id=6412, stack(0x000000fff3c00000,0x000000fff3d00000)]
  0x000002bf7c1f0000 JavaThread "Cache worker for checksums cache (D:\React Native\MyProject\android\.gradle\8.11.1\checksums)" [_thread_blocked, id=15612, stack(0x000000fff3f00000,0x000000fff4000000)]
  0x000002bf7c1e9ac0 JavaThread "Cache worker for cache directory md-rule (C:\Users\aliah\.gradle\caches\8.11.1\md-rule)" [_thread_blocked, id=15836, stack(0x000000fff4100000,0x000000fff4200000)]
  0x000002bf7c1ed270 JavaThread "Cache worker for cache directory md-supplier (C:\Users\aliah\.gradle\caches\8.11.1\md-supplier)" [_thread_blocked, id=14120, stack(0x000000fff4200000,0x000000fff4300000)]
  0x000002bf7c1ec850 JavaThread "Cache worker for Build Output Cleanup Cache (D:\React Native\MyProject\node_modules\@react-native\gradle-plugin\.gradle\buildOutputCleanup)" [_thread_blocked, id=12892, stack(0x000000fff4500000,0x000000fff4600000)]
  0x000002bf7c1edc90 JavaThread "Unconstrained build operations" [_thread_blocked, id=3784, stack(0x000000fff4600000,0x000000fff4700000)]
  0x000002bf7c1ea4e0 JavaThread "Unconstrained build operations Thread 2" [_thread_blocked, id=1536, stack(0x000000fff4700000,0x000000fff4800000)]
  0x000002bf7c1ee1a0 JavaThread "Unconstrained build operations Thread 3" [_thread_blocked, id=17828, stack(0x000000fff4a00000,0x000000fff4b00000)]
  0x000002bf7c1ef0d0 JavaThread "Unconstrained build operations Thread 4" [_thread_blocked, id=5056, stack(0x000000fff4b00000,0x000000fff4c00000)]

Other Threads:
  0x000002bf5be004b0 VMThread "VM Thread" [stack: 0x000000fff2100000,0x000000fff2200000] [id=10264]
  0x000002bf7b2535a0 WatcherThread [stack: 0x000000fff2d00000,0x000000fff2e00000] [id=13852]
  0x000002bf3e27ec60 GCTaskThread "GC Thread#0" [stack: 0x000000fff1c00000,0x000000fff1d00000] [id=13776]
  0x000002bf7b2e6080 GCTaskThread "GC Thread#1" [stack: 0x000000fff2f00000,0x000000fff3000000] [id=9556]
  0x000002bf7b3f7c80 GCTaskThread "GC Thread#2" [stack: 0x000000fff3000000,0x000000fff3100000] [id=8312]
  0x000002bf7be438e0 GCTaskThread "GC Thread#3" [stack: 0x000000fff3100000,0x000000fff3200000] [id=14112]
  0x000002bf3e28fac0 ConcurrentGCThread "G1 Main Marker" [stack: 0x000000fff1d00000,0x000000fff1e00000] [id=4740]
  0x000002bf3e2903f0 ConcurrentGCThread "G1 Conc#0" [stack: 0x000000fff1e00000,0x000000fff1f00000] [id=11696]
  0x000002bf3e2d7cc0 ConcurrentGCThread "G1 Refine#0" [stack: 0x000000fff1f00000,0x000000fff2000000] [id=3104]
  0x000002bf7b93ce30 ConcurrentGCThread "G1 Refine#1" [stack: 0x000000fff3200000,0x000000fff3300000] [id=12504]
  0x000002bf7e6ed6f0 ConcurrentGCThread "G1 Refine#2" [stack: 0x000000fff4800000,0x000000fff4900000] [id=10004]
  0x000002bf3e2d8600 ConcurrentGCThread "G1 Service" [stack: 0x000000fff2000000,0x000000fff2100000] [id=14708]

Threads with active compile tasks:
C2 CompilerThread0  2501681 20343       4       org.gradle.api.internal.artifacts.ivyservice.resolveengine.graph.builder.NodeState::isExcluded (95 bytes)
C1 CompilerThread0  2501682 20406       3       org.gradle.internal.operations.DefaultBuildOperationRunner::execute (147 bytes)
C2 CompilerThread1  2501682 20363       4       org.gradle.internal.fingerprint.classpath.impl.ClasspathFingerprintingStrategy$ClasspathFingerprintingVisitor::visitEntry (20 bytes)

VM state: not at safepoint (normal execution)

VM Mutex/Monitor currently owned by a thread: None

Heap address: 0x0000000080000000, size: 2048 MB, Compressed Oops mode: 32-bit

CDS archive(s) mapped at: [0x000002bf5c000000-0x000002bf5cbb0000-0x000002bf5cbb0000), size 12255232, SharedBaseAddress: 0x000002bf5c000000, ArchiveRelocationMode: 1.
Compressed class space mapped at: 0x000002bf5d000000-0x000002bf77000000, reserved size: 436207616
Narrow klass base: 0x000002bf5c000000, Narrow klass shift: 0, Narrow klass range: 0x100000000

GC Precious Log:
 CPUs: 4 total, 4 available
 Memory: 8042M
 Large Page Support: Disabled
 NUMA Support: Disabled
 Compressed Oops: Enabled (32-bit)
 Heap Region Size: 1M
 Heap Min Capacity: 8M
 Heap Initial Capacity: 126M
 Heap Max Capacity: 2G
 Pre-touch: Disabled
 Parallel Workers: 4
 Concurrent Workers: 1
 Concurrent Refinement Workers: 4
 Periodic GC: Disabled

Heap:
 garbage-first heap   total 432128K, used 324656K [0x0000000080000000, 0x0000000100000000)
  region size 1024K, 87 young (89088K), 11 survivors (11264K)
 Metaspace       used 122849K, committed 124480K, reserved 557056K
  class space    used 16791K, committed 17536K, reserved 425984K

Heap Regions: E=young(eden), S=young(survivor), O=old, HS=humongous(starts), HC=humongous(continues), CS=collection set, F=free, OA=open archive, CA=closed archive, TAMS=top-at-mark-start (previous, next)
|   0|0x0000000080000000, 0x0000000080100000, 0x0000000080100000|100%|HS|  |TAMS 0x0000000080100000, 0x0000000080000000| Complete 
|   1|0x0000000080100000, 0x0000000080200000, 0x0000000080200000|100%|HC|  |TAMS 0x0000000080200000, 0x0000000080100000| Complete 
|   2|0x0000000080200000, 0x0000000080300000, 0x0000000080300000|100%|HC|  |TAMS 0x0000000080300000, 0x0000000080200000| Complete 
|   3|0x0000000080300000, 0x0000000080400000, 0x0000000080400000|100%| O|  |TAMS 0x0000000080400000, 0x0000000080300000| Untracked 
|   4|0x0000000080400000, 0x0000000080500000, 0x0000000080500000|100%| O|  |TAMS 0x0000000080500000, 0x0000000080400000| Untracked 
|   5|0x0000000080500000, 0x0000000080600000, 0x0000000080600000|100%| O|  |TAMS 0x0000000080600000, 0x0000000080500000| Untracked 
|   6|0x0000000080600000, 0x0000000080700000, 0x0000000080700000|100%| O|  |TAMS 0x0000000080700000, 0x0000000080600000| Untracked 
|   7|0x0000000080700000, 0x0000000080800000, 0x0000000080800000|100%|HS|  |TAMS 0x0000000080800000, 0x0000000080700000| Complete 
|   8|0x0000000080800000, 0x0000000080900000, 0x0000000080900000|100%| O|  |TAMS 0x0000000080900000, 0x0000000080800000| Untracked 
|   9|0x0000000080900000, 0x0000000080a00000, 0x0000000080a00000|100%| O|  |TAMS 0x0000000080a00000, 0x0000000080900000| Untracked 
|  10|0x0000000080a00000, 0x0000000080b00000, 0x0000000080b00000|100%| O|  |TAMS 0x0000000080b00000, 0x0000000080a00000| Untracked 
|  11|0x0000000080b00000, 0x0000000080c00000, 0x0000000080c00000|100%| O|  |TAMS 0x0000000080c00000, 0x0000000080b00000| Untracked 
|  12|0x0000000080c00000, 0x0000000080d00000, 0x0000000080d00000|100%| O|  |TAMS 0x0000000080d00000, 0x0000000080c00000| Untracked 
|  13|0x0000000080d00000, 0x0000000080e00000, 0x0000000080e00000|100%| O|  |TAMS 0x0000000080e00000, 0x0000000080d00000| Untracked 
|  14|0x0000000080e00000, 0x0000000080f00000, 0x0000000080f00000|100%| O|  |TAMS 0x0000000080f00000, 0x0000000080e00000| Untracked 
|  15|0x0000000080f00000, 0x0000000080fd0800, 0x0000000081000000| 81%| O|  |TAMS 0x0000000080fd0800, 0x0000000080f00000| Untracked 
|  16|0x0000000081000000, 0x0000000081100000, 0x0000000081100000|100%| O|  |TAMS 0x0000000081100000, 0x0000000081000000| Untracked 
|  17|0x0000000081100000, 0x0000000081200000, 0x0000000081200000|100%| O|  |TAMS 0x0000000081200000, 0x0000000081100000| Untracked 
|  18|0x0000000081200000, 0x0000000081300000, 0x0000000081300000|100%| O|  |TAMS 0x0000000081300000, 0x0000000081200000| Untracked 
|  19|0x0000000081300000, 0x0000000081400000, 0x0000000081400000|100%| O|  |TAMS 0x0000000081400000, 0x0000000081300000| Untracked 
|  20|0x0000000081400000, 0x0000000081500000, 0x0000000081500000|100%| O|  |TAMS 0x0000000081500000, 0x0000000081400000| Untracked 
|  21|0x0000000081500000, 0x0000000081600000, 0x0000000081600000|100%| O|  |TAMS 0x0000000081600000, 0x0000000081500000| Untracked 
|  22|0x0000000081600000, 0x0000000081700000, 0x0000000081700000|100%| O|  |TAMS 0x0000000081700000, 0x0000000081600000| Untracked 
|  23|0x0000000081700000, 0x0000000081800000, 0x0000000081800000|100%| O|  |TAMS 0x0000000081800000, 0x0000000081700000| Untracked 
|  24|0x0000000081800000, 0x0000000081900000, 0x0000000081900000|100%| O|  |TAMS 0x0000000081900000, 0x0000000081800000| Untracked 
|  25|0x0000000081900000, 0x0000000081a00000, 0x0000000081a00000|100%| O|  |TAMS 0x0000000081a00000, 0x0000000081900000| Untracked 
|  26|0x0000000081a00000, 0x0000000081b00000, 0x0000000081b00000|100%| O|  |TAMS 0x0000000081b00000, 0x0000000081a00000| Untracked 
|  27|0x0000000081b00000, 0x0000000081c00000, 0x0000000081c00000|100%| O|  |TAMS 0x0000000081c00000, 0x0000000081b00000| Untracked 
|  28|0x0000000081c00000, 0x0000000081d00000, 0x0000000081d00000|100%| O|  |TAMS 0x0000000081d00000, 0x0000000081c00000| Untracked 
|  29|0x0000000081d00000, 0x0000000081e00000, 0x0000000081e00000|100%| O|  |TAMS 0x0000000081e00000, 0x0000000081d00000| Untracked 
|  30|0x0000000081e00000, 0x0000000081f00000, 0x0000000081f00000|100%| O|  |TAMS 0x0000000081f00000, 0x0000000081e00000| Untracked 
|  31|0x0000000081f00000, 0x0000000082000000, 0x0000000082000000|100%| O|  |TAMS 0x0000000082000000, 0x0000000081f00000| Untracked 
|  32|0x0000000082000000, 0x0000000082100000, 0x0000000082100000|100%| O|  |TAMS 0x0000000082100000, 0x0000000082000000| Untracked 
|  33|0x0000000082100000, 0x0000000082200000, 0x0000000082200000|100%| O|  |TAMS 0x0000000082200000, 0x0000000082100000| Untracked 
|  34|0x0000000082200000, 0x0000000082300000, 0x0000000082300000|100%| O|  |TAMS 0x0000000082300000, 0x0000000082200000| Untracked 
|  35|0x0000000082300000, 0x0000000082400000, 0x0000000082400000|100%| O|  |TAMS 0x0000000082400000, 0x0000000082300000| Untracked 
|  36|0x0000000082400000, 0x0000000082500000, 0x0000000082500000|100%| O|  |TAMS 0x0000000082500000, 0x0000000082400000| Untracked 
|  37|0x0000000082500000, 0x0000000082600000, 0x0000000082600000|100%| O|  |TAMS 0x0000000082600000, 0x0000000082500000| Untracked 
|  38|0x0000000082600000, 0x0000000082700000, 0x0000000082700000|100%| O|  |TAMS 0x0000000082700000, 0x0000000082600000| Untracked 
|  39|0x0000000082700000, 0x0000000082800000, 0x0000000082800000|100%| O|  |TAMS 0x0000000082800000, 0x0000000082700000| Untracked 
|  40|0x0000000082800000, 0x0000000082900000, 0x0000000082900000|100%| O|  |TAMS 0x0000000082900000, 0x0000000082800000| Untracked 
|  41|0x0000000082900000, 0x0000000082a00000, 0x0000000082a00000|100%| O|  |TAMS 0x0000000082a00000, 0x0000000082900000| Untracked 
|  42|0x0000000082a00000, 0x0000000082b00000, 0x0000000082b00000|100%| O|  |TAMS 0x0000000082b00000, 0x0000000082a00000| Untracked 
|  43|0x0000000082b00000, 0x0000000082c00000, 0x0000000082c00000|100%| O|  |TAMS 0x0000000082c00000, 0x0000000082b00000| Untracked 
|  44|0x0000000082c00000, 0x0000000082d00000, 0x0000000082d00000|100%| O|  |TAMS 0x0000000082d00000, 0x0000000082c00000| Untracked 
|  45|0x0000000082d00000, 0x0000000082e00000, 0x0000000082e00000|100%|HS|  |TAMS 0x0000000082e00000, 0x0000000082d00000| Complete 
|  46|0x0000000082e00000, 0x0000000082f00000, 0x0000000082f00000|100%|HC|  |TAMS 0x0000000082f00000, 0x0000000082e00000| Complete 
|  47|0x0000000082f00000, 0x0000000083000000, 0x0000000083000000|100%|HS|  |TAMS 0x0000000083000000, 0x0000000082f00000| Complete 
|  48|0x0000000083000000, 0x0000000083100000, 0x0000000083100000|100%|HC|  |TAMS 0x0000000083100000, 0x0000000083000000| Complete 
|  49|0x0000000083100000, 0x0000000083200000, 0x0000000083200000|100%|HS|  |TAMS 0x0000000083200000, 0x0000000083100000| Complete 
|  50|0x0000000083200000, 0x0000000083300000, 0x0000000083300000|100%|HC|  |TAMS 0x0000000083300000, 0x0000000083200000| Complete 
|  51|0x0000000083300000, 0x0000000083400000, 0x0000000083400000|100%|HS|  |TAMS 0x0000000083400000, 0x0000000083300000| Complete 
|  52|0x0000000083400000, 0x0000000083500000, 0x0000000083500000|100%|HC|  |TAMS 0x0000000083500000, 0x0000000083400000| Complete 
|  53|0x0000000083500000, 0x0000000083600000, 0x0000000083600000|100%|HC|  |TAMS 0x0000000083600000, 0x0000000083500000| Complete 
|  54|0x0000000083600000, 0x0000000083700000, 0x0000000083700000|100%|HC|  |TAMS 0x0000000083700000, 0x0000000083600000| Complete 
|  55|0x0000000083700000, 0x0000000083800000, 0x0000000083800000|100%|HS|  |TAMS 0x0000000083800000, 0x0000000083700000| Complete 
|  56|0x0000000083800000, 0x0000000083900000, 0x0000000083900000|100%|HC|  |TAMS 0x0000000083900000, 0x0000000083800000| Complete 
|  57|0x0000000083900000, 0x0000000083a00000, 0x0000000083a00000|100%|HC|  |TAMS 0x0000000083a00000, 0x0000000083900000| Complete 
|  58|0x0000000083a00000, 0x0000000083b00000, 0x0000000083b00000|100%|HC|  |TAMS 0x0000000083b00000, 0x0000000083a00000| Complete 
|  59|0x0000000083b00000, 0x0000000083c00000, 0x0000000083c00000|100%| O|  |TAMS 0x0000000083c00000, 0x0000000083b00000| Untracked 
|  60|0x0000000083c00000, 0x0000000083d00000, 0x0000000083d00000|100%| O|  |TAMS 0x0000000083d00000, 0x0000000083c00000| Untracked 
|  61|0x0000000083d00000, 0x0000000083e00000, 0x0000000083e00000|100%| O|  |TAMS 0x0000000083e00000, 0x0000000083d00000| Untracked 
|  62|0x0000000083e00000, 0x0000000083f00000, 0x0000000083f00000|100%| O|  |TAMS 0x0000000083f00000, 0x0000000083e00000| Untracked 
|  63|0x0000000083f00000, 0x0000000084000000, 0x0000000084000000|100%| O|  |TAMS 0x0000000084000000, 0x0000000083f00000| Untracked 
|  64|0x0000000084000000, 0x0000000084100000, 0x0000000084100000|100%| O|  |TAMS 0x0000000084100000, 0x0000000084000000| Untracked 
|  65|0x0000000084100000, 0x0000000084200000, 0x0000000084200000|100%| O|  |TAMS 0x0000000084200000, 0x0000000084100000| Untracked 
|  66|0x0000000084200000, 0x0000000084300000, 0x0000000084300000|100%| O|  |TAMS 0x0000000084300000, 0x0000000084200000| Untracked 
|  67|0x0000000084300000, 0x0000000084400000, 0x0000000084400000|100%| O|  |TAMS 0x0000000084400000, 0x0000000084300000| Untracked 
|  68|0x0000000084400000, 0x0000000084500000, 0x0000000084500000|100%| O|  |TAMS 0x0000000084500000, 0x0000000084400000| Untracked 
|  69|0x0000000084500000, 0x0000000084600000, 0x0000000084600000|100%| O|  |TAMS 0x0000000084500000, 0x0000000084500000| Untracked 
|  70|0x0000000084600000, 0x0000000084700000, 0x0000000084700000|100%| O|  |TAMS 0x0000000084600000, 0x0000000084600000| Untracked 
|  71|0x0000000084700000, 0x0000000084800000, 0x0000000084800000|100%| O|  |TAMS 0x0000000084800000, 0x0000000084700000| Untracked 
|  72|0x0000000084800000, 0x0000000084900000, 0x0000000084900000|100%| O|  |TAMS 0x0000000084900000, 0x0000000084800000| Untracked 
|  73|0x0000000084900000, 0x0000000084a00000, 0x0000000084a00000|100%| O|  |TAMS 0x0000000084a00000, 0x0000000084900000| Untracked 
|  74|0x0000000084a00000, 0x0000000084b00000, 0x0000000084b00000|100%| O|  |TAMS 0x0000000084b00000, 0x0000000084a00000| Untracked 
|  75|0x0000000084b00000, 0x0000000084c00000, 0x0000000084c00000|100%| O|  |TAMS 0x0000000084c00000, 0x0000000084b00000| Untracked 
|  76|0x0000000084c00000, 0x0000000084d00000, 0x0000000084d00000|100%| O|  |TAMS 0x0000000084d00000, 0x0000000084c00000| Untracked 
|  77|0x0000000084d00000, 0x0000000084e00000, 0x0000000084e00000|100%| O|  |TAMS 0x0000000084e00000, 0x0000000084d00000| Untracked 
|  78|0x0000000084e00000, 0x0000000084f00000, 0x0000000084f00000|100%| O|  |TAMS 0x0000000084f00000, 0x0000000084e00000| Untracked 
|  79|0x0000000084f00000, 0x0000000085000000, 0x0000000085000000|100%| O|  |TAMS 0x0000000085000000, 0x0000000084f00000| Untracked 
|  80|0x0000000085000000, 0x0000000085100000, 0x0000000085100000|100%| O|  |TAMS 0x0000000085100000, 0x0000000085000000| Untracked 
|  81|0x0000000085100000, 0x0000000085200000, 0x0000000085200000|100%| O|  |TAMS 0x0000000085200000, 0x0000000085100000| Untracked 
|  82|0x0000000085200000, 0x0000000085300000, 0x0000000085300000|100%| O|  |TAMS 0x0000000085300000, 0x0000000085200000| Untracked 
|  83|0x0000000085300000, 0x0000000085400000, 0x0000000085400000|100%|HS|  |TAMS 0x0000000085400000, 0x0000000085300000| Complete 
|  84|0x0000000085400000, 0x0000000085500000, 0x0000000085500000|100%|HS|  |TAMS 0x0000000085500000, 0x0000000085400000| Complete 
|  85|0x0000000085500000, 0x0000000085600000, 0x0000000085600000|100%|HS|  |TAMS 0x0000000085600000, 0x0000000085500000| Complete 
|  86|0x0000000085600000, 0x0000000085700000, 0x0000000085700000|100%|HS|  |TAMS 0x0000000085700000, 0x0000000085600000| Complete 
|  87|0x0000000085700000, 0x0000000085800000, 0x0000000085800000|100%| O|  |TAMS 0x0000000085800000, 0x0000000085700000| Untracked 
|  88|0x0000000085800000, 0x0000000085900000, 0x0000000085900000|100%|HS|  |TAMS 0x0000000085900000, 0x0000000085800000| Complete 
|  89|0x0000000085900000, 0x0000000085a00000, 0x0000000085a00000|100%|HS|  |TAMS 0x0000000085a00000, 0x0000000085900000| Complete 
|  90|0x0000000085a00000, 0x0000000085b00000, 0x0000000085b00000|100%| O|  |TAMS 0x0000000085b00000, 0x0000000085a00000| Untracked 
|  91|0x0000000085b00000, 0x0000000085c00000, 0x0000000085c00000|100%| O|  |TAMS 0x0000000085c00000, 0x0000000085b00000| Untracked 
|  92|0x0000000085c00000, 0x0000000085d00000, 0x0000000085d00000|100%| O|  |TAMS 0x0000000085d00000, 0x0000000085c00000| Untracked 
|  93|0x0000000085d00000, 0x0000000085e00000, 0x0000000085e00000|100%| O|  |TAMS 0x0000000085e00000, 0x0000000085d00000| Untracked 
|  94|0x0000000085e00000, 0x0000000085f00000, 0x0000000085f00000|100%| O|  |TAMS 0x0000000085f00000, 0x0000000085e00000| Untracked 
|  95|0x0000000085f00000, 0x0000000086000000, 0x0000000086000000|100%| O|  |TAMS 0x0000000086000000, 0x0000000085f00000| Untracked 
|  96|0x0000000086000000, 0x0000000086100000, 0x0000000086100000|100%| O|  |TAMS 0x0000000086100000, 0x0000000086000000| Untracked 
|  97|0x0000000086100000, 0x0000000086200000, 0x0000000086200000|100%| O|  |TAMS 0x0000000086200000, 0x0000000086100000| Untracked 
|  98|0x0000000086200000, 0x0000000086300000, 0x0000000086300000|100%| O|  |TAMS 0x0000000086300000, 0x0000000086200000| Untracked 
|  99|0x0000000086300000, 0x0000000086400000, 0x0000000086400000|100%| O|  |TAMS 0x0000000086400000, 0x0000000086300000| Untracked 
| 100|0x0000000086400000, 0x0000000086500000, 0x0000000086500000|100%| O|  |TAMS 0x0000000086500000, 0x0000000086400000| Untracked 
| 101|0x0000000086500000, 0x0000000086600000, 0x0000000086600000|100%| O|  |TAMS 0x0000000086600000, 0x0000000086500000| Untracked 
| 102|0x0000000086600000, 0x0000000086700000, 0x0000000086700000|100%| O|  |TAMS 0x0000000086700000, 0x0000000086600000| Untracked 
| 103|0x0000000086700000, 0x0000000086800000, 0x0000000086800000|100%| O|  |TAMS 0x0000000086800000, 0x0000000086700000| Untracked 
| 104|0x0000000086800000, 0x0000000086900000, 0x0000000086900000|100%|HS|  |TAMS 0x0000000086900000, 0x0000000086800000| Complete 
| 105|0x0000000086900000, 0x0000000086a00000, 0x0000000086a00000|100%| O|  |TAMS 0x0000000086a00000, 0x0000000086900000| Untracked 
| 106|0x0000000086a00000, 0x0000000086b00000, 0x0000000086b00000|100%| O|  |TAMS 0x0000000086ae4000, 0x0000000086a00000| Untracked 
| 107|0x0000000086b00000, 0x0000000086c00000, 0x0000000086c00000|100%| O|  |TAMS 0x0000000086b00000, 0x0000000086b00000| Untracked 
| 108|0x0000000086c00000, 0x0000000086d00000, 0x0000000086d00000|100%| O|  |TAMS 0x0000000086c00000, 0x0000000086c00000| Untracked 
| 109|0x0000000086d00000, 0x0000000086e00000, 0x0000000086e00000|100%| O|  |TAMS 0x0000000086d00000, 0x0000000086d00000| Untracked 
| 110|0x0000000086e00000, 0x0000000086f00000, 0x0000000086f00000|100%| O|  |TAMS 0x0000000086e00000, 0x0000000086e00000| Untracked 
| 111|0x0000000086f00000, 0x0000000087000000, 0x0000000087000000|100%| O|  |TAMS 0x0000000086f00000, 0x0000000086f00000| Untracked 
| 112|0x0000000087000000, 0x0000000087100000, 0x0000000087100000|100%| O|  |TAMS 0x0000000087000000, 0x0000000087000000| Untracked 
| 113|0x0000000087100000, 0x0000000087200000, 0x0000000087200000|100%| O|  |TAMS 0x0000000087100000, 0x0000000087100000| Untracked 
| 114|0x0000000087200000, 0x0000000087300000, 0x0000000087300000|100%| O|  |TAMS 0x0000000087200000, 0x0000000087200000| Untracked 
| 115|0x0000000087300000, 0x0000000087400000, 0x0000000087400000|100%|HS|  |TAMS 0x0000000087300000, 0x0000000087300000| Complete 
| 116|0x0000000087400000, 0x0000000087500000, 0x0000000087500000|100%|HC|  |TAMS 0x0000000087400000, 0x0000000087400000| Complete 
| 117|0x0000000087500000, 0x0000000087600000, 0x0000000087600000|100%| O|  |TAMS 0x0000000087500000, 0x0000000087500000| Untracked 
| 118|0x0000000087600000, 0x0000000087700000, 0x0000000087700000|100%| O|  |TAMS 0x0000000087600000, 0x0000000087600000| Untracked 
| 119|0x0000000087700000, 0x0000000087800000, 0x0000000087800000|100%| O|  |TAMS 0x0000000087700000, 0x0000000087700000| Untracked 
| 120|0x0000000087800000, 0x0000000087900000, 0x0000000087900000|100%| O|  |TAMS 0x0000000087800000, 0x0000000087800000| Untracked 
| 121|0x0000000087900000, 0x0000000087a00000, 0x0000000087a00000|100%| O|  |TAMS 0x0000000087900000, 0x0000000087900000| Untracked 
| 122|0x0000000087a00000, 0x0000000087b00000, 0x0000000087b00000|100%| O|  |TAMS 0x0000000087a00000, 0x0000000087a00000| Untracked 
| 123|0x0000000087b00000, 0x0000000087c00000, 0x0000000087c00000|100%| O|  |TAMS 0x0000000087b00000, 0x0000000087b00000| Untracked 
| 124|0x0000000087c00000, 0x0000000087d00000, 0x0000000087d00000|100%| O|  |TAMS 0x0000000087c00000, 0x0000000087c00000| Untracked 
| 125|0x0000000087d00000, 0x0000000087e00000, 0x0000000087e00000|100%| O|  |TAMS 0x0000000087d00000, 0x0000000087d00000| Untracked 
| 126|0x0000000087e00000, 0x0000000087f00000, 0x0000000087f00000|100%| O|  |TAMS 0x0000000087e00000, 0x0000000087e00000| Untracked 
| 127|0x0000000087f00000, 0x0000000088000000, 0x0000000088000000|100%| O|  |TAMS 0x0000000087f00000, 0x0000000087f00000| Untracked 
| 128|0x0000000088000000, 0x0000000088100000, 0x0000000088100000|100%| O|  |TAMS 0x0000000088000000, 0x0000000088000000| Untracked 
| 129|0x0000000088100000, 0x0000000088200000, 0x0000000088200000|100%| O|  |TAMS 0x0000000088100000, 0x0000000088100000| Untracked 
| 130|0x0000000088200000, 0x0000000088300000, 0x0000000088300000|100%| O|  |TAMS 0x0000000088200000, 0x0000000088200000| Untracked 
| 131|0x0000000088300000, 0x0000000088400000, 0x0000000088400000|100%| O|  |TAMS 0x0000000088300000, 0x0000000088300000| Untracked 
| 132|0x0000000088400000, 0x0000000088500000, 0x0000000088500000|100%| O|  |TAMS 0x0000000088400000, 0x0000000088400000| Untracked 
| 133|0x0000000088500000, 0x0000000088600000, 0x0000000088600000|100%| O|  |TAMS 0x0000000088500000, 0x0000000088500000| Untracked 
| 134|0x0000000088600000, 0x0000000088700000, 0x0000000088700000|100%| O|  |TAMS 0x0000000088600000, 0x0000000088600000| Untracked 
| 135|0x0000000088700000, 0x0000000088800000, 0x0000000088800000|100%| O|  |TAMS 0x0000000088700000, 0x0000000088700000| Untracked 
| 136|0x0000000088800000, 0x0000000088900000, 0x0000000088900000|100%| O|  |TAMS 0x0000000088800000, 0x0000000088800000| Untracked 
| 137|0x0000000088900000, 0x0000000088a00000, 0x0000000088a00000|100%| O|  |TAMS 0x0000000088900000, 0x0000000088900000| Untracked 
| 138|0x0000000088a00000, 0x0000000088b00000, 0x0000000088b00000|100%| O|  |TAMS 0x0000000088a00000, 0x0000000088a00000| Untracked 
| 139|0x0000000088b00000, 0x0000000088c00000, 0x0000000088c00000|100%| O|  |TAMS 0x0000000088b00000, 0x0000000088b00000| Untracked 
| 140|0x0000000088c00000, 0x0000000088d00000, 0x0000000088d00000|100%| O|  |TAMS 0x0000000088c00000, 0x0000000088c00000| Untracked 
| 141|0x0000000088d00000, 0x0000000088e00000, 0x0000000088e00000|100%| O|  |TAMS 0x0000000088d00000, 0x0000000088d00000| Untracked 
| 142|0x0000000088e00000, 0x0000000088f00000, 0x0000000088f00000|100%| O|  |TAMS 0x0000000088e00000, 0x0000000088e00000| Untracked 
| 143|0x0000000088f00000, 0x0000000089000000, 0x0000000089000000|100%| O|  |TAMS 0x0000000088f00000, 0x0000000088f00000| Untracked 
| 144|0x0000000089000000, 0x0000000089100000, 0x0000000089100000|100%| O|  |TAMS 0x0000000089000000, 0x0000000089000000| Untracked 
| 145|0x0000000089100000, 0x0000000089200000, 0x0000000089200000|100%| O|  |TAMS 0x0000000089100000, 0x0000000089100000| Untracked 
| 146|0x0000000089200000, 0x0000000089300000, 0x0000000089300000|100%| O|  |TAMS 0x0000000089200000, 0x0000000089200000| Untracked 
| 147|0x0000000089300000, 0x0000000089400000, 0x0000000089400000|100%| O|  |TAMS 0x0000000089300000, 0x0000000089300000| Untracked 
| 148|0x0000000089400000, 0x0000000089500000, 0x0000000089500000|100%|HS|  |TAMS 0x0000000089400000, 0x0000000089400000| Complete 
| 149|0x0000000089500000, 0x0000000089600000, 0x0000000089600000|100%|HS|  |TAMS 0x0000000089500000, 0x0000000089500000| Complete 
| 150|0x0000000089600000, 0x0000000089700000, 0x0000000089700000|100%| O|  |TAMS 0x0000000089600000, 0x0000000089600000| Untracked 
| 151|0x0000000089700000, 0x0000000089800000, 0x0000000089800000|100%|HS|  |TAMS 0x0000000089700000, 0x0000000089700000| Complete 
| 152|0x0000000089800000, 0x0000000089900000, 0x0000000089900000|100%|HC|  |TAMS 0x0000000089800000, 0x0000000089800000| Complete 
| 153|0x0000000089900000, 0x0000000089a00000, 0x0000000089a00000|100%| O|  |TAMS 0x0000000089900000, 0x0000000089900000| Untracked 
| 154|0x0000000089a00000, 0x0000000089b00000, 0x0000000089b00000|100%| O|  |TAMS 0x0000000089a00000, 0x0000000089a00000| Untracked 
| 155|0x0000000089b00000, 0x0000000089c00000, 0x0000000089c00000|100%| O|  |TAMS 0x0000000089b00000, 0x0000000089b00000| Untracked 
| 156|0x0000000089c00000, 0x0000000089d00000, 0x0000000089d00000|100%| O|  |TAMS 0x0000000089c00000, 0x0000000089c00000| Untracked 
| 157|0x0000000089d00000, 0x0000000089e00000, 0x0000000089e00000|100%| O|  |TAMS 0x0000000089d00000, 0x0000000089d00000| Untracked 
| 158|0x0000000089e00000, 0x0000000089f00000, 0x0000000089f00000|100%| O|  |TAMS 0x0000000089e00000, 0x0000000089e00000| Untracked 
| 159|0x0000000089f00000, 0x000000008a000000, 0x000000008a000000|100%| O|  |TAMS 0x0000000089f00000, 0x0000000089f00000| Untracked 
| 160|0x000000008a000000, 0x000000008a100000, 0x000000008a100000|100%| O|  |TAMS 0x000000008a000000, 0x000000008a000000| Untracked 
| 161|0x000000008a100000, 0x000000008a200000, 0x000000008a200000|100%| O|  |TAMS 0x000000008a100000, 0x000000008a100000| Untracked 
| 162|0x000000008a200000, 0x000000008a300000, 0x000000008a300000|100%| O|  |TAMS 0x000000008a200000, 0x000000008a200000| Untracked 
| 163|0x000000008a300000, 0x000000008a400000, 0x000000008a400000|100%| O|  |TAMS 0x000000008a300000, 0x000000008a300000| Untracked 
| 164|0x000000008a400000, 0x000000008a500000, 0x000000008a500000|100%| O|  |TAMS 0x000000008a400000, 0x000000008a400000| Untracked 
| 165|0x000000008a500000, 0x000000008a600000, 0x000000008a600000|100%| O|  |TAMS 0x000000008a500000, 0x000000008a500000| Untracked 
| 166|0x000000008a600000, 0x000000008a700000, 0x000000008a700000|100%| O|  |TAMS 0x000000008a600000, 0x000000008a600000| Untracked 
| 167|0x000000008a700000, 0x000000008a800000, 0x000000008a800000|100%|HS|  |TAMS 0x000000008a700000, 0x000000008a700000| Complete 
| 168|0x000000008a800000, 0x000000008a900000, 0x000000008a900000|100%| O|  |TAMS 0x000000008a800000, 0x000000008a800000| Untracked 
| 169|0x000000008a900000, 0x000000008aa00000, 0x000000008aa00000|100%| O|  |TAMS 0x000000008a900000, 0x000000008a900000| Untracked 
| 170|0x000000008aa00000, 0x000000008ab00000, 0x000000008ab00000|100%| O|  |TAMS 0x000000008aa00000, 0x000000008aa00000| Untracked 
| 171|0x000000008ab00000, 0x000000008ac00000, 0x000000008ac00000|100%| O|  |TAMS 0x000000008ab00000, 0x000000008ab00000| Untracked 
| 172|0x000000008ac00000, 0x000000008ad00000, 0x000000008ad00000|100%| O|  |TAMS 0x000000008ac00000, 0x000000008ac00000| Untracked 
| 173|0x000000008ad00000, 0x000000008ae00000, 0x000000008ae00000|100%| O|  |TAMS 0x000000008ad00000, 0x000000008ad00000| Untracked 
| 174|0x000000008ae00000, 0x000000008af00000, 0x000000008af00000|100%| O|  |TAMS 0x000000008ae00000, 0x000000008ae00000| Untracked 
| 175|0x000000008af00000, 0x000000008b000000, 0x000000008b000000|100%| O|  |TAMS 0x000000008af00000, 0x000000008af00000| Untracked 
| 176|0x000000008b000000, 0x000000008b100000, 0x000000008b100000|100%| O|  |TAMS 0x000000008b000000, 0x000000008b000000| Untracked 
| 177|0x000000008b100000, 0x000000008b200000, 0x000000008b200000|100%|HS|  |TAMS 0x000000008b100000, 0x000000008b100000| Complete 
| 178|0x000000008b200000, 0x000000008b300000, 0x000000008b300000|100%|HS|  |TAMS 0x000000008b200000, 0x000000008b200000| Complete 
| 179|0x000000008b300000, 0x000000008b400000, 0x000000008b400000|100%| O|  |TAMS 0x000000008b300000, 0x000000008b300000| Untracked 
| 180|0x000000008b400000, 0x000000008b500000, 0x000000008b500000|100%| O|  |TAMS 0x000000008b400000, 0x000000008b400000| Untracked 
| 181|0x000000008b500000, 0x000000008b600000, 0x000000008b600000|100%| O|  |TAMS 0x000000008b500000, 0x000000008b500000| Untracked 
| 182|0x000000008b600000, 0x000000008b700000, 0x000000008b700000|100%| O|  |TAMS 0x000000008b600000, 0x000000008b600000| Untracked 
| 183|0x000000008b700000, 0x000000008b800000, 0x000000008b800000|100%| O|  |TAMS 0x000000008b700000, 0x000000008b700000| Untracked 
| 184|0x000000008b800000, 0x000000008b900000, 0x000000008b900000|100%| O|  |TAMS 0x000000008b800000, 0x000000008b800000| Untracked 
| 185|0x000000008b900000, 0x000000008ba00000, 0x000000008ba00000|100%| O|  |TAMS 0x000000008b900000, 0x000000008b900000| Untracked 
| 186|0x000000008ba00000, 0x000000008bb00000, 0x000000008bb00000|100%| O|  |TAMS 0x000000008ba00000, 0x000000008ba00000| Untracked 
| 187|0x000000008bb00000, 0x000000008bc00000, 0x000000008bc00000|100%| O|  |TAMS 0x000000008bb00000, 0x000000008bb00000| Untracked 
| 188|0x000000008bc00000, 0x000000008bd00000, 0x000000008bd00000|100%| O|  |TAMS 0x000000008bc00000, 0x000000008bc00000| Untracked 
| 189|0x000000008bd00000, 0x000000008be00000, 0x000000008be00000|100%| O|  |TAMS 0x000000008bd00000, 0x000000008bd00000| Untracked 
| 190|0x000000008be00000, 0x000000008bf00000, 0x000000008bf00000|100%| O|  |TAMS 0x000000008be00000, 0x000000008be00000| Untracked 
| 191|0x000000008bf00000, 0x000000008c000000, 0x000000008c000000|100%| O|  |TAMS 0x000000008bf00000, 0x000000008bf00000| Untracked 
| 192|0x000000008c000000, 0x000000008c100000, 0x000000008c100000|100%| O|  |TAMS 0x000000008c000000, 0x000000008c000000| Untracked 
| 193|0x000000008c100000, 0x000000008c200000, 0x000000008c200000|100%| O|  |TAMS 0x000000008c100000, 0x000000008c100000| Untracked 
| 194|0x000000008c200000, 0x000000008c300000, 0x000000008c300000|100%| O|  |TAMS 0x000000008c200000, 0x000000008c200000| Untracked 
| 195|0x000000008c300000, 0x000000008c400000, 0x000000008c400000|100%| O|  |TAMS 0x000000008c300000, 0x000000008c300000| Untracked 
| 196|0x000000008c400000, 0x000000008c500000, 0x000000008c500000|100%| O|  |TAMS 0x000000008c400000, 0x000000008c400000| Untracked 
| 197|0x000000008c500000, 0x000000008c600000, 0x000000008c600000|100%| O|  |TAMS 0x000000008c500000, 0x000000008c500000| Untracked 
| 198|0x000000008c600000, 0x000000008c700000, 0x000000008c700000|100%| O|  |TAMS 0x000000008c600000, 0x000000008c600000| Untracked 
| 199|0x000000008c700000, 0x000000008c800000, 0x000000008c800000|100%| O|  |TAMS 0x000000008c700000, 0x000000008c700000| Untracked 
| 200|0x000000008c800000, 0x000000008c900000, 0x000000008c900000|100%| O|  |TAMS 0x000000008c800000, 0x000000008c800000| Untracked 
| 201|0x000000008c900000, 0x000000008ca00000, 0x000000008ca00000|100%| O|  |TAMS 0x000000008c900000, 0x000000008c900000| Untracked 
| 202|0x000000008ca00000, 0x000000008cb00000, 0x000000008cb00000|100%| O|  |TAMS 0x000000008ca00000, 0x000000008ca00000| Untracked 
| 203|0x000000008cb00000, 0x000000008cc00000, 0x000000008cc00000|100%| O|  |TAMS 0x000000008cb00000, 0x000000008cb00000| Untracked 
| 204|0x000000008cc00000, 0x000000008cd00000, 0x000000008cd00000|100%| O|  |TAMS 0x000000008cc00000, 0x000000008cc00000| Untracked 
| 205|0x000000008cd00000, 0x000000008ce00000, 0x000000008ce00000|100%| O|  |TAMS 0x000000008cd00000, 0x000000008cd00000| Untracked 
| 206|0x000000008ce00000, 0x000000008cf00000, 0x000000008cf00000|100%| O|  |TAMS 0x000000008ce00000, 0x000000008ce00000| Untracked 
| 207|0x000000008cf00000, 0x000000008d000000, 0x000000008d000000|100%| O|  |TAMS 0x000000008cf00000, 0x000000008cf00000| Untracked 
| 208|0x000000008d000000, 0x000000008d100000, 0x000000008d100000|100%| O|  |TAMS 0x000000008d000000, 0x000000008d000000| Untracked 
| 209|0x000000008d100000, 0x000000008d200000, 0x000000008d200000|100%| O|  |TAMS 0x000000008d100000, 0x000000008d100000| Untracked 
| 210|0x000000008d200000, 0x000000008d300000, 0x000000008d300000|100%| O|  |TAMS 0x000000008d200000, 0x000000008d200000| Untracked 
| 211|0x000000008d300000, 0x000000008d400000, 0x000000008d400000|100%| O|  |TAMS 0x000000008d300000, 0x000000008d300000| Untracked 
| 212|0x000000008d400000, 0x000000008d500000, 0x000000008d500000|100%| O|  |TAMS 0x000000008d400000, 0x000000008d400000| Untracked 
| 213|0x000000008d500000, 0x000000008d600000, 0x000000008d600000|100%| O|  |TAMS 0x000000008d500000, 0x000000008d500000| Untracked 
| 214|0x000000008d600000, 0x000000008d700000, 0x000000008d700000|100%| O|  |TAMS 0x000000008d600000, 0x000000008d600000| Untracked 
| 215|0x000000008d700000, 0x000000008d800000, 0x000000008d800000|100%| O|  |TAMS 0x000000008d700000, 0x000000008d700000| Untracked 
| 216|0x000000008d800000, 0x000000008d900000, 0x000000008d900000|100%| O|  |TAMS 0x000000008d800000, 0x000000008d800000| Untracked 
| 217|0x000000008d900000, 0x000000008da00000, 0x000000008da00000|100%| O|  |TAMS 0x000000008d900000, 0x000000008d900000| Untracked 
| 218|0x000000008da00000, 0x000000008db00000, 0x000000008db00000|100%| O|  |TAMS 0x000000008da00000, 0x000000008da00000| Untracked 
| 219|0x000000008db00000, 0x000000008dc00000, 0x000000008dc00000|100%| O|  |TAMS 0x000000008db00000, 0x000000008db00000| Untracked 
| 220|0x000000008dc00000, 0x000000008dd00000, 0x000000008dd00000|100%| O|  |TAMS 0x000000008dc00000, 0x000000008dc00000| Untracked 
| 221|0x000000008dd00000, 0x000000008de00000, 0x000000008de00000|100%| O|  |TAMS 0x000000008dd00000, 0x000000008dd00000| Untracked 
| 222|0x000000008de00000, 0x000000008df00000, 0x000000008df00000|100%| O|  |TAMS 0x000000008de00000, 0x000000008de00000| Untracked 
| 223|0x000000008df00000, 0x000000008e000000, 0x000000008e000000|100%| O|  |TAMS 0x000000008df00000, 0x000000008df00000| Untracked 
| 224|0x000000008e000000, 0x000000008e100000, 0x000000008e100000|100%| O|  |TAMS 0x000000008e000000, 0x000000008e000000| Untracked 
| 225|0x000000008e100000, 0x000000008e200000, 0x000000008e200000|100%| O|  |TAMS 0x000000008e100000, 0x000000008e100000| Untracked 
| 226|0x000000008e200000, 0x000000008e300000, 0x000000008e300000|100%| O|  |TAMS 0x000000008e200000, 0x000000008e200000| Untracked 
| 227|0x000000008e300000, 0x000000008e3cda00, 0x000000008e400000| 80%| O|  |TAMS 0x000000008e300000, 0x000000008e300000| Untracked 
| 228|0x000000008e400000, 0x000000008e400000, 0x000000008e500000|  0%| F|  |TAMS 0x000000008e400000, 0x000000008e400000| Untracked 
| 229|0x000000008e500000, 0x000000008e500000, 0x000000008e600000|  0%| F|  |TAMS 0x000000008e500000, 0x000000008e500000| Untracked 
| 230|0x000000008e600000, 0x000000008e700000, 0x000000008e700000|100%| O|  |TAMS 0x000000008e600000, 0x000000008e600000| Untracked 
| 231|0x000000008e700000, 0x000000008e800000, 0x000000008e800000|100%| O|  |TAMS 0x000000008e700000, 0x000000008e700000| Untracked 
| 232|0x000000008e800000, 0x000000008e900000, 0x000000008e900000|100%| O|  |TAMS 0x000000008e800000, 0x000000008e800000| Untracked 
| 233|0x000000008e900000, 0x000000008ea00000, 0x000000008ea00000|100%| O|  |TAMS 0x000000008e900000, 0x000000008e900000| Untracked 
| 234|0x000000008ea00000, 0x000000008eb00000, 0x000000008eb00000|100%| O|  |TAMS 0x000000008ea00000, 0x000000008ea00000| Untracked 
| 235|0x000000008eb00000, 0x000000008eb00000, 0x000000008ec00000|  0%| F|  |TAMS 0x000000008eb00000, 0x000000008eb00000| Untracked 
| 236|0x000000008ec00000, 0x000000008ec00000, 0x000000008ed00000|  0%| F|  |TAMS 0x000000008ec00000, 0x000000008ec00000| Untracked 
| 237|0x000000008ed00000, 0x000000008ed00000, 0x000000008ee00000|  0%| F|  |TAMS 0x000000008ed00000, 0x000000008ed00000| Untracked 
| 238|0x000000008ee00000, 0x000000008ee00000, 0x000000008ef00000|  0%| F|  |TAMS 0x000000008ee00000, 0x000000008ee00000| Untracked 
| 239|0x000000008ef00000, 0x000000008ef00000, 0x000000008f000000|  0%| F|  |TAMS 0x000000008ef00000, 0x000000008ef00000| Untracked 
| 240|0x000000008f000000, 0x000000008f000000, 0x000000008f100000|  0%| F|  |TAMS 0x000000008f000000, 0x000000008f000000| Untracked 
| 241|0x000000008f100000, 0x000000008f100000, 0x000000008f200000|  0%| F|  |TAMS 0x000000008f100000, 0x000000008f100000| Untracked 
| 242|0x000000008f200000, 0x000000008f200000, 0x000000008f300000|  0%| F|  |TAMS 0x000000008f200000, 0x000000008f200000| Untracked 
| 243|0x000000008f300000, 0x000000008f300000, 0x000000008f400000|  0%| F|  |TAMS 0x000000008f300000, 0x000000008f300000| Untracked 
| 244|0x000000008f400000, 0x000000008f400000, 0x000000008f500000|  0%| F|  |TAMS 0x000000008f400000, 0x000000008f400000| Untracked 
| 245|0x000000008f500000, 0x000000008f500000, 0x000000008f600000|  0%| F|  |TAMS 0x000000008f500000, 0x000000008f500000| Untracked 
| 246|0x000000008f600000, 0x000000008f600000, 0x000000008f700000|  0%| F|  |TAMS 0x000000008f600000, 0x000000008f600000| Untracked 
| 247|0x000000008f700000, 0x000000008f700000, 0x000000008f800000|  0%| F|  |TAMS 0x000000008f700000, 0x000000008f700000| Untracked 
| 248|0x000000008f800000, 0x000000008f800000, 0x000000008f900000|  0%| F|  |TAMS 0x000000008f800000, 0x000000008f800000| Untracked 
| 249|0x000000008f900000, 0x000000008f900000, 0x000000008fa00000|  0%| F|  |TAMS 0x000000008f900000, 0x000000008f900000| Untracked 
| 250|0x000000008fa00000, 0x000000008fa00000, 0x000000008fb00000|  0%| F|  |TAMS 0x000000008fa00000, 0x000000008fa00000| Untracked 
| 251|0x000000008fb00000, 0x000000008fb00000, 0x000000008fc00000|  0%| F|  |TAMS 0x000000008fb00000, 0x000000008fb00000| Untracked 
| 252|0x000000008fc00000, 0x000000008fc00000, 0x000000008fd00000|  0%| F|  |TAMS 0x000000008fc00000, 0x000000008fc00000| Untracked 
| 253|0x000000008fd00000, 0x000000008fd00000, 0x000000008fe00000|  0%| F|  |TAMS 0x000000008fd00000, 0x000000008fd00000| Untracked 
| 254|0x000000008fe00000, 0x000000008fe00000, 0x000000008ff00000|  0%| F|  |TAMS 0x000000008fe00000, 0x000000008fe00000| Untracked 
| 255|0x000000008ff00000, 0x000000008ff00000, 0x0000000090000000|  0%| F|  |TAMS 0x000000008ff00000, 0x000000008ff00000| Untracked 
| 256|0x0000000090000000, 0x0000000090000000, 0x0000000090100000|  0%| F|  |TAMS 0x0000000090000000, 0x0000000090000000| Untracked 
| 257|0x0000000090100000, 0x0000000090100000, 0x0000000090200000|  0%| F|  |TAMS 0x0000000090100000, 0x0000000090100000| Untracked 
| 258|0x0000000090200000, 0x0000000090200000, 0x0000000090300000|  0%| F|  |TAMS 0x0000000090200000, 0x0000000090200000| Untracked 
| 259|0x0000000090300000, 0x0000000090300000, 0x0000000090400000|  0%| F|  |TAMS 0x0000000090300000, 0x0000000090300000| Untracked 
| 260|0x0000000090400000, 0x0000000090400000, 0x0000000090500000|  0%| F|  |TAMS 0x0000000090400000, 0x0000000090400000| Untracked 
| 261|0x0000000090500000, 0x0000000090500000, 0x0000000090600000|  0%| F|  |TAMS 0x0000000090500000, 0x0000000090500000| Untracked 
| 262|0x0000000090600000, 0x0000000090600000, 0x0000000090700000|  0%| F|  |TAMS 0x0000000090600000, 0x0000000090600000| Untracked 
| 263|0x0000000090700000, 0x0000000090700000, 0x0000000090800000|  0%| F|  |TAMS 0x0000000090700000, 0x0000000090700000| Untracked 
| 264|0x0000000090800000, 0x0000000090800000, 0x0000000090900000|  0%| F|  |TAMS 0x0000000090800000, 0x0000000090800000| Untracked 
| 265|0x0000000090900000, 0x0000000090900000, 0x0000000090a00000|  0%| F|  |TAMS 0x0000000090900000, 0x0000000090900000| Untracked 
| 266|0x0000000090a00000, 0x0000000090a00000, 0x0000000090b00000|  0%| F|  |TAMS 0x0000000090a00000, 0x0000000090a00000| Untracked 
| 267|0x0000000090b00000, 0x0000000090b00000, 0x0000000090c00000|  0%| F|  |TAMS 0x0000000090b00000, 0x0000000090b00000| Untracked 
| 268|0x0000000090c00000, 0x0000000090c00000, 0x0000000090d00000|  0%| F|  |TAMS 0x0000000090c00000, 0x0000000090c00000| Untracked 
| 269|0x0000000090d00000, 0x0000000090d00000, 0x0000000090e00000|  0%| F|  |TAMS 0x0000000090d00000, 0x0000000090d00000| Untracked 
| 270|0x0000000090e00000, 0x0000000090e00000, 0x0000000090f00000|  0%| F|  |TAMS 0x0000000090e00000, 0x0000000090e00000| Untracked 
| 271|0x0000000090f00000, 0x0000000090f00000, 0x0000000091000000|  0%| F|  |TAMS 0x0000000090f00000, 0x0000000090f00000| Untracked 
| 272|0x0000000091000000, 0x0000000091000000, 0x0000000091100000|  0%| F|  |TAMS 0x0000000091000000, 0x0000000091000000| Untracked 
| 273|0x0000000091100000, 0x0000000091100000, 0x0000000091200000|  0%| F|  |TAMS 0x0000000091100000, 0x0000000091100000| Untracked 
| 274|0x0000000091200000, 0x0000000091200000, 0x0000000091300000|  0%| F|  |TAMS 0x0000000091200000, 0x0000000091200000| Untracked 
| 275|0x0000000091300000, 0x0000000091300000, 0x0000000091400000|  0%| F|  |TAMS 0x0000000091300000, 0x0000000091300000| Untracked 
| 276|0x0000000091400000, 0x0000000091400000, 0x0000000091500000|  0%| F|  |TAMS 0x0000000091400000, 0x0000000091400000| Untracked 
| 277|0x0000000091500000, 0x0000000091500000, 0x0000000091600000|  0%| F|  |TAMS 0x0000000091500000, 0x0000000091500000| Untracked 
| 278|0x0000000091600000, 0x0000000091600000, 0x0000000091700000|  0%| F|  |TAMS 0x0000000091600000, 0x0000000091600000| Untracked 
| 279|0x0000000091700000, 0x0000000091700000, 0x0000000091800000|  0%| F|  |TAMS 0x0000000091700000, 0x0000000091700000| Untracked 
| 280|0x0000000091800000, 0x0000000091800000, 0x0000000091900000|  0%| F|  |TAMS 0x0000000091800000, 0x0000000091800000| Untracked 
| 281|0x0000000091900000, 0x0000000091900000, 0x0000000091a00000|  0%| F|  |TAMS 0x0000000091900000, 0x0000000091900000| Untracked 
| 282|0x0000000091a00000, 0x0000000091a00000, 0x0000000091b00000|  0%| F|  |TAMS 0x0000000091a00000, 0x0000000091a00000| Untracked 
| 283|0x0000000091b00000, 0x0000000091b6e188, 0x0000000091c00000| 43%| S|CS|TAMS 0x0000000091b00000, 0x0000000091b00000| Complete 
| 284|0x0000000091c00000, 0x0000000091d00000, 0x0000000091d00000|100%| S|CS|TAMS 0x0000000091c00000, 0x0000000091c00000| Complete 
| 285|0x0000000091d00000, 0x0000000091e00000, 0x0000000091e00000|100%| S|CS|TAMS 0x0000000091d00000, 0x0000000091d00000| Complete 
| 286|0x0000000091e00000, 0x0000000091f00000, 0x0000000091f00000|100%| S|CS|TAMS 0x0000000091e00000, 0x0000000091e00000| Complete 
| 287|0x0000000091f00000, 0x0000000092000000, 0x0000000092000000|100%| S|CS|TAMS 0x0000000091f00000, 0x0000000091f00000| Complete 
| 288|0x0000000092000000, 0x0000000092100000, 0x0000000092100000|100%| S|CS|TAMS 0x0000000092000000, 0x0000000092000000| Complete 
| 289|0x0000000092100000, 0x0000000092100000, 0x0000000092200000|  0%| F|  |TAMS 0x0000000092100000, 0x0000000092100000| Untracked 
| 290|0x0000000092200000, 0x0000000092200000, 0x0000000092300000|  0%| F|  |TAMS 0x0000000092200000, 0x0000000092200000| Untracked 
| 291|0x0000000092300000, 0x0000000092300000, 0x0000000092400000|  0%| F|  |TAMS 0x0000000092300000, 0x0000000092300000| Untracked 
| 292|0x0000000092400000, 0x0000000092400000, 0x0000000092500000|  0%| F|  |TAMS 0x0000000092400000, 0x0000000092400000| Untracked 
| 293|0x0000000092500000, 0x0000000092500000, 0x0000000092600000|  0%| F|  |TAMS 0x0000000092500000, 0x0000000092500000| Untracked 
| 294|0x0000000092600000, 0x0000000092600000, 0x0000000092700000|  0%| F|  |TAMS 0x0000000092600000, 0x0000000092600000| Untracked 
| 295|0x0000000092700000, 0x0000000092700000, 0x0000000092800000|  0%| F|  |TAMS 0x0000000092700000, 0x0000000092700000| Untracked 
| 296|0x0000000092800000, 0x0000000092800000, 0x0000000092900000|  0%| F|  |TAMS 0x0000000092800000, 0x0000000092800000| Untracked 
| 297|0x0000000092900000, 0x0000000092900000, 0x0000000092a00000|  0%| F|  |TAMS 0x0000000092900000, 0x0000000092900000| Untracked 
| 298|0x0000000092a00000, 0x0000000092a00000, 0x0000000092b00000|  0%| F|  |TAMS 0x0000000092a00000, 0x0000000092a00000| Untracked 
| 299|0x0000000092b00000, 0x0000000092c00000, 0x0000000092c00000|100%| S|CS|TAMS 0x0000000092b00000, 0x0000000092b00000| Complete 
| 300|0x0000000092c00000, 0x0000000092d00000, 0x0000000092d00000|100%| S|CS|TAMS 0x0000000092c00000, 0x0000000092c00000| Complete 
| 301|0x0000000092d00000, 0x0000000092e00000, 0x0000000092e00000|100%| S|CS|TAMS 0x0000000092d00000, 0x0000000092d00000| Complete 
| 302|0x0000000092e00000, 0x0000000092f00000, 0x0000000092f00000|100%| S|CS|TAMS 0x0000000092e00000, 0x0000000092e00000| Complete 
| 303|0x0000000092f00000, 0x0000000093000000, 0x0000000093000000|100%| S|CS|TAMS 0x0000000092f00000, 0x0000000092f00000| Complete 
| 304|0x0000000093000000, 0x0000000093000000, 0x0000000093100000|  0%| F|  |TAMS 0x0000000093000000, 0x0000000093000000| Untracked 
| 305|0x0000000093100000, 0x0000000093100000, 0x0000000093200000|  0%| F|  |TAMS 0x0000000093100000, 0x0000000093100000| Untracked 
| 306|0x0000000093200000, 0x0000000093200000, 0x0000000093300000|  0%| F|  |TAMS 0x0000000093200000, 0x0000000093200000| Untracked 
| 307|0x0000000093300000, 0x0000000093300000, 0x0000000093400000|  0%| F|  |TAMS 0x0000000093300000, 0x0000000093300000| Untracked 
| 308|0x0000000093400000, 0x0000000093400000, 0x0000000093500000|  0%| F|  |TAMS 0x0000000093400000, 0x0000000093400000| Untracked 
| 309|0x0000000093500000, 0x0000000093500000, 0x0000000093600000|  0%| F|  |TAMS 0x0000000093500000, 0x0000000093500000| Untracked 
| 310|0x0000000093600000, 0x0000000093600000, 0x0000000093700000|  0%| F|  |TAMS 0x0000000093600000, 0x0000000093600000| Untracked 
| 311|0x0000000093700000, 0x0000000093700000, 0x0000000093800000|  0%| F|  |TAMS 0x0000000093700000, 0x0000000093700000| Untracked 
| 312|0x0000000093800000, 0x0000000093800000, 0x0000000093900000|  0%| F|  |TAMS 0x0000000093800000, 0x0000000093800000| Untracked 
| 313|0x0000000093900000, 0x0000000093900000, 0x0000000093a00000|  0%| F|  |TAMS 0x0000000093900000, 0x0000000093900000| Untracked 
| 314|0x0000000093a00000, 0x0000000093a00000, 0x0000000093b00000|  0%| F|  |TAMS 0x0000000093a00000, 0x0000000093a00000| Untracked 
| 315|0x0000000093b00000, 0x0000000093b00000, 0x0000000093c00000|  0%| F|  |TAMS 0x0000000093b00000, 0x0000000093b00000| Untracked 
| 316|0x0000000093c00000, 0x0000000093c00000, 0x0000000093d00000|  0%| F|  |TAMS 0x0000000093c00000, 0x0000000093c00000| Untracked 
| 317|0x0000000093d00000, 0x0000000093d00000, 0x0000000093e00000|  0%| F|  |TAMS 0x0000000093d00000, 0x0000000093d00000| Untracked 
| 318|0x0000000093e00000, 0x0000000093e00000, 0x0000000093f00000|  0%| F|  |TAMS 0x0000000093e00000, 0x0000000093e00000| Untracked 
| 319|0x0000000093f00000, 0x0000000093f00000, 0x0000000094000000|  0%| F|  |TAMS 0x0000000093f00000, 0x0000000093f00000| Untracked 
| 320|0x0000000094000000, 0x0000000094000000, 0x0000000094100000|  0%| F|  |TAMS 0x0000000094000000, 0x0000000094000000| Untracked 
| 321|0x0000000094100000, 0x0000000094100000, 0x0000000094200000|  0%| F|  |TAMS 0x0000000094100000, 0x0000000094100000| Untracked 
| 322|0x0000000094200000, 0x0000000094200000, 0x0000000094300000|  0%| F|  |TAMS 0x0000000094200000, 0x0000000094200000| Untracked 
| 323|0x0000000094300000, 0x0000000094300000, 0x0000000094400000|  0%| F|  |TAMS 0x0000000094300000, 0x0000000094300000| Untracked 
| 324|0x0000000094400000, 0x0000000094400000, 0x0000000094500000|  0%| F|  |TAMS 0x0000000094400000, 0x0000000094400000| Untracked 
| 325|0x0000000094500000, 0x0000000094500000, 0x0000000094600000|  0%| F|  |TAMS 0x0000000094500000, 0x0000000094500000| Untracked 
| 326|0x0000000094600000, 0x0000000094600000, 0x0000000094700000|  0%| F|  |TAMS 0x0000000094600000, 0x0000000094600000| Untracked 
| 327|0x0000000094700000, 0x0000000094700000, 0x0000000094800000|  0%| F|  |TAMS 0x0000000094700000, 0x0000000094700000| Untracked 
| 328|0x0000000094800000, 0x0000000094800000, 0x0000000094900000|  0%| F|  |TAMS 0x0000000094800000, 0x0000000094800000| Untracked 
| 329|0x0000000094900000, 0x0000000094900000, 0x0000000094a00000|  0%| F|  |TAMS 0x0000000094900000, 0x0000000094900000| Untracked 
| 330|0x0000000094a00000, 0x0000000094a00000, 0x0000000094b00000|  0%| F|  |TAMS 0x0000000094a00000, 0x0000000094a00000| Untracked 
| 331|0x0000000094b00000, 0x0000000094b00000, 0x0000000094c00000|  0%| F|  |TAMS 0x0000000094b00000, 0x0000000094b00000| Untracked 
| 332|0x0000000094c00000, 0x0000000094c00000, 0x0000000094d00000|  0%| F|  |TAMS 0x0000000094c00000, 0x0000000094c00000| Untracked 
| 333|0x0000000094d00000, 0x0000000094d00000, 0x0000000094e00000|  0%| F|  |TAMS 0x0000000094d00000, 0x0000000094d00000| Untracked 
| 334|0x0000000094e00000, 0x0000000094e00000, 0x0000000094f00000|  0%| F|  |TAMS 0x0000000094e00000, 0x0000000094e00000| Untracked 
| 335|0x0000000094f00000, 0x0000000094f00000, 0x0000000095000000|  0%| F|  |TAMS 0x0000000094f00000, 0x0000000094f00000| Untracked 
| 336|0x0000000095000000, 0x0000000095000000, 0x0000000095100000|  0%| F|  |TAMS 0x0000000095000000, 0x0000000095000000| Untracked 
| 337|0x0000000095100000, 0x0000000095100000, 0x0000000095200000|  0%| F|  |TAMS 0x0000000095100000, 0x0000000095100000| Untracked 
| 338|0x0000000095200000, 0x0000000095200000, 0x0000000095300000|  0%| F|  |TAMS 0x0000000095200000, 0x0000000095200000| Untracked 
| 339|0x0000000095300000, 0x0000000095300000, 0x0000000095400000|  0%| F|  |TAMS 0x0000000095300000, 0x0000000095300000| Untracked 
| 340|0x0000000095400000, 0x0000000095400000, 0x0000000095500000|  0%| F|  |TAMS 0x0000000095400000, 0x0000000095400000| Untracked 
| 341|0x0000000095500000, 0x0000000095500000, 0x0000000095600000|  0%| F|  |TAMS 0x0000000095500000, 0x0000000095500000| Untracked 
| 342|0x0000000095600000, 0x0000000095600000, 0x0000000095700000|  0%| F|  |TAMS 0x0000000095600000, 0x0000000095600000| Untracked 
| 343|0x0000000095700000, 0x0000000095700000, 0x0000000095800000|  0%| F|  |TAMS 0x0000000095700000, 0x0000000095700000| Untracked 
| 344|0x0000000095800000, 0x0000000095800000, 0x0000000095900000|  0%| F|  |TAMS 0x0000000095800000, 0x0000000095800000| Untracked 
| 345|0x0000000095900000, 0x0000000095900000, 0x0000000095a00000|  0%| F|  |TAMS 0x0000000095900000, 0x0000000095900000| Untracked 
| 346|0x0000000095a00000, 0x0000000095ac4da0, 0x0000000095b00000| 76%| E|  |TAMS 0x0000000095a00000, 0x0000000095a00000| Complete 
| 347|0x0000000095b00000, 0x0000000095c00000, 0x0000000095c00000|100%| E|CS|TAMS 0x0000000095b00000, 0x0000000095b00000| Complete 
| 348|0x0000000095c00000, 0x0000000095d00000, 0x0000000095d00000|100%| E|CS|TAMS 0x0000000095c00000, 0x0000000095c00000| Complete 
| 349|0x0000000095d00000, 0x0000000095e00000, 0x0000000095e00000|100%| E|CS|TAMS 0x0000000095d00000, 0x0000000095d00000| Complete 
| 350|0x0000000095e00000, 0x0000000095f00000, 0x0000000095f00000|100%| E|CS|TAMS 0x0000000095e00000, 0x0000000095e00000| Complete 
| 351|0x0000000095f00000, 0x0000000096000000, 0x0000000096000000|100%| E|CS|TAMS 0x0000000095f00000, 0x0000000095f00000| Complete 
| 352|0x0000000096000000, 0x0000000096100000, 0x0000000096100000|100%| E|CS|TAMS 0x0000000096000000, 0x0000000096000000| Complete 
| 353|0x0000000096100000, 0x0000000096200000, 0x0000000096200000|100%| E|CS|TAMS 0x0000000096100000, 0x0000000096100000| Complete 
| 354|0x0000000096200000, 0x0000000096300000, 0x0000000096300000|100%| E|CS|TAMS 0x0000000096200000, 0x0000000096200000| Complete 
| 355|0x0000000096300000, 0x0000000096400000, 0x0000000096400000|100%| E|CS|TAMS 0x0000000096300000, 0x0000000096300000| Complete 
| 356|0x0000000096400000, 0x0000000096500000, 0x0000000096500000|100%| E|CS|TAMS 0x0000000096400000, 0x0000000096400000| Complete 
| 357|0x0000000096500000, 0x0000000096600000, 0x0000000096600000|100%| E|CS|TAMS 0x0000000096500000, 0x0000000096500000| Complete 
| 358|0x0000000096600000, 0x0000000096700000, 0x0000000096700000|100%| E|CS|TAMS 0x0000000096600000, 0x0000000096600000| Complete 
| 359|0x0000000096700000, 0x0000000096800000, 0x0000000096800000|100%| E|CS|TAMS 0x0000000096700000, 0x0000000096700000| Complete 
| 360|0x0000000096800000, 0x0000000096900000, 0x0000000096900000|100%| E|CS|TAMS 0x0000000096800000, 0x0000000096800000| Complete 
| 361|0x0000000096900000, 0x0000000096a00000, 0x0000000096a00000|100%| E|CS|TAMS 0x0000000096900000, 0x0000000096900000| Complete 
| 362|0x0000000096a00000, 0x0000000096b00000, 0x0000000096b00000|100%| E|CS|TAMS 0x0000000096a00000, 0x0000000096a00000| Complete 
| 363|0x0000000096b00000, 0x0000000096c00000, 0x0000000096c00000|100%| E|CS|TAMS 0x0000000096b00000, 0x0000000096b00000| Complete 
| 364|0x0000000096c00000, 0x0000000096d00000, 0x0000000096d00000|100%| E|CS|TAMS 0x0000000096c00000, 0x0000000096c00000| Complete 
| 365|0x0000000096d00000, 0x0000000096e00000, 0x0000000096e00000|100%| E|CS|TAMS 0x0000000096d00000, 0x0000000096d00000| Complete 
| 366|0x0000000096e00000, 0x0000000096f00000, 0x0000000096f00000|100%| E|CS|TAMS 0x0000000096e00000, 0x0000000096e00000| Complete 
| 367|0x0000000096f00000, 0x0000000097000000, 0x0000000097000000|100%| E|CS|TAMS 0x0000000096f00000, 0x0000000096f00000| Complete 
| 368|0x0000000097000000, 0x0000000097100000, 0x0000000097100000|100%| E|CS|TAMS 0x0000000097000000, 0x0000000097000000| Complete 
| 369|0x0000000097100000, 0x0000000097200000, 0x0000000097200000|100%| E|CS|TAMS 0x0000000097100000, 0x0000000097100000| Complete 
| 370|0x0000000097200000, 0x0000000097300000, 0x0000000097300000|100%| E|CS|TAMS 0x0000000097200000, 0x0000000097200000| Complete 
| 371|0x0000000097300000, 0x0000000097400000, 0x0000000097400000|100%| E|CS|TAMS 0x0000000097300000, 0x0000000097300000| Complete 
| 372|0x0000000097400000, 0x0000000097500000, 0x0000000097500000|100%| E|CS|TAMS 0x0000000097400000, 0x0000000097400000| Complete 
| 373|0x0000000097500000, 0x0000000097600000, 0x0000000097600000|100%| E|CS|TAMS 0x0000000097500000, 0x0000000097500000| Complete 
| 374|0x0000000097600000, 0x0000000097700000, 0x0000000097700000|100%| E|CS|TAMS 0x0000000097600000, 0x0000000097600000| Complete 
| 375|0x0000000097700000, 0x0000000097800000, 0x0000000097800000|100%| E|CS|TAMS 0x0000000097700000, 0x0000000097700000| Complete 
| 376|0x0000000097800000, 0x0000000097900000, 0x0000000097900000|100%| E|CS|TAMS 0x0000000097800000, 0x0000000097800000| Complete 
| 377|0x0000000097900000, 0x0000000097a00000, 0x0000000097a00000|100%| E|CS|TAMS 0x0000000097900000, 0x0000000097900000| Complete 
| 378|0x0000000097a00000, 0x0000000097b00000, 0x0000000097b00000|100%| E|CS|TAMS 0x0000000097a00000, 0x0000000097a00000| Complete 
| 379|0x0000000097b00000, 0x0000000097c00000, 0x0000000097c00000|100%| E|CS|TAMS 0x0000000097b00000, 0x0000000097b00000| Complete 
| 380|0x0000000097c00000, 0x0000000097d00000, 0x0000000097d00000|100%| E|CS|TAMS 0x0000000097c00000, 0x0000000097c00000| Complete 
| 381|0x0000000097d00000, 0x0000000097e00000, 0x0000000097e00000|100%| E|CS|TAMS 0x0000000097d00000, 0x0000000097d00000| Complete 
| 382|0x0000000097e00000, 0x0000000097f00000, 0x0000000097f00000|100%| E|CS|TAMS 0x0000000097e00000, 0x0000000097e00000| Complete 
| 383|0x0000000097f00000, 0x0000000098000000, 0x0000000098000000|100%| E|CS|TAMS 0x0000000097f00000, 0x0000000097f00000| Complete 
| 384|0x0000000098000000, 0x0000000098100000, 0x0000000098100000|100%| E|CS|TAMS 0x0000000098000000, 0x0000000098000000| Complete 
| 385|0x0000000098100000, 0x0000000098200000, 0x0000000098200000|100%| E|  |TAMS 0x0000000098100000, 0x0000000098100000| Complete 
| 386|0x0000000098200000, 0x0000000098300000, 0x0000000098300000|100%| E|CS|TAMS 0x0000000098200000, 0x0000000098200000| Complete 
| 387|0x0000000098300000, 0x0000000098400000, 0x0000000098400000|100%| E|CS|TAMS 0x0000000098300000, 0x0000000098300000| Complete 
| 388|0x0000000098400000, 0x0000000098500000, 0x0000000098500000|100%| E|CS|TAMS 0x0000000098400000, 0x0000000098400000| Complete 
| 389|0x0000000098500000, 0x0000000098600000, 0x0000000098600000|100%| E|CS|TAMS 0x0000000098500000, 0x0000000098500000| Complete 
| 390|0x0000000098600000, 0x0000000098700000, 0x0000000098700000|100%| E|CS|TAMS 0x0000000098600000, 0x0000000098600000| Complete 
| 391|0x0000000098700000, 0x0000000098800000, 0x0000000098800000|100%| E|CS|TAMS 0x0000000098700000, 0x0000000098700000| Complete 
| 392|0x0000000098800000, 0x0000000098900000, 0x0000000098900000|100%| E|CS|TAMS 0x0000000098800000, 0x0000000098800000| Complete 
| 393|0x0000000098900000, 0x0000000098a00000, 0x0000000098a00000|100%| E|CS|TAMS 0x0000000098900000, 0x0000000098900000| Complete 
| 394|0x0000000098a00000, 0x0000000098b00000, 0x0000000098b00000|100%| E|CS|TAMS 0x0000000098a00000, 0x0000000098a00000| Complete 
| 395|0x0000000098b00000, 0x0000000098c00000, 0x0000000098c00000|100%| E|CS|TAMS 0x0000000098b00000, 0x0000000098b00000| Complete 
| 396|0x0000000098c00000, 0x0000000098d00000, 0x0000000098d00000|100%| E|CS|TAMS 0x0000000098c00000, 0x0000000098c00000| Complete 
| 397|0x0000000098d00000, 0x0000000098e00000, 0x0000000098e00000|100%| E|CS|TAMS 0x0000000098d00000, 0x0000000098d00000| Complete 
| 398|0x0000000098e00000, 0x0000000098f00000, 0x0000000098f00000|100%| E|CS|TAMS 0x0000000098e00000, 0x0000000098e00000| Complete 
| 399|0x0000000098f00000, 0x0000000099000000, 0x0000000099000000|100%| E|CS|TAMS 0x0000000098f00000, 0x0000000098f00000| Complete 
| 400|0x0000000099000000, 0x0000000099100000, 0x0000000099100000|100%| E|CS|TAMS 0x0000000099000000, 0x0000000099000000| Complete 
| 401|0x0000000099100000, 0x0000000099200000, 0x0000000099200000|100%| E|CS|TAMS 0x0000000099100000, 0x0000000099100000| Complete 
| 402|0x0000000099200000, 0x0000000099300000, 0x0000000099300000|100%| E|CS|TAMS 0x0000000099200000, 0x0000000099200000| Complete 
| 403|0x0000000099300000, 0x0000000099400000, 0x0000000099400000|100%| E|CS|TAMS 0x0000000099300000, 0x0000000099300000| Complete 
| 404|0x0000000099400000, 0x0000000099500000, 0x0000000099500000|100%| E|CS|TAMS 0x0000000099400000, 0x0000000099400000| Complete 
| 405|0x0000000099500000, 0x0000000099600000, 0x0000000099600000|100%| E|CS|TAMS 0x0000000099500000, 0x0000000099500000| Complete 
| 406|0x0000000099600000, 0x0000000099700000, 0x0000000099700000|100%| E|CS|TAMS 0x0000000099600000, 0x0000000099600000| Complete 
| 407|0x0000000099700000, 0x0000000099800000, 0x0000000099800000|100%| E|CS|TAMS 0x0000000099700000, 0x0000000099700000| Complete 
| 408|0x0000000099800000, 0x0000000099900000, 0x0000000099900000|100%| E|CS|TAMS 0x0000000099800000, 0x0000000099800000| Complete 
| 409|0x0000000099900000, 0x0000000099a00000, 0x0000000099a00000|100%| E|CS|TAMS 0x0000000099900000, 0x0000000099900000| Complete 
| 410|0x0000000099a00000, 0x0000000099b00000, 0x0000000099b00000|100%| E|CS|TAMS 0x0000000099a00000, 0x0000000099a00000| Complete 
| 411|0x0000000099b00000, 0x0000000099c00000, 0x0000000099c00000|100%| E|CS|TAMS 0x0000000099b00000, 0x0000000099b00000| Complete 
| 412|0x0000000099c00000, 0x0000000099d00000, 0x0000000099d00000|100%| E|CS|TAMS 0x0000000099c00000, 0x0000000099c00000| Complete 
| 413|0x0000000099d00000, 0x0000000099e00000, 0x0000000099e00000|100%| E|CS|TAMS 0x0000000099d00000, 0x0000000099d00000| Complete 
| 414|0x0000000099e00000, 0x0000000099f00000, 0x0000000099f00000|100%| E|CS|TAMS 0x0000000099e00000, 0x0000000099e00000| Complete 
| 415|0x0000000099f00000, 0x000000009a000000, 0x000000009a000000|100%| E|CS|TAMS 0x0000000099f00000, 0x0000000099f00000| Complete 
| 416|0x000000009a000000, 0x000000009a100000, 0x000000009a100000|100%| E|CS|TAMS 0x000000009a000000, 0x000000009a000000| Complete 
| 417|0x000000009a100000, 0x000000009a200000, 0x000000009a200000|100%| E|CS|TAMS 0x000000009a100000, 0x000000009a100000| Complete 
| 418|0x000000009a200000, 0x000000009a300000, 0x000000009a300000|100%| E|CS|TAMS 0x000000009a200000, 0x000000009a200000| Complete 
| 419|0x000000009a300000, 0x000000009a400000, 0x000000009a400000|100%| E|CS|TAMS 0x000000009a300000, 0x000000009a300000| Complete 
| 420|0x000000009a400000, 0x000000009a500000, 0x000000009a500000|100%| E|CS|TAMS 0x000000009a400000, 0x000000009a400000| Complete 
| 421|0x000000009a500000, 0x000000009a600000, 0x000000009a600000|100%| E|CS|TAMS 0x000000009a500000, 0x000000009a500000| Complete 

Card table byte_map: [0x000002bf55160000,0x000002bf55560000] _byte_map_base: 0x000002bf54d60000

Marking Bits (Prev, Next): (CMBitMap*) 0x000002bf3e27f1d0, (CMBitMap*) 0x000002bf3e27f190
 Prev Bits: [0x000002bf57960000, 0x000002bf59960000)
 Next Bits: [0x000002bf55960000, 0x000002bf57960000)

Polling page: 0x000002bf3bfd0000

Metaspace:

Usage:
  Non-class:    103.59 MB used.
      Class:     16.40 MB used.
       Both:    119.99 MB used.

Virtual space:
  Non-class space:      128.00 MB reserved,     104.50 MB ( 82%) committed,  2 nodes.
      Class space:      416.00 MB reserved,      17.12 MB (  4%) committed,  1 nodes.
             Both:      544.00 MB reserved,     121.62 MB ( 22%) committed. 

Chunk freelists:
   Non-Class:  6.62 MB
       Class:  14.89 MB
        Both:  21.52 MB

MaxMetaspaceSize: 512.00 MB
CompressedClassSpaceSize: 416.00 MB
Initial GC threshold: 21.00 MB
Current GC threshold: 149.06 MB
CDS: on
MetaspaceReclaimPolicy: balanced
 - commit_granule_bytes: 65536.
 - commit_granule_words: 8192.
 - virtual_space_node_default_size: 8388608.
 - enlarge_chunks_in_place: 1.
 - new_chunks_are_fully_committed: 0.
 - uncommit_free_chunks: 1.
 - use_allocation_guard: 0.
 - handle_deallocations: 1.


Internal statistics:

num_allocs_failed_limit: 12.
num_arena_births: 2262.
num_arena_deaths: 0.
num_vsnodes_births: 3.
num_vsnodes_deaths: 0.
num_space_committed: 1945.
num_space_uncommitted: 0.
num_chunks_returned_to_freelist: 12.
num_chunks_taken_from_freelist: 7949.
num_chunk_merges: 12.
num_chunk_splits: 4912.
num_chunks_enlarged: 2836.
num_inconsistent_stats: 0.

CodeHeap 'non-profiled nmethods': size=120000Kb used=12055Kb max_used=12673Kb free=107944Kb
 bounds [0x000002bf4d830000, 0x000002bf4e4a0000, 0x000002bf54d60000]
CodeHeap 'profiled nmethods': size=120000Kb used=32663Kb max_used=32863Kb free=87336Kb
 bounds [0x000002bf45d60000, 0x000002bf47d80000, 0x000002bf4d290000]
CodeHeap 'non-nmethods': size=5760Kb used=2522Kb max_used=2653Kb free=3237Kb
 bounds [0x000002bf4d290000, 0x000002bf4d540000, 0x000002bf4d830000]
 total_blobs=17956 nmethods=16884 adapters=983
 compilation: enabled
              stopped_count=0, restarted_count=0
 full_count=0

Compilation events (20 events):
Event: 2501.621 Thread 0x000002bf5be33d00 nmethod 20378 0x000002bf4e335590 code [0x000002bf4e335720, 0x000002bf4e3357f8]
Event: 2501.621 Thread 0x000002bf5be33d00 20380       3       org.tomlj.QuotedStringVisitor::defaultResult (5 bytes)
Event: 2501.621 Thread 0x000002bf5be33d00 nmethod 20380 0x000002bf461fe790 code [0x000002bf461fe920, 0x000002bf461fea38]
Event: 2501.621 Thread 0x000002bf5be33d00 20381       3       org.antlr.v4.runtime.CodePointCharStream$CodePoint8BitCharStream::getText (50 bytes)
Event: 2501.622 Thread 0x000002bf5be33d00 nmethod 20381 0x000002bf4667e410 code [0x000002bf4667e5c0, 0x000002bf4667e8e8]
Event: 2501.622 Thread 0x000002bf5be33d00 20382       3       org.tomlj.internal.TomlParser$BasicUnescapedContext::accept (26 bytes)
Event: 2501.622 Thread 0x000002bf5be33d00 nmethod 20382 0x000002bf46c4e710 code [0x000002bf46c4e8e0, 0x000002bf46c4ee38]
Event: 2501.622 Thread 0x000002bf5be33d00 20383       3       org.tomlj.QuotedStringVisitor::visitBasicUnescaped (6 bytes)
Event: 2501.622 Thread 0x000002bf5be33d00 nmethod 20383 0x000002bf46e44790 code [0x000002bf46e44960, 0x000002bf46e44c38]
Event: 2501.622 Thread 0x000002bf5be33d00 20384       3       org.tomlj.QuotedStringVisitor::visitBasicUnescaped (12 bytes)
Event: 2501.623 Thread 0x000002bf5be33d00 nmethod 20384 0x000002bf478efd90 code [0x000002bf478eff40, 0x000002bf478f01b8]
Event: 2501.623 Thread 0x000002bf5be33d00 20379       1       org.antlr.v4.runtime.Lexer::setChannel (6 bytes)
Event: 2501.623 Thread 0x000002bf5be33d00 nmethod 20379 0x000002bf4e335090 code [0x000002bf4e335220, 0x000002bf4e3352f8]
Event: 2501.623 Thread 0x000002bf5be33d00 20385   !   3       java.util.concurrent.CopyOnWriteArrayList::add (46 bytes)
Event: 2501.623 Thread 0x000002bf5be33d00 nmethod 20385 0x000002bf468d2190 code [0x000002bf468d2360, 0x000002bf468d2888]
Event: 2501.623 Thread 0x000002bf5be33d00 20386       3       org.antlr.v4.runtime.atn.ATNConfigSet::iterator (8 bytes)
Event: 2501.624 Thread 0x000002bf5be33d00 nmethod 20386 0x000002bf46702910 code [0x000002bf46702ac0, 0x000002bf46702e38]
Event: 2501.624 Thread 0x000002bf5be33d00 20388       3       org.antlr.v4.runtime.Recognizer::<init> (22 bytes)
Event: 2501.624 Thread 0x000002bf5be33d00 nmethod 20388 0x000002bf46d60c90 code [0x000002bf46d60e80, 0x000002bf46d61548]
Event: 2501.624 Thread 0x000002bf5be33d00 20391       3       org.antlr.v4.runtime.atn.LexerATNSimulator::getReachableConfigSet (210 bytes)

GC Heap History (20 events):
Event: 61.398 GC heap before
{Heap before GC invocations=50 (full 0):
 garbage-first heap   total 324608K, used 269514K [0x0000000080000000, 0x0000000100000000)
  region size 1024K, 71 young (72704K), 6 survivors (6144K)
 Metaspace       used 114388K, committed 115776K, reserved 557056K
  class space    used 15850K, committed 16512K, reserved 425984K
}
Event: 61.439 GC heap after
{Heap after GC invocations=51 (full 0):
 garbage-first heap   total 324608K, used 211778K [0x0000000080000000, 0x0000000100000000)
  region size 1024K, 9 young (9216K), 9 survivors (9216K)
 Metaspace       used 114388K, committed 115776K, reserved 557056K
  class space    used 15850K, committed 16512K, reserved 425984K
}
Event: 62.615 GC heap before
{Heap before GC invocations=51 (full 0):
 garbage-first heap   total 324608K, used 269122K [0x0000000080000000, 0x0000000100000000)
  region size 1024K, 65 young (66560K), 9 survivors (9216K)
 Metaspace       used 115302K, committed 116736K, reserved 557056K
  class space    used 15961K, committed 16640K, reserved 425984K
}
Event: 62.672 GC heap after
{Heap after GC invocations=52 (full 0):
 garbage-first heap   total 324608K, used 220340K [0x0000000080000000, 0x0000000100000000)
  region size 1024K, 8 young (8192K), 8 survivors (8192K)
 Metaspace       used 115302K, committed 116736K, reserved 557056K
  class space    used 15961K, committed 16640K, reserved 425984K
}
Event: 63.197 GC heap before
{Heap before GC invocations=52 (full 0):
 garbage-first heap   total 324608K, used 270516K [0x0000000080000000, 0x0000000100000000)
  region size 1024K, 57 young (58368K), 8 survivors (8192K)
 Metaspace       used 115403K, committed 116800K, reserved 557056K
  class space    used 15967K, committed 16640K, reserved 425984K
}
Event: 63.237 GC heap after
{Heap after GC invocations=53 (full 0):
 garbage-first heap   total 324608K, used 224848K [0x0000000080000000, 0x0000000100000000)
  region size 1024K, 5 young (5120K), 5 survivors (5120K)
 Metaspace       used 115403K, committed 116800K, reserved 557056K
  class space    used 15967K, committed 16640K, reserved 425984K
}
Event: 63.796 GC heap before
{Heap before GC invocations=53 (full 0):
 garbage-first heap   total 324608K, used 271952K [0x0000000080000000, 0x0000000100000000)
  region size 1024K, 51 young (52224K), 5 survivors (5120K)
 Metaspace       used 115403K, committed 116800K, reserved 557056K
  class space    used 15967K, committed 16640K, reserved 425984K
}
Event: 63.810 GC heap after
{Heap after GC invocations=54 (full 0):
 garbage-first heap   total 432128K, used 225156K [0x0000000080000000, 0x0000000100000000)
  region size 1024K, 5 young (5120K), 5 survivors (5120K)
 Metaspace       used 115403K, committed 116800K, reserved 557056K
  class space    used 15967K, committed 16640K, reserved 425984K
}
Event: 66.734 GC heap before
{Heap before GC invocations=54 (full 0):
 garbage-first heap   total 432128K, used 349060K [0x0000000080000000, 0x0000000100000000)
  region size 1024K, 127 young (130048K), 5 survivors (5120K)
 Metaspace       used 115504K, committed 116864K, reserved 557056K
  class space    used 15978K, committed 16640K, reserved 425984K
}
Event: 66.773 GC heap after
{Heap after GC invocations=55 (full 0):
 garbage-first heap   total 432128K, used 228466K [0x0000000080000000, 0x0000000100000000)
  region size 1024K, 8 young (8192K), 8 survivors (8192K)
 Metaspace       used 115504K, committed 116864K, reserved 557056K
  class space    used 15978K, committed 16640K, reserved 425984K
}
Event: 68.759 GC heap before
{Heap before GC invocations=55 (full 0):
 garbage-first heap   total 432128K, used 355442K [0x0000000080000000, 0x0000000100000000)
  region size 1024K, 133 young (136192K), 8 survivors (8192K)
 Metaspace       used 115783K, committed 117312K, reserved 557056K
  class space    used 16017K, committed 16704K, reserved 425984K
}
Event: 68.789 GC heap after
{Heap after GC invocations=56 (full 0):
 garbage-first heap   total 432128K, used 233016K [0x0000000080000000, 0x0000000100000000)
  region size 1024K, 13 young (13312K), 13 survivors (13312K)
 Metaspace       used 115783K, committed 117312K, reserved 557056K
  class space    used 16017K, committed 16704K, reserved 425984K
}
Event: 70.617 GC heap before
{Heap before GC invocations=56 (full 0):
 garbage-first heap   total 432128K, used 357944K [0x0000000080000000, 0x0000000100000000)
  region size 1024K, 136 young (139264K), 13 survivors (13312K)
 Metaspace       used 116137K, committed 117696K, reserved 557056K
  class space    used 16048K, committed 16768K, reserved 425984K
}
Event: 70.673 GC heap after
{Heap after GC invocations=57 (full 0):
 garbage-first heap   total 432128K, used 237757K [0x0000000080000000, 0x0000000100000000)
  region size 1024K, 12 young (12288K), 12 survivors (12288K)
 Metaspace       used 116137K, committed 117696K, reserved 557056K
  class space    used 16048K, committed 16768K, reserved 425984K
}
Event: 71.878 GC heap before
{Heap before GC invocations=57 (full 0):
 garbage-first heap   total 432128K, used 360637K [0x0000000080000000, 0x0000000100000000)
  region size 1024K, 133 young (136192K), 12 survivors (12288K)
 Metaspace       used 116167K, committed 117696K, reserved 557056K
  class space    used 16050K, committed 16768K, reserved 425984K
}
Event: 71.915 GC heap after
{Heap after GC invocations=58 (full 0):
 garbage-first heap   total 432128K, used 240962K [0x0000000080000000, 0x0000000100000000)
  region size 1024K, 11 young (11264K), 11 survivors (11264K)
 Metaspace       used 116167K, committed 117696K, reserved 557056K
  class space    used 16050K, committed 16768K, reserved 425984K
}
Event: 95.901 GC heap before
{Heap before GC invocations=58 (full 0):
 garbage-first heap   total 432128K, used 368962K [0x0000000080000000, 0x0000000100000000)
  region size 1024K, 132 young (135168K), 11 survivors (11264K)
 Metaspace       used 120070K, committed 121600K, reserved 557056K
  class space    used 16437K, committed 17152K, reserved 425984K
}
Event: 95.945 GC heap after
{Heap after GC invocations=59 (full 0):
 garbage-first heap   total 432128K, used 245039K [0x0000000080000000, 0x0000000100000000)
  region size 1024K, 10 young (10240K), 10 survivors (10240K)
 Metaspace       used 120070K, committed 121600K, reserved 557056K
  class space    used 16437K, committed 17152K, reserved 425984K
}
Event: 1058.573 GC heap before
{Heap before GC invocations=59 (full 0):
 garbage-first heap   total 432128K, used 364847K [0x0000000080000000, 0x0000000100000000)
  region size 1024K, 128 young (131072K), 10 survivors (10240K)
 Metaspace       used 122585K, committed 124160K, reserved 557056K
  class space    used 16765K, committed 17472K, reserved 425984K
}
Event: 1058.852 GC heap after
{Heap after GC invocations=60 (full 0):
 garbage-first heap   total 432128K, used 248880K [0x0000000080000000, 0x0000000100000000)
  region size 1024K, 11 young (11264K), 11 survivors (11264K)
 Metaspace       used 122585K, committed 124160K, reserved 557056K
  class space    used 16765K, committed 17472K, reserved 425984K
}

Dll operation events (15 events):
Event: 0.017 Loaded shared library C:\Program Files\Microsoft\jdk-17.0.13.11-hotspot\bin\java.dll
Event: 0.034 Loaded shared library C:\Program Files\Microsoft\jdk-17.0.13.11-hotspot\bin\jsvml.dll
Event: 0.090 Loaded shared library C:\Program Files\Microsoft\jdk-17.0.13.11-hotspot\bin\zip.dll
Event: 0.094 Loaded shared library C:\Program Files\Microsoft\jdk-17.0.13.11-hotspot\bin\instrument.dll
Event: 0.099 Loaded shared library C:\Program Files\Microsoft\jdk-17.0.13.11-hotspot\bin\net.dll
Event: 0.100 Loaded shared library C:\Program Files\Microsoft\jdk-17.0.13.11-hotspot\bin\nio.dll
Event: 0.102 Loaded shared library C:\Program Files\Microsoft\jdk-17.0.13.11-hotspot\bin\zip.dll
Event: 0.386 Loaded shared library C:\Program Files\Microsoft\jdk-17.0.13.11-hotspot\bin\jimage.dll
Event: 0.555 Loaded shared library C:\Program Files\Microsoft\jdk-17.0.13.11-hotspot\bin\verify.dll
Event: 0.765 Loaded shared library C:\Users\aliah\.gradle\native\c067742578af261105cb4f569cf0c3c89f3d7b1fecec35dd04571415982c5e48\windows-amd64\native-platform.dll
Event: 0.784 Loaded shared library C:\Users\aliah\.gradle\native\100fb08df4bc3b14c8652ba06237920a3bd2aa13389f12d3474272988ae205f9\windows-amd64\native-platform-file-events.dll
Event: 2.520 Loaded shared library C:\Program Files\Microsoft\jdk-17.0.13.11-hotspot\bin\management.dll
Event: 2.523 Loaded shared library C:\Program Files\Microsoft\jdk-17.0.13.11-hotspot\bin\management_ext.dll
Event: 2.757 Loaded shared library C:\Program Files\Microsoft\jdk-17.0.13.11-hotspot\bin\extnet.dll
Event: 3.152 Loaded shared library C:\Program Files\Microsoft\jdk-17.0.13.11-hotspot\bin\sunmscapi.dll

Deoptimization events (20 events):
Event: 2501.405 Thread 0x000002bf7c1ee6b0 Uncommon trap: trap_request=0xffffff45 fr.pc=0x000002bf4e229e78 relative=0x0000000000004418
Event: 2501.405 Thread 0x000002bf7c1ee6b0 Uncommon trap: reason=unstable_if action=reinterpret pc=0x000002bf4e229e78 method=org.gradle.api.internal.artifacts.ivyservice.modulecache.PersistentModuleMetadataCache.getCache()Lorg/gradle/cache/IndexedCache; @ 4 c2
Event: 2501.405 Thread 0x000002bf7c1ee6b0 DEOPT PACKING pc=0x000002bf4e229e78 sp=0x000000fff36f6580
Event: 2501.405 Thread 0x000002bf7c1ee6b0 DEOPT UNPACKING pc=0x000002bf4d2e69a3 sp=0x000000fff36f64c8 mode 2
Event: 2501.437 Thread 0x000002bf7c1ee6b0 Uncommon trap: trap_request=0xffffffde fr.pc=0x000002bf4e16cd74 relative=0x0000000000000314
Event: 2501.437 Thread 0x000002bf7c1ee6b0 Uncommon trap: reason=class_check action=maybe_recompile pc=0x000002bf4e16cd74 method=org.gradle.api.internal.artifacts.ivyservice.resolveengine.graph.builder.NodeState.isExcluded(Lorg/gradle/api/internal/artifacts/ivyservice/resolveengine/excludes/specs/
Event: 2501.437 Thread 0x000002bf7c1ee6b0 DEOPT PACKING pc=0x000002bf4e16cd74 sp=0x000000fff36f6980
Event: 2501.437 Thread 0x000002bf7c1ee6b0 DEOPT UNPACKING pc=0x000002bf4d2e69a3 sp=0x000000fff36f6930 mode 2
Event: 2501.437 Thread 0x000002bf7c1ee6b0 Uncommon trap: trap_request=0xffffffde fr.pc=0x000002bf4e16cd74 relative=0x0000000000000314
Event: 2501.437 Thread 0x000002bf7c1ee6b0 Uncommon trap: reason=class_check action=maybe_recompile pc=0x000002bf4e16cd74 method=org.gradle.api.internal.artifacts.ivyservice.resolveengine.graph.builder.NodeState.isExcluded(Lorg/gradle/api/internal/artifacts/ivyservice/resolveengine/excludes/specs/
Event: 2501.437 Thread 0x000002bf7c1ee6b0 DEOPT PACKING pc=0x000002bf4e16cd74 sp=0x000000fff36f6980
Event: 2501.437 Thread 0x000002bf7c1ee6b0 DEOPT UNPACKING pc=0x000002bf4d2e69a3 sp=0x000000fff36f6930 mode 2
Event: 2501.437 Thread 0x000002bf7c1ee6b0 Uncommon trap: trap_request=0xffffffde fr.pc=0x000002bf4e16cd74 relative=0x0000000000000314
Event: 2501.437 Thread 0x000002bf7c1ee6b0 Uncommon trap: reason=class_check action=maybe_recompile pc=0x000002bf4e16cd74 method=org.gradle.api.internal.artifacts.ivyservice.resolveengine.graph.builder.NodeState.isExcluded(Lorg/gradle/api/internal/artifacts/ivyservice/resolveengine/excludes/specs/
Event: 2501.437 Thread 0x000002bf7c1ee6b0 DEOPT PACKING pc=0x000002bf4e16cd74 sp=0x000000fff36f6980
Event: 2501.437 Thread 0x000002bf7c1ee6b0 DEOPT UNPACKING pc=0x000002bf4d2e69a3 sp=0x000000fff36f6930 mode 2
Event: 2501.437 Thread 0x000002bf7c1ee6b0 Uncommon trap: trap_request=0xffffffde fr.pc=0x000002bf4e16cd74 relative=0x0000000000000314
Event: 2501.437 Thread 0x000002bf7c1ee6b0 Uncommon trap: reason=class_check action=maybe_recompile pc=0x000002bf4e16cd74 method=org.gradle.api.internal.artifacts.ivyservice.resolveengine.graph.builder.NodeState.isExcluded(Lorg/gradle/api/internal/artifacts/ivyservice/resolveengine/excludes/specs/
Event: 2501.437 Thread 0x000002bf7c1ee6b0 DEOPT PACKING pc=0x000002bf4e16cd74 sp=0x000000fff36f6980
Event: 2501.437 Thread 0x000002bf7c1ee6b0 DEOPT UNPACKING pc=0x000002bf4d2e69a3 sp=0x000000fff36f6930 mode 2

Classes loaded (20 events):
Event: 111.720 Loading class java/io/SerialCallbackContext
Event: 111.721 Loading class java/io/SerialCallbackContext done
Event: 111.736 Loading class java/util/HashMap$UnsafeHolder
Event: 111.737 Loading class java/util/HashMap$UnsafeHolder done
Event: 112.314 Loading class java/util/Locale$1
Event: 112.315 Loading class java/util/Locale$1 done
Event: 112.336 Loading class java/util/concurrent/CompletableFuture$AsyncRun
Event: 112.337 Loading class java/util/concurrent/CompletableFuture$AsyncRun done
Event: 2366.010 Loading class sun/net/ConnectionResetException
Event: 2366.024 Loading class sun/net/ConnectionResetException done
Event: 2366.120 Loading class sun/net/util/SocketExceptions
Event: 2366.141 Loading class sun/net/util/SocketExceptions done
Event: 2500.926 Loading class jdk/internal/math/FormattedFloatingDecimal$Form
Event: 2500.930 Loading class jdk/internal/math/FormattedFloatingDecimal$Form done
Event: 2500.930 Loading class jdk/internal/math/FormattedFloatingDecimal
Event: 2500.937 Loading class jdk/internal/math/FormattedFloatingDecimal done
Event: 2500.937 Loading class jdk/internal/math/FormattedFloatingDecimal$1
Event: 2500.938 Loading class jdk/internal/math/FormattedFloatingDecimal$1 done
Event: 2500.940 Loading class jdk/internal/math/FormattedFloatingDecimal$2
Event: 2500.940 Loading class jdk/internal/math/FormattedFloatingDecimal$2 done

Classes unloaded (0 events):
No events

Classes redefined (0 events):
No events

Internal exceptions (20 events):
Event: 2374.292 Thread 0x000002bf5be29500 Exception <a 'java/net/ConnectException'{0x0000000097e928b0}: Connection refused: connect> (0x0000000097e928b0) 
thrown [s\src\hotspot\share\prims\jni.cpp, line 535]
Event: 2375.304 Thread 0x000002bf5be29500 Exception <a 'java/net/ConnectException'{0x0000000097e955c8}: Connection refused: connect> (0x0000000097e955c8) 
thrown [s\src\hotspot\share\prims\jni.cpp, line 535]
Event: 2375.304 Thread 0x000002bf5be29500 Exception <a 'java/net/ConnectException'{0x0000000097e95b30}: Connection refused: connect> (0x0000000097e95b30) 
thrown [s\src\hotspot\share\prims\jni.cpp, line 535]
Event: 2376.321 Thread 0x000002bf5be29500 Exception <a 'java/net/ConnectException'{0x0000000097e98848}: Connection refused: connect> (0x0000000097e98848) 
thrown [s\src\hotspot\share\prims\jni.cpp, line 535]
Event: 2376.322 Thread 0x000002bf5be29500 Exception <a 'java/net/ConnectException'{0x0000000097e98db0}: Connection refused: connect> (0x0000000097e98db0) 
thrown [s\src\hotspot\share\prims\jni.cpp, line 535]
Event: 2500.994 Thread 0x000002bf7c1ee6b0 Implicit null exception at 0x000002bf4dcc6a60 to 0x000002bf4dcc6bb4
Event: 2501.224 Thread 0x000002bf7c1ee6b0 Exception <a 'sun/nio/fs/WindowsException'{0x000000009739c660}> (0x000000009739c660) 
thrown [s\src\hotspot\share\prims\jni.cpp, line 516]
Event: 2501.226 Thread 0x000002bf7c1ee6b0 Exception <a 'sun/nio/fs/WindowsException'{0x000000009739dbc0}> (0x000000009739dbc0) 
thrown [s\src\hotspot\share\prims\jni.cpp, line 516]
Event: 2501.226 Thread 0x000002bf7c1ee6b0 Exception <a 'sun/nio/fs/WindowsException'{0x000000009739f120}> (0x000000009739f120) 
thrown [s\src\hotspot\share\prims\jni.cpp, line 516]
Event: 2501.227 Thread 0x000002bf7c1ee6b0 Exception <a 'sun/nio/fs/WindowsException'{0x00000000973a0270}> (0x00000000973a0270) 
thrown [s\src\hotspot\share\prims\jni.cpp, line 516]
Event: 2501.316 Thread 0x000002bf7c1ee6b0 Exception <a 'sun/nio/fs/WindowsException'{0x000000009725a5d0}> (0x000000009725a5d0) 
thrown [s\src\hotspot\share\prims\jni.cpp, line 516]
Event: 2501.317 Thread 0x000002bf7c1ee6b0 Exception <a 'sun/nio/fs/WindowsException'{0x000000009725c080}> (0x000000009725c080) 
thrown [s\src\hotspot\share\prims\jni.cpp, line 516]
Event: 2501.318 Thread 0x000002bf7c1ee6b0 Exception <a 'sun/nio/fs/WindowsException'{0x000000009725db30}> (0x000000009725db30) 
thrown [s\src\hotspot\share\prims\jni.cpp, line 516]
Event: 2501.319 Thread 0x000002bf7c1ee6b0 Exception <a 'sun/nio/fs/WindowsException'{0x000000009725f1d0}> (0x000000009725f1d0) 
thrown [s\src\hotspot\share\prims\jni.cpp, line 516]
Event: 2501.608 Thread 0x000002bf7c1ee6b0 Exception <a 'sun/nio/fs/WindowsException'{0x0000000095cdef00}> (0x0000000095cdef00) 
thrown [s\src\hotspot\share\prims\jni.cpp, line 516]
Event: 2501.608 Thread 0x000002bf7c1ee6b0 Exception <a 'sun/nio/fs/WindowsException'{0x0000000095cdf190}> (0x0000000095cdf190) 
thrown [s\src\hotspot\share\prims\jni.cpp, line 516]
Event: 2501.608 Thread 0x000002bf7c1ee6b0 Exception <a 'sun/nio/fs/WindowsException'{0x0000000095ce22d8}> (0x0000000095ce22d8) 
thrown [s\src\hotspot\share\prims\jni.cpp, line 516]
Event: 2501.608 Thread 0x000002bf7c1ee6b0 Exception <a 'sun/nio/fs/WindowsException'{0x0000000095ce2660}> (0x0000000095ce2660) 
thrown [s\src\hotspot\share\prims\jni.cpp, line 516]
Event: 2501.608 Thread 0x000002bf7c1ee6b0 Exception <a 'sun/nio/fs/WindowsException'{0x0000000095ce74e8}> (0x0000000095ce74e8) 
thrown [s\src\hotspot\share\prims\jni.cpp, line 516]
Event: 2501.608 Thread 0x000002bf7c1ee6b0 Exception <a 'sun/nio/fs/WindowsException'{0x0000000095ce7870}> (0x0000000095ce7870) 
thrown [s\src\hotspot\share\prims\jni.cpp, line 516]

VM Operations (20 events):
Event: 2177.749 Executing VM operation: Cleanup
Event: 2177.749 Executing VM operation: Cleanup done
Event: 2314.212 Executing VM operation: Cleanup
Event: 2314.212 Executing VM operation: Cleanup done
Event: 2366.699 Executing VM operation: Cleanup
Event: 2366.699 Executing VM operation: Cleanup done
Event: 2371.735 Executing VM operation: Cleanup
Event: 2371.735 Executing VM operation: Cleanup done
Event: 2373.760 Executing VM operation: Cleanup
Event: 2373.760 Executing VM operation: Cleanup done
Event: 2376.784 Executing VM operation: Cleanup
Event: 2376.784 Executing VM operation: Cleanup done
Event: 2381.818 Executing VM operation: Cleanup
Event: 2381.818 Executing VM operation: Cleanup done
Event: 2437.290 Executing VM operation: Cleanup
Event: 2437.290 Executing VM operation: Cleanup done
Event: 2500.900 Executing VM operation: Cleanup
Event: 2500.900 Executing VM operation: Cleanup done
Event: 2501.581 Executing VM operation: ICBufferFull
Event: 2501.581 Executing VM operation: ICBufferFull done

Memory protections (0 events):
No events

Nmethod flushes (20 events):
Event: 783.293 Thread 0x000002bf5be36620 flushing  nmethod 0x000002bf478ee210
Event: 783.293 Thread 0x000002bf5be36620 flushing  nmethod 0x000002bf478ee690
Event: 783.293 Thread 0x000002bf5be36620 flushing  nmethod 0x000002bf478eeb90
Event: 783.293 Thread 0x000002bf5be36620 flushing  nmethod 0x000002bf478fb390
Event: 783.297 Thread 0x000002bf5be36620 flushing  nmethod 0x000002bf47a61510
Event: 783.297 Thread 0x000002bf5be36620 flushing  nmethod 0x000002bf47a62210
Event: 783.297 Thread 0x000002bf5be36620 flushing  nmethod 0x000002bf47a73690
Event: 783.297 Thread 0x000002bf5be36620 flushing  nmethod 0x000002bf47a73b10
Event: 783.297 Thread 0x000002bf5be36620 flushing  nmethod 0x000002bf47a81410
Event: 783.297 Thread 0x000002bf5be36620 flushing  nmethod 0x000002bf47a89210
Event: 783.297 Thread 0x000002bf5be36620 flushing  nmethod 0x000002bf47a8a190
Event: 783.298 Thread 0x000002bf5be36620 flushing  nmethod 0x000002bf47a8ad90
Event: 783.298 Thread 0x000002bf5be36620 flushing  nmethod 0x000002bf47a8b410
Event: 783.298 Thread 0x000002bf5be36620 flushing  nmethod 0x000002bf47a90e90
Event: 783.298 Thread 0x000002bf5be36620 flushing  nmethod 0x000002bf47a99f10
Event: 783.298 Thread 0x000002bf5be36620 flushing  nmethod 0x000002bf47aa1590
Event: 783.299 Thread 0x000002bf5be36620 flushing  nmethod 0x000002bf47abea10
Event: 783.300 Thread 0x000002bf5be36620 flushing  nmethod 0x000002bf47b13490
Event: 783.300 Thread 0x000002bf5be36620 flushing osr nmethod 0x000002bf47b2ae90
Event: 783.300 Thread 0x000002bf5be36620 flushing  nmethod 0x000002bf47b35610

Events (20 events):
Event: 2382.767 Thread 0x000002bf5be29500 Thread added: 0x000002bf7c1e90a0
Event: 2382.973 Thread 0x000002bf7c1e90a0 Thread exited: 0x000002bf7c1e90a0
Event: 2500.760 Thread 0x000002bf5be27bb0 Thread added: 0x000002bf7c1ed780
Event: 2500.761 Thread 0x000002bf7c1ed780 Thread added: 0x000002bf7c1ebe30
Event: 2500.903 Thread 0x000002bf7c1ed780 Thread added: 0x000002bf7c1ecd60
Event: 2500.910 Thread 0x000002bf7c1ed780 Thread added: 0x000002bf7c1ee6b0
Event: 2500.921 Thread 0x000002bf7c1ee6b0 Thread added: 0x000002bf7c1eebc0
Event: 2500.948 Thread 0x000002bf7c1ee6b0 Thread added: 0x000002bf7c1e95b0
Event: 2500.948 Thread 0x000002bf7c1ee6b0 Thread added: 0x000002bf7c1ec340
Event: 2501.047 Thread 0x000002bf7c1ee6b0 Thread added: 0x000002bf7c1e90a0
Event: 2501.053 Thread 0x000002bf7c1ee6b0 Thread added: 0x000002bf7c1f0a20
Event: 2501.056 Thread 0x000002bf5be33d00 Thread added: 0x000002bf017bd620
Event: 2501.197 Thread 0x000002bf7c1ee6b0 Thread added: 0x000002bf7c1f0000
Event: 2501.204 Thread 0x000002bf7c1ee6b0 Thread added: 0x000002bf7c1e9ac0
Event: 2501.209 Thread 0x000002bf7c1ee6b0 Thread added: 0x000002bf7c1ed270
Event: 2501.296 Thread 0x000002bf7c1ee6b0 Thread added: 0x000002bf7c1ec850
Event: 2501.458 Thread 0x000002bf7c1ee6b0 Thread added: 0x000002bf7c1edc90
Event: 2501.458 Thread 0x000002bf7c1ee6b0 Thread added: 0x000002bf7c1ea4e0
Event: 2501.468 Thread 0x000002bf7c1ee6b0 Thread added: 0x000002bf7c1ee1a0
Event: 2501.468 Thread 0x000002bf7c1ee6b0 Thread added: 0x000002bf7c1ef0d0


Dynamic libraries:
0x00007ff79e840000 - 0x00007ff79e84e000 	C:\Program Files\Microsoft\jdk-17.0.13.11-hotspot\bin\java.exe
0x00007ff8cad30000 - 0x00007ff8caf28000 	C:\WINDOWS\SYSTEM32\ntdll.dll
0x00007ff8c9a70000 - 0x00007ff8c9b32000 	C:\WINDOWS\System32\KERNEL32.DLL
0x00007ff8c84f0000 - 0x00007ff8c87ee000 	C:\WINDOWS\System32\KERNELBASE.dll
0x00007ff8c87f0000 - 0x00007ff8c88f0000 	C:\WINDOWS\System32\ucrtbase.dll
0x00007ff8c5f50000 - 0x00007ff8c5f67000 	C:\Program Files\Microsoft\jdk-17.0.13.11-hotspot\bin\jli.dll
0x00007ff8c2790000 - 0x00007ff8c27ad000 	C:\Program Files\Microsoft\jdk-17.0.13.11-hotspot\bin\VCRUNTIME140.dll
0x00007ff8c9c80000 - 0x00007ff8c9e1d000 	C:\WINDOWS\System32\USER32.dll
0x00007ff8afbc0000 - 0x00007ff8afe5a000 	C:\WINDOWS\WinSxS\amd64_microsoft.windows.common-controls_6595b64144ccf1df_6.0.19041.4355_none_60b8b9eb71f62e16\COMCTL32.dll
0x00007ff8c8c90000 - 0x00007ff8c8cb2000 	C:\WINDOWS\System32\win32u.dll
0x00007ff8c8e90000 - 0x00007ff8c8ebb000 	C:\WINDOWS\System32\GDI32.dll
0x00007ff8c9ec0000 - 0x00007ff8c9f5e000 	C:\WINDOWS\System32\msvcrt.dll
0x00007ff8c8af0000 - 0x00007ff8c8c07000 	C:\WINDOWS\System32\gdi32full.dll
0x00007ff8c8a50000 - 0x00007ff8c8aed000 	C:\WINDOWS\System32\msvcp_win.dll
0x00007ff8c9680000 - 0x00007ff8c96af000 	C:\WINDOWS\System32\IMM32.DLL
0x00007ff8c4fe0000 - 0x00007ff8c4fec000 	C:\Program Files\Microsoft\jdk-17.0.13.11-hotspot\bin\vcruntime140_1.dll
0x00007ff8acc50000 - 0x00007ff8accdd000 	C:\Program Files\Microsoft\jdk-17.0.13.11-hotspot\bin\msvcp140.dll
0x00007ff867b10000 - 0x00007ff868781000 	C:\Program Files\Microsoft\jdk-17.0.13.11-hotspot\bin\server\jvm.dll
0x00007ff8c95c0000 - 0x00007ff8c9671000 	C:\WINDOWS\System32\ADVAPI32.dll
0x00007ff8c9e20000 - 0x00007ff8c9ebf000 	C:\WINDOWS\System32\sechost.dll
0x00007ff8c9b50000 - 0x00007ff8c9c73000 	C:\WINDOWS\System32\RPCRT4.dll
0x00007ff8c8c10000 - 0x00007ff8c8c37000 	C:\WINDOWS\System32\bcrypt.dll
0x00007ff8ca450000 - 0x00007ff8ca4bb000 	C:\WINDOWS\System32\WS2_32.dll
0x00007ff8c7be0000 - 0x00007ff8c7c2b000 	C:\WINDOWS\SYSTEM32\POWRPROF.dll
0x00007ff8c6af0000 - 0x00007ff8c6afa000 	C:\WINDOWS\SYSTEM32\VERSION.dll
0x00007ff8b3810000 - 0x00007ff8b3837000 	C:\WINDOWS\SYSTEM32\WINMM.dll
0x00007ff8c7bc0000 - 0x00007ff8c7bd2000 	C:\WINDOWS\SYSTEM32\UMPDC.dll
0x00007ff8c6c40000 - 0x00007ff8c6c52000 	C:\WINDOWS\SYSTEM32\kernel.appcore.dll
0x00007ff8c4f70000 - 0x00007ff8c4f7a000 	C:\Program Files\Microsoft\jdk-17.0.13.11-hotspot\bin\jimage.dll
0x00007ff8c2de0000 - 0x00007ff8c2fc4000 	C:\WINDOWS\SYSTEM32\DBGHELP.DLL
0x00007ff8c2d20000 - 0x00007ff8c2d54000 	C:\WINDOWS\SYSTEM32\dbgcore.DLL
0x00007ff8c8cc0000 - 0x00007ff8c8d42000 	C:\WINDOWS\System32\bcryptPrimitives.dll
0x00007ff8bd260000 - 0x00007ff8bd26e000 	C:\Program Files\Microsoft\jdk-17.0.13.11-hotspot\bin\instrument.dll
0x00007ff8acc20000 - 0x00007ff8acc45000 	C:\Program Files\Microsoft\jdk-17.0.13.11-hotspot\bin\java.dll
0x00007ff8a8480000 - 0x00007ff8a8557000 	C:\Program Files\Microsoft\jdk-17.0.13.11-hotspot\bin\jsvml.dll
0x00007ff8ca4c0000 - 0x00007ff8cac2d000 	C:\WINDOWS\System32\SHELL32.dll
0x00007ff8c6290000 - 0x00007ff8c6a34000 	C:\WINDOWS\SYSTEM32\windows.storage.dll
0x00007ff8c96b0000 - 0x00007ff8c9a03000 	C:\WINDOWS\System32\combase.dll
0x00007ff8c7e00000 - 0x00007ff8c7e2e000 	C:\WINDOWS\SYSTEM32\Wldp.dll
0x00007ff8c8ff0000 - 0x00007ff8c90bd000 	C:\WINDOWS\System32\OLEAUT32.dll
0x00007ff8c8de0000 - 0x00007ff8c8e8d000 	C:\WINDOWS\System32\SHCORE.dll
0x00007ff8cac30000 - 0x00007ff8cac85000 	C:\WINDOWS\System32\shlwapi.dll
0x00007ff8c8300000 - 0x00007ff8c8324000 	C:\WINDOWS\SYSTEM32\profapi.dll
0x00007ff8b7e70000 - 0x00007ff8b7e88000 	C:\Program Files\Microsoft\jdk-17.0.13.11-hotspot\bin\zip.dll
0x00007ff8beea0000 - 0x00007ff8beeba000 	C:\Program Files\Microsoft\jdk-17.0.13.11-hotspot\bin\net.dll
0x00007ff8c4960000 - 0x00007ff8c4a6d000 	C:\WINDOWS\SYSTEM32\WINHTTP.dll
0x00007ff8c7af0000 - 0x00007ff8c7b5a000 	C:\WINDOWS\system32\mswsock.dll
0x00007ff8bd940000 - 0x00007ff8bd956000 	C:\Program Files\Microsoft\jdk-17.0.13.11-hotspot\bin\nio.dll
0x00007ff8c27b0000 - 0x00007ff8c27c0000 	C:\Program Files\Microsoft\jdk-17.0.13.11-hotspot\bin\verify.dll
0x00007ff8a8fe0000 - 0x00007ff8a9007000 	C:\Users\aliah\.gradle\native\c067742578af261105cb4f569cf0c3c89f3d7b1fecec35dd04571415982c5e48\windows-amd64\native-platform.dll
0x00007ff87c1f0000 - 0x00007ff87c334000 	C:\Users\aliah\.gradle\native\100fb08df4bc3b14c8652ba06237920a3bd2aa13389f12d3474272988ae205f9\windows-amd64\native-platform-file-events.dll
0x00007ff8c0310000 - 0x00007ff8c031a000 	C:\Program Files\Microsoft\jdk-17.0.13.11-hotspot\bin\management.dll
0x00007ff8bfdd0000 - 0x00007ff8bfddb000 	C:\Program Files\Microsoft\jdk-17.0.13.11-hotspot\bin\management_ext.dll
0x00007ff8c9b40000 - 0x00007ff8c9b48000 	C:\WINDOWS\System32\PSAPI.DLL
0x00007ff8c7d50000 - 0x00007ff8c7d68000 	C:\WINDOWS\SYSTEM32\CRYPTSP.dll
0x00007ff8c73b0000 - 0x00007ff8c73e4000 	C:\WINDOWS\system32\rsaenh.dll
0x00007ff8c82c0000 - 0x00007ff8c82ee000 	C:\WINDOWS\SYSTEM32\USERENV.dll
0x00007ff8c7d70000 - 0x00007ff8c7d7c000 	C:\WINDOWS\SYSTEM32\CRYPTBASE.dll
0x00007ff8c7770000 - 0x00007ff8c77ab000 	C:\WINDOWS\SYSTEM32\IPHLPAPI.DLL
0x00007ff8c9420000 - 0x00007ff8c9428000 	C:\WINDOWS\System32\NSI.dll
0x00007ff8be120000 - 0x00007ff8be137000 	C:\WINDOWS\SYSTEM32\dhcpcsvc6.DLL
0x00007ff8be4d0000 - 0x00007ff8be4ed000 	C:\WINDOWS\SYSTEM32\dhcpcsvc.DLL
0x00007ff8c77b0000 - 0x00007ff8c787a000 	C:\WINDOWS\SYSTEM32\DNSAPI.dll
0x00007ff8bd350000 - 0x00007ff8bd359000 	C:\Program Files\Microsoft\jdk-17.0.13.11-hotspot\bin\extnet.dll
0x00007ff8bef50000 - 0x00007ff8bef5e000 	C:\Program Files\Microsoft\jdk-17.0.13.11-hotspot\bin\sunmscapi.dll
0x00007ff8c88f0000 - 0x00007ff8c8a4c000 	C:\WINDOWS\System32\CRYPT32.dll
0x00007ff8c7e70000 - 0x00007ff8c7e97000 	C:\WINDOWS\SYSTEM32\ncrypt.dll
0x00007ff8c7e30000 - 0x00007ff8c7e6b000 	C:\WINDOWS\SYSTEM32\NTASN1.dll
0x00007ff8bee70000 - 0x00007ff8bee77000 	C:\WINDOWS\system32\wshunix.dll
0x0000000066bf0000 - 0x0000000066c16000 	C:\Program Files\Bonjour\mdnsNSP.dll
0x00007ff8be110000 - 0x00007ff8be11a000 	C:\Windows\System32\rasadhlp.dll
0x00007ff8bc500000 - 0x00007ff8bc580000 	C:\WINDOWS\System32\fwpuclnt.dll
0x00007ff8b0450000 - 0x00007ff8b0467000 	C:\WINDOWS\system32\napinsp.dll
0x00007ff8b0430000 - 0x00007ff8b044b000 	C:\WINDOWS\system32\pnrpnsp.dll
0x00007ff8c1e60000 - 0x00007ff8c1e75000 	C:\WINDOWS\system32\wshbth.dll
0x00007ff8c2a60000 - 0x00007ff8c2a7d000 	C:\WINDOWS\system32\NLAapi.dll
0x00007ff8b0410000 - 0x00007ff8b0422000 	C:\WINDOWS\System32\winrnr.dll

dbghelp: loaded successfully - version: 4.0.5 - missing functions: none
symbol engine: initialized successfully - sym options: 0x614 - pdb path: .;C:\Program Files\Microsoft\jdk-17.0.13.11-hotspot\bin;C:\WINDOWS\SYSTEM32;C:\WINDOWS\WinSxS\amd64_microsoft.windows.common-controls_6595b64144ccf1df_6.0.19041.4355_none_60b8b9eb71f62e16;C:\Program Files\Microsoft\jdk-17.0.13.11-hotspot\bin\server;C:\Users\aliah\.gradle\native\c067742578af261105cb4f569cf0c3c89f3d7b1fecec35dd04571415982c5e48\windows-amd64;C:\Users\aliah\.gradle\native\100fb08df4bc3b14c8652ba06237920a3bd2aa13389f12d3474272988ae205f9\windows-amd64;C:\Program Files\Bonjour

VM Arguments:
jvm_args: --add-opens=java.base/java.lang=ALL-UNNAMED --add-opens=java.base/java.lang.invoke=ALL-UNNAMED --add-opens=java.base/java.util=ALL-UNNAMED --add-opens=java.prefs/java.util.prefs=ALL-UNNAMED --add-exports=jdk.compiler/com.sun.tools.javac.api=ALL-UNNAMED --add-exports=jdk.compiler/com.sun.tools.javac.util=ALL-UNNAMED --add-opens=java.base/java.util=ALL-UNNAMED --add-opens=java.prefs/java.util.prefs=ALL-UNNAMED --add-opens=java.base/java.nio.charset=ALL-UNNAMED --add-opens=java.base/java.net=ALL-UNNAMED --add-opens=java.base/java.util.concurrent.atomic=ALL-UNNAMED --add-opens=java.xml/javax.xml.namespace=ALL-UNNAMED -XX:MaxMetaspaceSize=512m -Xmx2048m -Dfile.encoding=windows-1252 -Duser.country=US -Duser.language=en -Duser.variant -javaagent:C:\Users\aliah\.gradle\wrapper\dists\gradle-8.11.1-bin\bpt9gzteqjrbo1mjrsomdt32c\gradle-8.11.1\lib\agents\gradle-instrumentation-agent-8.11.1.jar 
java_command: org.gradle.launcher.daemon.bootstrap.GradleDaemon 8.11.1
java_class_path (initial): C:\Users\aliah\.gradle\wrapper\dists\gradle-8.11.1-bin\bpt9gzteqjrbo1mjrsomdt32c\gradle-8.11.1\lib\gradle-daemon-main-8.11.1.jar
Launcher Type: SUN_STANDARD

[Global flags]
     intx CICompilerCount                          = 3                                         {product} {ergonomic}
   size_t CompressedClassSpaceSize                 = 436207616                                 {product} {ergonomic}
     uint ConcGCThreads                            = 1                                         {product} {ergonomic}
     uint G1ConcRefinementThreads                  = 4                                         {product} {ergonomic}
   size_t G1HeapRegionSize                         = 1048576                                   {product} {ergonomic}
    uintx GCDrainStackTargetSize                   = 64                                        {product} {ergonomic}
   size_t InitialHeapSize                          = 132120576                                 {product} {ergonomic}
   size_t MarkStackSize                            = 4194304                                   {product} {ergonomic}
   size_t MaxHeapSize                              = 2147483648                                {product} {command line}
   size_t MaxMetaspaceSize                         = 536870912                                 {product} {command line}
   size_t MaxNewSize                               = 1287651328                                {product} {ergonomic}
   size_t MinHeapDeltaBytes                        = 1048576                                   {product} {ergonomic}
   size_t MinHeapSize                              = 8388608                                   {product} {ergonomic}
    uintx NonNMethodCodeHeapSize                   = 5832780                                {pd product} {ergonomic}
    uintx NonProfiledCodeHeapSize                  = 122912730                              {pd product} {ergonomic}
    uintx ProfiledCodeHeapSize                     = 122912730                              {pd product} {ergonomic}
    uintx ReservedCodeCacheSize                    = 251658240                              {pd product} {ergonomic}
     bool SegmentedCodeCache                       = true                                      {product} {ergonomic}
   size_t SoftMaxHeapSize                          = 2147483648                             {manageable} {ergonomic}
     bool UseCompressedClassPointers               = true                           {product lp64_product} {ergonomic}
     bool UseCompressedOops                        = true                           {product lp64_product} {ergonomic}
     bool UseG1GC                                  = true                                      {product} {ergonomic}
     bool UseLargePagesIndividualAllocation        = false                                  {pd product} {ergonomic}

Logging:
Log output configuration:
 #0: stdout all=warning uptime,level,tags
 #1: stderr all=off uptime,level,tags

Environment Variables:
JAVA_HOME=C:\Program Files\Microsoft\jdk-17.0.13.11-hotspot\
CLASSPATH=D:\React Native\MyProject\android\\gradle\wrapper\gradle-wrapper.jar
PATH=D:\React Native\MyProject\node_modules\.bin;D:\React Native\MyProject\node_modules\.bin;D:\React Native\node_modules\.bin;D:\node_modules\.bin;C:\Users\aliah\AppData\Roaming\npm\node_modules\npm\node_modules\@npmcli\run-script\lib\node-gyp-bin;D:\React Native\MyProject\node_modules\.bin;D:\React Native\node_modules\.bin;D:\node_modules\.bin;C:\Users\aliah\AppData\Roaming\npm\node_modules\npm\node_modules\@npmcli\run-script\lib\node-gyp-bin;C:\Program Files\Microsoft\jdk-17.0.13.11-hotspot\bin;C:\WINDOWS\system32;C:\WINDOWS;C:\WINDOWS\System32\Wbem;C:\WINDOWS\System32\WindowsPowerShell\v1.0\;C:\WINDOWS\System32\OpenSSH\;C:\Program Files\nodejs\;C:\Program Files\Git\cmd;C:\Users\aliah\AppData\Local\Android\Sdk\emulator;C:\Users\aliah\AppData\Local\Android\Sdk;C:\Users\aliah\AppData\Local\Android\Sdk\platform-tools;C:\ProgramData\chocolatey\bin;D:\React Native\MyProject\android\gradle-8.11.1\bin;C:\Users\aliah\AppData\Local\Microsoft\WindowsApps;C:\Users\aliah\AppData\Local\Programs\Microsoft VS Code\bin;C:\Users\aliah\AppData\Roaming\npm;C:\Program Files\Microsoft\jdk-17.0.13.11-hotspot\bin;D:\React Native\MyProject\android\gradle-8.11.1\bin;
USERNAME=aliah
OS=Windows_NT
PROCESSOR_IDENTIFIER=Intel64 Family 6 Model 142 Stepping 9, GenuineIntel
TMP=C:\Users\aliah\AppData\Local\Temp
TEMP=C:\Users\aliah\AppData\Local\Temp



Periodic native trim disabled


---------------  S Y S T E M  ---------------

OS:
 Windows 10 , 64 bit Build 19041 (10.0.19041.5198)
OS uptime: 2 days 0:56 hours

CPU: total 4 (initial active 4) (2 cores per cpu, 2 threads per core) family 6 model 142 stepping 9 microcode 0xf0, cx8, cmov, fxsr, ht, mmx, 3dnowpref, sse, sse2, sse3, ssse3, sse4.1, sse4.2, popcnt, lzcnt, tsc, tscinvbit, avx, avx2, aes, erms, clmul, bmi1, bmi2, adx, fma, vzeroupper, clflush, clflushopt
Processor Information for the first 4 processors :
  Max Mhz: 2904, Current Mhz: 2703, Mhz Limit: 2700

Memory: 4k page, system-wide physical 8042M (768M free)
TotalPageFile size 12138M (AvailPageFile size 5M)
current process WorkingSet (physical memory assigned to process): 349M, peak: 687M
current process commit charge ("private bytes"): 812M, peak: 814M

vm_info: OpenJDK 64-Bit Server VM (17.0.13+11-LTS) for windows-amd64 JRE (17.0.13+11-LTS), built on Oct 11 2024 23:25:05 by "MicrosoftCorporation" with unknown MS VC++:1939

END.
