#
# There is insufficient memory for the Java Runtime Environment to continue.
# Native memory allocation (malloc) failed to allocate 32744 bytes. Error detail: ChunkPool::allocate
# Possible reasons:
#   The system is out of physical RAM or swap space
#   This process is running with CompressedOops enabled, and the Java Heap may be blocking the growth of the native heap
# Possible solutions:
#   Reduce memory load on the system
#   Increase physical memory or swap space
#   Check if swap backing store is full
#   Decrease Java heap size (-Xmx/-Xms)
#   Decrease number of Java threads
#   Decrease Java thread stack sizes (-Xss)
#   Set larger code cache with -XX:ReservedCodeCacheSize=
#   JVM is running with Zero Based Compressed Oops mode in which the Java heap is
#     placed in the first 32GB address space. The Java Heap base address is the
#     maximum limit for the native heap growth. Please use -XX:HeapBaseMinAddress
#     to set the Java Heap base and to place the Java Heap above 32GB virtual address.
# This output file may be truncated or incomplete.
#
#  Out of Memory Error (arena.cpp:79), pid=10800, tid=5780
#
# JRE version: OpenJDK Runtime Environment Microsoft-10376486 (17.0.13+11) (build 17.0.13+11-LTS)
# Java VM: OpenJDK 64-Bit Server VM Microsoft-10376486 (17.0.13+11-LTS, mixed mode, sharing, tiered, compressed oops, compressed class ptrs, g1 gc, windows-amd64)
# No core dump will be written. Minidumps are not enabled by default on client versions of Windows
#

---------------  S U M M A R Y ------------

Command Line: --add-opens=java.base/java.lang=ALL-UNNAMED --add-opens=java.base/java.lang.invoke=ALL-UNNAMED --add-opens=java.base/java.util=ALL-UNNAMED --add-opens=java.prefs/java.util.prefs=ALL-UNNAMED --add-exports=jdk.compiler/com.sun.tools.javac.api=ALL-UNNAMED --add-exports=jdk.compiler/com.sun.tools.javac.util=ALL-UNNAMED --add-opens=java.base/java.util=ALL-UNNAMED --add-opens=java.prefs/java.util.prefs=ALL-UNNAMED --add-opens=java.base/java.nio.charset=ALL-UNNAMED --add-opens=java.base/java.net=ALL-UNNAMED --add-opens=java.base/java.util.concurrent.atomic=ALL-UNNAMED --add-opens=java.xml/javax.xml.namespace=ALL-UNNAMED -XX:MaxMetaspaceSize=512m -Xmx4g -Dfile.encoding=windows-1252 -Duser.country=US -Duser.language=en -Duser.variant -javaagent:C:\Users\aliah\.gradle\wrapper\dists\gradle-8.11.1-bin\bpt9gzteqjrbo1mjrsomdt32c\gradle-8.11.1\lib\agents\gradle-instrumentation-agent-8.11.1.jar org.gradle.launcher.daemon.bootstrap.GradleDaemon 8.11.1

Host: Intel(R) Core(TM) i7-7500U CPU @ 2.70GHz, 4 cores, 7G,  Windows 10 , 64 bit Build 19041 (10.0.19041.5198)
Time: Wed Feb 12 19:50:33 2025 Pakistan Standard Time elapsed time: 68.513881 seconds (0d 0h 1m 8s)

---------------  T H R E A D  ---------------

Current thread (0x000001788b4eaf40):  JavaThread "C2 CompilerThread0" daemon [_thread_in_native, id=5780, stack(0x0000004310000000,0x0000004310100000)]


Current CompileTask:
C2:  68513 20147       4       java.nio.file.Paths::get (6 bytes)

Stack: [0x0000004310000000,0x0000004310100000]
Native frames: (J=compiled Java code, j=interpreted, Vv=VM code, C=native code)
V  [jvm.dll+0x687fc9]
V  [jvm.dll+0x83eeb8]
V  [jvm.dll+0x840963]
V  [jvm.dll+0x840fd3]
V  [jvm.dll+0x24951f]
V  [jvm.dll+0xad2cc]
V  [jvm.dll+0xad75c]
V  [jvm.dll+0x61303e]
V  [jvm.dll+0x6131df]
V  [jvm.dll+0x6131df]
V  [jvm.dll+0x6131df]
V  [jvm.dll+0x618a7c]
V  [jvm.dll+0x619976]
V  [jvm.dll+0x617e3c]
V  [jvm.dll+0x21a5c0]
V  [jvm.dll+0x219b7f]
V  [jvm.dll+0x1a5506]
V  [jvm.dll+0x22a1ca]
V  [jvm.dll+0x22830b]
V  [jvm.dll+0x7f4708]
V  [jvm.dll+0x7eea6c]
V  [jvm.dll+0x686ea7]
C  [ucrtbase.dll+0x21bb2]
C  [KERNEL32.DLL+0x17374]
C  [ntdll.dll+0x4cc91]


---------------  P R O C E S S  ---------------

Threads class SMR info:
_java_thread_list=0x00000178b6efcc20, length=109, elements={
0x00000178e8bd3070, 0x000001788b4c95d0, 0x000001788b4ca360, 0x000001788b4dfe30,
0x000001788b4e0bc0, 0x000001788b4e44b0, 0x000001788b4e6d90, 0x000001788b4eaf40,
0x000001788b4f5920, 0x000001788b500e10, 0x000001788b602a40, 0x000001788b6b9490,
0x00000178ac7c7850, 0x00000178acc69420, 0x00000178acc0ac40, 0x00000178ac809880,
0x00000178ac8a2cf0, 0x00000178acbab3d0, 0x00000178acba9060, 0x00000178acbab8e0,
0x00000178acbaa9b0, 0x00000178acbac810, 0x00000178acba9570, 0x00000178acba9a80,
0x00000178acbabdf0, 0x00000178acba9f90, 0x00000178acbaa4a0, 0x00000178aeec03d0,
0x00000178aeec08e0, 0x00000178aeec3b80, 0x00000178aeebf4a0, 0x00000178aeec4090,
0x00000178aeec45a0, 0x00000178aeebef90, 0x00000178aeec0df0, 0x00000178aeebf9b0,
0x00000178aeec4fc0, 0x00000178aeebfec0, 0x00000178aeec1300, 0x00000178aeec1810,
0x00000178aeec3670, 0x00000178aeec54d0, 0x00000178aeec2230, 0x00000178aeec59e0,
0x00000178aeec2740, 0x00000178ae562250, 0x00000178ae5640b0, 0x00000178ae5645c0,
0x00000178ae5603f0, 0x00000178ae55e590, 0x00000178ae565f10, 0x00000178ae55eaa0,
0x00000178ae562c70, 0x00000178ae55f4c0, 0x00000178ae55efb0, 0x00000178ae561320,
0x00000178ae55fee0, 0x00000178ae5654f0, 0x00000178ae560900, 0x00000178ae564ad0,
0x00000178ae560e10, 0x00000178ae565a00, 0x00000178ae561830, 0x00000178ae561d40,
0x00000178abb9f310, 0x00000178abb9ca90, 0x00000178abb9c580, 0x00000178abb9a720,
0x00000178abb9cfa0, 0x00000178abb997f0, 0x00000178abb9e3e0, 0x00000178abb9d4b0,
0x00000178abb992e0, 0x00000178abb9ded0, 0x00000178abb9b650, 0x00000178abb9ac30,
0x00000178abb9e8f0, 0x00000178abb9ee00, 0x00000178abb9f820, 0x00000178abb9bb60,
0x00000178abb9fd30, 0x00000178abba0240, 0x00000178abb9d9c0, 0x00000178abb99d00,
0x00000178abb9b140, 0x00000178abba0750, 0x00000178abb9c070, 0x00000178abc41cb0,
0x00000178abc40d80, 0x00000178aeebe570, 0x00000178ae563ba0, 0x00000178abba0c60,
0x00000178b1a8e300, 0x00000178b1a8cec0, 0x00000178b1a8ddf0, 0x00000178b1a8c9b0,
0x00000178b1a8d8e0, 0x00000178b1a8d3d0, 0x00000178b1a8e810, 0x00000178b1a8b060,
0x00000178b1a8b570, 0x00000178b1a8ba80, 0x00000178b1a8bf90, 0x00000178b1a8c4a0,
0x00000178b0b28e30, 0x00000178b0b29850, 0x00000178b0b2ac90, 0x00000178b0b28410,
0x00000178b0b2b1a0
}

Java Threads: ( => current thread )
  0x00000178e8bd3070 JavaThread "main" [_thread_blocked, id=11100, stack(0x000000430f300000,0x000000430f400000)]
  0x000001788b4c95d0 JavaThread "Reference Handler" daemon [_thread_blocked, id=16048, stack(0x000000430fa00000,0x000000430fb00000)]
  0x000001788b4ca360 JavaThread "Finalizer" daemon [_thread_blocked, id=13512, stack(0x000000430fb00000,0x000000430fc00000)]
  0x000001788b4dfe30 JavaThread "Signal Dispatcher" daemon [_thread_blocked, id=17120, stack(0x000000430fc00000,0x000000430fd00000)]
  0x000001788b4e0bc0 JavaThread "Attach Listener" daemon [_thread_blocked, id=16964, stack(0x000000430fd00000,0x000000430fe00000)]
  0x000001788b4e44b0 JavaThread "Service Thread" daemon [_thread_blocked, id=6312, stack(0x000000430fe00000,0x000000430ff00000)]
  0x000001788b4e6d90 JavaThread "Monitor Deflation Thread" daemon [_thread_blocked, id=12500, stack(0x000000430ff00000,0x0000004310000000)]
=>0x000001788b4eaf40 JavaThread "C2 CompilerThread0" daemon [_thread_in_native, id=5780, stack(0x0000004310000000,0x0000004310100000)]
  0x000001788b4f5920 JavaThread "C1 CompilerThread0" daemon [_thread_blocked, id=7844, stack(0x0000004310100000,0x0000004310200000)]
  0x000001788b500e10 JavaThread "Sweeper thread" daemon [_thread_blocked, id=13456, stack(0x0000004310200000,0x0000004310300000)]
  0x000001788b602a40 JavaThread "Common-Cleaner" daemon [_thread_blocked, id=16152, stack(0x0000004310300000,0x0000004310400000)]
  0x000001788b6b9490 JavaThread "Notification Thread" daemon [_thread_blocked, id=3528, stack(0x0000004310400000,0x0000004310500000)]
  0x00000178ac7c7850 JavaThread "Daemon health stats" [_thread_blocked, id=15740, stack(0x0000004310a00000,0x0000004310b00000)]
  0x00000178acc69420 JavaThread "Incoming local TCP Connector on port 62304" [_thread_in_native, id=15920, stack(0x0000004310600000,0x0000004310700000)]
  0x00000178acc0ac40 JavaThread "Daemon periodic checks" [_thread_blocked, id=3020, stack(0x0000004310b00000,0x0000004310c00000)]
  0x00000178ac809880 JavaThread "Daemon" [_thread_blocked, id=6208, stack(0x0000004310c00000,0x0000004310d00000)]
  0x00000178ac8a2cf0 JavaThread "Handler for socket connection from /127.0.0.1:62304 to /127.0.0.1:62305" [_thread_in_native, id=5132, stack(0x0000004310d00000,0x0000004310e00000)]
  0x00000178acbab3d0 JavaThread "Cancel handler" [_thread_blocked, id=6456, stack(0x0000004310e00000,0x0000004310f00000)]
  0x00000178acba9060 JavaThread "Daemon worker" [_thread_blocked, id=1108, stack(0x0000004310f00000,0x0000004311000000)]
  0x00000178acbab8e0 JavaThread "Asynchronous log dispatcher for DefaultDaemonConnection: socket connection from /127.0.0.1:62304 to /127.0.0.1:62305" [_thread_blocked, id=1176, stack(0x0000004311000000,0x0000004311100000)]
  0x00000178acbaa9b0 JavaThread "Stdin handler" [_thread_blocked, id=3080, stack(0x0000004311100000,0x0000004311200000)]
  0x00000178acbac810 JavaThread "Daemon client event forwarder" [_thread_blocked, id=10540, stack(0x0000004311200000,0x0000004311300000)]
  0x00000178acba9570 JavaThread "Cache worker for journal cache (C:\Users\aliah\.gradle\caches\journal-1)" [_thread_blocked, id=2520, stack(0x0000004311400000,0x0000004311500000)]
  0x00000178acba9a80 JavaThread "File lock request listener" [_thread_in_native, id=13600, stack(0x0000004311500000,0x0000004311600000)]
  0x00000178acbabdf0 JavaThread "Cache worker for file hash cache (C:\Users\aliah\.gradle\caches\8.11.1\fileHashes)" [_thread_blocked, id=11056, stack(0x0000004311600000,0x0000004311700000)]
  0x00000178acba9f90 JavaThread "Cache worker for file content cache (C:\Users\aliah\.gradle\caches\8.11.1\fileContent)" [_thread_blocked, id=14356, stack(0x0000004311700000,0x0000004311800000)]
  0x00000178acbaa4a0 JavaThread "Cache worker for file hash cache (D:\React Native\MyProject\android\.gradle\8.11.1\fileHashes)" [_thread_blocked, id=5200, stack(0x0000004311800000,0x0000004311900000)]
  0x00000178aeec03d0 JavaThread "Cache worker for Build Output Cleanup Cache (D:\React Native\MyProject\android\.gradle\buildOutputCleanup)" [_thread_blocked, id=11944, stack(0x0000004311900000,0x0000004311a00000)]
  0x00000178aeec08e0 JavaThread "File watcher server" daemon [_thread_in_native, id=12816, stack(0x0000004311a00000,0x0000004311b00000)]
  0x00000178aeec3b80 JavaThread "File watcher consumer" daemon [_thread_blocked, id=12856, stack(0x0000004311b00000,0x0000004311c00000)]
  0x00000178aeebf4a0 JavaThread "Cache worker for checksums cache (D:\React Native\MyProject\android\.gradle\8.11.1\checksums)" [_thread_blocked, id=7752, stack(0x0000004311c00000,0x0000004311d00000)]
  0x00000178aeec4090 JavaThread "Cache worker for cache directory md-rule (C:\Users\aliah\.gradle\caches\8.11.1\md-rule)" [_thread_blocked, id=16932, stack(0x0000004311d00000,0x0000004311e00000)]
  0x00000178aeec45a0 JavaThread "Cache worker for cache directory md-supplier (C:\Users\aliah\.gradle\caches\8.11.1\md-supplier)" [_thread_blocked, id=16232, stack(0x0000004311e00000,0x0000004311f00000)]
  0x00000178aeebef90 JavaThread "jar transforms" [_thread_blocked, id=15616, stack(0x0000004312000000,0x0000004312100000)]
  0x00000178aeec0df0 JavaThread "Cache worker for Build Output Cleanup Cache (D:\React Native\MyProject\node_modules\@react-native\gradle-plugin\.gradle\buildOutputCleanup)" [_thread_blocked, id=11476, stack(0x0000004312100000,0x0000004312200000)]
  0x00000178aeebf9b0 JavaThread "Unconstrained build operations" [_thread_blocked, id=16584, stack(0x0000004312200000,0x0000004312300000)]
  0x00000178aeec4fc0 JavaThread "Unconstrained build operations Thread 2" [_thread_blocked, id=15684, stack(0x0000004312300000,0x0000004312400000)]
  0x00000178aeebfec0 JavaThread "Unconstrained build operations Thread 3" [_thread_blocked, id=13548, stack(0x0000004312400000,0x0000004312500000)]
  0x00000178aeec1300 JavaThread "Unconstrained build operations Thread 4" [_thread_blocked, id=13708, stack(0x0000004312500000,0x0000004312600000)]
  0x00000178aeec1810 JavaThread "Unconstrained build operations Thread 5" [_thread_blocked, id=13568, stack(0x0000004312600000,0x0000004312700000)]
  0x00000178aeec3670 JavaThread "Unconstrained build operations Thread 6" [_thread_blocked, id=8496, stack(0x0000004312700000,0x0000004312800000)]
  0x00000178aeec54d0 JavaThread "Unconstrained build operations Thread 7" [_thread_blocked, id=12012, stack(0x0000004312800000,0x0000004312900000)]
  0x00000178aeec2230 JavaThread "Unconstrained build operations Thread 8" [_thread_blocked, id=14716, stack(0x0000004312900000,0x0000004312a00000)]
  0x00000178aeec59e0 JavaThread "Unconstrained build operations Thread 9" [_thread_blocked, id=8492, stack(0x0000004312a00000,0x0000004312b00000)]
  0x00000178aeec2740 JavaThread "Unconstrained build operations Thread 10" [_thread_blocked, id=5248, stack(0x0000004312b00000,0x0000004312c00000)]
  0x00000178ae562250 JavaThread "Unconstrained build operations Thread 11" [_thread_blocked, id=14808, stack(0x0000004312c00000,0x0000004312d00000)]
  0x00000178ae5640b0 JavaThread "Unconstrained build operations Thread 12" [_thread_blocked, id=9720, stack(0x0000004312d00000,0x0000004312e00000)]
  0x00000178ae5645c0 JavaThread "Unconstrained build operations Thread 13" [_thread_blocked, id=8592, stack(0x0000004312e00000,0x0000004312f00000)]
  0x00000178ae5603f0 JavaThread "Unconstrained build operations Thread 14" [_thread_blocked, id=11464, stack(0x0000004312f00000,0x0000004313000000)]
  0x00000178ae55e590 JavaThread "Unconstrained build operations Thread 15" [_thread_blocked, id=5244, stack(0x0000004313000000,0x0000004313100000)]
  0x00000178ae565f10 JavaThread "Memory manager" [_thread_blocked, id=1152, stack(0x0000004313100000,0x0000004313200000)]
  0x00000178ae55eaa0 JavaThread "build event listener" [_thread_blocked, id=4076, stack(0x0000004313200000,0x0000004313300000)]
  0x00000178ae562c70 JavaThread "ForkJoinPool.commonPool-worker-1" daemon [_thread_blocked, id=14488, stack(0x0000004313300000,0x0000004313400000)]
  0x00000178ae55f4c0 JavaThread "ForkJoinPool.commonPool-worker-2" daemon [_thread_blocked, id=13228, stack(0x0000004313400000,0x0000004313500000)]
  0x00000178ae55efb0 JavaThread "ForkJoinPool.commonPool-worker-3" daemon [_thread_blocked, id=10884, stack(0x0000004313500000,0x0000004313600000)]
  0x00000178ae561320 JavaThread "included builds" [_thread_blocked, id=7972, stack(0x0000004313600000,0x0000004313700000)]
  0x00000178ae55fee0 JavaThread "Execution worker" [_thread_blocked, id=2912, stack(0x0000004313700000,0x0000004313800000)]
  0x00000178ae5654f0 JavaThread "Execution worker Thread 2" [_thread_blocked, id=14676, stack(0x0000004313800000,0x0000004313900000)]
  0x00000178ae560900 JavaThread "Execution worker Thread 3" [_thread_blocked, id=13024, stack(0x0000004313900000,0x0000004313a00000)]
  0x00000178ae564ad0 JavaThread "Cache worker for execution history cache (D:\React Native\MyProject\node_modules\@react-native\gradle-plugin\.gradle\8.11.1\executionHistory)" [_thread_blocked, id=16072, stack(0x0000004313a00000,0x0000004313b00000)]
  0x00000178ae560e10 JavaThread "Unconstrained build operations Thread 16" [_thread_blocked, id=6356, stack(0x0000004313b00000,0x0000004313c00000)]
  0x00000178ae565a00 JavaThread "Unconstrained build operations Thread 17" [_thread_blocked, id=4176, stack(0x0000004313c00000,0x0000004313d00000)]
  0x00000178ae561830 JavaThread "Unconstrained build operations Thread 18" [_thread_blocked, id=8552, stack(0x0000004313d00000,0x0000004313e00000)]
  0x00000178ae561d40 JavaThread "Unconstrained build operations Thread 19" [_thread_blocked, id=17344, stack(0x0000004313e00000,0x0000004313f00000)]
  0x00000178abb9f310 JavaThread "Unconstrained build operations Thread 20" [_thread_blocked, id=15524, stack(0x0000004313f00000,0x0000004314000000)]
  0x00000178abb9ca90 JavaThread "Unconstrained build operations Thread 21" [_thread_blocked, id=7412, stack(0x0000004314000000,0x0000004314100000)]
  0x00000178abb9c580 JavaThread "Unconstrained build operations Thread 22" [_thread_blocked, id=3760, stack(0x0000004314100000,0x0000004314200000)]
  0x00000178abb9a720 JavaThread "Unconstrained build operations Thread 23" [_thread_blocked, id=10896, stack(0x0000004314200000,0x0000004314300000)]
  0x00000178abb9cfa0 JavaThread "Unconstrained build operations Thread 24" [_thread_blocked, id=11556, stack(0x0000004314300000,0x0000004314400000)]
  0x00000178abb997f0 JavaThread "Unconstrained build operations Thread 25" [_thread_blocked, id=13784, stack(0x0000004314400000,0x0000004314500000)]
  0x00000178abb9e3e0 JavaThread "Unconstrained build operations Thread 26" [_thread_blocked, id=10828, stack(0x0000004314500000,0x0000004314600000)]
  0x00000178abb9d4b0 JavaThread "Unconstrained build operations Thread 27" [_thread_blocked, id=15960, stack(0x0000004314600000,0x0000004314700000)]
  0x00000178abb992e0 JavaThread "Unconstrained build operations Thread 28" [_thread_blocked, id=5048, stack(0x0000004314700000,0x0000004314800000)]
  0x00000178abb9ded0 JavaThread "Unconstrained build operations Thread 29" [_thread_blocked, id=12292, stack(0x0000004314800000,0x0000004314900000)]
  0x00000178abb9b650 JavaThread "Unconstrained build operations Thread 30" [_thread_blocked, id=1480, stack(0x0000004314900000,0x0000004314a00000)]
  0x00000178abb9ac30 JavaThread "Unconstrained build operations Thread 31" [_thread_blocked, id=11248, stack(0x0000004314a00000,0x0000004314b00000)]
  0x00000178abb9e8f0 JavaThread "Unconstrained build operations Thread 32" [_thread_blocked, id=11568, stack(0x0000004314b00000,0x0000004314c00000)]
  0x00000178abb9ee00 JavaThread "Unconstrained build operations Thread 33" [_thread_blocked, id=11332, stack(0x0000004314c00000,0x0000004314d00000)]
  0x00000178abb9f820 JavaThread "Unconstrained build operations Thread 34" [_thread_blocked, id=8864, stack(0x0000004314d00000,0x0000004314e00000)]
  0x00000178abb9bb60 JavaThread "Unconstrained build operations Thread 35" [_thread_blocked, id=13276, stack(0x0000004314e00000,0x0000004314f00000)]
  0x00000178abb9fd30 JavaThread "Unconstrained build operations Thread 36" [_thread_blocked, id=452, stack(0x0000004314f00000,0x0000004315000000)]
  0x00000178abba0240 JavaThread "jar transforms Thread 2" [_thread_blocked, id=7224, stack(0x0000004315000000,0x0000004315100000)]
  0x00000178abb9d9c0 JavaThread "jar transforms Thread 3" [_thread_blocked, id=16916, stack(0x0000004315100000,0x0000004315200000)]
  0x00000178abb99d00 JavaThread "Unconstrained build operations Thread 37" [_thread_blocked, id=11000, stack(0x0000004315200000,0x0000004315300000)]
  0x00000178abb9b140 JavaThread "Unconstrained build operations Thread 38" [_thread_blocked, id=16404, stack(0x0000004315300000,0x0000004315400000)]
  0x00000178abba0750 JavaThread "Unconstrained build operations Thread 39" [_thread_blocked, id=14868, stack(0x0000004315400000,0x0000004315500000)]
  0x00000178abb9c070 JavaThread "Unconstrained build operations Thread 40" [_thread_blocked, id=13532, stack(0x0000004315500000,0x0000004315600000)]
  0x00000178abc41cb0 JavaThread "jar transforms Thread 4" [_thread_blocked, id=13352, stack(0x0000004315600000,0x0000004315700000)]
  0x00000178abc40d80 JavaThread "build event listener" [_thread_blocked, id=13696, stack(0x0000004315700000,0x0000004315800000)]
  0x00000178aeebe570 JavaThread "Cache worker for execution history cache (D:\React Native\MyProject\android\.gradle\8.11.1\executionHistory)" [_thread_blocked, id=5588, stack(0x0000004315b00000,0x0000004315c00000)]
  0x00000178ae563ba0 JavaThread "WorkerExecutor Queue" [_thread_in_native, id=7300, stack(0x0000004315c00000,0x0000004315d00000)]
  0x00000178abba0c60 JavaThread "RMI Scheduler(0)" daemon [_thread_blocked, id=16448, stack(0x0000004311300000,0x0000004311400000)]
  0x00000178b1a8e300 JavaThread "RMI RenewClean-[127.0.0.1:17964,org.jetbrains.kotlin.daemon.common.LoopbackNetworkInterface$ClientLoopbackSocketFactory@7387bd86]" daemon [_thread_blocked, id=12748, stack(0x0000004315d00000,0x0000004315e00000)]
  0x00000178b1a8cec0 JavaThread "RMI GC Daemon" daemon [_thread_blocked, id=13444, stack(0x0000004315e00000,0x0000004315f00000)]
  0x00000178b1a8ddf0 JavaThread "WorkerExecutor Queue Thread 2" [_thread_blocked, id=4988, stack(0x0000004315f00000,0x0000004316000000)]
  0x00000178b1a8c9b0 JavaThread "RMI TCP Accept-0" daemon [_thread_in_native, id=14688, stack(0x0000004316000000,0x0000004316100000)]
  0x00000178b1a8d8e0 JavaThread "RMI Reaper" [_thread_blocked, id=10248, stack(0x0000004316100000,0x0000004316200000)]
  0x00000178b1a8d3d0 JavaThread "RMI TCP Connection(idle)" daemon [_thread_blocked, id=16436, stack(0x0000004316300000,0x0000004316400000)]
  0x00000178b1a8e810 JavaThread "RMI RenewClean-[127.0.0.1:17964,org.jetbrains.kotlin.daemon.common.LoopbackNetworkInterface$ClientLoopbackSocketFactory@6cb61c39]" daemon [_thread_blocked, id=9620, stack(0x0000004316400000,0x0000004316500000)]
  0x00000178b1a8b060 JavaThread "RMI TCP Connection(idle)" daemon [_thread_blocked, id=2168, stack(0x0000004316500000,0x0000004316600000)]
  0x00000178b1a8b570 JavaThread "WorkerExecutor Queue Thread 3" [_thread_in_native, id=12608, stack(0x0000004316600000,0x0000004316700000)]
  0x00000178b1a8ba80 JavaThread "RMI RenewClean-[127.0.0.1:17964,org.jetbrains.kotlin.daemon.common.LoopbackNetworkInterface$ClientLoopbackSocketFactory@29453f55]" daemon [_thread_blocked, id=14668, stack(0x0000004316700000,0x0000004316800000)]
  0x00000178b1a8bf90 JavaThread "RMI TCP Connection(idle)" daemon [_thread_blocked, id=9120, stack(0x0000004316800000,0x0000004316900000)]
  0x00000178b1a8c4a0 JavaThread "WorkerExecutor Queue Thread 4" [_thread_in_native, id=9580, stack(0x0000004316900000,0x0000004316a00000)]
  0x00000178b0b28e30 JavaThread "RMI RenewClean-[127.0.0.1:17964,org.jetbrains.kotlin.daemon.common.LoopbackNetworkInterface$ClientLoopbackSocketFactory@43c97de7]" daemon [_thread_blocked, id=15200, stack(0x0000004316a00000,0x0000004316b00000)]
  0x00000178b0b29850 JavaThread "RMI TCP Connection(idle)" daemon [_thread_blocked, id=13808, stack(0x0000004316b00000,0x0000004316c00000)]
  0x00000178b0b2ac90 JavaThread "Thread-77" [_thread_in_native, id=17208, stack(0x000000430f200000,0x000000430f300000)]
  0x00000178b0b28410 JavaThread "Thread-79" [_thread_in_native, id=3652, stack(0x0000004316c00000,0x0000004316d00000)]
  0x00000178b0b2b1a0 JavaThread "Thread-80" [_thread_in_native, id=9012, stack(0x0000004316d00000,0x0000004316e00000)]

Other Threads:
  0x000001788b4c4010 VMThread "VM Thread" [stack: 0x000000430f900000,0x000000430fa00000] [id=15936]
  0x00000178e8bd4e10 WatcherThread [stack: 0x0000004310500000,0x0000004310600000] [id=15888]
  0x00000178e8c3e8e0 GCTaskThread "GC Thread#0" [stack: 0x000000430f400000,0x000000430f500000] [id=7728]
  0x000001788b8309f0 GCTaskThread "GC Thread#1" [stack: 0x0000004310700000,0x0000004310800000] [id=2724]
  0x000001788b830cb0 GCTaskThread "GC Thread#2" [stack: 0x0000004310800000,0x0000004310900000] [id=13196]
  0x00000178ab081850 GCTaskThread "GC Thread#3" [stack: 0x0000004310900000,0x0000004310a00000] [id=9272]
  0x00000178e8c4f740 ConcurrentGCThread "G1 Main Marker" [stack: 0x000000430f500000,0x000000430f600000] [id=3996]
  0x00000178e8c50810 ConcurrentGCThread "G1 Conc#0" [stack: 0x000000430f600000,0x000000430f700000] [id=13072]
  0x00000178e8c8d010 ConcurrentGCThread "G1 Refine#0" [stack: 0x000000430f700000,0x000000430f800000] [id=2648]
  0x00000178ad5fa450 ConcurrentGCThread "G1 Refine#1" [stack: 0x0000004311f00000,0x0000004312000000] [id=8848]
  0x00000178af25c1a0 ConcurrentGCThread "G1 Refine#2" [stack: 0x0000004315800000,0x0000004315900000] [id=11068]
  0x00000178af25a440 ConcurrentGCThread "G1 Refine#3" [stack: 0x0000004315900000,0x0000004315a00000] [id=8756]
  0x00000178e8c8d950 ConcurrentGCThread "G1 Service" [stack: 0x000000430f800000,0x000000430f900000] [id=3492]

Threads with active compile tasks:
C2 CompilerThread0    68556 20147       4       java.nio.file.Paths::get (6 bytes)

VM state: not at safepoint (normal execution)

VM Mutex/Monitor currently owned by a thread: None

Heap address: 0x0000000700000000, size: 4096 MB, Compressed Oops mode: Zero based, Oop shift amount: 3

CDS archive(s) mapped at: [0x000001788c000000-0x000001788cbb0000-0x000001788cbb0000), size 12255232, SharedBaseAddress: 0x000001788c000000, ArchiveRelocationMode: 1.
Compressed class space mapped at: 0x000001788d000000-0x00000178a7000000, reserved size: 436207616
Narrow klass base: 0x000001788c000000, Narrow klass shift: 0, Narrow klass range: 0x100000000

GC Precious Log:
 CPUs: 4 total, 4 available
 Memory: 8042M
 Large Page Support: Disabled
 NUMA Support: Disabled
 Compressed Oops: Enabled (Zero based)
 Heap Region Size: 2M
 Heap Min Capacity: 8M
 Heap Initial Capacity: 126M
 Heap Max Capacity: 4G
 Pre-touch: Disabled
 Parallel Workers: 4
 Concurrent Workers: 1
 Concurrent Refinement Workers: 4
 Periodic GC: Disabled

Heap:
 garbage-first heap   total 696320K, used 328175K [0x0000000700000000, 0x0000000800000000)
  region size 2048K, 33 young (67584K), 12 survivors (24576K)
 Metaspace       used 119359K, committed 121152K, reserved 557056K
  class space    used 16629K, committed 17472K, reserved 425984K

Heap Regions: E=young(eden), S=young(survivor), O=old, HS=humongous(starts), HC=humongous(continues), CS=collection set, F=free, OA=open archive, CA=closed archive, TAMS=top-at-mark-start (previous, next)
|   0|0x0000000700000000, 0x0000000700200000, 0x0000000700200000|100%|HS|  |TAMS 0x0000000700200000, 0x0000000700000000| Complete 
|   1|0x0000000700200000, 0x0000000700400000, 0x0000000700400000|100%|HC|  |TAMS 0x0000000700400000, 0x0000000700200000| Complete 
|   2|0x0000000700400000, 0x0000000700600000, 0x0000000700600000|100%| O|  |TAMS 0x0000000700600000, 0x0000000700400000| Untracked 
|   3|0x0000000700600000, 0x0000000700800000, 0x0000000700800000|100%| O|  |TAMS 0x0000000700800000, 0x0000000700600000| Untracked 
|   4|0x0000000700800000, 0x0000000700a00000, 0x0000000700a00000|100%| O|  |TAMS 0x0000000700a00000, 0x0000000700800000| Untracked 
|   5|0x0000000700a00000, 0x0000000700c00000, 0x0000000700c00000|100%| O|  |TAMS 0x0000000700c00000, 0x0000000700a00000| Untracked 
|   6|0x0000000700c00000, 0x0000000700e00000, 0x0000000700e00000|100%| O|  |TAMS 0x0000000700e00000, 0x0000000700c00000| Untracked 
|   7|0x0000000700e00000, 0x0000000701000000, 0x0000000701000000|100%| O|  |TAMS 0x0000000701000000, 0x0000000700e00000| Untracked 
|   8|0x0000000701000000, 0x0000000701200000, 0x0000000701200000|100%| O|  |TAMS 0x0000000701200000, 0x0000000701000000| Untracked 
|   9|0x0000000701200000, 0x0000000701400000, 0x0000000701400000|100%| O|  |TAMS 0x0000000701400000, 0x0000000701200000| Untracked 
|  10|0x0000000701400000, 0x0000000701600000, 0x0000000701600000|100%| O|  |TAMS 0x0000000701600000, 0x0000000701400000| Untracked 
|  11|0x0000000701600000, 0x0000000701800000, 0x0000000701800000|100%| O|  |TAMS 0x0000000701800000, 0x0000000701600000| Untracked 
|  12|0x0000000701800000, 0x0000000701a00000, 0x0000000701a00000|100%| O|  |TAMS 0x0000000701a00000, 0x0000000701800000| Untracked 
|  13|0x0000000701a00000, 0x0000000701c00000, 0x0000000701c00000|100%| O|  |TAMS 0x0000000701c00000, 0x0000000701a00000| Untracked 
|  14|0x0000000701c00000, 0x0000000701e00000, 0x0000000701e00000|100%| O|  |TAMS 0x0000000701e00000, 0x0000000701c00000| Untracked 
|  15|0x0000000701e00000, 0x0000000702000000, 0x0000000702000000|100%| O|  |TAMS 0x0000000702000000, 0x0000000701e00000| Untracked 
|  16|0x0000000702000000, 0x00000007020c1000, 0x0000000702200000| 37%| O|  |TAMS 0x00000007020c1000, 0x0000000702000000| Untracked 
|  17|0x0000000702200000, 0x0000000702400000, 0x0000000702400000|100%|HS|  |TAMS 0x0000000702400000, 0x0000000702200000| Complete 
|  18|0x0000000702400000, 0x0000000702600000, 0x0000000702600000|100%|HS|  |TAMS 0x0000000702600000, 0x0000000702400000| Complete 
|  19|0x0000000702600000, 0x0000000702800000, 0x0000000702800000|100%| O|  |TAMS 0x0000000702800000, 0x0000000702600000| Untracked 
|  20|0x0000000702800000, 0x0000000702a00000, 0x0000000702a00000|100%| O|  |TAMS 0x0000000702a00000, 0x0000000702800000| Untracked 
|  21|0x0000000702a00000, 0x0000000702c00000, 0x0000000702c00000|100%| O|  |TAMS 0x0000000702c00000, 0x0000000702a00000| Untracked 
|  22|0x0000000702c00000, 0x0000000702e00000, 0x0000000702e00000|100%|HS|  |TAMS 0x0000000702e00000, 0x0000000702c00000| Complete 
|  23|0x0000000702e00000, 0x0000000703000000, 0x0000000703000000|100%|HC|  |TAMS 0x0000000703000000, 0x0000000702e00000| Complete 
|  24|0x0000000703000000, 0x0000000703200000, 0x0000000703200000|100%|HS|  |TAMS 0x0000000703200000, 0x0000000703000000| Complete 
|  25|0x0000000703200000, 0x0000000703400000, 0x0000000703400000|100%|HC|  |TAMS 0x0000000703400000, 0x0000000703200000| Complete 
|  26|0x0000000703400000, 0x0000000703600000, 0x0000000703600000|100%| O|  |TAMS 0x0000000703600000, 0x0000000703400000| Untracked 
|  27|0x0000000703600000, 0x0000000703800000, 0x0000000703800000|100%| O|  |TAMS 0x0000000703800000, 0x0000000703600000| Complete 
|  28|0x0000000703800000, 0x0000000703a00000, 0x0000000703a00000|100%| O|  |TAMS 0x0000000703a00000, 0x0000000703800000| Untracked 
|  29|0x0000000703a00000, 0x0000000703c00000, 0x0000000703c00000|100%| O|  |TAMS 0x0000000703c00000, 0x0000000703a00000| Untracked 
|  30|0x0000000703c00000, 0x0000000703e00000, 0x0000000703e00000|100%| O|  |TAMS 0x0000000703e00000, 0x0000000703c00000| Untracked 
|  31|0x0000000703e00000, 0x0000000704000000, 0x0000000704000000|100%| O|  |TAMS 0x0000000704000000, 0x0000000703e00000| Untracked 
|  32|0x0000000704000000, 0x0000000704200000, 0x0000000704200000|100%| O|  |TAMS 0x0000000704200000, 0x0000000704000000| Untracked 
|  33|0x0000000704200000, 0x0000000704400000, 0x0000000704400000|100%| O|  |TAMS 0x0000000704400000, 0x0000000704200000| Untracked 
|  34|0x0000000704400000, 0x0000000704600000, 0x0000000704600000|100%| O|  |TAMS 0x0000000704600000, 0x0000000704400000| Untracked 
|  35|0x0000000704600000, 0x0000000704800000, 0x0000000704800000|100%|HS|  |TAMS 0x0000000704800000, 0x0000000704600000| Complete 
|  36|0x0000000704800000, 0x0000000704a00000, 0x0000000704a00000|100%| O|  |TAMS 0x0000000704a00000, 0x0000000704800000| Untracked 
|  37|0x0000000704a00000, 0x0000000704c00000, 0x0000000704c00000|100%| O|  |TAMS 0x0000000704c00000, 0x0000000704a00000| Untracked 
|  38|0x0000000704c00000, 0x0000000704e00000, 0x0000000704e00000|100%| O|  |TAMS 0x0000000704e00000, 0x0000000704c00000| Untracked 
|  39|0x0000000704e00000, 0x0000000705000000, 0x0000000705000000|100%| O|  |TAMS 0x0000000705000000, 0x0000000704e00000| Untracked 
|  40|0x0000000705000000, 0x0000000705200000, 0x0000000705200000|100%| O|  |TAMS 0x0000000705200000, 0x0000000705000000| Untracked 
|  41|0x0000000705200000, 0x0000000705400000, 0x0000000705400000|100%| O|  |TAMS 0x0000000705400000, 0x0000000705200000| Untracked 
|  42|0x0000000705400000, 0x0000000705600000, 0x0000000705600000|100%| O|  |TAMS 0x0000000705600000, 0x0000000705400000| Untracked 
|  43|0x0000000705600000, 0x0000000705800000, 0x0000000705800000|100%| O|  |TAMS 0x0000000705800000, 0x0000000705600000| Untracked 
|  44|0x0000000705800000, 0x0000000705a00000, 0x0000000705a00000|100%| O|  |TAMS 0x0000000705a00000, 0x0000000705800000| Untracked 
|  45|0x0000000705a00000, 0x0000000705c00000, 0x0000000705c00000|100%| O|  |TAMS 0x0000000705c00000, 0x0000000705a00000| Untracked 
|  46|0x0000000705c00000, 0x0000000705e00000, 0x0000000705e00000|100%| O|  |TAMS 0x0000000705e00000, 0x0000000705c00000| Untracked 
|  47|0x0000000705e00000, 0x0000000706000000, 0x0000000706000000|100%| O|  |TAMS 0x0000000706000000, 0x0000000705e00000| Untracked 
|  48|0x0000000706000000, 0x0000000706200000, 0x0000000706200000|100%| O|  |TAMS 0x0000000706200000, 0x0000000706000000| Untracked 
|  49|0x0000000706200000, 0x0000000706400000, 0x0000000706400000|100%| O|  |TAMS 0x0000000706400000, 0x0000000706200000| Untracked 
|  50|0x0000000706400000, 0x0000000706600000, 0x0000000706600000|100%| O|  |TAMS 0x0000000706600000, 0x0000000706400000| Untracked 
|  51|0x0000000706600000, 0x0000000706800000, 0x0000000706800000|100%| O|  |TAMS 0x0000000706800000, 0x0000000706600000| Untracked 
|  52|0x0000000706800000, 0x0000000706a00000, 0x0000000706a00000|100%| O|  |TAMS 0x0000000706a00000, 0x0000000706800000| Untracked 
|  53|0x0000000706a00000, 0x0000000706c00000, 0x0000000706c00000|100%| O|  |TAMS 0x0000000706c00000, 0x0000000706a00000| Untracked 
|  54|0x0000000706c00000, 0x0000000706e00000, 0x0000000706e00000|100%|HS|  |TAMS 0x0000000706e00000, 0x0000000706c00000| Complete 
|  55|0x0000000706e00000, 0x0000000707000000, 0x0000000707000000|100%| O|  |TAMS 0x0000000707000000, 0x0000000706e00000| Untracked 
|  56|0x0000000707000000, 0x0000000707200000, 0x0000000707200000|100%| O|  |TAMS 0x0000000707200000, 0x0000000707000000| Untracked 
|  57|0x0000000707200000, 0x0000000707400000, 0x0000000707400000|100%| O|  |TAMS 0x0000000707400000, 0x0000000707200000| Untracked 
|  58|0x0000000707400000, 0x0000000707600000, 0x0000000707600000|100%| O|  |TAMS 0x0000000707600000, 0x0000000707400000| Untracked 
|  59|0x0000000707600000, 0x0000000707800000, 0x0000000707800000|100%| O|  |TAMS 0x0000000707800000, 0x0000000707600000| Untracked 
|  60|0x0000000707800000, 0x0000000707a00000, 0x0000000707a00000|100%| O|  |TAMS 0x0000000707a00000, 0x0000000707800000| Untracked 
|  61|0x0000000707a00000, 0x0000000707c00000, 0x0000000707c00000|100%| O|  |TAMS 0x0000000707c00000, 0x0000000707a00000| Untracked 
|  62|0x0000000707c00000, 0x0000000707e00000, 0x0000000707e00000|100%| O|  |TAMS 0x0000000707e00000, 0x0000000707c00000| Untracked 
|  63|0x0000000707e00000, 0x0000000708000000, 0x0000000708000000|100%| O|  |TAMS 0x0000000708000000, 0x0000000707e00000| Untracked 
|  64|0x0000000708000000, 0x0000000708200000, 0x0000000708200000|100%| O|  |TAMS 0x0000000708200000, 0x0000000708000000| Untracked 
|  65|0x0000000708200000, 0x0000000708400000, 0x0000000708400000|100%| O|  |TAMS 0x0000000708400000, 0x0000000708200000| Untracked 
|  66|0x0000000708400000, 0x0000000708600000, 0x0000000708600000|100%| O|  |TAMS 0x0000000708600000, 0x0000000708400000| Untracked 
|  67|0x0000000708600000, 0x0000000708800000, 0x0000000708800000|100%| O|  |TAMS 0x0000000708800000, 0x0000000708600000| Untracked 
|  68|0x0000000708800000, 0x0000000708a00000, 0x0000000708a00000|100%| O|  |TAMS 0x0000000708a00000, 0x0000000708800000| Untracked 
|  69|0x0000000708a00000, 0x0000000708c00000, 0x0000000708c00000|100%| O|  |TAMS 0x0000000708c00000, 0x0000000708a00000| Untracked 
|  70|0x0000000708c00000, 0x0000000708e00000, 0x0000000708e00000|100%| O|  |TAMS 0x0000000708e00000, 0x0000000708c00000| Untracked 
|  71|0x0000000708e00000, 0x0000000709000000, 0x0000000709000000|100%| O|  |TAMS 0x0000000709000000, 0x0000000708e00000| Untracked 
|  72|0x0000000709000000, 0x0000000709200000, 0x0000000709200000|100%|HS|  |TAMS 0x0000000709200000, 0x0000000709000000| Complete 
|  73|0x0000000709200000, 0x0000000709400000, 0x0000000709400000|100%| O|  |TAMS 0x0000000709400000, 0x0000000709200000| Untracked 
|  74|0x0000000709400000, 0x0000000709600000, 0x0000000709600000|100%| O|  |TAMS 0x0000000709600000, 0x0000000709400000| Complete 
|  75|0x0000000709600000, 0x0000000709800000, 0x0000000709800000|100%| O|  |TAMS 0x0000000709800000, 0x0000000709600000| Complete 
|  76|0x0000000709800000, 0x0000000709a00000, 0x0000000709a00000|100%| O|  |TAMS 0x0000000709a00000, 0x0000000709800000| Untracked 
|  77|0x0000000709a00000, 0x0000000709c00000, 0x0000000709c00000|100%| O|  |TAMS 0x0000000709c00000, 0x0000000709a00000| Untracked 
|  78|0x0000000709c00000, 0x0000000709e00000, 0x0000000709e00000|100%| O|  |TAMS 0x0000000709e00000, 0x0000000709c00000| Untracked 
|  79|0x0000000709e00000, 0x000000070a000000, 0x000000070a000000|100%| O|  |TAMS 0x000000070a000000, 0x0000000709e00000| Untracked 
|  80|0x000000070a000000, 0x000000070a200000, 0x000000070a200000|100%| O|  |TAMS 0x000000070a200000, 0x000000070a000000| Untracked 
|  81|0x000000070a200000, 0x000000070a400000, 0x000000070a400000|100%| O|  |TAMS 0x000000070a400000, 0x000000070a200000| Untracked 
|  82|0x000000070a400000, 0x000000070a600000, 0x000000070a600000|100%| O|  |TAMS 0x000000070a600000, 0x000000070a400000| Untracked 
|  83|0x000000070a600000, 0x000000070a800000, 0x000000070a800000|100%| O|  |TAMS 0x000000070a800000, 0x000000070a600000| Untracked 
|  84|0x000000070a800000, 0x000000070aa00000, 0x000000070aa00000|100%| O|  |TAMS 0x000000070aa00000, 0x000000070a800000| Untracked 
|  85|0x000000070aa00000, 0x000000070ac00000, 0x000000070ac00000|100%| O|  |TAMS 0x000000070ac00000, 0x000000070aa00000| Untracked 
|  86|0x000000070ac00000, 0x000000070ae00000, 0x000000070ae00000|100%| O|  |TAMS 0x000000070ae00000, 0x000000070ac00000| Untracked 
|  87|0x000000070ae00000, 0x000000070b000000, 0x000000070b000000|100%| O|  |TAMS 0x000000070b000000, 0x000000070ae00000| Untracked 
|  88|0x000000070b000000, 0x000000070b200000, 0x000000070b200000|100%| O|  |TAMS 0x000000070b200000, 0x000000070b000000| Untracked 
|  89|0x000000070b200000, 0x000000070b400000, 0x000000070b400000|100%| O|  |TAMS 0x000000070b400000, 0x000000070b200000| Untracked 
|  90|0x000000070b400000, 0x000000070b600000, 0x000000070b600000|100%| O|  |TAMS 0x000000070b600000, 0x000000070b400000| Untracked 
|  91|0x000000070b600000, 0x000000070b800000, 0x000000070b800000|100%| O|  |TAMS 0x000000070b800000, 0x000000070b600000| Untracked 
|  92|0x000000070b800000, 0x000000070ba00000, 0x000000070ba00000|100%| O|  |TAMS 0x000000070ba00000, 0x000000070b800000| Untracked 
|  93|0x000000070ba00000, 0x000000070bc00000, 0x000000070bc00000|100%| O|  |TAMS 0x000000070bc00000, 0x000000070ba00000| Untracked 
|  94|0x000000070bc00000, 0x000000070be00000, 0x000000070be00000|100%| O|  |TAMS 0x000000070be00000, 0x000000070bc00000| Untracked 
|  95|0x000000070be00000, 0x000000070c000000, 0x000000070c000000|100%| O|  |TAMS 0x000000070c000000, 0x000000070be00000| Untracked 
|  96|0x000000070c000000, 0x000000070c200000, 0x000000070c200000|100%| O|  |TAMS 0x000000070c200000, 0x000000070c000000| Untracked 
|  97|0x000000070c200000, 0x000000070c400000, 0x000000070c400000|100%| O|  |TAMS 0x000000070c400000, 0x000000070c200000| Untracked 
|  98|0x000000070c400000, 0x000000070c600000, 0x000000070c600000|100%| O|  |TAMS 0x000000070c600000, 0x000000070c400000| Untracked 
|  99|0x000000070c600000, 0x000000070c800000, 0x000000070c800000|100%| O|  |TAMS 0x000000070c800000, 0x000000070c600000| Untracked 
| 100|0x000000070c800000, 0x000000070ca00000, 0x000000070ca00000|100%| O|  |TAMS 0x000000070ca00000, 0x000000070c800000| Untracked 
| 101|0x000000070ca00000, 0x000000070cc00000, 0x000000070cc00000|100%| O|  |TAMS 0x000000070cc00000, 0x000000070ca00000| Untracked 
| 102|0x000000070cc00000, 0x000000070ce00000, 0x000000070ce00000|100%| O|  |TAMS 0x000000070ce00000, 0x000000070cc00000| Untracked 
| 103|0x000000070ce00000, 0x000000070d000000, 0x000000070d000000|100%| O|  |TAMS 0x000000070d000000, 0x000000070ce00000| Untracked 
| 104|0x000000070d000000, 0x000000070d200000, 0x000000070d200000|100%| O|  |TAMS 0x000000070d200000, 0x000000070d000000| Untracked 
| 105|0x000000070d200000, 0x000000070d400000, 0x000000070d400000|100%| O|  |TAMS 0x000000070d400000, 0x000000070d200000| Untracked 
| 106|0x000000070d400000, 0x000000070d600000, 0x000000070d600000|100%| O|  |TAMS 0x000000070d600000, 0x000000070d400000| Untracked 
| 107|0x000000070d600000, 0x000000070d800000, 0x000000070d800000|100%| O|  |TAMS 0x000000070d800000, 0x000000070d600000| Untracked 
| 108|0x000000070d800000, 0x000000070da00000, 0x000000070da00000|100%| O|  |TAMS 0x000000070da00000, 0x000000070d800000| Untracked 
| 109|0x000000070da00000, 0x000000070dc00000, 0x000000070dc00000|100%| O|  |TAMS 0x000000070dc00000, 0x000000070da00000| Complete 
| 110|0x000000070dc00000, 0x000000070de00000, 0x000000070de00000|100%| O|  |TAMS 0x000000070de00000, 0x000000070dc00000| Untracked 
| 111|0x000000070de00000, 0x000000070e000000, 0x000000070e000000|100%| O|  |TAMS 0x000000070e000000, 0x000000070de00000| Untracked 
| 112|0x000000070e000000, 0x000000070e200000, 0x000000070e200000|100%| O|  |TAMS 0x000000070e200000, 0x000000070e000000| Untracked 
| 113|0x000000070e200000, 0x000000070e400000, 0x000000070e400000|100%| O|  |TAMS 0x000000070e400000, 0x000000070e200000| Untracked 
| 114|0x000000070e400000, 0x000000070e600000, 0x000000070e600000|100%| O|  |TAMS 0x000000070e600000, 0x000000070e400000| Untracked 
| 115|0x000000070e600000, 0x000000070e800000, 0x000000070e800000|100%| O|  |TAMS 0x000000070e800000, 0x000000070e600000| Untracked 
| 116|0x000000070e800000, 0x000000070ea00000, 0x000000070ea00000|100%| O|  |TAMS 0x000000070ea00000, 0x000000070e800000| Untracked 
| 117|0x000000070ea00000, 0x000000070ec00000, 0x000000070ec00000|100%| O|  |TAMS 0x000000070ec00000, 0x000000070ea00000| Untracked 
| 118|0x000000070ec00000, 0x000000070ee00000, 0x000000070ee00000|100%| O|  |TAMS 0x000000070ee00000, 0x000000070ec00000| Untracked 
| 119|0x000000070ee00000, 0x000000070f000000, 0x000000070f000000|100%| O|  |TAMS 0x000000070f000000, 0x000000070ee00000| Untracked 
| 120|0x000000070f000000, 0x000000070f200000, 0x000000070f200000|100%| O|  |TAMS 0x000000070f200000, 0x000000070f000000| Untracked 
| 121|0x000000070f200000, 0x000000070f400000, 0x000000070f400000|100%| O|  |TAMS 0x000000070f400000, 0x000000070f200000| Untracked 
| 122|0x000000070f400000, 0x000000070f600000, 0x000000070f600000|100%| O|  |TAMS 0x000000070f600000, 0x000000070f400000| Untracked 
| 123|0x000000070f600000, 0x000000070f800000, 0x000000070f800000|100%| O|  |TAMS 0x000000070f800000, 0x000000070f600000| Untracked 
| 124|0x000000070f800000, 0x000000070fa00000, 0x000000070fa00000|100%| O|  |TAMS 0x000000070fa00000, 0x000000070f800000| Untracked 
| 125|0x000000070fa00000, 0x000000070fc00000, 0x000000070fc00000|100%| O|  |TAMS 0x000000070fc00000, 0x000000070fa00000| Untracked 
| 126|0x000000070fc00000, 0x000000070fe00000, 0x000000070fe00000|100%| O|  |TAMS 0x000000070fe00000, 0x000000070fc00000| Untracked 
| 127|0x000000070fe00000, 0x0000000710000000, 0x0000000710000000|100%| O|  |TAMS 0x0000000710000000, 0x000000070fe00000| Untracked 
| 128|0x0000000710000000, 0x0000000710200000, 0x0000000710200000|100%| O|  |TAMS 0x0000000710200000, 0x0000000710000000| Untracked 
| 129|0x0000000710200000, 0x0000000710300000, 0x0000000710400000| 50%| O|  |TAMS 0x0000000710300000, 0x0000000710200000| Untracked 
| 130|0x0000000710400000, 0x0000000710400000, 0x0000000710600000|  0%| F|  |TAMS 0x0000000710400000, 0x0000000710400000| Untracked 
| 131|0x0000000710600000, 0x0000000710600000, 0x0000000710800000|  0%| F|  |TAMS 0x0000000710600000, 0x0000000710600000| Untracked 
| 132|0x0000000710800000, 0x0000000710800000, 0x0000000710a00000|  0%| F|  |TAMS 0x0000000710800000, 0x0000000710800000| Untracked 
| 133|0x0000000710a00000, 0x0000000710a00000, 0x0000000710c00000|  0%| F|  |TAMS 0x0000000710a00000, 0x0000000710a00000| Untracked 
| 134|0x0000000710c00000, 0x0000000710c00000, 0x0000000710e00000|  0%| F|  |TAMS 0x0000000710c00000, 0x0000000710c00000| Untracked 
| 135|0x0000000710e00000, 0x0000000710e00000, 0x0000000711000000|  0%| F|  |TAMS 0x0000000710e00000, 0x0000000710e00000| Untracked 
| 136|0x0000000711000000, 0x0000000711000000, 0x0000000711200000|  0%| F|  |TAMS 0x0000000711000000, 0x0000000711000000| Untracked 
| 137|0x0000000711200000, 0x0000000711200000, 0x0000000711400000|  0%| F|  |TAMS 0x0000000711200000, 0x0000000711200000| Untracked 
| 138|0x0000000711400000, 0x0000000711400000, 0x0000000711600000|  0%| F|  |TAMS 0x0000000711400000, 0x0000000711400000| Untracked 
| 139|0x0000000711600000, 0x0000000711600000, 0x0000000711800000|  0%| F|  |TAMS 0x0000000711600000, 0x0000000711600000| Untracked 
| 140|0x0000000711800000, 0x0000000711800000, 0x0000000711a00000|  0%| F|  |TAMS 0x0000000711800000, 0x0000000711800000| Untracked 
| 141|0x0000000711a00000, 0x0000000711a00000, 0x0000000711c00000|  0%| F|  |TAMS 0x0000000711a00000, 0x0000000711a00000| Untracked 
| 142|0x0000000711c00000, 0x0000000711c00000, 0x0000000711e00000|  0%| F|  |TAMS 0x0000000711c00000, 0x0000000711c00000| Untracked 
| 143|0x0000000711e00000, 0x0000000711e00000, 0x0000000712000000|  0%| F|  |TAMS 0x0000000711e00000, 0x0000000711e00000| Untracked 
| 144|0x0000000712000000, 0x0000000712000000, 0x0000000712200000|  0%| F|  |TAMS 0x0000000712000000, 0x0000000712000000| Untracked 
| 145|0x0000000712200000, 0x0000000712200000, 0x0000000712400000|  0%| F|  |TAMS 0x0000000712200000, 0x0000000712200000| Untracked 
| 146|0x0000000712400000, 0x0000000712400000, 0x0000000712600000|  0%| F|  |TAMS 0x0000000712400000, 0x0000000712400000| Untracked 
| 147|0x0000000712600000, 0x0000000712600000, 0x0000000712800000|  0%| F|  |TAMS 0x0000000712600000, 0x0000000712600000| Untracked 
| 148|0x0000000712800000, 0x0000000712800000, 0x0000000712a00000|  0%| F|  |TAMS 0x0000000712800000, 0x0000000712800000| Untracked 
| 149|0x0000000712a00000, 0x0000000712a00000, 0x0000000712c00000|  0%| F|  |TAMS 0x0000000712a00000, 0x0000000712a00000| Untracked 
| 150|0x0000000712c00000, 0x0000000712c00000, 0x0000000712e00000|  0%| F|  |TAMS 0x0000000712c00000, 0x0000000712c00000| Untracked 
| 151|0x0000000712e00000, 0x0000000712e00000, 0x0000000713000000|  0%| F|  |TAMS 0x0000000712e00000, 0x0000000712e00000| Untracked 
| 152|0x0000000713000000, 0x0000000713000000, 0x0000000713200000|  0%| F|  |TAMS 0x0000000713000000, 0x0000000713000000| Untracked 
| 153|0x0000000713200000, 0x0000000713200000, 0x0000000713400000|  0%| F|  |TAMS 0x0000000713200000, 0x0000000713200000| Untracked 
| 154|0x0000000713400000, 0x0000000713400000, 0x0000000713600000|  0%| F|  |TAMS 0x0000000713400000, 0x0000000713400000| Untracked 
| 155|0x0000000713600000, 0x0000000713600000, 0x0000000713800000|  0%| F|  |TAMS 0x0000000713600000, 0x0000000713600000| Untracked 
| 156|0x0000000713800000, 0x0000000713800000, 0x0000000713a00000|  0%| F|  |TAMS 0x0000000713800000, 0x0000000713800000| Untracked 
| 157|0x0000000713a00000, 0x0000000713a00000, 0x0000000713c00000|  0%| F|  |TAMS 0x0000000713a00000, 0x0000000713a00000| Untracked 
| 158|0x0000000713c00000, 0x0000000713c00000, 0x0000000713e00000|  0%| F|  |TAMS 0x0000000713c00000, 0x0000000713c00000| Untracked 
| 159|0x0000000713e00000, 0x0000000713e00000, 0x0000000714000000|  0%| F|  |TAMS 0x0000000713e00000, 0x0000000713e00000| Untracked 
| 160|0x0000000714000000, 0x0000000714000000, 0x0000000714200000|  0%| F|  |TAMS 0x0000000714000000, 0x0000000714000000| Untracked 
| 161|0x0000000714200000, 0x0000000714200000, 0x0000000714400000|  0%| F|  |TAMS 0x0000000714200000, 0x0000000714200000| Untracked 
| 162|0x0000000714400000, 0x0000000714400000, 0x0000000714600000|  0%| F|  |TAMS 0x0000000714400000, 0x0000000714400000| Untracked 
| 163|0x0000000714600000, 0x0000000714600000, 0x0000000714800000|  0%| F|  |TAMS 0x0000000714600000, 0x0000000714600000| Untracked 
| 164|0x0000000714800000, 0x0000000714800000, 0x0000000714a00000|  0%| F|  |TAMS 0x0000000714800000, 0x0000000714800000| Untracked 
| 165|0x0000000714a00000, 0x0000000714a00000, 0x0000000714c00000|  0%| F|  |TAMS 0x0000000714a00000, 0x0000000714a00000| Untracked 
| 166|0x0000000714c00000, 0x0000000714c00000, 0x0000000714e00000|  0%| F|  |TAMS 0x0000000714c00000, 0x0000000714c00000| Untracked 
| 167|0x0000000714e00000, 0x0000000714e00000, 0x0000000715000000|  0%| F|  |TAMS 0x0000000714e00000, 0x0000000714e00000| Untracked 
| 168|0x0000000715000000, 0x0000000715000000, 0x0000000715200000|  0%| F|  |TAMS 0x0000000715000000, 0x0000000715000000| Untracked 
| 169|0x0000000715200000, 0x0000000715200000, 0x0000000715400000|  0%| F|  |TAMS 0x0000000715200000, 0x0000000715200000| Untracked 
| 170|0x0000000715400000, 0x0000000715400000, 0x0000000715600000|  0%| F|  |TAMS 0x0000000715400000, 0x0000000715400000| Untracked 
| 171|0x0000000715600000, 0x0000000715600000, 0x0000000715800000|  0%| F|  |TAMS 0x0000000715600000, 0x0000000715600000| Untracked 
| 172|0x0000000715800000, 0x0000000715800000, 0x0000000715a00000|  0%| F|  |TAMS 0x0000000715800000, 0x0000000715800000| Untracked 
| 173|0x0000000715a00000, 0x0000000715a00000, 0x0000000715c00000|  0%| F|  |TAMS 0x0000000715a00000, 0x0000000715a00000| Untracked 
| 174|0x0000000715c00000, 0x0000000715c00000, 0x0000000715e00000|  0%| F|  |TAMS 0x0000000715c00000, 0x0000000715c00000| Untracked 
| 175|0x0000000715e00000, 0x0000000715e00000, 0x0000000716000000|  0%| F|  |TAMS 0x0000000715e00000, 0x0000000715e00000| Untracked 
| 176|0x0000000716000000, 0x0000000716000000, 0x0000000716200000|  0%| F|  |TAMS 0x0000000716000000, 0x0000000716000000| Untracked 
| 177|0x0000000716200000, 0x0000000716200000, 0x0000000716400000|  0%| F|  |TAMS 0x0000000716200000, 0x0000000716200000| Untracked 
| 178|0x0000000716400000, 0x0000000716400000, 0x0000000716600000|  0%| F|  |TAMS 0x0000000716400000, 0x0000000716400000| Untracked 
| 179|0x0000000716600000, 0x0000000716600000, 0x0000000716800000|  0%| F|  |TAMS 0x0000000716600000, 0x0000000716600000| Untracked 
| 180|0x0000000716800000, 0x0000000716800000, 0x0000000716a00000|  0%| F|  |TAMS 0x0000000716800000, 0x0000000716800000| Untracked 
| 181|0x0000000716a00000, 0x0000000716a00000, 0x0000000716c00000|  0%| F|  |TAMS 0x0000000716a00000, 0x0000000716a00000| Untracked 
| 182|0x0000000716c00000, 0x0000000716c00000, 0x0000000716e00000|  0%| F|  |TAMS 0x0000000716c00000, 0x0000000716c00000| Untracked 
| 183|0x0000000716e00000, 0x0000000716e00000, 0x0000000717000000|  0%| F|  |TAMS 0x0000000716e00000, 0x0000000716e00000| Untracked 
| 184|0x0000000717000000, 0x0000000717000000, 0x0000000717200000|  0%| F|  |TAMS 0x0000000717000000, 0x0000000717000000| Untracked 
| 185|0x0000000717200000, 0x0000000717200000, 0x0000000717400000|  0%| F|  |TAMS 0x0000000717200000, 0x0000000717200000| Untracked 
| 186|0x0000000717400000, 0x0000000717400000, 0x0000000717600000|  0%| F|  |TAMS 0x0000000717400000, 0x0000000717400000| Untracked 
| 187|0x0000000717600000, 0x0000000717600000, 0x0000000717800000|  0%| F|  |TAMS 0x0000000717600000, 0x0000000717600000| Untracked 
| 188|0x0000000717800000, 0x0000000717800000, 0x0000000717a00000|  0%| F|  |TAMS 0x0000000717800000, 0x0000000717800000| Untracked 
| 189|0x0000000717a00000, 0x0000000717a00000, 0x0000000717c00000|  0%| F|  |TAMS 0x0000000717a00000, 0x0000000717a00000| Untracked 
| 190|0x0000000717c00000, 0x0000000717c00000, 0x0000000717e00000|  0%| F|  |TAMS 0x0000000717c00000, 0x0000000717c00000| Untracked 
| 191|0x0000000717e00000, 0x0000000717e00000, 0x0000000718000000|  0%| F|  |TAMS 0x0000000717e00000, 0x0000000717e00000| Untracked 
| 192|0x0000000718000000, 0x0000000718000000, 0x0000000718200000|  0%| F|  |TAMS 0x0000000718000000, 0x0000000718000000| Untracked 
| 193|0x0000000718200000, 0x0000000718200000, 0x0000000718400000|  0%| F|  |TAMS 0x0000000718200000, 0x0000000718200000| Untracked 
| 194|0x0000000718400000, 0x0000000718400000, 0x0000000718600000|  0%| F|  |TAMS 0x0000000718400000, 0x0000000718400000| Untracked 
| 195|0x0000000718600000, 0x0000000718600000, 0x0000000718800000|  0%| F|  |TAMS 0x0000000718600000, 0x0000000718600000| Untracked 
| 196|0x0000000718800000, 0x0000000718800000, 0x0000000718a00000|  0%| F|  |TAMS 0x0000000718800000, 0x0000000718800000| Untracked 
| 197|0x0000000718a00000, 0x0000000718a00000, 0x0000000718c00000|  0%| F|  |TAMS 0x0000000718a00000, 0x0000000718a00000| Untracked 
| 198|0x0000000718c00000, 0x0000000718cbad40, 0x0000000718e00000| 36%| S|CS|TAMS 0x0000000718c00000, 0x0000000718c00000| Complete 
| 199|0x0000000718e00000, 0x0000000719000000, 0x0000000719000000|100%| S|CS|TAMS 0x0000000718e00000, 0x0000000718e00000| Complete 
| 200|0x0000000719000000, 0x0000000719200000, 0x0000000719200000|100%| S|CS|TAMS 0x0000000719000000, 0x0000000719000000| Complete 
| 201|0x0000000719200000, 0x0000000719400000, 0x0000000719400000|100%| S|CS|TAMS 0x0000000719200000, 0x0000000719200000| Complete 
| 202|0x0000000719400000, 0x0000000719600000, 0x0000000719600000|100%| S|CS|TAMS 0x0000000719400000, 0x0000000719400000| Complete 
| 203|0x0000000719600000, 0x0000000719800000, 0x0000000719800000|100%| S|CS|TAMS 0x0000000719600000, 0x0000000719600000| Complete 
| 204|0x0000000719800000, 0x0000000719a00000, 0x0000000719a00000|100%| S|CS|TAMS 0x0000000719800000, 0x0000000719800000| Complete 
| 205|0x0000000719a00000, 0x0000000719a00000, 0x0000000719c00000|  0%| F|  |TAMS 0x0000000719a00000, 0x0000000719a00000| Untracked 
| 206|0x0000000719c00000, 0x0000000719c00000, 0x0000000719e00000|  0%| F|  |TAMS 0x0000000719c00000, 0x0000000719c00000| Untracked 
| 207|0x0000000719e00000, 0x0000000719e00000, 0x000000071a000000|  0%| F|  |TAMS 0x0000000719e00000, 0x0000000719e00000| Untracked 
| 208|0x000000071a000000, 0x000000071a000000, 0x000000071a200000|  0%| F|  |TAMS 0x000000071a000000, 0x000000071a000000| Untracked 
| 209|0x000000071a200000, 0x000000071a200000, 0x000000071a400000|  0%| F|  |TAMS 0x000000071a200000, 0x000000071a200000| Untracked 
| 210|0x000000071a400000, 0x000000071a400000, 0x000000071a600000|  0%| F|  |TAMS 0x000000071a400000, 0x000000071a400000| Untracked 
| 211|0x000000071a600000, 0x000000071a800000, 0x000000071a800000|100%| S|CS|TAMS 0x000000071a600000, 0x000000071a600000| Complete 
| 212|0x000000071a800000, 0x000000071aa00000, 0x000000071aa00000|100%| S|CS|TAMS 0x000000071a800000, 0x000000071a800000| Complete 
| 213|0x000000071aa00000, 0x000000071ac00000, 0x000000071ac00000|100%| S|CS|TAMS 0x000000071aa00000, 0x000000071aa00000| Complete 
| 214|0x000000071ac00000, 0x000000071ae00000, 0x000000071ae00000|100%| S|CS|TAMS 0x000000071ac00000, 0x000000071ac00000| Complete 
| 215|0x000000071ae00000, 0x000000071b000000, 0x000000071b000000|100%| S|CS|TAMS 0x000000071ae00000, 0x000000071ae00000| Complete 
| 216|0x000000071b000000, 0x000000071b000000, 0x000000071b200000|  0%| F|  |TAMS 0x000000071b000000, 0x000000071b000000| Untracked 
| 217|0x000000071b200000, 0x000000071b200000, 0x000000071b400000|  0%| F|  |TAMS 0x000000071b200000, 0x000000071b200000| Untracked 
| 218|0x000000071b400000, 0x000000071b400000, 0x000000071b600000|  0%| F|  |TAMS 0x000000071b400000, 0x000000071b400000| Untracked 
| 219|0x000000071b600000, 0x000000071b600000, 0x000000071b800000|  0%| F|  |TAMS 0x000000071b600000, 0x000000071b600000| Untracked 
| 220|0x000000071b800000, 0x000000071b800000, 0x000000071ba00000|  0%| F|  |TAMS 0x000000071b800000, 0x000000071b800000| Untracked 
| 221|0x000000071ba00000, 0x000000071ba00000, 0x000000071bc00000|  0%| F|  |TAMS 0x000000071ba00000, 0x000000071ba00000| Untracked 
| 222|0x000000071bc00000, 0x000000071bc00000, 0x000000071be00000|  0%| F|  |TAMS 0x000000071bc00000, 0x000000071bc00000| Untracked 
| 223|0x000000071be00000, 0x000000071be00000, 0x000000071c000000|  0%| F|  |TAMS 0x000000071be00000, 0x000000071be00000| Untracked 
| 224|0x000000071c000000, 0x000000071c000000, 0x000000071c200000|  0%| F|  |TAMS 0x000000071c000000, 0x000000071c000000| Untracked 
| 225|0x000000071c200000, 0x000000071c200000, 0x000000071c400000|  0%| F|  |TAMS 0x000000071c200000, 0x000000071c200000| Untracked 
| 226|0x000000071c400000, 0x000000071c400000, 0x000000071c600000|  0%| F|  |TAMS 0x000000071c400000, 0x000000071c400000| Untracked 
| 227|0x000000071c600000, 0x000000071c600000, 0x000000071c800000|  0%| F|  |TAMS 0x000000071c600000, 0x000000071c600000| Untracked 
| 228|0x000000071c800000, 0x000000071c800000, 0x000000071ca00000|  0%| F|  |TAMS 0x000000071c800000, 0x000000071c800000| Untracked 
| 229|0x000000071ca00000, 0x000000071ca00000, 0x000000071cc00000|  0%| F|  |TAMS 0x000000071ca00000, 0x000000071ca00000| Untracked 
| 230|0x000000071cc00000, 0x000000071cc00000, 0x000000071ce00000|  0%| F|  |TAMS 0x000000071cc00000, 0x000000071cc00000| Untracked 
| 231|0x000000071ce00000, 0x000000071ce00000, 0x000000071d000000|  0%| F|  |TAMS 0x000000071ce00000, 0x000000071ce00000| Untracked 
| 232|0x000000071d000000, 0x000000071d000000, 0x000000071d200000|  0%| F|  |TAMS 0x000000071d000000, 0x000000071d000000| Untracked 
| 233|0x000000071d200000, 0x000000071d200000, 0x000000071d400000|  0%| F|  |TAMS 0x000000071d200000, 0x000000071d200000| Untracked 
| 234|0x000000071d400000, 0x000000071d400000, 0x000000071d600000|  0%| F|  |TAMS 0x000000071d400000, 0x000000071d400000| Untracked 
| 235|0x000000071d600000, 0x000000071d600000, 0x000000071d800000|  0%| F|  |TAMS 0x000000071d600000, 0x000000071d600000| Untracked 
| 236|0x000000071d800000, 0x000000071d800000, 0x000000071da00000|  0%| F|  |TAMS 0x000000071d800000, 0x000000071d800000| Untracked 
| 237|0x000000071da00000, 0x000000071da00000, 0x000000071dc00000|  0%| F|  |TAMS 0x000000071da00000, 0x000000071da00000| Untracked 
| 238|0x000000071dc00000, 0x000000071dc00000, 0x000000071de00000|  0%| F|  |TAMS 0x000000071dc00000, 0x000000071dc00000| Untracked 
| 239|0x000000071de00000, 0x000000071de00000, 0x000000071e000000|  0%| F|  |TAMS 0x000000071de00000, 0x000000071de00000| Untracked 
| 240|0x000000071e000000, 0x000000071e000000, 0x000000071e200000|  0%| F|  |TAMS 0x000000071e000000, 0x000000071e000000| Untracked 
| 241|0x000000071e200000, 0x000000071e200000, 0x000000071e400000|  0%| F|  |TAMS 0x000000071e200000, 0x000000071e200000| Untracked 
| 242|0x000000071e400000, 0x000000071e400000, 0x000000071e600000|  0%| F|  |TAMS 0x000000071e400000, 0x000000071e400000| Untracked 
| 243|0x000000071e600000, 0x000000071e600000, 0x000000071e800000|  0%| F|  |TAMS 0x000000071e600000, 0x000000071e600000| Untracked 
| 244|0x000000071e800000, 0x000000071e800000, 0x000000071ea00000|  0%| F|  |TAMS 0x000000071e800000, 0x000000071e800000| Untracked 
| 245|0x000000071ea00000, 0x000000071ea00000, 0x000000071ec00000|  0%| F|  |TAMS 0x000000071ea00000, 0x000000071ea00000| Untracked 
| 246|0x000000071ec00000, 0x000000071ec00000, 0x000000071ee00000|  0%| F|  |TAMS 0x000000071ec00000, 0x000000071ec00000| Untracked 
| 247|0x000000071ee00000, 0x000000071ee00000, 0x000000071f000000|  0%| F|  |TAMS 0x000000071ee00000, 0x000000071ee00000| Untracked 
| 248|0x000000071f000000, 0x000000071f000000, 0x000000071f200000|  0%| F|  |TAMS 0x000000071f000000, 0x000000071f000000| Untracked 
| 249|0x000000071f200000, 0x000000071f200000, 0x000000071f400000|  0%| F|  |TAMS 0x000000071f200000, 0x000000071f200000| Untracked 
| 250|0x000000071f400000, 0x000000071f400000, 0x000000071f600000|  0%| F|  |TAMS 0x000000071f400000, 0x000000071f400000| Untracked 
| 251|0x000000071f600000, 0x000000071f600000, 0x000000071f800000|  0%| F|  |TAMS 0x000000071f600000, 0x000000071f600000| Untracked 
| 252|0x000000071f800000, 0x000000071f800000, 0x000000071fa00000|  0%| F|  |TAMS 0x000000071f800000, 0x000000071f800000| Untracked 
| 253|0x000000071fa00000, 0x000000071fa00000, 0x000000071fc00000|  0%| F|  |TAMS 0x000000071fa00000, 0x000000071fa00000| Untracked 
| 254|0x000000071fc00000, 0x000000071fc00000, 0x000000071fe00000|  0%| F|  |TAMS 0x000000071fc00000, 0x000000071fc00000| Untracked 
| 255|0x000000071fe00000, 0x000000071fe00000, 0x0000000720000000|  0%| F|  |TAMS 0x000000071fe00000, 0x000000071fe00000| Untracked 
| 256|0x0000000720000000, 0x0000000720000000, 0x0000000720200000|  0%| F|  |TAMS 0x0000000720000000, 0x0000000720000000| Untracked 
| 257|0x0000000720200000, 0x0000000720200000, 0x0000000720400000|  0%| F|  |TAMS 0x0000000720200000, 0x0000000720200000| Untracked 
| 258|0x0000000720400000, 0x0000000720400000, 0x0000000720600000|  0%| F|  |TAMS 0x0000000720400000, 0x0000000720400000| Untracked 
| 259|0x0000000720600000, 0x0000000720600000, 0x0000000720800000|  0%| F|  |TAMS 0x0000000720600000, 0x0000000720600000| Untracked 
| 260|0x0000000720800000, 0x0000000720800000, 0x0000000720a00000|  0%| F|  |TAMS 0x0000000720800000, 0x0000000720800000| Untracked 
| 261|0x0000000720a00000, 0x0000000720a00000, 0x0000000720c00000|  0%| F|  |TAMS 0x0000000720a00000, 0x0000000720a00000| Untracked 
| 262|0x0000000720c00000, 0x0000000720c00000, 0x0000000720e00000|  0%| F|  |TAMS 0x0000000720c00000, 0x0000000720c00000| Untracked 
| 263|0x0000000720e00000, 0x0000000720e00000, 0x0000000721000000|  0%| F|  |TAMS 0x0000000720e00000, 0x0000000720e00000| Untracked 
| 264|0x0000000721000000, 0x0000000721000000, 0x0000000721200000|  0%| F|  |TAMS 0x0000000721000000, 0x0000000721000000| Untracked 
| 265|0x0000000721200000, 0x0000000721200000, 0x0000000721400000|  0%| F|  |TAMS 0x0000000721200000, 0x0000000721200000| Untracked 
| 266|0x0000000721400000, 0x0000000721400000, 0x0000000721600000|  0%| F|  |TAMS 0x0000000721400000, 0x0000000721400000| Untracked 
| 267|0x0000000721600000, 0x0000000721600000, 0x0000000721800000|  0%| F|  |TAMS 0x0000000721600000, 0x0000000721600000| Untracked 
| 268|0x0000000721800000, 0x0000000721800000, 0x0000000721a00000|  0%| F|  |TAMS 0x0000000721800000, 0x0000000721800000| Untracked 
| 269|0x0000000721a00000, 0x0000000721a00000, 0x0000000721c00000|  0%| F|  |TAMS 0x0000000721a00000, 0x0000000721a00000| Untracked 
| 270|0x0000000721c00000, 0x0000000721c00000, 0x0000000721e00000|  0%| F|  |TAMS 0x0000000721c00000, 0x0000000721c00000| Untracked 
| 271|0x0000000721e00000, 0x0000000721e00000, 0x0000000722000000|  0%| F|  |TAMS 0x0000000721e00000, 0x0000000721e00000| Untracked 
| 272|0x0000000722000000, 0x0000000722000000, 0x0000000722200000|  0%| F|  |TAMS 0x0000000722000000, 0x0000000722000000| Untracked 
| 273|0x0000000722200000, 0x0000000722200000, 0x0000000722400000|  0%| F|  |TAMS 0x0000000722200000, 0x0000000722200000| Untracked 
| 274|0x0000000722400000, 0x0000000722400000, 0x0000000722600000|  0%| F|  |TAMS 0x0000000722400000, 0x0000000722400000| Untracked 
| 275|0x0000000722600000, 0x0000000722600000, 0x0000000722800000|  0%| F|  |TAMS 0x0000000722600000, 0x0000000722600000| Untracked 
| 276|0x0000000722800000, 0x0000000722800000, 0x0000000722a00000|  0%| F|  |TAMS 0x0000000722800000, 0x0000000722800000| Untracked 
| 277|0x0000000722a00000, 0x0000000722a00000, 0x0000000722c00000|  0%| F|  |TAMS 0x0000000722a00000, 0x0000000722a00000| Untracked 
| 278|0x0000000722c00000, 0x0000000722c00000, 0x0000000722e00000|  0%| F|  |TAMS 0x0000000722c00000, 0x0000000722c00000| Untracked 
| 279|0x0000000722e00000, 0x0000000722e00000, 0x0000000723000000|  0%| F|  |TAMS 0x0000000722e00000, 0x0000000722e00000| Untracked 
| 280|0x0000000723000000, 0x0000000723000000, 0x0000000723200000|  0%| F|  |TAMS 0x0000000723000000, 0x0000000723000000| Untracked 
| 281|0x0000000723200000, 0x0000000723200000, 0x0000000723400000|  0%| F|  |TAMS 0x0000000723200000, 0x0000000723200000| Untracked 
| 282|0x0000000723400000, 0x0000000723400000, 0x0000000723600000|  0%| F|  |TAMS 0x0000000723400000, 0x0000000723400000| Untracked 
| 283|0x0000000723600000, 0x0000000723600000, 0x0000000723800000|  0%| F|  |TAMS 0x0000000723600000, 0x0000000723600000| Untracked 
| 284|0x0000000723800000, 0x0000000723800000, 0x0000000723a00000|  0%| F|  |TAMS 0x0000000723800000, 0x0000000723800000| Untracked 
| 285|0x0000000723a00000, 0x0000000723a00000, 0x0000000723c00000|  0%| F|  |TAMS 0x0000000723a00000, 0x0000000723a00000| Untracked 
| 286|0x0000000723c00000, 0x0000000723c00000, 0x0000000723e00000|  0%| F|  |TAMS 0x0000000723c00000, 0x0000000723c00000| Untracked 
| 287|0x0000000723e00000, 0x0000000723e00000, 0x0000000724000000|  0%| F|  |TAMS 0x0000000723e00000, 0x0000000723e00000| Untracked 
| 288|0x0000000724000000, 0x0000000724000000, 0x0000000724200000|  0%| F|  |TAMS 0x0000000724000000, 0x0000000724000000| Untracked 
| 289|0x0000000724200000, 0x0000000724200000, 0x0000000724400000|  0%| F|  |TAMS 0x0000000724200000, 0x0000000724200000| Untracked 
| 290|0x0000000724400000, 0x0000000724400000, 0x0000000724600000|  0%| F|  |TAMS 0x0000000724400000, 0x0000000724400000| Untracked 
| 291|0x0000000724600000, 0x0000000724600000, 0x0000000724800000|  0%| F|  |TAMS 0x0000000724600000, 0x0000000724600000| Untracked 
| 292|0x0000000724800000, 0x0000000724800000, 0x0000000724a00000|  0%| F|  |TAMS 0x0000000724800000, 0x0000000724800000| Untracked 
| 293|0x0000000724a00000, 0x0000000724a00000, 0x0000000724c00000|  0%| F|  |TAMS 0x0000000724a00000, 0x0000000724a00000| Untracked 
| 294|0x0000000724c00000, 0x0000000724c00000, 0x0000000724e00000|  0%| F|  |TAMS 0x0000000724c00000, 0x0000000724c00000| Untracked 
| 295|0x0000000724e00000, 0x0000000724e00000, 0x0000000725000000|  0%| F|  |TAMS 0x0000000724e00000, 0x0000000724e00000| Untracked 
| 296|0x0000000725000000, 0x0000000725000000, 0x0000000725200000|  0%| F|  |TAMS 0x0000000725000000, 0x0000000725000000| Untracked 
| 297|0x0000000725200000, 0x0000000725200000, 0x0000000725400000|  0%| F|  |TAMS 0x0000000725200000, 0x0000000725200000| Untracked 
| 298|0x0000000725400000, 0x0000000725400000, 0x0000000725600000|  0%| F|  |TAMS 0x0000000725400000, 0x0000000725400000| Untracked 
| 299|0x0000000725600000, 0x0000000725600000, 0x0000000725800000|  0%| F|  |TAMS 0x0000000725600000, 0x0000000725600000| Untracked 
| 300|0x0000000725800000, 0x0000000725800000, 0x0000000725a00000|  0%| F|  |TAMS 0x0000000725800000, 0x0000000725800000| Untracked 
| 301|0x0000000725a00000, 0x0000000725a00000, 0x0000000725c00000|  0%| F|  |TAMS 0x0000000725a00000, 0x0000000725a00000| Untracked 
| 302|0x0000000725c00000, 0x0000000725c00000, 0x0000000725e00000|  0%| F|  |TAMS 0x0000000725c00000, 0x0000000725c00000| Untracked 
| 303|0x0000000725e00000, 0x0000000725e00000, 0x0000000726000000|  0%| F|  |TAMS 0x0000000725e00000, 0x0000000725e00000| Untracked 
| 304|0x0000000726000000, 0x0000000726000000, 0x0000000726200000|  0%| F|  |TAMS 0x0000000726000000, 0x0000000726000000| Untracked 
| 305|0x0000000726200000, 0x0000000726200000, 0x0000000726400000|  0%| F|  |TAMS 0x0000000726200000, 0x0000000726200000| Untracked 
| 306|0x0000000726400000, 0x0000000726400000, 0x0000000726600000|  0%| F|  |TAMS 0x0000000726400000, 0x0000000726400000| Untracked 
| 307|0x0000000726600000, 0x0000000726600000, 0x0000000726800000|  0%| F|  |TAMS 0x0000000726600000, 0x0000000726600000| Untracked 
| 308|0x0000000726800000, 0x0000000726800000, 0x0000000726a00000|  0%| F|  |TAMS 0x0000000726800000, 0x0000000726800000| Untracked 
| 309|0x0000000726a00000, 0x0000000726a00000, 0x0000000726c00000|  0%| F|  |TAMS 0x0000000726a00000, 0x0000000726a00000| Untracked 
| 310|0x0000000726c00000, 0x0000000726c00000, 0x0000000726e00000|  0%| F|  |TAMS 0x0000000726c00000, 0x0000000726c00000| Untracked 
| 311|0x0000000726e00000, 0x0000000726e00000, 0x0000000727000000|  0%| F|  |TAMS 0x0000000726e00000, 0x0000000726e00000| Untracked 
| 312|0x0000000727000000, 0x0000000727000000, 0x0000000727200000|  0%| F|  |TAMS 0x0000000727000000, 0x0000000727000000| Untracked 
| 313|0x0000000727200000, 0x0000000727200000, 0x0000000727400000|  0%| F|  |TAMS 0x0000000727200000, 0x0000000727200000| Untracked 
| 314|0x0000000727400000, 0x0000000727400000, 0x0000000727600000|  0%| F|  |TAMS 0x0000000727400000, 0x0000000727400000| Untracked 
| 315|0x0000000727600000, 0x0000000727600000, 0x0000000727800000|  0%| F|  |TAMS 0x0000000727600000, 0x0000000727600000| Untracked 
| 316|0x0000000727800000, 0x0000000727800000, 0x0000000727a00000|  0%| F|  |TAMS 0x0000000727800000, 0x0000000727800000| Untracked 
| 317|0x0000000727a00000, 0x0000000727a00000, 0x0000000727c00000|  0%| F|  |TAMS 0x0000000727a00000, 0x0000000727a00000| Untracked 
| 318|0x0000000727c00000, 0x0000000727c00000, 0x0000000727e00000|  0%| F|  |TAMS 0x0000000727c00000, 0x0000000727c00000| Untracked 
| 319|0x0000000727e00000, 0x0000000727fc5da8, 0x0000000728000000| 88%| E|  |TAMS 0x0000000727e00000, 0x0000000727e00000| Complete 
| 320|0x0000000728000000, 0x0000000728200000, 0x0000000728200000|100%| E|CS|TAMS 0x0000000728000000, 0x0000000728000000| Complete 
| 321|0x0000000728200000, 0x0000000728400000, 0x0000000728400000|100%| E|CS|TAMS 0x0000000728200000, 0x0000000728200000| Complete 
| 322|0x0000000728400000, 0x0000000728600000, 0x0000000728600000|100%| E|CS|TAMS 0x0000000728400000, 0x0000000728400000| Complete 
| 323|0x0000000728600000, 0x0000000728800000, 0x0000000728800000|100%| E|CS|TAMS 0x0000000728600000, 0x0000000728600000| Complete 
| 324|0x0000000728800000, 0x0000000728a00000, 0x0000000728a00000|100%| E|CS|TAMS 0x0000000728800000, 0x0000000728800000| Complete 
| 325|0x0000000728a00000, 0x0000000728c00000, 0x0000000728c00000|100%| E|CS|TAMS 0x0000000728a00000, 0x0000000728a00000| Complete 
| 326|0x0000000728c00000, 0x0000000728e00000, 0x0000000728e00000|100%| E|CS|TAMS 0x0000000728c00000, 0x0000000728c00000| Complete 
| 327|0x0000000728e00000, 0x0000000729000000, 0x0000000729000000|100%| E|CS|TAMS 0x0000000728e00000, 0x0000000728e00000| Complete 
| 328|0x0000000729000000, 0x0000000729200000, 0x0000000729200000|100%| E|CS|TAMS 0x0000000729000000, 0x0000000729000000| Complete 
| 329|0x0000000729200000, 0x0000000729400000, 0x0000000729400000|100%| E|CS|TAMS 0x0000000729200000, 0x0000000729200000| Complete 
| 330|0x0000000729400000, 0x0000000729600000, 0x0000000729600000|100%| E|CS|TAMS 0x0000000729400000, 0x0000000729400000| Complete 
| 331|0x0000000729600000, 0x0000000729800000, 0x0000000729800000|100%| E|CS|TAMS 0x0000000729600000, 0x0000000729600000| Complete 
| 332|0x0000000729800000, 0x0000000729a00000, 0x0000000729a00000|100%| E|CS|TAMS 0x0000000729800000, 0x0000000729800000| Complete 
| 333|0x0000000729a00000, 0x0000000729c00000, 0x0000000729c00000|100%| E|CS|TAMS 0x0000000729a00000, 0x0000000729a00000| Complete 
| 334|0x0000000729c00000, 0x0000000729e00000, 0x0000000729e00000|100%| E|CS|TAMS 0x0000000729c00000, 0x0000000729c00000| Complete 
| 335|0x0000000729e00000, 0x000000072a000000, 0x000000072a000000|100%| E|CS|TAMS 0x0000000729e00000, 0x0000000729e00000| Complete 
| 336|0x000000072a000000, 0x000000072a200000, 0x000000072a200000|100%| E|CS|TAMS 0x000000072a000000, 0x000000072a000000| Complete 
| 337|0x000000072a200000, 0x000000072a400000, 0x000000072a400000|100%| E|CS|TAMS 0x000000072a200000, 0x000000072a200000| Complete 
| 338|0x000000072a400000, 0x000000072a600000, 0x000000072a600000|100%| E|CS|TAMS 0x000000072a400000, 0x000000072a400000| Complete 
| 339|0x000000072a600000, 0x000000072a800000, 0x000000072a800000|100%| E|CS|TAMS 0x000000072a600000, 0x000000072a600000| Complete 

Card table byte_map: [0x0000017880000000,0x0000017880800000] _byte_map_base: 0x000001787c800000

Marking Bits (Prev, Next): (CMBitMap*) 0x00000178e8c3ee10, (CMBitMap*) 0x00000178e8c3ee50
 Prev Bits: [0x0000017881000000, 0x0000017885000000)
 Next Bits: [0x0000017885000000, 0x0000017889000000)

Polling page: 0x00000178e68d0000

Metaspace:

Usage:
  Non-class:    100.32 MB used.
      Class:     16.24 MB used.
       Both:    116.56 MB used.

Virtual space:
  Non-class space:      128.00 MB reserved,     101.25 MB ( 79%) committed,  2 nodes.
      Class space:      416.00 MB reserved,      17.06 MB (  4%) committed,  1 nodes.
             Both:      544.00 MB reserved,     118.31 MB ( 22%) committed. 

Chunk freelists:
   Non-Class:  10.28 MB
       Class:  14.81 MB
        Both:  25.09 MB

MaxMetaspaceSize: 512.00 MB
CompressedClassSpaceSize: 416.00 MB
Initial GC threshold: 21.00 MB
Current GC threshold: 196.88 MB
CDS: on
MetaspaceReclaimPolicy: balanced
 - commit_granule_bytes: 65536.
 - commit_granule_words: 8192.
 - virtual_space_node_default_size: 8388608.
 - enlarge_chunks_in_place: 1.
 - new_chunks_are_fully_committed: 0.
 - uncommit_free_chunks: 1.
 - use_allocation_guard: 0.
 - handle_deallocations: 1.


Internal statistics:

num_allocs_failed_limit: 12.
num_arena_births: 2428.
num_arena_deaths: 0.
num_vsnodes_births: 3.
num_vsnodes_deaths: 0.
num_space_committed: 1893.
num_space_uncommitted: 0.
num_chunks_returned_to_freelist: 12.
num_chunks_taken_from_freelist: 8255.
num_chunk_merges: 12.
num_chunk_splits: 5025.
num_chunks_enlarged: 2830.
num_inconsistent_stats: 0.

CodeHeap 'non-profiled nmethods': size=120000Kb used=13256Kb max_used=13256Kb free=106743Kb
 bounds [0x00000178f81e0000, 0x00000178f8ee0000, 0x00000178ff710000]
CodeHeap 'profiled nmethods': size=120000Kb used=33757Kb max_used=33757Kb free=86242Kb
 bounds [0x00000178f0710000, 0x00000178f2810000, 0x00000178f7c40000]
CodeHeap 'non-nmethods': size=5760Kb used=2485Kb max_used=2563Kb free=3274Kb
 bounds [0x00000178f7c40000, 0x00000178f7ef0000, 0x00000178f81e0000]
 total_blobs=18154 nmethods=17126 adapters=939
 compilation: enabled
              stopped_count=0, restarted_count=0
 full_count=0

Compilation events (20 events):
Event: 64.838 Thread 0x000001788b4f5920 nmethod 20137 0x00000178f2802690 code [0x00000178f2802840, 0x00000178f2802a88]
Event: 64.839 Thread 0x000001788b4f5920 20140       3       org.gradle.execution.plan.DefaultFinalizedExecutionPlan$$Lambda$2524/0x000001788e12c540::accept (20 bytes)
Event: 64.839 Thread 0x000001788b4f5920 nmethod 20140 0x00000178f2802b90 code [0x00000178f2802dc0, 0x00000178f28038a8]
Event: 64.840 Thread 0x000001788b4f5920 20141       3       org.gradle.execution.plan.FinalizerGroup::getFinalizedNodes (8 bytes)
Event: 64.840 Thread 0x000001788b4f5920 nmethod 20141 0x00000178f2803c10 code [0x00000178f2803da0, 0x00000178f2803f58]
Event: 64.840 Thread 0x000001788b4f5920 20142       3       org.gradle.execution.plan.Node::isCanCancel (8 bytes)
Event: 64.840 Thread 0x000001788b4f5920 nmethod 20142 0x00000178f2804010 code [0x00000178f28041c0, 0x00000178f28043a8]
Event: 64.840 Thread 0x000001788b4f5920 20143       3       org.gradle.execution.plan.CompositeNodeGroup::isCanCancel (9 bytes)
Event: 64.840 Thread 0x000001788b4f5920 nmethod 20143 0x00000178f2804490 code [0x00000178f2804620, 0x00000178f28047e8]
Event: 64.844 Thread 0x00000178b1b53de0 nmethod 20138 0x00000178f8ed0590 code [0x00000178f8ed0740, 0x00000178f8ed0e58]
Event: 64.844 Thread 0x00000178b1b53de0 20139       4       java.util.ArrayList::fastRemove (44 bytes)
Event: 64.846 Thread 0x000001788b4eaf40 nmethod 20133 0x00000178f8ed1210 code [0x00000178f8ed13c0, 0x00000178f8ed19d8]
Event: 64.846 Thread 0x00000178b1b53de0 nmethod 20139 0x00000178f8ed1c10 code [0x00000178f8ed1d80, 0x00000178f8ed1f58]
Event: 64.882 Thread 0x000001788b4f5920 20144       3       org.gradle.execution.plan.DefaultFinalizedExecutionPlan$$Lambda$1638/0x000001788d9b1ad0::accept (16 bytes)
Event: 64.883 Thread 0x000001788b4f5920 nmethod 20144 0x00000178f2804890 code [0x00000178f2804ac0, 0x00000178f2805648]
Event: 64.883 Thread 0x000001788b4f5920 20145       3       org.gradle.execution.plan.edges.DependencySuccessorsOnlyNodeSet::onNodeComplete (40 bytes)
Event: 64.883 Thread 0x000001788b4f5920 nmethod 20145 0x00000178f2805990 code [0x00000178f2805bc0, 0x00000178f2806738]
Event: 66.800 Thread 0x000001788b4f5920 20146       3       java.util.concurrent.ScheduledThreadPoolExecutor::canRunInCurrentRunState (61 bytes)
Event: 66.801 Thread 0x000001788b4f5920 nmethod 20146 0x00000178f2806990 code [0x00000178f2806ba0, 0x00000178f2807388]
Event: 68.504 Thread 0x000001788b4eaf40 20147       4       java.nio.file.Paths::get (6 bytes)

GC Heap History (20 events):
Event: 25.734 GC heap before
{Heap before GC invocations=33 (full 0):
 garbage-first heap   total 348160K, used 266175K [0x0000000700000000, 0x0000000800000000)
  region size 2048K, 88 young (180224K), 11 survivors (22528K)
 Metaspace       used 90223K, committed 91200K, reserved 557056K
  class space    used 12689K, committed 13184K, reserved 425984K
}
Event: 25.752 GC heap after
{Heap after GC invocations=34 (full 0):
 garbage-first heap   total 348160K, used 116898K [0x0000000700000000, 0x0000000800000000)
  region size 2048K, 4 young (8192K), 4 survivors (8192K)
 Metaspace       used 90223K, committed 91200K, reserved 557056K
  class space    used 12689K, committed 13184K, reserved 425984K
}
Event: 27.673 GC heap before
{Heap before GC invocations=34 (full 0):
 garbage-first heap   total 348160K, used 274594K [0x0000000700000000, 0x0000000800000000)
  region size 2048K, 81 young (165888K), 4 survivors (8192K)
 Metaspace       used 96554K, committed 97600K, reserved 557056K
  class space    used 13540K, committed 14016K, reserved 425984K
}
Event: 27.698 GC heap after
{Heap after GC invocations=35 (full 0):
 garbage-first heap   total 348160K, used 127146K [0x0000000700000000, 0x0000000800000000)
  region size 2048K, 9 young (18432K), 9 survivors (18432K)
 Metaspace       used 96554K, committed 97600K, reserved 557056K
  class space    used 13540K, committed 14016K, reserved 425984K
}
Event: 29.605 GC heap before
{Heap before GC invocations=35 (full 0):
 garbage-first heap   total 348160K, used 278698K [0x0000000700000000, 0x0000000800000000)
  region size 2048K, 83 young (169984K), 9 survivors (18432K)
 Metaspace       used 99374K, committed 100608K, reserved 557056K
  class space    used 13967K, committed 14528K, reserved 425984K
}
Event: 29.640 GC heap after
{Heap after GC invocations=36 (full 0):
 garbage-first heap   total 348160K, used 146358K [0x0000000700000000, 0x0000000800000000)
  region size 2048K, 11 young (22528K), 11 survivors (22528K)
 Metaspace       used 99374K, committed 100608K, reserved 557056K
  class space    used 13967K, committed 14528K, reserved 425984K
}
Event: 30.478 GC heap before
{Heap before GC invocations=36 (full 0):
 garbage-first heap   total 348160K, used 269238K [0x0000000700000000, 0x0000000800000000)
  region size 2048K, 72 young (147456K), 11 survivors (22528K)
 Metaspace       used 99490K, committed 100736K, reserved 557056K
  class space    used 13969K, committed 14528K, reserved 425984K
}
Event: 30.505 GC heap after
{Heap after GC invocations=37 (full 0):
 garbage-first heap   total 348160K, used 152803K [0x0000000700000000, 0x0000000800000000)
  region size 2048K, 4 young (8192K), 4 survivors (8192K)
 Metaspace       used 99490K, committed 100736K, reserved 557056K
  class space    used 13969K, committed 14528K, reserved 425984K
}
Event: 32.047 GC heap before
{Heap before GC invocations=37 (full 0):
 garbage-first heap   total 348160K, used 275683K [0x0000000700000000, 0x0000000800000000)
  region size 2048K, 64 young (131072K), 4 survivors (8192K)
 Metaspace       used 100709K, committed 102016K, reserved 557056K
  class space    used 14125K, committed 14720K, reserved 425984K
}
Event: 32.075 GC heap after
{Heap after GC invocations=38 (full 0):
 garbage-first heap   total 696320K, used 171581K [0x0000000700000000, 0x0000000800000000)
  region size 2048K, 8 young (16384K), 8 survivors (16384K)
 Metaspace       used 100709K, committed 102016K, reserved 557056K
  class space    used 14125K, committed 14720K, reserved 425984K
}
Event: 35.932 GC heap before
{Heap before GC invocations=38 (full 0):
 garbage-first heap   total 696320K, used 515645K [0x0000000700000000, 0x0000000800000000)
  region size 2048K, 177 young (362496K), 8 survivors (16384K)
 Metaspace       used 107367K, committed 108736K, reserved 557056K
  class space    used 15069K, committed 15744K, reserved 425984K
}
Event: 35.981 GC heap after
{Heap after GC invocations=39 (full 0):
 garbage-first heap   total 696320K, used 209041K [0x0000000700000000, 0x0000000800000000)
  region size 2048K, 23 young (47104K), 23 survivors (47104K)
 Metaspace       used 107367K, committed 108736K, reserved 557056K
  class space    used 15069K, committed 15744K, reserved 425984K
}
Event: 38.553 GC heap before
{Heap before GC invocations=39 (full 0):
 garbage-first heap   total 696320K, used 520337K [0x0000000700000000, 0x0000000800000000)
  region size 2048K, 175 young (358400K), 23 survivors (47104K)
 Metaspace       used 108158K, committed 109632K, reserved 557056K
  class space    used 15161K, committed 15808K, reserved 425984K
}
Event: 38.628 GC heap after
{Heap after GC invocations=40 (full 0):
 garbage-first heap   total 696320K, used 232047K [0x0000000700000000, 0x0000000800000000)
  region size 2048K, 12 young (24576K), 12 survivors (24576K)
 Metaspace       used 108158K, committed 109632K, reserved 557056K
  class space    used 15161K, committed 15808K, reserved 425984K
}
Event: 42.391 GC heap before
{Heap before GC invocations=40 (full 0):
 garbage-first heap   total 696320K, used 529007K [0x0000000700000000, 0x0000000800000000)
  region size 2048K, 158 young (323584K), 12 survivors (24576K)
 Metaspace       used 113917K, committed 115520K, reserved 557056K
  class space    used 15895K, committed 16640K, reserved 425984K
}
Event: 42.481 GC heap after
{Heap after GC invocations=41 (full 0):
 garbage-first heap   total 696320K, used 267012K [0x0000000700000000, 0x0000000800000000)
  region size 2048K, 19 young (38912K), 19 survivors (38912K)
 Metaspace       used 113917K, committed 115520K, reserved 557056K
  class space    used 15895K, committed 16640K, reserved 425984K
}
Event: 44.479 GC heap before
{Heap before GC invocations=41 (full 0):
 garbage-first heap   total 696320K, used 529156K [0x0000000700000000, 0x0000000800000000)
  region size 2048K, 148 young (303104K), 19 survivors (38912K)
 Metaspace       used 114490K, committed 116224K, reserved 557056K
  class space    used 15970K, committed 16768K, reserved 425984K
}
Event: 44.546 GC heap after
{Heap after GC invocations=42 (full 0):
 garbage-first heap   total 696320K, used 275204K [0x0000000700000000, 0x0000000800000000)
  region size 2048K, 6 young (12288K), 6 survivors (12288K)
 Metaspace       used 114490K, committed 116224K, reserved 557056K
  class space    used 15970K, committed 16768K, reserved 425984K
}
Event: 47.904 GC heap before
{Heap before GC invocations=42 (full 0):
 garbage-first heap   total 696320K, used 525059K [0x0000000700000000, 0x0000000800000000)
  region size 2048K, 130 young (266240K), 6 survivors (12288K)
 Metaspace       used 119054K, committed 120768K, reserved 557056K
  class space    used 16576K, committed 17344K, reserved 425984K
}
Event: 47.934 GC heap after
{Heap after GC invocations=43 (full 0):
 garbage-first heap   total 696320K, used 287215K [0x0000000700000000, 0x0000000800000000)
  region size 2048K, 12 young (24576K), 12 survivors (24576K)
 Metaspace       used 119054K, committed 120768K, reserved 557056K
  class space    used 16576K, committed 17344K, reserved 425984K
}

Dll operation events (17 events):
Event: 0.007 Loaded shared library C:\Program Files\Microsoft\jdk-17.0.13.11-hotspot\bin\java.dll
Event: 0.022 Loaded shared library C:\Program Files\Microsoft\jdk-17.0.13.11-hotspot\bin\jsvml.dll
Event: 0.079 Loaded shared library C:\Program Files\Microsoft\jdk-17.0.13.11-hotspot\bin\zip.dll
Event: 0.084 Loaded shared library C:\Program Files\Microsoft\jdk-17.0.13.11-hotspot\bin\instrument.dll
Event: 0.088 Loaded shared library C:\Program Files\Microsoft\jdk-17.0.13.11-hotspot\bin\net.dll
Event: 0.089 Loaded shared library C:\Program Files\Microsoft\jdk-17.0.13.11-hotspot\bin\nio.dll
Event: 0.092 Loaded shared library C:\Program Files\Microsoft\jdk-17.0.13.11-hotspot\bin\zip.dll
Event: 0.713 Loaded shared library C:\Program Files\Microsoft\jdk-17.0.13.11-hotspot\bin\jimage.dll
Event: 1.081 Loaded shared library C:\Program Files\Microsoft\jdk-17.0.13.11-hotspot\bin\verify.dll
Event: 1.349 Loaded shared library C:\Users\aliah\.gradle\native\c067742578af261105cb4f569cf0c3c89f3d7b1fecec35dd04571415982c5e48\windows-amd64\native-platform.dll
Event: 1.375 Loaded shared library C:\Users\aliah\.gradle\native\100fb08df4bc3b14c8652ba06237920a3bd2aa13389f12d3474272988ae205f9\windows-amd64\native-platform-file-events.dll
Event: 3.722 Loaded shared library C:\Program Files\Microsoft\jdk-17.0.13.11-hotspot\bin\management.dll
Event: 3.726 Loaded shared library C:\Program Files\Microsoft\jdk-17.0.13.11-hotspot\bin\management_ext.dll
Event: 4.085 Loaded shared library C:\Program Files\Microsoft\jdk-17.0.13.11-hotspot\bin\extnet.dll
Event: 4.415 Loaded shared library C:\Program Files\Microsoft\jdk-17.0.13.11-hotspot\bin\sunmscapi.dll
Event: 46.899 Loaded shared library C:\Users\aliah\AppData\Local\Temp\native-platform3591115405665450774dir\native-platform.dll
Event: 47.651 Loaded shared library C:\Program Files\Microsoft\jdk-17.0.13.11-hotspot\bin\rmi.dll

Deoptimization events (20 events):
Event: 64.833 Thread 0x00000178ae5654f0 Uncommon trap: trap_request=0xffffffc6 fr.pc=0x00000178f8ecf2ec relative=0x000000000000012c
Event: 64.833 Thread 0x00000178ae5654f0 Uncommon trap: reason=bimorphic_or_optimized_type_check action=maybe_recompile pc=0x00000178f8ecf2ec method=org.gradle.execution.plan.DefaultFinalizedExecutionPlan$1.compare(Lorg/gradle/execution/plan/Node;Lorg/gradle/execution/plan/Node;)I @ 24 c2
Event: 64.833 Thread 0x00000178ae5654f0 DEOPT PACKING pc=0x00000178f8ecf2ec sp=0x00000043138fe5a0
Event: 64.833 Thread 0x00000178ae5654f0 DEOPT UNPACKING pc=0x00000178f7c969a3 sp=0x00000043138fe4c8 mode 2
Event: 64.833 Thread 0x00000178ae5654f0 Uncommon trap: trap_request=0xffffffc6 fr.pc=0x00000178f8ecf2ec relative=0x000000000000012c
Event: 64.833 Thread 0x00000178ae5654f0 Uncommon trap: reason=bimorphic_or_optimized_type_check action=maybe_recompile pc=0x00000178f8ecf2ec method=org.gradle.execution.plan.DefaultFinalizedExecutionPlan$1.compare(Lorg/gradle/execution/plan/Node;Lorg/gradle/execution/plan/Node;)I @ 24 c2
Event: 64.833 Thread 0x00000178ae5654f0 DEOPT PACKING pc=0x00000178f8ecf2ec sp=0x00000043138fe5a0
Event: 64.833 Thread 0x00000178ae5654f0 DEOPT UNPACKING pc=0x00000178f7c969a3 sp=0x00000043138fe4c8 mode 2
Event: 64.833 Thread 0x00000178ae5654f0 Uncommon trap: trap_request=0xffffffc6 fr.pc=0x00000178f8ecf2ec relative=0x000000000000012c
Event: 64.833 Thread 0x00000178ae5654f0 Uncommon trap: reason=bimorphic_or_optimized_type_check action=maybe_recompile pc=0x00000178f8ecf2ec method=org.gradle.execution.plan.DefaultFinalizedExecutionPlan$1.compare(Lorg/gradle/execution/plan/Node;Lorg/gradle/execution/plan/Node;)I @ 24 c2
Event: 64.833 Thread 0x00000178ae5654f0 DEOPT PACKING pc=0x00000178f8ecf2ec sp=0x00000043138fe5a0
Event: 64.833 Thread 0x00000178ae5654f0 DEOPT UNPACKING pc=0x00000178f7c969a3 sp=0x00000043138fe4c8 mode 2
Event: 64.833 Thread 0x00000178ae5654f0 Uncommon trap: trap_request=0xffffffc6 fr.pc=0x00000178f8ecf2ec relative=0x000000000000012c
Event: 64.833 Thread 0x00000178ae5654f0 Uncommon trap: reason=bimorphic_or_optimized_type_check action=maybe_recompile pc=0x00000178f8ecf2ec method=org.gradle.execution.plan.DefaultFinalizedExecutionPlan$1.compare(Lorg/gradle/execution/plan/Node;Lorg/gradle/execution/plan/Node;)I @ 24 c2
Event: 64.833 Thread 0x00000178ae5654f0 DEOPT PACKING pc=0x00000178f8ecf2ec sp=0x00000043138fe5a0
Event: 64.833 Thread 0x00000178ae5654f0 DEOPT UNPACKING pc=0x00000178f7c969a3 sp=0x00000043138fe4c8 mode 2
Event: 64.834 Thread 0x00000178ae5654f0 Uncommon trap: trap_request=0xffffffc6 fr.pc=0x00000178f8ecf914 relative=0x00000000000000d4
Event: 64.834 Thread 0x00000178ae5654f0 Uncommon trap: reason=bimorphic_or_optimized_type_check action=maybe_recompile pc=0x00000178f8ecf914 method=org.gradle.execution.plan.DefaultFinalizedExecutionPlan$1.compare(Lorg/gradle/execution/plan/Node;Lorg/gradle/execution/plan/Node;)I @ 24 c2
Event: 64.834 Thread 0x00000178ae5654f0 DEOPT PACKING pc=0x00000178f8ecf914 sp=0x00000043138fe520
Event: 64.834 Thread 0x00000178ae5654f0 DEOPT UNPACKING pc=0x00000178f7c969a3 sp=0x00000043138fe4c0 mode 2

Classes loaded (20 events):
Event: 47.743 Loading class sun/rmi/transport/DGCAckHandler
Event: 47.743 Loading class sun/rmi/transport/DGCAckHandler done
Event: 47.751 Loading class sun/rmi/transport/DGCAckHandler$1
Event: 47.751 Loading class sun/rmi/transport/DGCAckHandler$1 done
Event: 47.875 Loading class sun/rmi/transport/tcp/TCPTransport$ConnectionHandler
Event: 47.875 Loading class sun/rmi/transport/tcp/TCPTransport$ConnectionHandler done
Event: 47.937 Loading class sun/rmi/transport/Transport$1
Event: 47.937 Loading class sun/rmi/transport/Transport$1 done
Event: 47.940 Loading class sun/rmi/transport/DGCImpl$LeaseInfo
Event: 47.940 Loading class sun/rmi/transport/DGCImpl$LeaseInfo done
Event: 47.940 Loading class sun/rmi/transport/DGCImpl$1
Event: 47.940 Loading class sun/rmi/transport/DGCImpl$1 done
Event: 47.940 Loading class sun/rmi/transport/SequenceEntry
Event: 47.940 Loading class sun/rmi/transport/SequenceEntry done
Event: 64.288 Loading class sun/net/ConnectionResetException
Event: 64.288 Loading class sun/net/ConnectionResetException done
Event: 64.339 Loading class java/lang/Throwable$WrappedPrintWriter
Event: 64.339 Loading class java/lang/Throwable$PrintStreamOrWriter
Event: 64.339 Loading class java/lang/Throwable$PrintStreamOrWriter done
Event: 64.339 Loading class java/lang/Throwable$WrappedPrintWriter done

Classes unloaded (0 events):
No events

Classes redefined (0 events):
No events

Internal exceptions (20 events):
Event: 64.312 Thread 0x00000178b1a8c4a0 Exception <a 'java/net/ConnectException'{0x000000072848fa50}: Connection refused: connect> (0x000000072848fa50) 
thrown [s\src\hotspot\share\prims\jni.cpp, line 535]
Event: 64.312 Thread 0x00000178b1a8ddf0 Exception <a 'java/net/SocketException'{0x00000007284af388}: Socket is not connected: shutdown> (0x00000007284af388) 
thrown [s\src\hotspot\share\prims\jni.cpp, line 535]
Event: 64.312 Thread 0x00000178ae563ba0 Exception <a 'java/net/SocketException'{0x00000007284546a0}: Socket is not connected: shutdown> (0x00000007284546a0) 
thrown [s\src\hotspot\share\prims\jni.cpp, line 535]
Event: 64.312 Thread 0x00000178b1a8c4a0 Exception <a 'java/net/SocketException'{0x0000000728490030}: Socket is not connected: shutdown> (0x0000000728490030) 
thrown [s\src\hotspot\share\prims\jni.cpp, line 535]
Event: 64.323 Thread 0x00000178ae563ba0 Exception <a 'java/net/ConnectException'{0x0000000728455178}: Connection refused: connect> (0x0000000728455178) 
thrown [s\src\hotspot\share\prims\jni.cpp, line 535]
Event: 64.323 Thread 0x00000178b1a8ddf0 Exception <a 'java/net/ConnectException'{0x00000007284afe60}: Connection refused: connect> (0x00000007284afe60) 
thrown [s\src\hotspot\share\prims\jni.cpp, line 535]
Event: 64.323 Thread 0x00000178b1a8ddf0 Exception <a 'java/net/SocketException'{0x00000007284b0440}: Socket is not connected: shutdown> (0x00000007284b0440) 
thrown [s\src\hotspot\share\prims\jni.cpp, line 535]
Event: 64.323 Thread 0x00000178ae563ba0 Exception <a 'java/net/SocketException'{0x0000000728455758}: Socket is not connected: shutdown> (0x0000000728455758) 
thrown [s\src\hotspot\share\prims\jni.cpp, line 535]
Event: 64.323 Thread 0x00000178b1a8b570 Exception <a 'java/net/ConnectException'{0x0000000728ba1ac0}: Connection refused: connect> (0x0000000728ba1ac0) 
thrown [s\src\hotspot\share\prims\jni.cpp, line 535]
Event: 64.324 Thread 0x00000178b1a8c4a0 Exception <a 'java/net/ConnectException'{0x0000000728490b08}: Connection refused: connect> (0x0000000728490b08) 
thrown [s\src\hotspot\share\prims\jni.cpp, line 535]
Event: 64.324 Thread 0x00000178b1a8b570 Exception <a 'java/net/SocketException'{0x0000000728ba20a0}: Socket is not connected: shutdown> (0x0000000728ba20a0) 
thrown [s\src\hotspot\share\prims\jni.cpp, line 535]
Event: 64.324 Thread 0x00000178b1a8c4a0 Exception <a 'java/net/SocketException'{0x00000007284910e8}: Socket is not connected: shutdown> (0x00000007284910e8) 
thrown [s\src\hotspot\share\prims\jni.cpp, line 535]
Event: 64.334 Thread 0x00000178b1a8c4a0 Exception <a 'java/net/ConnectException'{0x0000000728491bc0}: Connection refused: connect> (0x0000000728491bc0) 
thrown [s\src\hotspot\share\prims\jni.cpp, line 535]
Event: 64.334 Thread 0x00000178b1a8c4a0 Exception <a 'java/net/SocketException'{0x00000007284921a0}: Socket is not connected: shutdown> (0x00000007284921a0) 
thrown [s\src\hotspot\share\prims\jni.cpp, line 535]
Event: 64.334 Thread 0x00000178b1a8b570 Exception <a 'java/net/ConnectException'{0x0000000728ba2b78}: Connection refused: connect> (0x0000000728ba2b78) 
thrown [s\src\hotspot\share\prims\jni.cpp, line 535]
Event: 64.334 Thread 0x00000178b1a8ddf0 Exception <a 'java/net/ConnectException'{0x00000007284b0f18}: Connection refused: connect> (0x00000007284b0f18) 
thrown [s\src\hotspot\share\prims\jni.cpp, line 535]
Event: 64.335 Thread 0x00000178ae563ba0 Exception <a 'java/net/ConnectException'{0x0000000728456230}: Connection refused: connect> (0x0000000728456230) 
thrown [s\src\hotspot\share\prims\jni.cpp, line 535]
Event: 64.335 Thread 0x00000178b1a8ddf0 Exception <a 'java/net/SocketException'{0x00000007284b14f8}: Socket is not connected: shutdown> (0x00000007284b14f8) 
thrown [s\src\hotspot\share\prims\jni.cpp, line 535]
Event: 64.335 Thread 0x00000178ae563ba0 Exception <a 'java/net/SocketException'{0x0000000728456810}: Socket is not connected: shutdown> (0x0000000728456810) 
thrown [s\src\hotspot\share\prims\jni.cpp, line 535]
Event: 64.335 Thread 0x00000178b1a8b570 Exception <a 'java/net/SocketException'{0x0000000728ba3158}: Socket is not connected: shutdown> (0x0000000728ba3158) 
thrown [s\src\hotspot\share\prims\jni.cpp, line 535]

VM Operations (20 events):
Event: 48.672 Executing VM operation: G1PauseRemark
Event: 48.686 Executing VM operation: G1PauseRemark done
Event: 49.002 Executing VM operation: G1PauseCleanup
Event: 49.013 Executing VM operation: G1PauseCleanup done
Event: 50.014 Executing VM operation: Cleanup
Event: 50.014 Executing VM operation: Cleanup done
Event: 57.017 Executing VM operation: Cleanup
Event: 57.017 Executing VM operation: Cleanup done
Event: 60.267 Executing VM operation: HandshakeAllThreads
Event: 60.268 Executing VM operation: HandshakeAllThreads done
Event: 64.269 Executing VM operation: Cleanup
Event: 64.269 Executing VM operation: Cleanup done
Event: 64.811 Executing VM operation: HandshakeAllThreads
Event: 64.811 Executing VM operation: HandshakeAllThreads done
Event: 64.820 Executing VM operation: HandshakeAllThreads
Event: 64.820 Executing VM operation: HandshakeAllThreads done
Event: 64.822 Executing VM operation: HandshakeAllThreads
Event: 64.822 Executing VM operation: HandshakeAllThreads done
Event: 65.822 Executing VM operation: Cleanup
Event: 65.822 Executing VM operation: Cleanup done

Memory protections (0 events):
No events

Nmethod flushes (20 events):
Event: 38.733 Thread 0x000001788b500e10 flushing  nmethod 0x00000178f1f48110
Event: 38.733 Thread 0x000001788b500e10 flushing  nmethod 0x00000178f1f4fa10
Event: 38.733 Thread 0x000001788b500e10 flushing  nmethod 0x00000178f1f61f10
Event: 38.733 Thread 0x000001788b500e10 flushing  nmethod 0x00000178f1f70f10
Event: 38.733 Thread 0x000001788b500e10 flushing  nmethod 0x00000178f1f72890
Event: 38.733 Thread 0x000001788b500e10 flushing  nmethod 0x00000178f1f73010
Event: 38.733 Thread 0x000001788b500e10 flushing  nmethod 0x00000178f1ff5f10
Event: 38.733 Thread 0x000001788b500e10 flushing  nmethod 0x00000178f200ca10
Event: 38.733 Thread 0x000001788b500e10 flushing  nmethod 0x00000178f2011b90
Event: 38.733 Thread 0x000001788b500e10 flushing  nmethod 0x00000178f2023d90
Event: 38.733 Thread 0x000001788b500e10 flushing  nmethod 0x00000178f2033010
Event: 38.734 Thread 0x000001788b500e10 flushing  nmethod 0x00000178f20a0390
Event: 38.734 Thread 0x000001788b500e10 flushing  nmethod 0x00000178f20c2490
Event: 38.734 Thread 0x000001788b500e10 flushing  nmethod 0x00000178f20c5290
Event: 38.734 Thread 0x000001788b500e10 flushing  nmethod 0x00000178f20c5610
Event: 38.734 Thread 0x000001788b500e10 flushing  nmethod 0x00000178f20c9610
Event: 38.734 Thread 0x000001788b500e10 flushing osr nmethod 0x00000178f20d3290
Event: 38.734 Thread 0x000001788b500e10 flushing  nmethod 0x00000178f2122690
Event: 38.734 Thread 0x000001788b500e10 flushing  nmethod 0x00000178f2166910
Event: 44.705 Thread 0x000001788b500e10 flushing  nmethod 0x00000178f07e9110

Events (20 events):
Event: 47.717 Thread 0x00000178ae563ba0 Thread added: 0x00000178b1a8c9b0
Event: 47.717 Thread 0x00000178ae563ba0 Thread added: 0x00000178b1a8d8e0
Event: 47.721 Thread 0x000001788b4f5920 Thread added: 0x00000178b1b50e10
Event: 47.875 Thread 0x00000178b1a8c9b0 Thread added: 0x00000178b1a8d3d0
Event: 48.104 Thread 0x00000178b1a8ddf0 Thread added: 0x00000178b1a8e810
Event: 48.170 Thread 0x00000178b1a8c9b0 Thread added: 0x00000178b1a8b060
Event: 48.175 Thread 0x00000178ae561320 Thread added: 0x00000178b1a8b570
Event: 48.805 Thread 0x00000178b1a8b570 Thread added: 0x00000178b1a8ba80
Event: 49.156 Thread 0x00000178b1a8c9b0 Thread added: 0x00000178b1a8bf90
Event: 49.237 Thread 0x00000178ae55fee0 Thread added: 0x00000178b1a8c4a0
Event: 49.382 Thread 0x00000178b1a8c4a0 Thread added: 0x00000178b0b28e30
Event: 49.428 Thread 0x00000178b1a8c9b0 Thread added: 0x00000178b0b29850
Event: 51.781 Thread 0x00000178b1b50e10 Thread exited: 0x00000178b1b50e10
Event: 64.344 Thread 0x000001788b4f5920 Thread added: 0x00000178b1b53de0
Event: 64.394 Thread 0x00000178b1a8b570 Thread added: 0x00000178b0b2ac90
Event: 64.395 Thread 0x00000178b1a8ddf0 Thread added: 0x00000178b0b2d000
Event: 64.398 Thread 0x00000178ae563ba0 Thread added: 0x00000178b0b28410
Event: 64.406 Thread 0x00000178b1a8c4a0 Thread added: 0x00000178b0b2b1a0
Event: 64.791 Thread 0x00000178b0b2d000 Thread exited: 0x00000178b0b2d000
Event: 66.801 Thread 0x00000178b1b53de0 Thread exited: 0x00000178b1b53de0


Dynamic libraries:
0x00007ff62a300000 - 0x00007ff62a30e000 	C:\Program Files\Microsoft\jdk-17.0.13.11-hotspot\bin\java.exe
0x00007fff7e1f0000 - 0x00007fff7e3e8000 	C:\WINDOWS\SYSTEM32\ntdll.dll
0x00007fff7c200000 - 0x00007fff7c2c2000 	C:\WINDOWS\System32\KERNEL32.DLL
0x00007fff7ba80000 - 0x00007fff7bd7f000 	C:\WINDOWS\System32\KERNELBASE.dll
0x00007fff7bf60000 - 0x00007fff7c060000 	C:\WINDOWS\System32\ucrtbase.dll
0x00007fff72ce0000 - 0x00007fff72cf7000 	C:\Program Files\Microsoft\jdk-17.0.13.11-hotspot\bin\jli.dll
0x00007fff69670000 - 0x00007fff6968d000 	C:\Program Files\Microsoft\jdk-17.0.13.11-hotspot\bin\VCRUNTIME140.dll
0x00007fff7dd60000 - 0x00007fff7defd000 	C:\WINDOWS\System32\USER32.dll
0x00007fff606f0000 - 0x00007fff6098a000 	C:\WINDOWS\WinSxS\amd64_microsoft.windows.common-controls_6595b64144ccf1df_6.0.19041.4355_none_60b8b9eb71f62e16\COMCTL32.dll
0x00007fff7bea0000 - 0x00007fff7bec2000 	C:\WINDOWS\System32\win32u.dll
0x00007fff7dcc0000 - 0x00007fff7dd5e000 	C:\WINDOWS\System32\msvcrt.dll
0x00007fff7d8d0000 - 0x00007fff7d8fb000 	C:\WINDOWS\System32\GDI32.dll
0x00007fff7bd80000 - 0x00007fff7be97000 	C:\WINDOWS\System32\gdi32full.dll
0x00007fff7b9e0000 - 0x00007fff7ba7d000 	C:\WINDOWS\System32\msvcp_win.dll
0x00007fff7dad0000 - 0x00007fff7daff000 	C:\WINDOWS\System32\IMM32.DLL
0x00007fff77870000 - 0x00007fff7787c000 	C:\Program Files\Microsoft\jdk-17.0.13.11-hotspot\bin\vcruntime140_1.dll
0x00007fff436f0000 - 0x00007fff4377d000 	C:\Program Files\Microsoft\jdk-17.0.13.11-hotspot\bin\msvcp140.dll
0x00007fff21250000 - 0x00007fff21ec1000 	C:\Program Files\Microsoft\jdk-17.0.13.11-hotspot\bin\server\jvm.dll
0x00007fff7c2d0000 - 0x00007fff7c381000 	C:\WINDOWS\System32\ADVAPI32.dll
0x00007fff7d900000 - 0x00007fff7d99f000 	C:\WINDOWS\System32\sechost.dll
0x00007fff7d9a0000 - 0x00007fff7dac3000 	C:\WINDOWS\System32\RPCRT4.dll
0x00007fff7c1d0000 - 0x00007fff7c1f7000 	C:\WINDOWS\System32\bcrypt.dll
0x00007fff7ccb0000 - 0x00007fff7cd1b000 	C:\WINDOWS\System32\WS2_32.dll
0x00007fff7ace0000 - 0x00007fff7ad2b000 	C:\WINDOWS\SYSTEM32\POWRPROF.dll
0x00007fff646e0000 - 0x00007fff64707000 	C:\WINDOWS\SYSTEM32\WINMM.dll
0x00007fff6d6b0000 - 0x00007fff6d6ba000 	C:\WINDOWS\SYSTEM32\VERSION.dll
0x00007fff7ac80000 - 0x00007fff7ac92000 	C:\WINDOWS\SYSTEM32\UMPDC.dll
0x00007fff7a310000 - 0x00007fff7a322000 	C:\WINDOWS\SYSTEM32\kernel.appcore.dll
0x00007fff73540000 - 0x00007fff7354a000 	C:\Program Files\Microsoft\jdk-17.0.13.11-hotspot\bin\jimage.dll
0x00007fff77210000 - 0x00007fff773f4000 	C:\WINDOWS\SYSTEM32\DBGHELP.DLL
0x00007fff5d520000 - 0x00007fff5d554000 	C:\WINDOWS\SYSTEM32\dbgcore.DLL
0x00007fff7bed0000 - 0x00007fff7bf52000 	C:\WINDOWS\System32\bcryptPrimitives.dll
0x00007fff74900000 - 0x00007fff7490e000 	C:\Program Files\Microsoft\jdk-17.0.13.11-hotspot\bin\instrument.dll
0x00007fff548f0000 - 0x00007fff54915000 	C:\Program Files\Microsoft\jdk-17.0.13.11-hotspot\bin\java.dll
0x00007fff2b590000 - 0x00007fff2b667000 	C:\Program Files\Microsoft\jdk-17.0.13.11-hotspot\bin\jsvml.dll
0x00007fff7c390000 - 0x00007fff7cafe000 	C:\WINDOWS\System32\SHELL32.dll
0x00007fff798b0000 - 0x00007fff7a054000 	C:\WINDOWS\SYSTEM32\windows.storage.dll
0x00007fff7d3e0000 - 0x00007fff7d735000 	C:\WINDOWS\System32\combase.dll
0x00007fff7b2b0000 - 0x00007fff7b2df000 	C:\WINDOWS\SYSTEM32\Wldp.dll
0x00007fff7e030000 - 0x00007fff7e0fd000 	C:\WINDOWS\System32\OLEAUT32.dll
0x00007fff7d740000 - 0x00007fff7d7ed000 	C:\WINDOWS\System32\SHCORE.dll
0x00007fff7cd80000 - 0x00007fff7cdd5000 	C:\WINDOWS\System32\shlwapi.dll
0x00007fff7b7b0000 - 0x00007fff7b7d4000 	C:\WINDOWS\SYSTEM32\profapi.dll
0x00007fff5f9c0000 - 0x00007fff5f9d8000 	C:\Program Files\Microsoft\jdk-17.0.13.11-hotspot\bin\zip.dll
0x00007fff670e0000 - 0x00007fff670fa000 	C:\Program Files\Microsoft\jdk-17.0.13.11-hotspot\bin\net.dll
0x00007fff788c0000 - 0x00007fff789cd000 	C:\WINDOWS\SYSTEM32\WINHTTP.dll
0x00007fff7b010000 - 0x00007fff7b07a000 	C:\WINDOWS\system32\mswsock.dll
0x00007fff63cc0000 - 0x00007fff63cd6000 	C:\Program Files\Microsoft\jdk-17.0.13.11-hotspot\bin\nio.dll
0x00007fff761b0000 - 0x00007fff761c0000 	C:\Program Files\Microsoft\jdk-17.0.13.11-hotspot\bin\verify.dll
0x00007fff6ff50000 - 0x00007fff6ff77000 	C:\Users\aliah\.gradle\native\c067742578af261105cb4f569cf0c3c89f3d7b1fecec35dd04571415982c5e48\windows-amd64\native-platform.dll
0x00007fff2c780000 - 0x00007fff2c8c4000 	C:\Users\aliah\.gradle\native\100fb08df4bc3b14c8652ba06237920a3bd2aa13389f12d3474272988ae205f9\windows-amd64\native-platform-file-events.dll
0x00007fff72b50000 - 0x00007fff72b5a000 	C:\Program Files\Microsoft\jdk-17.0.13.11-hotspot\bin\management.dll
0x00007fff72470000 - 0x00007fff7247b000 	C:\Program Files\Microsoft\jdk-17.0.13.11-hotspot\bin\management_ext.dll
0x00007fff7e180000 - 0x00007fff7e188000 	C:\WINDOWS\System32\PSAPI.DLL
0x00007fff7b200000 - 0x00007fff7b218000 	C:\WINDOWS\SYSTEM32\CRYPTSP.dll
0x00007fff7a8c0000 - 0x00007fff7a8f4000 	C:\WINDOWS\system32\rsaenh.dll
0x00007fff7b770000 - 0x00007fff7b79e000 	C:\WINDOWS\SYSTEM32\USERENV.dll
0x00007fff7b220000 - 0x00007fff7b22c000 	C:\WINDOWS\SYSTEM32\CRYPTBASE.dll
0x00007fff7aca0000 - 0x00007fff7acdb000 	C:\WINDOWS\SYSTEM32\IPHLPAPI.DLL
0x00007fff7db90000 - 0x00007fff7db98000 	C:\WINDOWS\System32\NSI.dll
0x00007fff737d0000 - 0x00007fff737e7000 	C:\WINDOWS\SYSTEM32\dhcpcsvc6.DLL
0x00007fff73e10000 - 0x00007fff73e2d000 	C:\WINDOWS\SYSTEM32\dhcpcsvc.DLL
0x00007fff7ad30000 - 0x00007fff7adfa000 	C:\WINDOWS\SYSTEM32\DNSAPI.dll
0x00007fff70b70000 - 0x00007fff70b79000 	C:\Program Files\Microsoft\jdk-17.0.13.11-hotspot\bin\extnet.dll
0x00007fff72390000 - 0x00007fff7239e000 	C:\Program Files\Microsoft\jdk-17.0.13.11-hotspot\bin\sunmscapi.dll
0x00007fff7b880000 - 0x00007fff7b9dc000 	C:\WINDOWS\System32\CRYPT32.dll
0x00007fff7b320000 - 0x00007fff7b347000 	C:\WINDOWS\SYSTEM32\ncrypt.dll
0x00007fff7b2e0000 - 0x00007fff7b31b000 	C:\WINDOWS\SYSTEM32\NTASN1.dll
0x00007fff71140000 - 0x00007fff71147000 	C:\WINDOWS\system32\wshunix.dll
0x00007fff60eb0000 - 0x00007fff60ec7000 	C:\WINDOWS\system32\napinsp.dll
0x00007fff60e30000 - 0x00007fff60e4b000 	C:\WINDOWS\system32\pnrpnsp.dll
0x00007fff76190000 - 0x00007fff761a5000 	C:\WINDOWS\system32\wshbth.dll
0x00007fff778f0000 - 0x00007fff7790d000 	C:\WINDOWS\system32\NLAapi.dll
0x00007fff60300000 - 0x00007fff60312000 	C:\WINDOWS\System32\winrnr.dll
0x0000000060f60000 - 0x0000000060f86000 	C:\Program Files\Bonjour\mdnsNSP.dll
0x00007fff69390000 - 0x00007fff6939a000 	C:\Windows\System32\rasadhlp.dll
0x00007fff69cb0000 - 0x00007fff69d30000 	C:\WINDOWS\System32\fwpuclnt.dll
0x00007fff72b20000 - 0x00007fff72b3e000 	C:\Users\aliah\AppData\Local\Temp\native-platform3591115405665450774dir\native-platform.dll
0x00007fff72530000 - 0x00007fff72537000 	C:\Program Files\Microsoft\jdk-17.0.13.11-hotspot\bin\rmi.dll

dbghelp: loaded successfully - version: 4.0.5 - missing functions: none
symbol engine: initialized successfully - sym options: 0x614 - pdb path: .;C:\Program Files\Microsoft\jdk-17.0.13.11-hotspot\bin;C:\WINDOWS\SYSTEM32;C:\WINDOWS\WinSxS\amd64_microsoft.windows.common-controls_6595b64144ccf1df_6.0.19041.4355_none_60b8b9eb71f62e16;C:\Program Files\Microsoft\jdk-17.0.13.11-hotspot\bin\server;C:\Users\aliah\.gradle\native\c067742578af261105cb4f569cf0c3c89f3d7b1fecec35dd04571415982c5e48\windows-amd64;C:\Users\aliah\.gradle\native\100fb08df4bc3b14c8652ba06237920a3bd2aa13389f12d3474272988ae205f9\windows-amd64;C:\Program Files\Bonjour;C:\Users\aliah\AppData\Local\Temp\native-platform3591115405665450774dir

VM Arguments:
jvm_args: --add-opens=java.base/java.lang=ALL-UNNAMED --add-opens=java.base/java.lang.invoke=ALL-UNNAMED --add-opens=java.base/java.util=ALL-UNNAMED --add-opens=java.prefs/java.util.prefs=ALL-UNNAMED --add-exports=jdk.compiler/com.sun.tools.javac.api=ALL-UNNAMED --add-exports=jdk.compiler/com.sun.tools.javac.util=ALL-UNNAMED --add-opens=java.base/java.util=ALL-UNNAMED --add-opens=java.prefs/java.util.prefs=ALL-UNNAMED --add-opens=java.base/java.nio.charset=ALL-UNNAMED --add-opens=java.base/java.net=ALL-UNNAMED --add-opens=java.base/java.util.concurrent.atomic=ALL-UNNAMED --add-opens=java.xml/javax.xml.namespace=ALL-UNNAMED -XX:MaxMetaspaceSize=512m -Xmx4g -Dfile.encoding=windows-1252 -Duser.country=US -Duser.language=en -Duser.variant -javaagent:C:\Users\aliah\.gradle\wrapper\dists\gradle-8.11.1-bin\bpt9gzteqjrbo1mjrsomdt32c\gradle-8.11.1\lib\agents\gradle-instrumentation-agent-8.11.1.jar 
java_command: org.gradle.launcher.daemon.bootstrap.GradleDaemon 8.11.1
java_class_path (initial): C:\Users\aliah\.gradle\wrapper\dists\gradle-8.11.1-bin\bpt9gzteqjrbo1mjrsomdt32c\gradle-8.11.1\lib\gradle-daemon-main-8.11.1.jar
Launcher Type: SUN_STANDARD

[Global flags]
     intx CICompilerCount                          = 3                                         {product} {ergonomic}
   size_t CompressedClassSpaceSize                 = 436207616                                 {product} {ergonomic}
     uint ConcGCThreads                            = 1                                         {product} {ergonomic}
     uint G1ConcRefinementThreads                  = 4                                         {product} {ergonomic}
   size_t G1HeapRegionSize                         = 2097152                                   {product} {ergonomic}
    uintx GCDrainStackTargetSize                   = 64                                        {product} {ergonomic}
   size_t InitialHeapSize                          = 132120576                                 {product} {ergonomic}
   size_t MarkStackSize                            = 4194304                                   {product} {ergonomic}
   size_t MaxHeapSize                              = 4294967296                                {product} {command line}
   size_t MaxMetaspaceSize                         = 536870912                                 {product} {command line}
   size_t MaxNewSize                               = 2575302656                                {product} {ergonomic}
   size_t MinHeapDeltaBytes                        = 2097152                                   {product} {ergonomic}
   size_t MinHeapSize                              = 8388608                                   {product} {ergonomic}
    uintx NonNMethodCodeHeapSize                   = 5832780                                {pd product} {ergonomic}
    uintx NonProfiledCodeHeapSize                  = 122912730                              {pd product} {ergonomic}
    uintx ProfiledCodeHeapSize                     = 122912730                              {pd product} {ergonomic}
    uintx ReservedCodeCacheSize                    = 251658240                              {pd product} {ergonomic}
     bool SegmentedCodeCache                       = true                                      {product} {ergonomic}
   size_t SoftMaxHeapSize                          = 4294967296                             {manageable} {ergonomic}
     bool UseCompressedClassPointers               = true                           {product lp64_product} {ergonomic}
     bool UseCompressedOops                        = true                           {product lp64_product} {ergonomic}
     bool UseG1GC                                  = true                                      {product} {ergonomic}
     bool UseLargePagesIndividualAllocation        = false                                  {pd product} {ergonomic}

Logging:
Log output configuration:
 #0: stdout all=warning uptime,level,tags
 #1: stderr all=off uptime,level,tags

Environment Variables:
JAVA_HOME=C:\Program Files\Microsoft\jdk-17.0.13.11-hotspot\
CLASSPATH=D:\React Native\MyProject\android\\gradle\wrapper\gradle-wrapper.jar
PATH=D:\React Native\MyProject\node_modules\.bin;D:\React Native\MyProject\node_modules\.bin;D:\React Native\node_modules\.bin;D:\node_modules\.bin;C:\Users\aliah\AppData\Roaming\npm\node_modules\npm\node_modules\@npmcli\run-script\lib\node-gyp-bin;C:\Program Files\Microsoft\jdk-17.0.13.11-hotspot\bin;C:\WINDOWS\system32;C:\WINDOWS;C:\WINDOWS\System32\Wbem;C:\WINDOWS\System32\WindowsPowerShell\v1.0\;C:\WINDOWS\System32\OpenSSH\;C:\Program Files\nodejs\;C:\Program Files\Git\cmd;C:\Users\aliah\AppData\Local\Android\Sdk\emulator;C:\Users\aliah\AppData\Local\Android\Sdk;C:\Users\aliah\AppData\Local\Android\Sdk\platform-tools;C:\ProgramData\chocolatey\bin;D:\React Native\MyProject\android\gradle-8.11.1\bin;C:\Users\aliah\AppData\Local\Microsoft\WindowsApps;C:\Users\aliah\AppData\Local\Programs\Microsoft VS Code\bin;C:\Users\aliah\AppData\Roaming\npm;C:\Program Files\Microsoft\jdk-17.0.13.11-hotspot\bin;D:\React Native\MyProject\android\gradle-8.11.1\bin;
USERNAME=aliah
OS=Windows_NT
PROCESSOR_IDENTIFIER=Intel64 Family 6 Model 142 Stepping 9, GenuineIntel
TMP=C:\Users\aliah\AppData\Local\Temp
TEMP=C:\Users\aliah\AppData\Local\Temp



Periodic native trim disabled


---------------  S Y S T E M  ---------------

OS:
 Windows 10 , 64 bit Build 19041 (10.0.19041.5198)
OS uptime: 1 days 21:46 hours

CPU: total 4 (initial active 4) (2 cores per cpu, 2 threads per core) family 6 model 142 stepping 9 microcode 0xf0, cx8, cmov, fxsr, ht, mmx, 3dnowpref, sse, sse2, sse3, ssse3, sse4.1, sse4.2, popcnt, lzcnt, tsc, tscinvbit, avx, avx2, aes, erms, clmul, bmi1, bmi2, adx, fma, vzeroupper, clflush, clflushopt
Processor Information for the first 4 processors :
  Max Mhz: 2904, Current Mhz: 2703, Mhz Limit: 2700

Memory: 4k page, system-wide physical 8042M (517M free)
TotalPageFile size 12138M (AvailPageFile size 0M)
current process WorkingSet (physical memory assigned to process): 1013M, peak: 1053M
current process commit charge ("private bytes"): 1062M, peak: 1102M

vm_info: OpenJDK 64-Bit Server VM (17.0.13+11-LTS) for windows-amd64 JRE (17.0.13+11-LTS), built on Oct 11 2024 23:25:05 by "MicrosoftCorporation" with unknown MS VC++:1939

END.
