#
# There is insufficient memory for the Java Runtime Environment to continue.
# Native memory allocation (mmap) failed to map 69206016 bytes. Error detail: G1 virtual space
# Possible reasons:
#   The system is out of physical RAM or swap space
#   This process is running with CompressedOops enabled, and the Java Heap may be blocking the growth of the native heap
# Possible solutions:
#   Reduce memory load on the system
#   Increase physical memory or swap space
#   Check if swap backing store is full
#   Decrease Java heap size (-Xmx/-Xms)
#   Decrease number of Java threads
#   Decrease Java thread stack sizes (-Xss)
#   Set larger code cache with -XX:ReservedCodeCacheSize=
#   JVM is running with Unscaled Compressed Oops mode in which the Java heap is
#     placed in the first 4GB address space. The Java Heap base address is the
#     maximum limit for the native heap growth. Please use -XX:HeapBaseMinAddress
#     to set the Java Heap base and to place the Java Heap above 4GB virtual address.
# This output file may be truncated or incomplete.
#
#  Out of Memory Error (os_windows.cpp:3679), pid=15936, tid=8608
#
# JRE version: OpenJDK Runtime Environment Microsoft-10376486 (17.0.13+11) (build 17.0.13+11-LTS)
# Java VM: OpenJDK 64-Bit Server VM Microsoft-10376486 (17.0.13+11-LTS, mixed mode, sharing, tiered, compressed oops, compressed class ptrs, g1 gc, windows-amd64)
# No core dump will be written. Minidumps are not enabled by default on client versions of Windows
#

---------------  S U M M A R Y ------------

Command Line: --add-opens=java.base/java.lang=ALL-UNNAMED --add-opens=java.base/java.lang.invoke=ALL-UNNAMED --add-opens=java.base/java.util=ALL-UNNAMED --add-opens=java.prefs/java.util.prefs=ALL-UNNAMED --add-exports=jdk.compiler/com.sun.tools.javac.api=ALL-UNNAMED --add-exports=jdk.compiler/com.sun.tools.javac.util=ALL-UNNAMED --add-opens=java.base/java.util=ALL-UNNAMED --add-opens=java.prefs/java.util.prefs=ALL-UNNAMED --add-opens=java.base/java.nio.charset=ALL-UNNAMED --add-opens=java.base/java.net=ALL-UNNAMED --add-opens=java.base/java.util.concurrent.atomic=ALL-UNNAMED --add-opens=java.xml/javax.xml.namespace=ALL-UNNAMED -XX:MaxMetaspaceSize=512m -Xmx2048m -Dfile.encoding=windows-1252 -Duser.country=US -Duser.language=en -Duser.variant -javaagent:C:\Users\aliah\.gradle\wrapper\dists\gradle-8.11.1-bin\bpt9gzteqjrbo1mjrsomdt32c\gradle-8.11.1\lib\agents\gradle-instrumentation-agent-8.11.1.jar org.gradle.launcher.daemon.bootstrap.GradleDaemon 8.11.1

Host: Intel(R) Core(TM) i7-7500U CPU @ 2.70GHz, 4 cores, 7G,  Windows 10 , 64 bit Build 19041 (10.0.19041.5198)
Time: Fri Feb  7 17:56:13 2025 Pakistan Standard Time elapsed time: 151.973518 seconds (0d 0h 2m 31s)

---------------  T H R E A D  ---------------

Current thread (0x00000180a3a80240):  VMThread "VM Thread" [stack: 0x00000002e4900000,0x00000002e4a00000] [id=8608]

Stack: [0x00000002e4900000,0x00000002e4a00000]
Native frames: (J=compiled Java code, j=interpreted, Vv=VM code, C=native code)
V  [jvm.dll+0x687fc9]
V  [jvm.dll+0x83eeb8]
V  [jvm.dll+0x840963]
V  [jvm.dll+0x840fd3]
V  [jvm.dll+0x24951f]
V  [jvm.dll+0x684f89]
V  [jvm.dll+0x6794aa]
V  [jvm.dll+0x30ad27]
V  [jvm.dll+0x312296]
V  [jvm.dll+0x362bde]
V  [jvm.dll+0x362e1d]
V  [jvm.dll+0x2e1fbc]
V  [jvm.dll+0x2e0369]
V  [jvm.dll+0x2dfacc]
V  [jvm.dll+0x32267b]
V  [jvm.dll+0x84580d]
V  [jvm.dll+0x846543]
V  [jvm.dll+0x846a6f]
V  [jvm.dll+0x846e54]
V  [jvm.dll+0x846f1e]
V  [jvm.dll+0x7eea6c]
V  [jvm.dll+0x686ea7]
C  [ucrtbase.dll+0x21bb2]
C  [KERNEL32.DLL+0x17374]
C  [ntdll.dll+0x4cc91]

VM_Operation (0x00000002e95fe110): G1CollectForAllocation, mode: safepoint, requested by thread 0x00000180c855bc00


---------------  P R O C E S S  ---------------

Threads class SMR info:
_java_thread_list=0x00000180c4afac80, length=97, elements={
0x0000018085ea1cc0, 0x00000180a3a860c0, 0x00000180a3a86e50, 0x00000180a3aa4d70,
0x00000180a3aa7a10, 0x00000180a3aa92f0, 0x00000180a3aaabd0, 0x00000180a3ab0d10,
0x00000180a3ab1620, 0x00000180a3ab1f30, 0x00000180a3b7b5b0, 0x00000180a3c6a660,
0x00000180c43c1770, 0x00000180c40ed480, 0x00000180c3503520, 0x00000180c33dfdb0,
0x00000180c468e370, 0x00000180c468c510, 0x00000180c468d440, 0x00000180c468d950,
0x00000180c468de60, 0x00000180c684ba10, 0x00000180c684ecb0, 0x00000180c684e7a0,
0x00000180c8559890, 0x00000180c8557a30, 0x00000180c855cb30, 0x00000180c855c620,
0x00000180c8275950, 0x00000180c88270f0, 0x00000180c882a8a0, 0x00000180ce95ecb0,
0x00000180ce962460, 0x00000180ce95d870, 0x00000180ce95e7a0, 0x00000180ce95aff0,
0x00000180ce960b10, 0x00000180ce960600, 0x00000180ce961a40, 0x00000180ce962970,
0x00000180ce95b500, 0x00000180ce95e290, 0x00000180c684e290, 0x00000180c684a5d0,
0x00000180c684f1c0, 0x00000180c6847d50, 0x00000180c684bf20, 0x00000180c6849190,
0x00000180c684b500, 0x00000180c6849bb0, 0x00000180c684a0c0, 0x00000180c684f6d0,
0x00000180c6848260, 0x00000180c684c430, 0x00000180c6848770, 0x00000180c68496a0,
0x00000180c684d360, 0x00000180c684aae0, 0x00000180c684aff0, 0x00000180c684c940,
0x00000180c855d040, 0x00000180c8558e70, 0x00000180c855d550, 0x00000180c855b1e0,
0x00000180c8558450, 0x00000180c855b6f0, 0x00000180c855da60, 0x00000180c8559380,
0x00000180c855c110, 0x00000180c855e480, 0x00000180c855e990, 0x00000180c8557f40,
0x00000180c8557520, 0x00000180c855a7c0, 0x00000180c8559da0, 0x00000180c855a2b0,
0x00000180c855acd0, 0x00000180c855bc00, 0x00000180c82772a0, 0x00000180c82786e0,
0x00000180c8277cc0, 0x00000180c82777b0, 0x00000180c8278bf0, 0x00000180c8275e60,
0x00000180c8279100, 0x00000180c8276370, 0x00000180c8276880, 0x00000180c8276d90,
0x00000180c468e880, 0x00000180c468cf30, 0x00000180c468f7b0, 0x00000180c468ed90,
0x00000180c468ca20, 0x00000180c468f2a0, 0x00000180c468fcc0, 0x00000180c8827600,
0x00000180d0124e60
}

Java Threads: ( => current thread )
  0x0000018085ea1cc0 JavaThread "main" [_thread_blocked, id=7784, stack(0x00000002e4300000,0x00000002e4400000)]
  0x00000180a3a860c0 JavaThread "Reference Handler" daemon [_thread_blocked, id=13252, stack(0x00000002e4a00000,0x00000002e4b00000)]
  0x00000180a3a86e50 JavaThread "Finalizer" daemon [_thread_blocked, id=10912, stack(0x00000002e4b00000,0x00000002e4c00000)]
  0x00000180a3aa4d70 JavaThread "Signal Dispatcher" daemon [_thread_blocked, id=8908, stack(0x00000002e4c00000,0x00000002e4d00000)]
  0x00000180a3aa7a10 JavaThread "Attach Listener" daemon [_thread_blocked, id=7888, stack(0x00000002e4d00000,0x00000002e4e00000)]
  0x00000180a3aa92f0 JavaThread "Service Thread" daemon [_thread_blocked, id=7836, stack(0x00000002e4e00000,0x00000002e4f00000)]
  0x00000180a3aaabd0 JavaThread "Monitor Deflation Thread" daemon [_thread_blocked, id=2340, stack(0x00000002e4f00000,0x00000002e5000000)]
  0x00000180a3ab0d10 JavaThread "C2 CompilerThread0" daemon [_thread_in_native, id=12112, stack(0x00000002e5000000,0x00000002e5100000)]
  0x00000180a3ab1620 JavaThread "C1 CompilerThread0" daemon [_thread_blocked, id=8492, stack(0x00000002e5100000,0x00000002e5200000)]
  0x00000180a3ab1f30 JavaThread "Sweeper thread" daemon [_thread_blocked, id=3620, stack(0x00000002e5200000,0x00000002e5300000)]
  0x00000180a3b7b5b0 JavaThread "Common-Cleaner" daemon [_thread_blocked, id=2888, stack(0x00000002e5300000,0x00000002e5400000)]
  0x00000180a3c6a660 JavaThread "Notification Thread" daemon [_thread_blocked, id=10076, stack(0x00000002e5400000,0x00000002e5500000)]
  0x00000180c43c1770 JavaThread "Daemon health stats" [_thread_blocked, id=13072, stack(0x00000002e5b00000,0x00000002e5c00000)]
  0x00000180c40ed480 JavaThread "Incoming local TCP Connector on port 57167" [_thread_in_native, id=2360, stack(0x00000002e5c00000,0x00000002e5d00000)]
  0x00000180c3503520 JavaThread "Daemon periodic checks" [_thread_blocked, id=6344, stack(0x00000002e5d00000,0x00000002e5e00000)]
  0x00000180c33dfdb0 JavaThread "Daemon" [_thread_blocked, id=3348, stack(0x00000002e5600000,0x00000002e5700000)]
  0x00000180c468e370 JavaThread "Daemon worker" [_thread_blocked, id=1800, stack(0x00000002e6000000,0x00000002e6100000)]
  0x00000180c468c510 JavaThread "Cache worker for journal cache (C:\Users\aliah\.gradle\caches\journal-1)" [_thread_blocked, id=13276, stack(0x00000002e6100000,0x00000002e6200000)]
  0x00000180c468d440 JavaThread "File lock request listener" [_thread_in_native, id=3076, stack(0x00000002e6500000,0x00000002e6600000)]
  0x00000180c468d950 JavaThread "Cache worker for file hash cache (C:\Users\aliah\.gradle\caches\8.11.1\fileHashes)" [_thread_blocked, id=17692, stack(0x00000002e6600000,0x00000002e6700000)]
  0x00000180c468de60 JavaThread "Cache worker for file content cache (C:\Users\aliah\.gradle\caches\8.11.1\fileContent)" [_thread_blocked, id=4496, stack(0x00000002e6800000,0x00000002e6900000)]
  0x00000180c684ba10 JavaThread "File watcher server" daemon [_thread_blocked, id=18380, stack(0x00000002e6b00000,0x00000002e6c00000)]
  0x00000180c684ecb0 JavaThread "File watcher consumer" daemon [_thread_blocked, id=11628, stack(0x00000002e6c00000,0x00000002e6d00000)]
  0x00000180c684e7a0 JavaThread "jar transforms" [_thread_blocked, id=18140, stack(0x00000002e7100000,0x00000002e7200000)]
  0x00000180c8559890 JavaThread "Memory manager" [_thread_blocked, id=8876, stack(0x00000002e8200000,0x00000002e8300000)]
  0x00000180c8557a30 JavaThread "ForkJoinPool.commonPool-worker-1" daemon [_thread_blocked, id=2572, stack(0x00000002e8400000,0x00000002e8500000)]
  0x00000180c855cb30 JavaThread "ForkJoinPool.commonPool-worker-2" daemon [_thread_blocked, id=1944, stack(0x00000002e8500000,0x00000002e8600000)]
  0x00000180c855c620 JavaThread "included builds" [_thread_blocked, id=13484, stack(0x00000002e8700000,0x00000002e8800000)]
  0x00000180c8275950 JavaThread "jar transforms Thread 2" [_thread_blocked, id=10308, stack(0x00000002ea100000,0x00000002ea200000)]
  0x00000180c88270f0 JavaThread "jar transforms Thread 3" [_thread_blocked, id=10316, stack(0x00000002ea200000,0x00000002ea300000)]
  0x00000180c882a8a0 JavaThread "jar transforms Thread 4" [_thread_blocked, id=10712, stack(0x00000002ea700000,0x00000002ea800000)]
  0x00000180ce95ecb0 JavaThread "Exec process" [_thread_blocked, id=11772, stack(0x00000002e4000000,0x00000002e4100000)]
  0x00000180ce962460 JavaThread "Exec process Thread 2" [_thread_blocked, id=11764, stack(0x00000002e4100000,0x00000002e4200000)]
  0x00000180ce95d870 JavaThread "Exec process Thread 3" [_thread_blocked, id=18224, stack(0x00000002e4200000,0x00000002e4300000)]
  0x00000180ce95e7a0 JavaThread "Monitor" [_thread_in_native, id=12520, stack(0x00000002ea800000,0x00000002ea900000)]
  0x00000180ce95aff0 JavaThread "Device List Monitor" [_thread_in_native, id=8104, stack(0x00000002eac00000,0x00000002ead00000)]
  0x00000180ce960b10 JavaThread "VFS cleanup" [_thread_blocked, id=3304, stack(0x00000002e6200000,0x00000002e6300000)]
  0x00000180ce960600 JavaThread "Handler for socket connection from /127.0.0.1:57167 to /127.0.0.1:57264" [_thread_in_native, id=6548, stack(0x00000002e5e00000,0x00000002e5f00000)]
  0x00000180ce961a40 JavaThread "Cancel handler" [_thread_blocked, id=13512, stack(0x00000002e5f00000,0x00000002e6000000)]
  0x00000180ce962970 JavaThread "Asynchronous log dispatcher for DefaultDaemonConnection: socket connection from /127.0.0.1:57167 to /127.0.0.1:57264" [_thread_blocked, id=7988, stack(0x00000002e6300000,0x00000002e6400000)]
  0x00000180ce95b500 JavaThread "Stdin handler" [_thread_blocked, id=17316, stack(0x00000002e6400000,0x00000002e6500000)]
  0x00000180ce95e290 JavaThread "Daemon client event forwarder" [_thread_blocked, id=14116, stack(0x00000002e6700000,0x00000002e6800000)]
  0x00000180c684e290 JavaThread "Cache worker for file hash cache (D:\React Native\MyProject\android\.gradle\8.11.1\fileHashes)" [_thread_blocked, id=14248, stack(0x00000002e6900000,0x00000002e6a00000)]
  0x00000180c684a5d0 JavaThread "Cache worker for Build Output Cleanup Cache (D:\React Native\MyProject\android\.gradle\buildOutputCleanup)" [_thread_blocked, id=15356, stack(0x00000002e6a00000,0x00000002e6b00000)]
  0x00000180c684f1c0 JavaThread "Cache worker for checksums cache (D:\React Native\MyProject\android\.gradle\8.11.1\checksums)" [_thread_blocked, id=1256, stack(0x00000002e6e00000,0x00000002e6f00000)]
  0x00000180c6847d50 JavaThread "Cache worker for cache directory md-rule (C:\Users\aliah\.gradle\caches\8.11.1\md-rule)" [_thread_blocked, id=6876, stack(0x00000002e6f00000,0x00000002e7000000)]
  0x00000180c684bf20 JavaThread "Cache worker for cache directory md-supplier (C:\Users\aliah\.gradle\caches\8.11.1\md-supplier)" [_thread_blocked, id=1332, stack(0x00000002e7200000,0x00000002e7300000)]
  0x00000180c6849190 JavaThread "Cache worker for Build Output Cleanup Cache (D:\React Native\MyProject\node_modules\@react-native\gradle-plugin\.gradle\buildOutputCleanup)" [_thread_blocked, id=14700, stack(0x00000002e7300000,0x00000002e7400000)]
  0x00000180c684b500 JavaThread "Unconstrained build operations" [_thread_blocked, id=14724, stack(0x00000002e7400000,0x00000002e7500000)]
  0x00000180c6849bb0 JavaThread "Unconstrained build operations Thread 2" [_thread_blocked, id=5724, stack(0x00000002e7500000,0x00000002e7600000)]
  0x00000180c684a0c0 JavaThread "Unconstrained build operations Thread 3" [_thread_blocked, id=5796, stack(0x00000002e7600000,0x00000002e7700000)]
  0x00000180c684f6d0 JavaThread "Unconstrained build operations Thread 4" [_thread_blocked, id=14644, stack(0x00000002e7700000,0x00000002e7800000)]
  0x00000180c6848260 JavaThread "Unconstrained build operations Thread 5" [_thread_blocked, id=18416, stack(0x00000002e7800000,0x00000002e7900000)]
  0x00000180c684c430 JavaThread "Unconstrained build operations Thread 6" [_thread_blocked, id=4464, stack(0x00000002e7900000,0x00000002e7a00000)]
  0x00000180c6848770 JavaThread "Unconstrained build operations Thread 7" [_thread_blocked, id=13400, stack(0x00000002e7a00000,0x00000002e7b00000)]
  0x00000180c68496a0 JavaThread "Unconstrained build operations Thread 8" [_thread_blocked, id=17448, stack(0x00000002e7b00000,0x00000002e7c00000)]
  0x00000180c684d360 JavaThread "Unconstrained build operations Thread 9" [_thread_blocked, id=7664, stack(0x00000002e7c00000,0x00000002e7d00000)]
  0x00000180c684aae0 JavaThread "Unconstrained build operations Thread 10" [_thread_blocked, id=8884, stack(0x00000002e7d00000,0x00000002e7e00000)]
  0x00000180c684aff0 JavaThread "build event listener" [_thread_blocked, id=2960, stack(0x00000002e7e00000,0x00000002e7f00000)]
  0x00000180c684c940 JavaThread "ForkJoinPool.commonPool-worker-4" daemon [_thread_blocked, id=5876, stack(0x00000002e7f00000,0x00000002e8000000)]
  0x00000180c855d040 JavaThread "included builds" [_thread_blocked, id=7572, stack(0x00000002e8000000,0x00000002e8100000)]
  0x00000180c8558e70 JavaThread "Execution worker" [_thread_blocked, id=1608, stack(0x00000002e8100000,0x00000002e8200000)]
  0x00000180c855d550 JavaThread "Execution worker Thread 2" [_thread_blocked, id=18320, stack(0x00000002e8300000,0x00000002e8400000)]
  0x00000180c855b1e0 JavaThread "Execution worker Thread 3" [_thread_blocked, id=3312, stack(0x00000002e8600000,0x00000002e8700000)]
  0x00000180c8558450 JavaThread "Cache worker for execution history cache (D:\React Native\MyProject\node_modules\@react-native\gradle-plugin\.gradle\8.11.1\executionHistory)" [_thread_blocked, id=9856, stack(0x00000002e8800000,0x00000002e8900000)]
  0x00000180c855b6f0 JavaThread "Unconstrained build operations Thread 11" [_thread_blocked, id=11868, stack(0x00000002e8900000,0x00000002e8a00000)]
  0x00000180c855da60 JavaThread "Unconstrained build operations Thread 12" [_thread_blocked, id=16484, stack(0x00000002e8a00000,0x00000002e8b00000)]
  0x00000180c8559380 JavaThread "Unconstrained build operations Thread 13" [_thread_blocked, id=4872, stack(0x00000002e8b00000,0x00000002e8c00000)]
  0x00000180c855c110 JavaThread "Unconstrained build operations Thread 14" [_thread_blocked, id=17432, stack(0x00000002e8c00000,0x00000002e8d00000)]
  0x00000180c855e480 JavaThread "Unconstrained build operations Thread 15" [_thread_blocked, id=3828, stack(0x00000002e8d00000,0x00000002e8e00000)]
  0x00000180c855e990 JavaThread "Unconstrained build operations Thread 16" [_thread_blocked, id=15548, stack(0x00000002e8e00000,0x00000002e8f00000)]
  0x00000180c8557f40 JavaThread "Unconstrained build operations Thread 17" [_thread_blocked, id=3256, stack(0x00000002e8f00000,0x00000002e9000000)]
  0x00000180c8557520 JavaThread "Unconstrained build operations Thread 18" [_thread_blocked, id=2844, stack(0x00000002e9000000,0x00000002e9100000)]
  0x00000180c855a7c0 JavaThread "Unconstrained build operations Thread 19" [_thread_blocked, id=13132, stack(0x00000002e9100000,0x00000002e9200000)]
  0x00000180c8559da0 JavaThread "Unconstrained build operations Thread 20" [_thread_blocked, id=16832, stack(0x00000002e9200000,0x00000002e9300000)]
  0x00000180c855a2b0 JavaThread "Unconstrained build operations Thread 21" [_thread_blocked, id=8840, stack(0x00000002e9300000,0x00000002e9400000)]
  0x00000180c855acd0 JavaThread "Unconstrained build operations Thread 22" [_thread_blocked, id=18228, stack(0x00000002e9400000,0x00000002e9500000)]
  0x00000180c855bc00 JavaThread "Unconstrained build operations Thread 23" [_thread_blocked, id=9132, stack(0x00000002e9500000,0x00000002e9600000)]
  0x00000180c82772a0 JavaThread "Unconstrained build operations Thread 24" [_thread_blocked, id=15896, stack(0x00000002e9600000,0x00000002e9700000)]
  0x00000180c82786e0 JavaThread "Unconstrained build operations Thread 25" [_thread_blocked, id=15964, stack(0x00000002e9700000,0x00000002e9800000)]
  0x00000180c8277cc0 JavaThread "Unconstrained build operations Thread 26" [_thread_blocked, id=2820, stack(0x00000002e9800000,0x00000002e9900000)]
  0x00000180c82777b0 JavaThread "Unconstrained build operations Thread 27" [_thread_blocked, id=16948, stack(0x00000002e9900000,0x00000002e9a00000)]
  0x00000180c8278bf0 JavaThread "Unconstrained build operations Thread 28" [_thread_blocked, id=3392, stack(0x00000002e9a00000,0x00000002e9b00000)]
  0x00000180c8275e60 JavaThread "Unconstrained build operations Thread 29" [_thread_blocked, id=4356, stack(0x00000002e9b00000,0x00000002e9c00000)]
  0x00000180c8279100 JavaThread "Unconstrained build operations Thread 30" [_thread_blocked, id=9248, stack(0x00000002e9c00000,0x00000002e9d00000)]
  0x00000180c8276370 JavaThread "Unconstrained build operations Thread 31" [_thread_blocked, id=488, stack(0x00000002e9d00000,0x00000002e9e00000)]
  0x00000180c8276880 JavaThread "build event listener" [_thread_blocked, id=17940, stack(0x00000002e9e00000,0x00000002e9f00000)]
  0x00000180c8276d90 JavaThread "Unconstrained build operations Thread 32" [_thread_blocked, id=12848, stack(0x00000002e9f00000,0x00000002ea000000)]
  0x00000180c468e880 JavaThread "Unconstrained build operations Thread 33" [_thread_blocked, id=15800, stack(0x00000002ea000000,0x00000002ea100000)]
  0x00000180c468cf30 JavaThread "Unconstrained build operations Thread 34" [_thread_blocked, id=11256, stack(0x00000002ea300000,0x00000002ea400000)]
  0x00000180c468f7b0 JavaThread "Unconstrained build operations Thread 35" [_thread_blocked, id=17540, stack(0x00000002ea400000,0x00000002ea500000)]
  0x00000180c468ed90 JavaThread "Unconstrained build operations Thread 36" [_thread_blocked, id=7268, stack(0x00000002ea500000,0x00000002ea600000)]
  0x00000180c468ca20 JavaThread "Unconstrained build operations Thread 37" [_thread_blocked, id=5424, stack(0x00000002ea600000,0x00000002ea700000)]
  0x00000180c468f2a0 JavaThread "Unconstrained build operations Thread 38" [_thread_blocked, id=1400, stack(0x00000002ea900000,0x00000002eaa00000)]
  0x00000180c468fcc0 JavaThread "Unconstrained build operations Thread 39" [_thread_blocked, id=16128, stack(0x00000002eaa00000,0x00000002eab00000)]
  0x00000180c8827600 JavaThread "Unconstrained build operations Thread 40" [_thread_blocked, id=8692, stack(0x00000002eab00000,0x00000002eac00000)]
  0x00000180d0124e60 JavaThread "C2 CompilerThread1" daemon [_thread_blocked, id=992, stack(0x00000002e6d00000,0x00000002e6e00000)]

Other Threads:
=>0x00000180a3a80240 VMThread "VM Thread" [stack: 0x00000002e4900000,0x00000002e4a00000] [id=8608]
  0x0000018085ea3ba0 WatcherThread [stack: 0x00000002e5500000,0x00000002e5600000] [id=16864]
  0x0000018085effef0 GCTaskThread "GC Thread#0" [stack: 0x00000002e4400000,0x00000002e4500000] [id=15712]
  0x00000180a3d659f0 GCTaskThread "GC Thread#1" [stack: 0x00000002e5700000,0x00000002e5800000] [id=9772]
  0x00000180a3d65cb0 GCTaskThread "GC Thread#2" [stack: 0x00000002e5800000,0x00000002e5900000] [id=15344]
  0x00000180c388b5a0 GCTaskThread "GC Thread#3" [stack: 0x00000002e5900000,0x00000002e5a00000] [id=4388]
  0x0000018085f10d50 ConcurrentGCThread "G1 Main Marker" [stack: 0x00000002e4500000,0x00000002e4600000] [id=13724]
  0x0000018085f11e20 ConcurrentGCThread "G1 Conc#0" [stack: 0x00000002e4600000,0x00000002e4700000] [id=10840]
  0x0000018085f566f0 ConcurrentGCThread "G1 Refine#0" [stack: 0x00000002e4700000,0x00000002e4800000] [id=3696]
  0x00000180c3dc14d0 ConcurrentGCThread "G1 Refine#1" [stack: 0x00000002e5a00000,0x00000002e5b00000] [id=12896]
  0x00000180c37fe020 ConcurrentGCThread "G1 Refine#2" [stack: 0x00000002e7000000,0x00000002e7100000] [id=13364]
  0x0000018085f57030 ConcurrentGCThread "G1 Service" [stack: 0x00000002e4800000,0x00000002e4900000] [id=15084]

Threads with active compile tasks:
C2 CompilerThread0   152024 22580       4       org.gradle.api.internal.artifacts.transform.DefaultTransformedVariantFactory::locateOrCreate (148 bytes)
C2 CompilerThread1   152024 22573       4       org.gradle.api.internal.artifacts.ivyservice.resolveengine.graph.builder.NodeState$$Lambda$785/0x00000180a55e4f68::apply (16 bytes)

VM state: at safepoint (normal execution)

VM Mutex/Monitor currently owned by a thread:  ([mutex/lock_event])
[0x0000018085e9ec80] Threads_lock - owner thread: 0x00000180a3a80240
[0x0000018085e9e6e0] Heap_lock - owner thread: 0x00000180c855bc00

Heap address: 0x0000000080000000, size: 2048 MB, Compressed Oops mode: 32-bit

CDS archive(s) mapped at: [0x00000180a4000000-0x00000180a4bb0000-0x00000180a4bb0000), size 12255232, SharedBaseAddress: 0x00000180a4000000, ArchiveRelocationMode: 1.
Compressed class space mapped at: 0x00000180a5000000-0x00000180bf000000, reserved size: 436207616
Narrow klass base: 0x00000180a4000000, Narrow klass shift: 0, Narrow klass range: 0x100000000

GC Precious Log:
 CPUs: 4 total, 4 available
 Memory: 8042M
 Large Page Support: Disabled
 NUMA Support: Disabled
 Compressed Oops: Enabled (32-bit)
 Heap Region Size: 1M
 Heap Min Capacity: 8M
 Heap Initial Capacity: 126M
 Heap Max Capacity: 2G
 Pre-touch: Disabled
 Parallel Workers: 4
 Concurrent Workers: 1
 Concurrent Refinement Workers: 4
 Periodic GC: Disabled

Heap:
 garbage-first heap   total 423936K, used 345673K [0x0000000080000000, 0x0000000100000000)
  region size 1024K, 4 young (4096K), 4 survivors (4096K)
 Metaspace       used 122484K, committed 124480K, reserved 557056K
  class space    used 16836K, committed 17792K, reserved 425984K

Heap Regions: E=young(eden), S=young(survivor), O=old, HS=humongous(starts), HC=humongous(continues), CS=collection set, F=free, OA=open archive, CA=closed archive, TAMS=top-at-mark-start (previous, next)
|   0|0x0000000080000000, 0x0000000080100000, 0x0000000080100000|100%|HS|  |TAMS 0x0000000080100000, 0x0000000080000000| Complete 
|   1|0x0000000080100000, 0x0000000080200000, 0x0000000080200000|100%|HC|  |TAMS 0x0000000080200000, 0x0000000080100000| Complete 
|   2|0x0000000080200000, 0x0000000080300000, 0x0000000080300000|100%|HC|  |TAMS 0x0000000080300000, 0x0000000080200000| Complete 
|   3|0x0000000080300000, 0x0000000080400000, 0x0000000080400000|100%| O|  |TAMS 0x0000000080400000, 0x0000000080300000| Untracked 
|   4|0x0000000080400000, 0x0000000080500000, 0x0000000080500000|100%| O|  |TAMS 0x0000000080500000, 0x0000000080400000| Untracked 
|   5|0x0000000080500000, 0x0000000080600000, 0x0000000080600000|100%| O|  |TAMS 0x0000000080600000, 0x0000000080500000| Untracked 
|   6|0x0000000080600000, 0x0000000080700000, 0x0000000080700000|100%| O|  |TAMS 0x0000000080700000, 0x0000000080600000| Untracked 
|   7|0x0000000080700000, 0x0000000080800000, 0x0000000080800000|100%|HS|  |TAMS 0x0000000080800000, 0x0000000080700000| Complete 
|   8|0x0000000080800000, 0x0000000080900000, 0x0000000080900000|100%| O|  |TAMS 0x0000000080900000, 0x0000000080800000| Untracked 
|   9|0x0000000080900000, 0x0000000080a00000, 0x0000000080a00000|100%| O|  |TAMS 0x0000000080a00000, 0x0000000080900000| Untracked 
|  10|0x0000000080a00000, 0x0000000080b00000, 0x0000000080b00000|100%| O|  |TAMS 0x0000000080b00000, 0x0000000080a00000| Untracked 
|  11|0x0000000080b00000, 0x0000000080c00000, 0x0000000080c00000|100%| O|  |TAMS 0x0000000080c00000, 0x0000000080b00000| Untracked 
|  12|0x0000000080c00000, 0x0000000080d00000, 0x0000000080d00000|100%| O|  |TAMS 0x0000000080d00000, 0x0000000080c00000| Untracked 
|  13|0x0000000080d00000, 0x0000000080e00000, 0x0000000080e00000|100%| O|  |TAMS 0x0000000080e00000, 0x0000000080d00000| Untracked 
|  14|0x0000000080e00000, 0x0000000080f00000, 0x0000000080f00000|100%| O|  |TAMS 0x0000000080f00000, 0x0000000080e00000| Untracked 
|  15|0x0000000080f00000, 0x0000000081000000, 0x0000000081000000|100%| O|  |TAMS 0x0000000081000000, 0x0000000080f00000| Untracked 
|  16|0x0000000081000000, 0x0000000081100000, 0x0000000081100000|100%| O|  |TAMS 0x0000000081100000, 0x0000000081000000| Untracked 
|  17|0x0000000081100000, 0x0000000081200000, 0x0000000081200000|100%| O|  |TAMS 0x0000000081200000, 0x0000000081100000| Untracked 
|  18|0x0000000081200000, 0x0000000081300000, 0x0000000081300000|100%| O|  |TAMS 0x0000000081300000, 0x0000000081200000| Untracked 
|  19|0x0000000081300000, 0x0000000081400000, 0x0000000081400000|100%| O|  |TAMS 0x0000000081400000, 0x0000000081300000| Untracked 
|  20|0x0000000081400000, 0x0000000081500000, 0x0000000081500000|100%| O|  |TAMS 0x0000000081500000, 0x0000000081400000| Untracked 
|  21|0x0000000081500000, 0x0000000081600000, 0x0000000081600000|100%| O|  |TAMS 0x0000000081600000, 0x0000000081500000| Untracked 
|  22|0x0000000081600000, 0x0000000081700000, 0x0000000081700000|100%| O|  |TAMS 0x0000000081700000, 0x0000000081600000| Untracked 
|  23|0x0000000081700000, 0x0000000081800000, 0x0000000081800000|100%| O|  |TAMS 0x0000000081800000, 0x0000000081700000| Untracked 
|  24|0x0000000081800000, 0x0000000081900000, 0x0000000081900000|100%| O|  |TAMS 0x0000000081900000, 0x0000000081800000| Untracked 
|  25|0x0000000081900000, 0x0000000081a00000, 0x0000000081a00000|100%| O|  |TAMS 0x0000000081a00000, 0x0000000081900000| Untracked 
|  26|0x0000000081a00000, 0x0000000081b00000, 0x0000000081b00000|100%| O|  |TAMS 0x0000000081b00000, 0x0000000081a00000| Untracked 
|  27|0x0000000081b00000, 0x0000000081c00000, 0x0000000081c00000|100%| O|  |TAMS 0x0000000081c00000, 0x0000000081b00000| Untracked 
|  28|0x0000000081c00000, 0x0000000081d00000, 0x0000000081d00000|100%| O|  |TAMS 0x0000000081d00000, 0x0000000081c00000| Untracked 
|  29|0x0000000081d00000, 0x0000000081e00000, 0x0000000081e00000|100%| O|  |TAMS 0x0000000081e00000, 0x0000000081d00000| Untracked 
|  30|0x0000000081e00000, 0x0000000081f00000, 0x0000000081f00000|100%| O|  |TAMS 0x0000000081f00000, 0x0000000081e00000| Untracked 
|  31|0x0000000081f00000, 0x0000000082000000, 0x0000000082000000|100%| O|  |TAMS 0x0000000082000000, 0x0000000081f00000| Untracked 
|  32|0x0000000082000000, 0x0000000082100000, 0x0000000082100000|100%| O|  |TAMS 0x0000000082100000, 0x0000000082000000| Untracked 
|  33|0x0000000082100000, 0x0000000082200000, 0x0000000082200000|100%| O|  |TAMS 0x0000000082200000, 0x0000000082100000| Untracked 
|  34|0x0000000082200000, 0x0000000082300000, 0x0000000082300000|100%| O|  |TAMS 0x0000000082300000, 0x0000000082200000| Untracked 
|  35|0x0000000082300000, 0x0000000082400000, 0x0000000082400000|100%| O|  |TAMS 0x0000000082400000, 0x0000000082300000| Untracked 
|  36|0x0000000082400000, 0x0000000082500000, 0x0000000082500000|100%| O|  |TAMS 0x0000000082500000, 0x0000000082400000| Untracked 
|  37|0x0000000082500000, 0x0000000082600000, 0x0000000082600000|100%| O|  |TAMS 0x0000000082600000, 0x0000000082500000| Untracked 
|  38|0x0000000082600000, 0x0000000082700000, 0x0000000082700000|100%| O|  |TAMS 0x0000000082700000, 0x0000000082600000| Untracked 
|  39|0x0000000082700000, 0x0000000082800000, 0x0000000082800000|100%|HS|  |TAMS 0x0000000082800000, 0x0000000082700000| Complete 
|  40|0x0000000082800000, 0x0000000082900000, 0x0000000082900000|100%|HC|  |TAMS 0x0000000082900000, 0x0000000082800000| Complete 
|  41|0x0000000082900000, 0x0000000082a00000, 0x0000000082a00000|100%|HS|  |TAMS 0x0000000082a00000, 0x0000000082900000| Complete 
|  42|0x0000000082a00000, 0x0000000082b00000, 0x0000000082b00000|100%|HC|  |TAMS 0x0000000082b00000, 0x0000000082a00000| Complete 
|  43|0x0000000082b00000, 0x0000000082c00000, 0x0000000082c00000|100%| O|  |TAMS 0x0000000082b00000, 0x0000000082b00000| Untracked 
|  44|0x0000000082c00000, 0x0000000082d00000, 0x0000000082d00000|100%| O|  |TAMS 0x0000000082d00000, 0x0000000082c00000| Untracked 
|  45|0x0000000082d00000, 0x0000000082e00000, 0x0000000082e00000|100%| O|  |TAMS 0x0000000082d00000, 0x0000000082d00000| Untracked 
|  46|0x0000000082e00000, 0x0000000082f00000, 0x0000000082f00000|100%| O|  |TAMS 0x0000000082f00000, 0x0000000082e00000| Untracked 
|  47|0x0000000082f00000, 0x0000000083000000, 0x0000000083000000|100%|HS|  |TAMS 0x0000000083000000, 0x0000000082f00000| Complete 
|  48|0x0000000083000000, 0x0000000083100000, 0x0000000083100000|100%|HC|  |TAMS 0x0000000083100000, 0x0000000083000000| Complete 
|  49|0x0000000083100000, 0x0000000083200000, 0x0000000083200000|100%|HC|  |TAMS 0x0000000083200000, 0x0000000083100000| Complete 
|  50|0x0000000083200000, 0x0000000083300000, 0x0000000083300000|100%|HC|  |TAMS 0x0000000083300000, 0x0000000083200000| Complete 
|  51|0x0000000083300000, 0x0000000083400000, 0x0000000083400000|100%|HS|  |TAMS 0x0000000083400000, 0x0000000083300000| Complete 
|  52|0x0000000083400000, 0x0000000083500000, 0x0000000083500000|100%|HC|  |TAMS 0x0000000083500000, 0x0000000083400000| Complete 
|  53|0x0000000083500000, 0x0000000083600000, 0x0000000083600000|100%|HC|  |TAMS 0x0000000083600000, 0x0000000083500000| Complete 
|  54|0x0000000083600000, 0x0000000083700000, 0x0000000083700000|100%|HC|  |TAMS 0x0000000083700000, 0x0000000083600000| Complete 
|  55|0x0000000083700000, 0x0000000083800000, 0x0000000083800000|100%| O|  |TAMS 0x0000000083800000, 0x0000000083700000| Untracked 
|  56|0x0000000083800000, 0x0000000083900000, 0x0000000083900000|100%| O|  |TAMS 0x0000000083900000, 0x0000000083800000| Untracked 
|  57|0x0000000083900000, 0x0000000083a00000, 0x0000000083a00000|100%| O|  |TAMS 0x0000000083a00000, 0x0000000083900000| Untracked 
|  58|0x0000000083a00000, 0x0000000083b00000, 0x0000000083b00000|100%| O|  |TAMS 0x0000000083b00000, 0x0000000083a00000| Untracked 
|  59|0x0000000083b00000, 0x0000000083c00000, 0x0000000083c00000|100%| O|  |TAMS 0x0000000083c00000, 0x0000000083b00000| Untracked 
|  60|0x0000000083c00000, 0x0000000083d00000, 0x0000000083d00000|100%| O|  |TAMS 0x0000000083d00000, 0x0000000083c00000| Untracked 
|  61|0x0000000083d00000, 0x0000000083e00000, 0x0000000083e00000|100%| O|  |TAMS 0x0000000083e00000, 0x0000000083d00000| Untracked 
|  62|0x0000000083e00000, 0x0000000083f00000, 0x0000000083f00000|100%| O|  |TAMS 0x0000000083f00000, 0x0000000083e00000| Untracked 
|  63|0x0000000083f00000, 0x0000000084000000, 0x0000000084000000|100%| O|  |TAMS 0x0000000084000000, 0x0000000083f00000| Untracked 
|  64|0x0000000084000000, 0x0000000084100000, 0x0000000084100000|100%| O|  |TAMS 0x0000000084100000, 0x0000000084000000| Untracked 
|  65|0x0000000084100000, 0x0000000084200000, 0x0000000084200000|100%| O|  |TAMS 0x0000000084200000, 0x0000000084100000| Untracked 
|  66|0x0000000084200000, 0x0000000084300000, 0x0000000084300000|100%| O|  |TAMS 0x0000000084300000, 0x0000000084200000| Untracked 
|  67|0x0000000084300000, 0x0000000084400000, 0x0000000084400000|100%| O|  |TAMS 0x0000000084400000, 0x0000000084300000| Untracked 
|  68|0x0000000084400000, 0x0000000084500000, 0x0000000084500000|100%| O|  |TAMS 0x0000000084500000, 0x0000000084400000| Untracked 
|  69|0x0000000084500000, 0x0000000084600000, 0x0000000084600000|100%| O|  |TAMS 0x0000000084600000, 0x0000000084500000| Untracked 
|  70|0x0000000084600000, 0x0000000084700000, 0x0000000084700000|100%| O|  |TAMS 0x0000000084700000, 0x0000000084600000| Untracked 
|  71|0x0000000084700000, 0x0000000084800000, 0x0000000084800000|100%| O|  |TAMS 0x0000000084800000, 0x0000000084700000| Untracked 
|  72|0x0000000084800000, 0x0000000084900000, 0x0000000084900000|100%| O|  |TAMS 0x0000000084900000, 0x0000000084800000| Untracked 
|  73|0x0000000084900000, 0x0000000084a00000, 0x0000000084a00000|100%| O|  |TAMS 0x0000000084a00000, 0x0000000084900000| Untracked 
|  74|0x0000000084a00000, 0x0000000084b00000, 0x0000000084b00000|100%| O|  |TAMS 0x0000000084b00000, 0x0000000084a00000| Untracked 
|  75|0x0000000084b00000, 0x0000000084c00000, 0x0000000084c00000|100%|HS|  |TAMS 0x0000000084c00000, 0x0000000084b00000| Complete 
|  76|0x0000000084c00000, 0x0000000084d00000, 0x0000000084d00000|100%|HS|  |TAMS 0x0000000084d00000, 0x0000000084c00000| Complete 
|  77|0x0000000084d00000, 0x0000000084e00000, 0x0000000084e00000|100%|HS|  |TAMS 0x0000000084e00000, 0x0000000084d00000| Complete 
|  78|0x0000000084e00000, 0x0000000084f00000, 0x0000000084f00000|100%|HS|  |TAMS 0x0000000084f00000, 0x0000000084e00000| Complete 
|  79|0x0000000084f00000, 0x0000000085000000, 0x0000000085000000|100%|HS|  |TAMS 0x0000000085000000, 0x0000000084f00000| Complete 
|  80|0x0000000085000000, 0x0000000085100000, 0x0000000085100000|100%|HS|  |TAMS 0x0000000085100000, 0x0000000085000000| Complete 
|  81|0x0000000085100000, 0x0000000085200000, 0x0000000085200000|100%|HS|  |TAMS 0x0000000085200000, 0x0000000085100000| Complete 
|  82|0x0000000085200000, 0x0000000085300000, 0x0000000085300000|100%| O|  |TAMS 0x0000000085300000, 0x0000000085200000| Untracked 
|  83|0x0000000085300000, 0x0000000085400000, 0x0000000085400000|100%|HS|  |TAMS 0x0000000085400000, 0x0000000085300000| Complete 
|  84|0x0000000085400000, 0x0000000085500000, 0x0000000085500000|100%|HC|  |TAMS 0x0000000085500000, 0x0000000085400000| Complete 
|  85|0x0000000085500000, 0x0000000085600000, 0x0000000085600000|100%| O|  |TAMS 0x0000000085600000, 0x0000000085500000| Untracked 
|  86|0x0000000085600000, 0x0000000085700000, 0x0000000085700000|100%| O|  |TAMS 0x0000000085700000, 0x0000000085600000| Untracked 
|  87|0x0000000085700000, 0x0000000085800000, 0x0000000085800000|100%| O|  |TAMS 0x0000000085800000, 0x0000000085700000| Untracked 
|  88|0x0000000085800000, 0x0000000085900000, 0x0000000085900000|100%| O|  |TAMS 0x0000000085900000, 0x0000000085800000| Untracked 
|  89|0x0000000085900000, 0x0000000085a00000, 0x0000000085a00000|100%| O|  |TAMS 0x0000000085a00000, 0x0000000085900000| Untracked 
|  90|0x0000000085a00000, 0x0000000085b00000, 0x0000000085b00000|100%| O|  |TAMS 0x0000000085b00000, 0x0000000085a00000| Untracked 
|  91|0x0000000085b00000, 0x0000000085c00000, 0x0000000085c00000|100%| O|  |TAMS 0x0000000085c00000, 0x0000000085b00000| Untracked 
|  92|0x0000000085c00000, 0x0000000085d00000, 0x0000000085d00000|100%| O|  |TAMS 0x0000000085d00000, 0x0000000085c00000| Untracked 
|  93|0x0000000085d00000, 0x0000000085e00000, 0x0000000085e00000|100%| O|  |TAMS 0x0000000085e00000, 0x0000000085d00000| Untracked 
|  94|0x0000000085e00000, 0x0000000085f00000, 0x0000000085f00000|100%| O|  |TAMS 0x0000000085f00000, 0x0000000085e00000| Untracked 
|  95|0x0000000085f00000, 0x0000000086000000, 0x0000000086000000|100%| O|  |TAMS 0x0000000086000000, 0x0000000085f00000| Untracked 
|  96|0x0000000086000000, 0x0000000086100000, 0x0000000086100000|100%| O|  |TAMS 0x0000000086100000, 0x0000000086000000| Untracked 
|  97|0x0000000086100000, 0x0000000086200000, 0x0000000086200000|100%| O|  |TAMS 0x0000000086200000, 0x0000000086100000| Untracked 
|  98|0x0000000086200000, 0x0000000086300000, 0x0000000086300000|100%| O|  |TAMS 0x0000000086300000, 0x0000000086200000| Untracked 
|  99|0x0000000086300000, 0x0000000086400000, 0x0000000086400000|100%| O|  |TAMS 0x0000000086400000, 0x0000000086300000| Untracked 
| 100|0x0000000086400000, 0x0000000086500000, 0x0000000086500000|100%| O|  |TAMS 0x0000000086500000, 0x0000000086400000| Untracked 
| 101|0x0000000086500000, 0x0000000086600000, 0x0000000086600000|100%| O|  |TAMS 0x0000000086600000, 0x0000000086500000| Untracked 
| 102|0x0000000086600000, 0x0000000086700000, 0x0000000086700000|100%| O|  |TAMS 0x0000000086700000, 0x0000000086600000| Untracked 
| 103|0x0000000086700000, 0x0000000086800000, 0x0000000086800000|100%| O|  |TAMS 0x0000000086749400, 0x0000000086700000| Untracked 
| 104|0x0000000086800000, 0x0000000086900000, 0x0000000086900000|100%| O|  |TAMS 0x0000000086800000, 0x0000000086800000| Untracked 
| 105|0x0000000086900000, 0x0000000086a00000, 0x0000000086a00000|100%| O|  |TAMS 0x0000000086900000, 0x0000000086900000| Untracked 
| 106|0x0000000086a00000, 0x0000000086b00000, 0x0000000086b00000|100%| O|  |TAMS 0x0000000086a00000, 0x0000000086a00000| Untracked 
| 107|0x0000000086b00000, 0x0000000086c00000, 0x0000000086c00000|100%| O|  |TAMS 0x0000000086b00000, 0x0000000086b00000| Untracked 
| 108|0x0000000086c00000, 0x0000000086d00000, 0x0000000086d00000|100%| O|  |TAMS 0x0000000086c00000, 0x0000000086c00000| Untracked 
| 109|0x0000000086d00000, 0x0000000086e00000, 0x0000000086e00000|100%| O|  |TAMS 0x0000000086d00000, 0x0000000086d00000| Untracked 
| 110|0x0000000086e00000, 0x0000000086f00000, 0x0000000086f00000|100%| O|  |TAMS 0x0000000086e00000, 0x0000000086e00000| Untracked 
| 111|0x0000000086f00000, 0x0000000087000000, 0x0000000087000000|100%| O|  |TAMS 0x0000000086f00000, 0x0000000086f00000| Untracked 
| 112|0x0000000087000000, 0x0000000087100000, 0x0000000087100000|100%| O|  |TAMS 0x0000000087000000, 0x0000000087000000| Untracked 
| 113|0x0000000087100000, 0x0000000087200000, 0x0000000087200000|100%| O|  |TAMS 0x0000000087100000, 0x0000000087100000| Untracked 
| 114|0x0000000087200000, 0x0000000087300000, 0x0000000087300000|100%| O|  |TAMS 0x0000000087200000, 0x0000000087200000| Untracked 
| 115|0x0000000087300000, 0x0000000087400000, 0x0000000087400000|100%| O|  |TAMS 0x0000000087300000, 0x0000000087300000| Untracked 
| 116|0x0000000087400000, 0x0000000087500000, 0x0000000087500000|100%| O|  |TAMS 0x0000000087400000, 0x0000000087400000| Untracked 
| 117|0x0000000087500000, 0x0000000087600000, 0x0000000087600000|100%| O|  |TAMS 0x0000000087500000, 0x0000000087500000| Untracked 
| 118|0x0000000087600000, 0x0000000087700000, 0x0000000087700000|100%|HS|  |TAMS 0x0000000087600000, 0x0000000087600000| Complete 
| 119|0x0000000087700000, 0x0000000087800000, 0x0000000087800000|100%|HC|  |TAMS 0x0000000087700000, 0x0000000087700000| Complete 
| 120|0x0000000087800000, 0x0000000087900000, 0x0000000087900000|100%| O|  |TAMS 0x0000000087800000, 0x0000000087800000| Untracked 
| 121|0x0000000087900000, 0x0000000087a00000, 0x0000000087a00000|100%| O|  |TAMS 0x0000000087900000, 0x0000000087900000| Untracked 
| 122|0x0000000087a00000, 0x0000000087b00000, 0x0000000087b00000|100%| O|  |TAMS 0x0000000087a00000, 0x0000000087a00000| Untracked 
| 123|0x0000000087b00000, 0x0000000087c00000, 0x0000000087c00000|100%| O|  |TAMS 0x0000000087b00000, 0x0000000087b00000| Untracked 
| 124|0x0000000087c00000, 0x0000000087d00000, 0x0000000087d00000|100%| O|  |TAMS 0x0000000087c00000, 0x0000000087c00000| Untracked 
| 125|0x0000000087d00000, 0x0000000087e00000, 0x0000000087e00000|100%| O|  |TAMS 0x0000000087d00000, 0x0000000087d00000| Untracked 
| 126|0x0000000087e00000, 0x0000000087f00000, 0x0000000087f00000|100%| O|  |TAMS 0x0000000087e00000, 0x0000000087e00000| Untracked 
| 127|0x0000000087f00000, 0x0000000088000000, 0x0000000088000000|100%| O|  |TAMS 0x0000000087f00000, 0x0000000087f00000| Untracked 
| 128|0x0000000088000000, 0x0000000088100000, 0x0000000088100000|100%| O|  |TAMS 0x0000000088000000, 0x0000000088000000| Untracked 
| 129|0x0000000088100000, 0x0000000088200000, 0x0000000088200000|100%| O|  |TAMS 0x0000000088100000, 0x0000000088100000| Untracked 
| 130|0x0000000088200000, 0x0000000088300000, 0x0000000088300000|100%| O|  |TAMS 0x0000000088200000, 0x0000000088200000| Untracked 
| 131|0x0000000088300000, 0x0000000088400000, 0x0000000088400000|100%| O|  |TAMS 0x0000000088300000, 0x0000000088300000| Untracked 
| 132|0x0000000088400000, 0x0000000088500000, 0x0000000088500000|100%| O|  |TAMS 0x0000000088400000, 0x0000000088400000| Untracked 
| 133|0x0000000088500000, 0x0000000088600000, 0x0000000088600000|100%| O|  |TAMS 0x0000000088500000, 0x0000000088500000| Untracked 
| 134|0x0000000088600000, 0x0000000088700000, 0x0000000088700000|100%| O|  |TAMS 0x0000000088600000, 0x0000000088600000| Untracked 
| 135|0x0000000088700000, 0x0000000088800000, 0x0000000088800000|100%| O|  |TAMS 0x0000000088700000, 0x0000000088700000| Untracked 
| 136|0x0000000088800000, 0x0000000088900000, 0x0000000088900000|100%| O|  |TAMS 0x0000000088800000, 0x0000000088800000| Untracked 
| 137|0x0000000088900000, 0x0000000088a00000, 0x0000000088a00000|100%| O|  |TAMS 0x0000000088900000, 0x0000000088900000| Untracked 
| 138|0x0000000088a00000, 0x0000000088b00000, 0x0000000088b00000|100%| O|  |TAMS 0x0000000088a00000, 0x0000000088a00000| Untracked 
| 139|0x0000000088b00000, 0x0000000088c00000, 0x0000000088c00000|100%| O|  |TAMS 0x0000000088b00000, 0x0000000088b00000| Untracked 
| 140|0x0000000088c00000, 0x0000000088d00000, 0x0000000088d00000|100%| O|  |TAMS 0x0000000088c00000, 0x0000000088c00000| Untracked 
| 141|0x0000000088d00000, 0x0000000088e00000, 0x0000000088e00000|100%| O|  |TAMS 0x0000000088d00000, 0x0000000088d00000| Untracked 
| 142|0x0000000088e00000, 0x0000000088f00000, 0x0000000088f00000|100%| O|  |TAMS 0x0000000088e00000, 0x0000000088e00000| Untracked 
| 143|0x0000000088f00000, 0x0000000089000000, 0x0000000089000000|100%| O|  |TAMS 0x0000000088f00000, 0x0000000088f00000| Untracked 
| 144|0x0000000089000000, 0x0000000089100000, 0x0000000089100000|100%| O|  |TAMS 0x0000000089000000, 0x0000000089000000| Untracked 
| 145|0x0000000089100000, 0x0000000089200000, 0x0000000089200000|100%|HS|  |TAMS 0x0000000089100000, 0x0000000089100000| Complete 
| 146|0x0000000089200000, 0x0000000089300000, 0x0000000089300000|100%|HS|  |TAMS 0x0000000089200000, 0x0000000089200000| Complete 
| 147|0x0000000089300000, 0x0000000089400000, 0x0000000089400000|100%|HS|  |TAMS 0x0000000089300000, 0x0000000089300000| Complete 
| 148|0x0000000089400000, 0x0000000089500000, 0x0000000089500000|100%|HC|  |TAMS 0x0000000089400000, 0x0000000089400000| Complete 
| 149|0x0000000089500000, 0x0000000089600000, 0x0000000089600000|100%| O|  |TAMS 0x0000000089500000, 0x0000000089500000| Untracked 
| 150|0x0000000089600000, 0x0000000089700000, 0x0000000089700000|100%| O|  |TAMS 0x0000000089600000, 0x0000000089600000| Untracked 
| 151|0x0000000089700000, 0x0000000089800000, 0x0000000089800000|100%| O|  |TAMS 0x0000000089700000, 0x0000000089700000| Untracked 
| 152|0x0000000089800000, 0x0000000089900000, 0x0000000089900000|100%| O|  |TAMS 0x0000000089800000, 0x0000000089800000| Untracked 
| 153|0x0000000089900000, 0x0000000089a00000, 0x0000000089a00000|100%| O|  |TAMS 0x0000000089900000, 0x0000000089900000| Untracked 
| 154|0x0000000089a00000, 0x0000000089b00000, 0x0000000089b00000|100%| O|  |TAMS 0x0000000089a00000, 0x0000000089a00000| Untracked 
| 155|0x0000000089b00000, 0x0000000089c00000, 0x0000000089c00000|100%| O|  |TAMS 0x0000000089b00000, 0x0000000089b00000| Untracked 
| 156|0x0000000089c00000, 0x0000000089d00000, 0x0000000089d00000|100%| O|  |TAMS 0x0000000089c00000, 0x0000000089c00000| Untracked 
| 157|0x0000000089d00000, 0x0000000089e00000, 0x0000000089e00000|100%| O|  |TAMS 0x0000000089d00000, 0x0000000089d00000| Untracked 
| 158|0x0000000089e00000, 0x0000000089f00000, 0x0000000089f00000|100%| O|  |TAMS 0x0000000089e00000, 0x0000000089e00000| Untracked 
| 159|0x0000000089f00000, 0x000000008a000000, 0x000000008a000000|100%| O|  |TAMS 0x0000000089f00000, 0x0000000089f00000| Untracked 
| 160|0x000000008a000000, 0x000000008a100000, 0x000000008a100000|100%| O|  |TAMS 0x000000008a000000, 0x000000008a000000| Untracked 
| 161|0x000000008a100000, 0x000000008a200000, 0x000000008a200000|100%| O|  |TAMS 0x000000008a100000, 0x000000008a100000| Untracked 
| 162|0x000000008a200000, 0x000000008a300000, 0x000000008a300000|100%| O|  |TAMS 0x000000008a200000, 0x000000008a200000| Untracked 
| 163|0x000000008a300000, 0x000000008a400000, 0x000000008a400000|100%| O|  |TAMS 0x000000008a300000, 0x000000008a300000| Untracked 
| 164|0x000000008a400000, 0x000000008a500000, 0x000000008a500000|100%| O|  |TAMS 0x000000008a400000, 0x000000008a400000| Untracked 
| 165|0x000000008a500000, 0x000000008a600000, 0x000000008a600000|100%| O|  |TAMS 0x000000008a500000, 0x000000008a500000| Untracked 
| 166|0x000000008a600000, 0x000000008a700000, 0x000000008a700000|100%| O|  |TAMS 0x000000008a600000, 0x000000008a600000| Untracked 
| 167|0x000000008a700000, 0x000000008a800000, 0x000000008a800000|100%| O|  |TAMS 0x000000008a700000, 0x000000008a700000| Untracked 
| 168|0x000000008a800000, 0x000000008a900000, 0x000000008a900000|100%| O|  |TAMS 0x000000008a800000, 0x000000008a800000| Untracked 
| 169|0x000000008a900000, 0x000000008aa00000, 0x000000008aa00000|100%| O|  |TAMS 0x000000008a900000, 0x000000008a900000| Untracked 
| 170|0x000000008aa00000, 0x000000008ab00000, 0x000000008ab00000|100%| O|  |TAMS 0x000000008aa00000, 0x000000008aa00000| Untracked 
| 171|0x000000008ab00000, 0x000000008ac00000, 0x000000008ac00000|100%|HS|  |TAMS 0x000000008ab00000, 0x000000008ab00000| Complete 
| 172|0x000000008ac00000, 0x000000008ad00000, 0x000000008ad00000|100%|HS|  |TAMS 0x000000008ac00000, 0x000000008ac00000| Complete 
| 173|0x000000008ad00000, 0x000000008ae00000, 0x000000008ae00000|100%| O|  |TAMS 0x000000008ad00000, 0x000000008ad00000| Untracked 
| 174|0x000000008ae00000, 0x000000008af00000, 0x000000008af00000|100%| O|  |TAMS 0x000000008ae00000, 0x000000008ae00000| Untracked 
| 175|0x000000008af00000, 0x000000008b000000, 0x000000008b000000|100%| O|  |TAMS 0x000000008af00000, 0x000000008af00000| Untracked 
| 176|0x000000008b000000, 0x000000008b100000, 0x000000008b100000|100%| O|  |TAMS 0x000000008b000000, 0x000000008b000000| Untracked 
| 177|0x000000008b100000, 0x000000008b200000, 0x000000008b200000|100%| O|  |TAMS 0x000000008b100000, 0x000000008b100000| Untracked 
| 178|0x000000008b200000, 0x000000008b300000, 0x000000008b300000|100%| O|  |TAMS 0x000000008b200000, 0x000000008b200000| Untracked 
| 179|0x000000008b300000, 0x000000008b400000, 0x000000008b400000|100%| O|  |TAMS 0x000000008b300000, 0x000000008b300000| Untracked 
| 180|0x000000008b400000, 0x000000008b500000, 0x000000008b500000|100%| O|  |TAMS 0x000000008b400000, 0x000000008b400000| Untracked 
| 181|0x000000008b500000, 0x000000008b600000, 0x000000008b600000|100%| O|  |TAMS 0x000000008b500000, 0x000000008b500000| Untracked 
| 182|0x000000008b600000, 0x000000008b700000, 0x000000008b700000|100%| O|  |TAMS 0x000000008b600000, 0x000000008b600000| Untracked 
| 183|0x000000008b700000, 0x000000008b800000, 0x000000008b800000|100%| O|  |TAMS 0x000000008b700000, 0x000000008b700000| Untracked 
| 184|0x000000008b800000, 0x000000008b900000, 0x000000008b900000|100%| O|  |TAMS 0x000000008b800000, 0x000000008b800000| Untracked 
| 185|0x000000008b900000, 0x000000008ba00000, 0x000000008ba00000|100%| O|  |TAMS 0x000000008b900000, 0x000000008b900000| Untracked 
| 186|0x000000008ba00000, 0x000000008bb00000, 0x000000008bb00000|100%| O|  |TAMS 0x000000008ba00000, 0x000000008ba00000| Untracked 
| 187|0x000000008bb00000, 0x000000008bc00000, 0x000000008bc00000|100%| O|  |TAMS 0x000000008bb00000, 0x000000008bb00000| Untracked 
| 188|0x000000008bc00000, 0x000000008bd00000, 0x000000008bd00000|100%| O|  |TAMS 0x000000008bc00000, 0x000000008bc00000| Untracked 
| 189|0x000000008bd00000, 0x000000008be00000, 0x000000008be00000|100%| O|  |TAMS 0x000000008bd00000, 0x000000008bd00000| Untracked 
| 190|0x000000008be00000, 0x000000008bf00000, 0x000000008bf00000|100%| O|  |TAMS 0x000000008be00000, 0x000000008be00000| Untracked 
| 191|0x000000008bf00000, 0x000000008c000000, 0x000000008c000000|100%| O|  |TAMS 0x000000008bf00000, 0x000000008bf00000| Untracked 
| 192|0x000000008c000000, 0x000000008c100000, 0x000000008c100000|100%| O|  |TAMS 0x000000008c000000, 0x000000008c000000| Untracked 
| 193|0x000000008c100000, 0x000000008c200000, 0x000000008c200000|100%| O|  |TAMS 0x000000008c100000, 0x000000008c100000| Untracked 
| 194|0x000000008c200000, 0x000000008c300000, 0x000000008c300000|100%| O|  |TAMS 0x000000008c200000, 0x000000008c200000| Untracked 
| 195|0x000000008c300000, 0x000000008c400000, 0x000000008c400000|100%| O|  |TAMS 0x000000008c300000, 0x000000008c300000| Untracked 
| 196|0x000000008c400000, 0x000000008c500000, 0x000000008c500000|100%| O|  |TAMS 0x000000008c400000, 0x000000008c400000| Untracked 
| 197|0x000000008c500000, 0x000000008c600000, 0x000000008c600000|100%| O|  |TAMS 0x000000008c500000, 0x000000008c500000| Untracked 
| 198|0x000000008c600000, 0x000000008c700000, 0x000000008c700000|100%| O|  |TAMS 0x000000008c600000, 0x000000008c600000| Untracked 
| 199|0x000000008c700000, 0x000000008c800000, 0x000000008c800000|100%| O|  |TAMS 0x000000008c700000, 0x000000008c700000| Untracked 
| 200|0x000000008c800000, 0x000000008c900000, 0x000000008c900000|100%| O|  |TAMS 0x000000008c800000, 0x000000008c800000| Untracked 
| 201|0x000000008c900000, 0x000000008ca00000, 0x000000008ca00000|100%| O|  |TAMS 0x000000008c900000, 0x000000008c900000| Untracked 
| 202|0x000000008ca00000, 0x000000008cb00000, 0x000000008cb00000|100%| O|  |TAMS 0x000000008ca00000, 0x000000008ca00000| Untracked 
| 203|0x000000008cb00000, 0x000000008cc00000, 0x000000008cc00000|100%| O|  |TAMS 0x000000008cb00000, 0x000000008cb00000| Untracked 
| 204|0x000000008cc00000, 0x000000008cd00000, 0x000000008cd00000|100%| O|  |TAMS 0x000000008cc00000, 0x000000008cc00000| Untracked 
| 205|0x000000008cd00000, 0x000000008ce00000, 0x000000008ce00000|100%| O|  |TAMS 0x000000008cd00000, 0x000000008cd00000| Untracked 
| 206|0x000000008ce00000, 0x000000008cf00000, 0x000000008cf00000|100%| O|  |TAMS 0x000000008ce00000, 0x000000008ce00000| Untracked 
| 207|0x000000008cf00000, 0x000000008d000000, 0x000000008d000000|100%| O|  |TAMS 0x000000008cf00000, 0x000000008cf00000| Untracked 
| 208|0x000000008d000000, 0x000000008d100000, 0x000000008d100000|100%| O|  |TAMS 0x000000008d000000, 0x000000008d000000| Untracked 
| 209|0x000000008d100000, 0x000000008d200000, 0x000000008d200000|100%| O|  |TAMS 0x000000008d100000, 0x000000008d100000| Untracked 
| 210|0x000000008d200000, 0x000000008d300000, 0x000000008d300000|100%| O|  |TAMS 0x000000008d200000, 0x000000008d200000| Untracked 
| 211|0x000000008d300000, 0x000000008d400000, 0x000000008d400000|100%| O|  |TAMS 0x000000008d300000, 0x000000008d300000| Untracked 
| 212|0x000000008d400000, 0x000000008d500000, 0x000000008d500000|100%| O|  |TAMS 0x000000008d400000, 0x000000008d400000| Untracked 
| 213|0x000000008d500000, 0x000000008d600000, 0x000000008d600000|100%| O|  |TAMS 0x000000008d500000, 0x000000008d500000| Untracked 
| 214|0x000000008d600000, 0x000000008d700000, 0x000000008d700000|100%| O|  |TAMS 0x000000008d600000, 0x000000008d600000| Untracked 
| 215|0x000000008d700000, 0x000000008d800000, 0x000000008d800000|100%| O|  |TAMS 0x000000008d700000, 0x000000008d700000| Untracked 
| 216|0x000000008d800000, 0x000000008d900000, 0x000000008d900000|100%|HS|  |TAMS 0x000000008d800000, 0x000000008d800000| Complete 
| 217|0x000000008d900000, 0x000000008da00000, 0x000000008da00000|100%| O|  |TAMS 0x000000008d900000, 0x000000008d900000| Untracked 
| 218|0x000000008da00000, 0x000000008db00000, 0x000000008db00000|100%| O|  |TAMS 0x000000008da00000, 0x000000008da00000| Untracked 
| 219|0x000000008db00000, 0x000000008dc00000, 0x000000008dc00000|100%| O|  |TAMS 0x000000008db00000, 0x000000008db00000| Untracked 
| 220|0x000000008dc00000, 0x000000008dd00000, 0x000000008dd00000|100%| O|  |TAMS 0x000000008dc00000, 0x000000008dc00000| Untracked 
| 221|0x000000008dd00000, 0x000000008de00000, 0x000000008de00000|100%| O|  |TAMS 0x000000008dd00000, 0x000000008dd00000| Untracked 
| 222|0x000000008de00000, 0x000000008df00000, 0x000000008df00000|100%| O|  |TAMS 0x000000008de00000, 0x000000008de00000| Untracked 
| 223|0x000000008df00000, 0x000000008e000000, 0x000000008e000000|100%| O|  |TAMS 0x000000008df00000, 0x000000008df00000| Untracked 
| 224|0x000000008e000000, 0x000000008e100000, 0x000000008e100000|100%| O|  |TAMS 0x000000008e000000, 0x000000008e000000| Untracked 
| 225|0x000000008e100000, 0x000000008e200000, 0x000000008e200000|100%| O|  |TAMS 0x000000008e100000, 0x000000008e100000| Untracked 
| 226|0x000000008e200000, 0x000000008e300000, 0x000000008e300000|100%| O|  |TAMS 0x000000008e200000, 0x000000008e200000| Untracked 
| 227|0x000000008e300000, 0x000000008e400000, 0x000000008e400000|100%| O|  |TAMS 0x000000008e300000, 0x000000008e300000| Untracked 
| 228|0x000000008e400000, 0x000000008e500000, 0x000000008e500000|100%|HS|  |TAMS 0x000000008e400000, 0x000000008e400000| Complete 
| 229|0x000000008e500000, 0x000000008e600000, 0x000000008e600000|100%|HS|  |TAMS 0x000000008e500000, 0x000000008e500000| Complete 
| 230|0x000000008e600000, 0x000000008e700000, 0x000000008e700000|100%| O|  |TAMS 0x000000008e600000, 0x000000008e600000| Untracked 
| 231|0x000000008e700000, 0x000000008e800000, 0x000000008e800000|100%| O|  |TAMS 0x000000008e700000, 0x000000008e700000| Untracked 
| 232|0x000000008e800000, 0x000000008e900000, 0x000000008e900000|100%| O|  |TAMS 0x000000008e800000, 0x000000008e800000| Untracked 
| 233|0x000000008e900000, 0x000000008ea00000, 0x000000008ea00000|100%| O|  |TAMS 0x000000008e900000, 0x000000008e900000| Untracked 
| 234|0x000000008ea00000, 0x000000008eb00000, 0x000000008eb00000|100%| O|  |TAMS 0x000000008ea00000, 0x000000008ea00000| Untracked 
| 235|0x000000008eb00000, 0x000000008ec00000, 0x000000008ec00000|100%| O|  |TAMS 0x000000008eb00000, 0x000000008eb00000| Untracked 
| 236|0x000000008ec00000, 0x000000008ed00000, 0x000000008ed00000|100%| O|  |TAMS 0x000000008ec00000, 0x000000008ec00000| Untracked 
| 237|0x000000008ed00000, 0x000000008ee00000, 0x000000008ee00000|100%| O|  |TAMS 0x000000008ed00000, 0x000000008ed00000| Untracked 
| 238|0x000000008ee00000, 0x000000008ef00000, 0x000000008ef00000|100%| O|  |TAMS 0x000000008ee00000, 0x000000008ee00000| Untracked 
| 239|0x000000008ef00000, 0x000000008f000000, 0x000000008f000000|100%| O|  |TAMS 0x000000008ef00000, 0x000000008ef00000| Untracked 
| 240|0x000000008f000000, 0x000000008f100000, 0x000000008f100000|100%| O|  |TAMS 0x000000008f000000, 0x000000008f000000| Untracked 
| 241|0x000000008f100000, 0x000000008f200000, 0x000000008f200000|100%| O|  |TAMS 0x000000008f100000, 0x000000008f100000| Untracked 
| 242|0x000000008f200000, 0x000000008f300000, 0x000000008f300000|100%| O|  |TAMS 0x000000008f200000, 0x000000008f200000| Untracked 
| 243|0x000000008f300000, 0x000000008f400000, 0x000000008f400000|100%| O|  |TAMS 0x000000008f300000, 0x000000008f300000| Untracked 
| 244|0x000000008f400000, 0x000000008f500000, 0x000000008f500000|100%| O|  |TAMS 0x000000008f400000, 0x000000008f400000| Untracked 
| 245|0x000000008f500000, 0x000000008f600000, 0x000000008f600000|100%| O|  |TAMS 0x000000008f500000, 0x000000008f500000| Untracked 
| 246|0x000000008f600000, 0x000000008f700000, 0x000000008f700000|100%| O|  |TAMS 0x000000008f600000, 0x000000008f600000| Untracked 
| 247|0x000000008f700000, 0x000000008f800000, 0x000000008f800000|100%| O|  |TAMS 0x000000008f700000, 0x000000008f700000| Untracked 
| 248|0x000000008f800000, 0x000000008f900000, 0x000000008f900000|100%| O|  |TAMS 0x000000008f800000, 0x000000008f800000| Untracked 
| 249|0x000000008f900000, 0x000000008fa00000, 0x000000008fa00000|100%| O|  |TAMS 0x000000008f900000, 0x000000008f900000| Untracked 
| 250|0x000000008fa00000, 0x000000008fb00000, 0x000000008fb00000|100%| O|  |TAMS 0x000000008fa00000, 0x000000008fa00000| Untracked 
| 251|0x000000008fb00000, 0x000000008fc00000, 0x000000008fc00000|100%| O|  |TAMS 0x000000008fb00000, 0x000000008fb00000| Untracked 
| 252|0x000000008fc00000, 0x000000008fd00000, 0x000000008fd00000|100%| O|  |TAMS 0x000000008fc00000, 0x000000008fc00000| Untracked 
| 253|0x000000008fd00000, 0x000000008fe00000, 0x000000008fe00000|100%| O|  |TAMS 0x000000008fd00000, 0x000000008fd00000| Untracked 
| 254|0x000000008fe00000, 0x000000008ff00000, 0x000000008ff00000|100%| O|  |TAMS 0x000000008fe00000, 0x000000008fe00000| Untracked 
| 255|0x000000008ff00000, 0x0000000090000000, 0x0000000090000000|100%| O|  |TAMS 0x000000008ff00000, 0x000000008ff00000| Untracked 
| 256|0x0000000090000000, 0x0000000090100000, 0x0000000090100000|100%| O|  |TAMS 0x0000000090000000, 0x0000000090000000| Untracked 
| 257|0x0000000090100000, 0x0000000090200000, 0x0000000090200000|100%| O|  |TAMS 0x0000000090100000, 0x0000000090100000| Untracked 
| 258|0x0000000090200000, 0x0000000090300000, 0x0000000090300000|100%| O|  |TAMS 0x0000000090200000, 0x0000000090200000| Untracked 
| 259|0x0000000090300000, 0x0000000090400000, 0x0000000090400000|100%| O|  |TAMS 0x0000000090300000, 0x0000000090300000| Untracked 
| 260|0x0000000090400000, 0x0000000090500000, 0x0000000090500000|100%| O|  |TAMS 0x0000000090400000, 0x0000000090400000| Untracked 
| 261|0x0000000090500000, 0x0000000090600000, 0x0000000090600000|100%| O|  |TAMS 0x0000000090500000, 0x0000000090500000| Untracked 
| 262|0x0000000090600000, 0x0000000090700000, 0x0000000090700000|100%| O|  |TAMS 0x0000000090600000, 0x0000000090600000| Untracked 
| 263|0x0000000090700000, 0x0000000090800000, 0x0000000090800000|100%| O|  |TAMS 0x0000000090700000, 0x0000000090700000| Untracked 
| 264|0x0000000090800000, 0x0000000090900000, 0x0000000090900000|100%| O|  |TAMS 0x0000000090800000, 0x0000000090800000| Untracked 
| 265|0x0000000090900000, 0x0000000090a00000, 0x0000000090a00000|100%| O|  |TAMS 0x0000000090900000, 0x0000000090900000| Untracked 
| 266|0x0000000090a00000, 0x0000000090b00000, 0x0000000090b00000|100%| O|  |TAMS 0x0000000090a00000, 0x0000000090a00000| Untracked 
| 267|0x0000000090b00000, 0x0000000090c00000, 0x0000000090c00000|100%| O|  |TAMS 0x0000000090b00000, 0x0000000090b00000| Untracked 
| 268|0x0000000090c00000, 0x0000000090d00000, 0x0000000090d00000|100%| O|  |TAMS 0x0000000090c00000, 0x0000000090c00000| Untracked 
| 269|0x0000000090d00000, 0x0000000090e00000, 0x0000000090e00000|100%| O|  |TAMS 0x0000000090d00000, 0x0000000090d00000| Untracked 
| 270|0x0000000090e00000, 0x0000000090f00000, 0x0000000090f00000|100%| O|  |TAMS 0x0000000090e00000, 0x0000000090e00000| Untracked 
| 271|0x0000000090f00000, 0x0000000091000000, 0x0000000091000000|100%| O|  |TAMS 0x0000000090f00000, 0x0000000090f00000| Untracked 
| 272|0x0000000091000000, 0x0000000091100000, 0x0000000091100000|100%| O|  |TAMS 0x0000000091000000, 0x0000000091000000| Untracked 
| 273|0x0000000091100000, 0x0000000091200000, 0x0000000091200000|100%| O|  |TAMS 0x0000000091100000, 0x0000000091100000| Untracked 
| 274|0x0000000091200000, 0x0000000091300000, 0x0000000091300000|100%| O|  |TAMS 0x0000000091200000, 0x0000000091200000| Untracked 
| 275|0x0000000091300000, 0x0000000091400000, 0x0000000091400000|100%| O|  |TAMS 0x0000000091300000, 0x0000000091300000| Untracked 
| 276|0x0000000091400000, 0x0000000091500000, 0x0000000091500000|100%| O|  |TAMS 0x0000000091400000, 0x0000000091400000| Untracked 
| 277|0x0000000091500000, 0x0000000091600000, 0x0000000091600000|100%| O|  |TAMS 0x0000000091500000, 0x0000000091500000| Untracked 
| 278|0x0000000091600000, 0x0000000091700000, 0x0000000091700000|100%| O|  |TAMS 0x0000000091600000, 0x0000000091600000| Untracked 
| 279|0x0000000091700000, 0x0000000091800000, 0x0000000091800000|100%| O|  |TAMS 0x0000000091700000, 0x0000000091700000| Untracked 
| 280|0x0000000091800000, 0x0000000091900000, 0x0000000091900000|100%| O|  |TAMS 0x0000000091800000, 0x0000000091800000| Untracked 
| 281|0x0000000091900000, 0x0000000091a00000, 0x0000000091a00000|100%| O|  |TAMS 0x0000000091900000, 0x0000000091900000| Untracked 
| 282|0x0000000091a00000, 0x0000000091b00000, 0x0000000091b00000|100%| O|  |TAMS 0x0000000091a00000, 0x0000000091a00000| Untracked 
| 283|0x0000000091b00000, 0x0000000091c00000, 0x0000000091c00000|100%| O|  |TAMS 0x0000000091b00000, 0x0000000091b00000| Untracked 
| 284|0x0000000091c00000, 0x0000000091d00000, 0x0000000091d00000|100%| O|  |TAMS 0x0000000091c00000, 0x0000000091c00000| Untracked 
| 285|0x0000000091d00000, 0x0000000091e00000, 0x0000000091e00000|100%| O|  |TAMS 0x0000000091d00000, 0x0000000091d00000| Untracked 
| 286|0x0000000091e00000, 0x0000000091f00000, 0x0000000091f00000|100%| O|  |TAMS 0x0000000091e00000, 0x0000000091e00000| Untracked 
| 287|0x0000000091f00000, 0x0000000092000000, 0x0000000092000000|100%| O|  |TAMS 0x0000000091f00000, 0x0000000091f00000| Untracked 
| 288|0x0000000092000000, 0x0000000092100000, 0x0000000092100000|100%| O|  |TAMS 0x0000000092000000, 0x0000000092000000| Untracked 
| 289|0x0000000092100000, 0x0000000092200000, 0x0000000092200000|100%| O|  |TAMS 0x0000000092100000, 0x0000000092100000| Untracked 
| 290|0x0000000092200000, 0x0000000092300000, 0x0000000092300000|100%| O|  |TAMS 0x0000000092200000, 0x0000000092200000| Untracked 
| 291|0x0000000092300000, 0x0000000092400000, 0x0000000092400000|100%| O|  |TAMS 0x0000000092300000, 0x0000000092300000| Untracked 
| 292|0x0000000092400000, 0x0000000092500000, 0x0000000092500000|100%| O|  |TAMS 0x0000000092400000, 0x0000000092400000| Untracked 
| 293|0x0000000092500000, 0x0000000092600000, 0x0000000092600000|100%| O|  |TAMS 0x0000000092500000, 0x0000000092500000| Untracked 
| 294|0x0000000092600000, 0x0000000092700000, 0x0000000092700000|100%| O|  |TAMS 0x0000000092600000, 0x0000000092600000| Untracked 
| 295|0x0000000092700000, 0x0000000092800000, 0x0000000092800000|100%| O|  |TAMS 0x0000000092700000, 0x0000000092700000| Untracked 
| 296|0x0000000092800000, 0x0000000092900000, 0x0000000092900000|100%| O|  |TAMS 0x0000000092800000, 0x0000000092800000| Untracked 
| 297|0x0000000092900000, 0x0000000092a00000, 0x0000000092a00000|100%| O|  |TAMS 0x0000000092900000, 0x0000000092900000| Untracked 
| 298|0x0000000092a00000, 0x0000000092b00000, 0x0000000092b00000|100%| O|  |TAMS 0x0000000092a00000, 0x0000000092a00000| Untracked 
| 299|0x0000000092b00000, 0x0000000092c00000, 0x0000000092c00000|100%| O|  |TAMS 0x0000000092b00000, 0x0000000092b00000| Untracked 
| 300|0x0000000092c00000, 0x0000000092d00000, 0x0000000092d00000|100%| O|  |TAMS 0x0000000092c00000, 0x0000000092c00000| Untracked 
| 301|0x0000000092d00000, 0x0000000092e00000, 0x0000000092e00000|100%| O|  |TAMS 0x0000000092d00000, 0x0000000092d00000| Untracked 
| 302|0x0000000092e00000, 0x0000000092f00000, 0x0000000092f00000|100%| O|  |TAMS 0x0000000092e00000, 0x0000000092e00000| Untracked 
| 303|0x0000000092f00000, 0x0000000093000000, 0x0000000093000000|100%| O|  |TAMS 0x0000000092f00000, 0x0000000092f00000| Untracked 
| 304|0x0000000093000000, 0x0000000093100000, 0x0000000093100000|100%| O|  |TAMS 0x0000000093000000, 0x0000000093000000| Untracked 
| 305|0x0000000093100000, 0x0000000093200000, 0x0000000093200000|100%| O|  |TAMS 0x0000000093100000, 0x0000000093100000| Untracked 
| 306|0x0000000093200000, 0x0000000093300000, 0x0000000093300000|100%| O|  |TAMS 0x0000000093200000, 0x0000000093200000| Untracked 
| 307|0x0000000093300000, 0x0000000093400000, 0x0000000093400000|100%| O|  |TAMS 0x0000000093300000, 0x0000000093300000| Untracked 
| 308|0x0000000093400000, 0x0000000093500000, 0x0000000093500000|100%| O|  |TAMS 0x0000000093400000, 0x0000000093400000| Untracked 
| 309|0x0000000093500000, 0x0000000093600000, 0x0000000093600000|100%| O|  |TAMS 0x0000000093500000, 0x0000000093500000| Untracked 
| 310|0x0000000093600000, 0x0000000093700000, 0x0000000093700000|100%| O|  |TAMS 0x0000000093600000, 0x0000000093600000| Untracked 
| 311|0x0000000093700000, 0x0000000093800000, 0x0000000093800000|100%| O|  |TAMS 0x0000000093700000, 0x0000000093700000| Untracked 
| 312|0x0000000093800000, 0x0000000093900000, 0x0000000093900000|100%| O|  |TAMS 0x0000000093800000, 0x0000000093800000| Untracked 
| 313|0x0000000093900000, 0x0000000093a00000, 0x0000000093a00000|100%| O|  |TAMS 0x0000000093900000, 0x0000000093900000| Untracked 
| 314|0x0000000093a00000, 0x0000000093b00000, 0x0000000093b00000|100%| O|  |TAMS 0x0000000093a00000, 0x0000000093a00000| Untracked 
| 315|0x0000000093b00000, 0x0000000093c00000, 0x0000000093c00000|100%| O|  |TAMS 0x0000000093b00000, 0x0000000093b00000| Untracked 
| 316|0x0000000093c00000, 0x0000000093d00000, 0x0000000093d00000|100%| O|  |TAMS 0x0000000093c00000, 0x0000000093c00000| Untracked 
| 317|0x0000000093d00000, 0x0000000093e00000, 0x0000000093e00000|100%| O|  |TAMS 0x0000000093d00000, 0x0000000093d00000| Untracked 
| 318|0x0000000093e00000, 0x0000000093f00000, 0x0000000093f00000|100%| O|  |TAMS 0x0000000093e00000, 0x0000000093e00000| Untracked 
| 319|0x0000000093f00000, 0x0000000094000000, 0x0000000094000000|100%| O|  |TAMS 0x0000000093f00000, 0x0000000093f00000| Untracked 
| 320|0x0000000094000000, 0x0000000094100000, 0x0000000094100000|100%| O|  |TAMS 0x0000000094000000, 0x0000000094000000| Untracked 
| 321|0x0000000094100000, 0x0000000094200000, 0x0000000094200000|100%| O|  |TAMS 0x0000000094100000, 0x0000000094100000| Untracked 
| 322|0x0000000094200000, 0x0000000094300000, 0x0000000094300000|100%| O|  |TAMS 0x0000000094200000, 0x0000000094200000| Untracked 
| 323|0x0000000094300000, 0x0000000094400000, 0x0000000094400000|100%| O|  |TAMS 0x0000000094300000, 0x0000000094300000| Untracked 
| 324|0x0000000094400000, 0x0000000094500000, 0x0000000094500000|100%| O|  |TAMS 0x0000000094400000, 0x0000000094400000| Untracked 
| 325|0x0000000094500000, 0x0000000094600000, 0x0000000094600000|100%| O|  |TAMS 0x0000000094500000, 0x0000000094500000| Untracked 
| 326|0x0000000094600000, 0x0000000094700000, 0x0000000094700000|100%| O|  |TAMS 0x0000000094600000, 0x0000000094600000| Untracked 
| 327|0x0000000094700000, 0x0000000094800000, 0x0000000094800000|100%| O|  |TAMS 0x0000000094700000, 0x0000000094700000| Untracked 
| 328|0x0000000094800000, 0x0000000094900000, 0x0000000094900000|100%| O|  |TAMS 0x0000000094800000, 0x0000000094800000| Untracked 
| 329|0x0000000094900000, 0x0000000094a00000, 0x0000000094a00000|100%| O|  |TAMS 0x0000000094900000, 0x0000000094900000| Untracked 
| 330|0x0000000094a00000, 0x0000000094b00000, 0x0000000094b00000|100%| O|  |TAMS 0x0000000094a00000, 0x0000000094a00000| Untracked 
| 331|0x0000000094b00000, 0x0000000094c00000, 0x0000000094c00000|100%| O|  |TAMS 0x0000000094b00000, 0x0000000094b00000| Untracked 
| 332|0x0000000094c00000, 0x0000000094d00000, 0x0000000094d00000|100%| O|  |TAMS 0x0000000094c00000, 0x0000000094c00000| Untracked 
| 333|0x0000000094d00000, 0x0000000094da2000, 0x0000000094e00000| 63%| O|  |TAMS 0x0000000094d00000, 0x0000000094d00000| Untracked 
| 334|0x0000000094e00000, 0x0000000094e00000, 0x0000000094f00000|  0%| F|  |TAMS 0x0000000094e00000, 0x0000000094e00000| Untracked 
| 335|0x0000000094f00000, 0x0000000094f00000, 0x0000000095000000|  0%| F|  |TAMS 0x0000000094f00000, 0x0000000094f00000| Untracked 
| 336|0x0000000095000000, 0x0000000095000000, 0x0000000095100000|  0%| F|  |TAMS 0x0000000095000000, 0x0000000095000000| Untracked 
| 337|0x0000000095100000, 0x0000000095100000, 0x0000000095200000|  0%| F|  |TAMS 0x0000000095100000, 0x0000000095100000| Untracked 
| 338|0x0000000095200000, 0x0000000095200000, 0x0000000095300000|  0%| F|  |TAMS 0x0000000095200000, 0x0000000095200000| Untracked 
| 339|0x0000000095300000, 0x0000000095300000, 0x0000000095400000|  0%| F|  |TAMS 0x0000000095300000, 0x0000000095300000| Untracked 
| 340|0x0000000095400000, 0x0000000095400000, 0x0000000095500000|  0%| F|  |TAMS 0x0000000095400000, 0x0000000095400000| Untracked 
| 341|0x0000000095500000, 0x0000000095500000, 0x0000000095600000|  0%| F|  |TAMS 0x0000000095500000, 0x0000000095500000| Untracked 
| 342|0x0000000095600000, 0x0000000095600000, 0x0000000095700000|  0%| F|  |TAMS 0x0000000095600000, 0x0000000095600000| Untracked 
| 343|0x0000000095700000, 0x0000000095700000, 0x0000000095800000|  0%| F|  |TAMS 0x0000000095700000, 0x0000000095700000| Untracked 
| 344|0x0000000095800000, 0x0000000095800000, 0x0000000095900000|  0%| F|  |TAMS 0x0000000095800000, 0x0000000095800000| Untracked 
| 345|0x0000000095900000, 0x0000000095900000, 0x0000000095a00000|  0%| F|  |TAMS 0x0000000095900000, 0x0000000095900000| Untracked 
| 346|0x0000000095a00000, 0x0000000095a00000, 0x0000000095b00000|  0%| F|  |TAMS 0x0000000095a00000, 0x0000000095a00000| Untracked 
| 347|0x0000000095b00000, 0x0000000095b00000, 0x0000000095c00000|  0%| F|  |TAMS 0x0000000095b00000, 0x0000000095b00000| Untracked 
| 348|0x0000000095c00000, 0x0000000095c00000, 0x0000000095d00000|  0%| F|  |TAMS 0x0000000095c00000, 0x0000000095c00000| Untracked 
| 349|0x0000000095d00000, 0x0000000095d00000, 0x0000000095e00000|  0%| F|  |TAMS 0x0000000095d00000, 0x0000000095d00000| Untracked 
| 350|0x0000000095e00000, 0x0000000095e00000, 0x0000000095f00000|  0%| F|  |TAMS 0x0000000095e00000, 0x0000000095e00000| Untracked 
| 351|0x0000000095f00000, 0x0000000095f00000, 0x0000000096000000|  0%| F|  |TAMS 0x0000000095f00000, 0x0000000095f00000| Untracked 
| 352|0x0000000096000000, 0x0000000096000000, 0x0000000096100000|  0%| F|  |TAMS 0x0000000096000000, 0x0000000096000000| Untracked 
| 353|0x0000000096100000, 0x0000000096100000, 0x0000000096200000|  0%| F|  |TAMS 0x0000000096100000, 0x0000000096100000| Untracked 
| 354|0x0000000096200000, 0x0000000096200000, 0x0000000096300000|  0%| F|  |TAMS 0x0000000096200000, 0x0000000096200000| Untracked 
| 355|0x0000000096300000, 0x0000000096300000, 0x0000000096400000|  0%| F|  |TAMS 0x0000000096300000, 0x0000000096300000| Untracked 
| 356|0x0000000096400000, 0x0000000096400000, 0x0000000096500000|  0%| F|  |TAMS 0x0000000096400000, 0x0000000096400000| Untracked 
| 357|0x0000000096500000, 0x0000000096500000, 0x0000000096600000|  0%| F|  |TAMS 0x0000000096500000, 0x0000000096500000| Untracked 
| 358|0x0000000096600000, 0x0000000096600000, 0x0000000096700000|  0%| F|  |TAMS 0x0000000096600000, 0x0000000096600000| Untracked 
| 359|0x0000000096700000, 0x0000000096700000, 0x0000000096800000|  0%| F|  |TAMS 0x0000000096700000, 0x0000000096700000| Untracked 
| 360|0x0000000096800000, 0x0000000096800000, 0x0000000096900000|  0%| F|  |TAMS 0x0000000096800000, 0x0000000096800000| Untracked 
| 361|0x0000000096900000, 0x0000000096900000, 0x0000000096a00000|  0%| F|  |TAMS 0x0000000096900000, 0x0000000096900000| Untracked 
| 362|0x0000000096a00000, 0x0000000096a00000, 0x0000000096b00000|  0%| F|  |TAMS 0x0000000096a00000, 0x0000000096a00000| Untracked 
| 363|0x0000000096b00000, 0x0000000096b00000, 0x0000000096c00000|  0%| F|  |TAMS 0x0000000096b00000, 0x0000000096b00000| Untracked 
| 364|0x0000000096c00000, 0x0000000096c00000, 0x0000000096d00000|  0%| F|  |TAMS 0x0000000096c00000, 0x0000000096c00000| Untracked 
| 365|0x0000000096d00000, 0x0000000096d00000, 0x0000000096e00000|  0%| F|  |TAMS 0x0000000096d00000, 0x0000000096d00000| Untracked 
| 366|0x0000000096e00000, 0x0000000096e00000, 0x0000000096f00000|  0%| F|  |TAMS 0x0000000096e00000, 0x0000000096e00000| Untracked 
| 367|0x0000000096f00000, 0x0000000096f00000, 0x0000000097000000|  0%| F|  |TAMS 0x0000000096f00000, 0x0000000096f00000| Untracked 
| 368|0x0000000097000000, 0x0000000097000000, 0x0000000097100000|  0%| F|  |TAMS 0x0000000097000000, 0x0000000097000000| Untracked 
| 369|0x0000000097100000, 0x0000000097100000, 0x0000000097200000|  0%| F|  |TAMS 0x0000000097100000, 0x0000000097100000| Untracked 
| 370|0x0000000097200000, 0x0000000097200000, 0x0000000097300000|  0%| F|  |TAMS 0x0000000097200000, 0x0000000097200000| Untracked 
| 371|0x0000000097300000, 0x0000000097300000, 0x0000000097400000|  0%| F|  |TAMS 0x0000000097300000, 0x0000000097300000| Untracked 
| 372|0x0000000097400000, 0x0000000097400000, 0x0000000097500000|  0%| F|  |TAMS 0x0000000097400000, 0x0000000097400000| Untracked 
| 373|0x0000000097500000, 0x0000000097500000, 0x0000000097600000|  0%| F|  |TAMS 0x0000000097500000, 0x0000000097500000| Untracked 
| 374|0x0000000097600000, 0x0000000097600000, 0x0000000097700000|  0%| F|  |TAMS 0x0000000097600000, 0x0000000097600000| Untracked 
| 375|0x0000000097700000, 0x0000000097700000, 0x0000000097800000|  0%| F|  |TAMS 0x0000000097700000, 0x0000000097700000| Untracked 
| 376|0x0000000097800000, 0x0000000097800000, 0x0000000097900000|  0%| F|  |TAMS 0x0000000097800000, 0x0000000097800000| Untracked 
| 377|0x0000000097900000, 0x0000000097900000, 0x0000000097a00000|  0%| F|  |TAMS 0x0000000097900000, 0x0000000097900000| Untracked 
| 378|0x0000000097a00000, 0x0000000097a00000, 0x0000000097b00000|  0%| F|  |TAMS 0x0000000097a00000, 0x0000000097a00000| Untracked 
| 379|0x0000000097b00000, 0x0000000097b00000, 0x0000000097c00000|  0%| F|  |TAMS 0x0000000097b00000, 0x0000000097b00000| Untracked 
| 380|0x0000000097c00000, 0x0000000097c00000, 0x0000000097d00000|  0%| F|  |TAMS 0x0000000097c00000, 0x0000000097c00000| Untracked 
| 381|0x0000000097d00000, 0x0000000097d00000, 0x0000000097e00000|  0%| F|  |TAMS 0x0000000097d00000, 0x0000000097d00000| Untracked 
| 382|0x0000000097e00000, 0x0000000097e00000, 0x0000000097f00000|  0%| F|  |TAMS 0x0000000097e00000, 0x0000000097e00000| Untracked 
| 383|0x0000000097f00000, 0x0000000097f00000, 0x0000000098000000|  0%| F|  |TAMS 0x0000000097f00000, 0x0000000097f00000| Untracked 
| 384|0x0000000098000000, 0x0000000098000000, 0x0000000098100000|  0%| F|  |TAMS 0x0000000098000000, 0x0000000098000000| Untracked 
| 385|0x0000000098100000, 0x00000000981f06a0, 0x0000000098200000| 93%| S|CS|TAMS 0x0000000098100000, 0x0000000098100000| Complete 
| 386|0x0000000098200000, 0x0000000098300000, 0x0000000098300000|100%| S|CS|TAMS 0x0000000098200000, 0x0000000098200000| Complete 
| 387|0x0000000098300000, 0x0000000098400000, 0x0000000098400000|100%| S|CS|TAMS 0x0000000098300000, 0x0000000098300000| Complete 
| 388|0x0000000098400000, 0x0000000098500000, 0x0000000098500000|100%| S|CS|TAMS 0x0000000098400000, 0x0000000098400000| Complete 
| 389|0x0000000098500000, 0x0000000098500000, 0x0000000098600000|  0%| F|  |TAMS 0x0000000098500000, 0x0000000098500000| Untracked 
| 390|0x0000000098600000, 0x0000000098600000, 0x0000000098700000|  0%| F|  |TAMS 0x0000000098600000, 0x0000000098600000| Untracked 
| 391|0x0000000098700000, 0x0000000098700000, 0x0000000098800000|  0%| F|  |TAMS 0x0000000098700000, 0x0000000098700000| Untracked 
| 392|0x0000000098800000, 0x0000000098800000, 0x0000000098900000|  0%| F|  |TAMS 0x0000000098800000, 0x0000000098800000| Untracked 
| 393|0x0000000098900000, 0x0000000098900000, 0x0000000098a00000|  0%| F|  |TAMS 0x0000000098900000, 0x0000000098900000| Untracked 
| 394|0x0000000098a00000, 0x0000000098a00000, 0x0000000098b00000|  0%| F|  |TAMS 0x0000000098a00000, 0x0000000098a00000| Untracked 
| 395|0x0000000098b00000, 0x0000000098b00000, 0x0000000098c00000|  0%| F|  |TAMS 0x0000000098b00000, 0x0000000098b00000| Untracked 
| 396|0x0000000098c00000, 0x0000000098c00000, 0x0000000098d00000|  0%| F|  |TAMS 0x0000000098c00000, 0x0000000098c00000| Untracked 
| 397|0x0000000098d00000, 0x0000000098d00000, 0x0000000098e00000|  0%| F|  |TAMS 0x0000000098d00000, 0x0000000098d00000| Untracked 
| 398|0x0000000098e00000, 0x0000000098e00000, 0x0000000098f00000|  0%| F|  |TAMS 0x0000000098e00000, 0x0000000098e00000| Untracked 
| 399|0x0000000098f00000, 0x0000000098f00000, 0x0000000099000000|  0%| F|  |TAMS 0x0000000098f00000, 0x0000000098f00000| Untracked 
| 400|0x0000000099000000, 0x0000000099000000, 0x0000000099100000|  0%| F|  |TAMS 0x0000000099000000, 0x0000000099000000| Untracked 
| 401|0x0000000099100000, 0x0000000099100000, 0x0000000099200000|  0%| F|  |TAMS 0x0000000099100000, 0x0000000099100000| Untracked 
| 402|0x0000000099200000, 0x0000000099200000, 0x0000000099300000|  0%| F|  |TAMS 0x0000000099200000, 0x0000000099200000| Untracked 
| 403|0x0000000099300000, 0x0000000099300000, 0x0000000099400000|  0%| F|  |TAMS 0x0000000099300000, 0x0000000099300000| Untracked 
| 404|0x0000000099400000, 0x0000000099400000, 0x0000000099500000|  0%| F|  |TAMS 0x0000000099400000, 0x0000000099400000| Untracked 
| 405|0x0000000099500000, 0x0000000099500000, 0x0000000099600000|  0%| F|  |TAMS 0x0000000099500000, 0x0000000099500000| Untracked 
| 406|0x0000000099600000, 0x0000000099600000, 0x0000000099700000|  0%| F|  |TAMS 0x0000000099600000, 0x0000000099600000| Untracked 
| 407|0x0000000099700000, 0x0000000099700000, 0x0000000099800000|  0%| F|  |TAMS 0x0000000099700000, 0x0000000099700000| Untracked 
| 408|0x0000000099800000, 0x0000000099800000, 0x0000000099900000|  0%| F|  |TAMS 0x0000000099800000, 0x0000000099800000| Untracked 
| 409|0x0000000099900000, 0x0000000099900000, 0x0000000099a00000|  0%| F|  |TAMS 0x0000000099900000, 0x0000000099900000| Untracked 
| 410|0x0000000099a00000, 0x0000000099a00000, 0x0000000099b00000|  0%| F|  |TAMS 0x0000000099a00000, 0x0000000099a00000| Untracked 
| 411|0x0000000099b00000, 0x0000000099b00000, 0x0000000099c00000|  0%| F|  |TAMS 0x0000000099b00000, 0x0000000099b00000| Untracked 
| 412|0x0000000099c00000, 0x0000000099c00000, 0x0000000099d00000|  0%| F|  |TAMS 0x0000000099c00000, 0x0000000099c00000| Untracked 
| 413|0x0000000099d00000, 0x0000000099d00000, 0x0000000099e00000|  0%| F|  |TAMS 0x0000000099d00000, 0x0000000099d00000| Untracked 

Card table byte_map: [0x000001809cde0000,0x000001809d1e0000] _byte_map_base: 0x000001809c9e0000

Marking Bits (Prev, Next): (CMBitMap*) 0x0000018085f00460, (CMBitMap*) 0x0000018085f00420
 Prev Bits: [0x000001809f5e0000, 0x00000180a15e0000)
 Next Bits: [0x000001809d5e0000, 0x000001809f5e0000)

Polling page: 0x0000018083bd0000

Metaspace:

Usage:
  Non-class:    103.17 MB used.
      Class:     16.44 MB used.
       Both:    119.61 MB used.

Virtual space:
  Non-class space:      128.00 MB reserved,     104.19 MB ( 81%) committed,  2 nodes.
      Class space:      416.00 MB reserved,      17.38 MB (  4%) committed,  1 nodes.
             Both:      544.00 MB reserved,     121.56 MB ( 22%) committed. 

Chunk freelists:
   Non-Class:  7.00 MB
       Class:  14.68 MB
        Both:  21.68 MB

MaxMetaspaceSize: 512.00 MB
CompressedClassSpaceSize: 416.00 MB
Initial GC threshold: 21.00 MB
Current GC threshold: 140.44 MB
CDS: on
MetaspaceReclaimPolicy: balanced
 - commit_granule_bytes: 65536.
 - commit_granule_words: 8192.
 - virtual_space_node_default_size: 8388608.
 - enlarge_chunks_in_place: 1.
 - new_chunks_are_fully_committed: 0.
 - uncommit_free_chunks: 1.
 - use_allocation_guard: 0.
 - handle_deallocations: 1.


Internal statistics:

num_allocs_failed_limit: 9.
num_arena_births: 2928.
num_arena_deaths: 0.
num_vsnodes_births: 3.
num_vsnodes_deaths: 0.
num_space_committed: 1944.
num_space_uncommitted: 0.
num_chunks_returned_to_freelist: 9.
num_chunks_taken_from_freelist: 9049.
num_chunk_merges: 9.
num_chunk_splits: 5439.
num_chunks_enlarged: 2883.
num_inconsistent_stats: 0.

CodeHeap 'non-profiled nmethods': size=120000Kb used=14468Kb max_used=14468Kb free=105532Kb
 bounds [0x00000180954b0000, 0x00000180962e0000, 0x000001809c9e0000]
CodeHeap 'profiled nmethods': size=120000Kb used=36769Kb max_used=36769Kb free=83230Kb
 bounds [0x000001808d9e0000, 0x000001808fdd0000, 0x0000018094f10000]
CodeHeap 'non-nmethods': size=5760Kb used=2481Kb max_used=2602Kb free=3278Kb
 bounds [0x0000018094f10000, 0x00000180951b0000, 0x00000180954b0000]
 total_blobs=19891 nmethods=18862 adapters=940
 compilation: enabled
              stopped_count=0, restarted_count=0
 full_count=0

Compilation events (20 events):
Event: 151.837 Thread 0x00000180a3ab1620 22638       2       org.gradle.api.internal.artifacts.configurations.DefaultConfigurationContainer::createUnlockedConfiguration (87 bytes)
Event: 151.838 Thread 0x00000180a3ab1620 nmethod 22638 0x000001808fdc6b10 code [0x000001808fdc6d20, 0x000001808fdc7028]
Event: 151.899 Thread 0x00000180a3ab1620 22641       2       com.google.common.collect.ObjectArrays::newArray (6 bytes)
Event: 151.899 Thread 0x00000180a3ab1620 nmethod 22641 0x000001808fdc7290 code [0x000001808fdc7440, 0x000001808fdc75b8]
Event: 151.899 Thread 0x00000180a3ab1620 22642       2       com.google.common.collect.Platform::newArray (21 bytes)
Event: 151.899 Thread 0x00000180a3ab1620 nmethod 22642 0x000001808fdc7710 code [0x000001808fdc78c0, 0x000001808fdc7a38]
Event: 151.916 Thread 0x00000180a3ab1620 22643       3       org.gradle.cache.internal.cacheops.CacheOperationStack::isInCacheAction (13 bytes)
Event: 151.917 Thread 0x00000180a3ab1620 nmethod 22643 0x000001808fdc7b90 code [0x000001808fdc7d20, 0x000001808fdc7e78]
Event: 151.933 Thread 0x00000180d0124e60 nmethod 22570 0x00000180962c7290 code [0x00000180962c7720, 0x00000180962cc7e8]
Event: 151.934 Thread 0x00000180d0124e60 22640       4       org.gradle.api.internal.artifacts.ivyservice.modulecache.DefaultCachedMetadata::isMissing (13 bytes)
Event: 151.934 Thread 0x00000180d0124e60 nmethod 22640 0x00000180962cf890 code [0x00000180962cfa00, 0x00000180962cfa98]
Event: 151.934 Thread 0x00000180d0124e60 22639       4       org.gradle.internal.snapshot.impl.AbstractIsolatableScalarValue::isolate (5 bytes)
Event: 151.935 Thread 0x00000180d0124e60 nmethod 22639 0x00000180962cfb90 code [0x00000180962cfd00, 0x00000180962cfd98]
Event: 151.935 Thread 0x00000180d0124e60 22571       4       org.gradle.api.internal.artifacts.ivyservice.resolveengine.graph.builder.NodeState::lambda$createAndLinkEdgeState$0 (15 bytes)
Event: 151.950 Thread 0x00000180d0124e60 nmethod 22571 0x00000180962cfe90 code [0x00000180962d0040, 0x00000180962d08a8]
Event: 151.950 Thread 0x00000180d0124e60 22572       4       org.gradle.api.internal.artifacts.ivyservice.resolveengine.graph.builder.EdgeState::computeHashCode (43 bytes)
Event: 151.952 Thread 0x00000180d0124e60 nmethod 22572 0x00000180962d0b90 code [0x00000180962d0d20, 0x00000180962d0e68]
Event: 151.952 Thread 0x00000180d0124e60 22573       4       org.gradle.api.internal.artifacts.ivyservice.resolveengine.graph.builder.NodeState$$Lambda$785/0x00000180a55e4f68::apply (16 bytes)
Event: 151.952 Thread 0x00000180a3ab1620 22645       3       org.gradle.internal.snapshot.impl.DefaultIsolatableFactory$IsolatableVisitor::booleanValue (20 bytes)
Event: 151.953 Thread 0x00000180a3ab1620 nmethod 22645 0x000001808fdc7f10 code [0x000001808fdc80c0, 0x000001808fdc8478]

GC Heap History (20 events):
Event: 62.514 GC heap after
{Heap after GC invocations=66 (full 0):
 garbage-first heap   total 423936K, used 295378K [0x0000000080000000, 0x0000000100000000)
  region size 1024K, 6 young (6144K), 6 survivors (6144K)
 Metaspace       used 115176K, committed 116864K, reserved 557056K
  class space    used 16035K, committed 16832K, reserved 425984K
}
Event: 63.351 GC heap before
{Heap before GC invocations=66 (full 0):
 garbage-first heap   total 423936K, used 370130K [0x0000000080000000, 0x0000000100000000)
  region size 1024K, 75 young (76800K), 6 survivors (6144K)
 Metaspace       used 116737K, committed 118400K, reserved 557056K
  class space    used 16164K, committed 16960K, reserved 425984K
}
Event: 63.374 GC heap after
{Heap after GC invocations=67 (full 0):
 garbage-first heap   total 423936K, used 298455K [0x0000000080000000, 0x0000000100000000)
  region size 1024K, 8 young (8192K), 8 survivors (8192K)
 Metaspace       used 116737K, committed 118400K, reserved 557056K
  class space    used 16164K, committed 16960K, reserved 425984K
}
Event: 106.953 GC heap before
{Heap before GC invocations=67 (full 0):
 garbage-first heap   total 423936K, used 363991K [0x0000000080000000, 0x0000000100000000)
  region size 1024K, 73 young (74752K), 8 survivors (8192K)
 Metaspace       used 118988K, committed 120704K, reserved 557056K
  class space    used 16417K, committed 17216K, reserved 425984K
}
Event: 106.964 GC heap after
{Heap after GC invocations=68 (full 0):
 garbage-first heap   total 423936K, used 299712K [0x0000000080000000, 0x0000000100000000)
  region size 1024K, 4 young (4096K), 4 survivors (4096K)
 Metaspace       used 118988K, committed 120704K, reserved 557056K
  class space    used 16417K, committed 17216K, reserved 425984K
}
Event: 123.077 GC heap before
{Heap before GC invocations=68 (full 0):
 garbage-first heap   total 423936K, used 365248K [0x0000000080000000, 0x0000000100000000)
  region size 1024K, 69 young (70656K), 4 survivors (4096K)
 Metaspace       used 120202K, committed 121984K, reserved 557056K
  class space    used 16564K, committed 17408K, reserved 425984K
}
Event: 123.085 GC heap after
{Heap after GC invocations=69 (full 0):
 garbage-first heap   total 423936K, used 301986K [0x0000000080000000, 0x0000000100000000)
  region size 1024K, 7 young (7168K), 7 survivors (7168K)
 Metaspace       used 120202K, committed 121984K, reserved 557056K
  class space    used 16564K, committed 17408K, reserved 425984K
}
Event: 148.293 GC heap before
{Heap before GC invocations=69 (full 0):
 garbage-first heap   total 423936K, used 365474K [0x0000000080000000, 0x0000000100000000)
  region size 1024K, 69 young (70656K), 7 survivors (7168K)
 Metaspace       used 121321K, committed 123072K, reserved 557056K
  class space    used 16721K, committed 17536K, reserved 425984K
}
Event: 148.306 GC heap after
{Heap after GC invocations=70 (full 0):
 garbage-first heap   total 423936K, used 306086K [0x0000000080000000, 0x0000000100000000)
  region size 1024K, 9 young (9216K), 9 survivors (9216K)
 Metaspace       used 121321K, committed 123072K, reserved 557056K
  class space    used 16721K, committed 17536K, reserved 425984K
}
Event: 149.158 GC heap before
{Heap before GC invocations=70 (full 0):
 garbage-first heap   total 423936K, used 366502K [0x0000000080000000, 0x0000000100000000)
  region size 1024K, 67 young (68608K), 9 survivors (9216K)
 Metaspace       used 121639K, committed 123456K, reserved 557056K
  class space    used 16749K, committed 17600K, reserved 425984K
}
Event: 149.175 GC heap after
{Heap after GC invocations=71 (full 0):
 garbage-first heap   total 423936K, used 311914K [0x0000000080000000, 0x0000000100000000)
  region size 1024K, 9 young (9216K), 9 survivors (9216K)
 Metaspace       used 121639K, committed 123456K, reserved 557056K
  class space    used 16749K, committed 17600K, reserved 425984K
}
Event: 149.798 GC heap before
{Heap before GC invocations=71 (full 0):
 garbage-first heap   total 423936K, used 366186K [0x0000000080000000, 0x0000000100000000)
  region size 1024K, 62 young (63488K), 9 survivors (9216K)
 Metaspace       used 121910K, committed 123776K, reserved 557056K
  class space    used 16773K, committed 17664K, reserved 425984K
}
Event: 149.823 GC heap after
{Heap after GC invocations=72 (full 0):
 garbage-first heap   total 423936K, used 320304K [0x0000000080000000, 0x0000000100000000)
  region size 1024K, 8 young (8192K), 8 survivors (8192K)
 Metaspace       used 121910K, committed 123776K, reserved 557056K
  class space    used 16773K, committed 17664K, reserved 425984K
}
Event: 150.494 GC heap before
{Heap before GC invocations=72 (full 0):
 garbage-first heap   total 423936K, used 363312K [0x0000000080000000, 0x0000000100000000)
  region size 1024K, 51 young (52224K), 8 survivors (8192K)
 Metaspace       used 122194K, committed 124096K, reserved 557056K
  class space    used 16822K, committed 17728K, reserved 425984K
}
Event: 150.517 GC heap after
{Heap after GC invocations=73 (full 0):
 garbage-first heap   total 423936K, used 328069K [0x0000000080000000, 0x0000000100000000)
  region size 1024K, 7 young (7168K), 7 survivors (7168K)
 Metaspace       used 122194K, committed 124096K, reserved 557056K
  class space    used 16822K, committed 17728K, reserved 425984K
}
Event: 151.077 GC heap before
{Heap before GC invocations=73 (full 0):
 garbage-first heap   total 423936K, used 363909K [0x0000000080000000, 0x0000000100000000)
  region size 1024K, 43 young (44032K), 7 survivors (7168K)
 Metaspace       used 122297K, committed 124224K, reserved 557056K
  class space    used 16825K, committed 17728K, reserved 425984K
}
Event: 151.100 GC heap after
{Heap after GC invocations=74 (full 0):
 garbage-first heap   total 423936K, used 335872K [0x0000000080000000, 0x0000000100000000)
  region size 1024K, 6 young (6144K), 6 survivors (6144K)
 Metaspace       used 122297K, committed 124224K, reserved 557056K
  class space    used 16825K, committed 17728K, reserved 425984K
}
Event: 151.714 GC heap before
{Heap before GC invocations=74 (full 0):
 garbage-first heap   total 423936K, used 366592K [0x0000000080000000, 0x0000000100000000)
  region size 1024K, 36 young (36864K), 6 survivors (6144K)
 Metaspace       used 122441K, committed 124480K, reserved 557056K
  class space    used 16835K, committed 17792K, reserved 425984K
}
Event: 151.736 GC heap after
{Heap after GC invocations=75 (full 0):
 garbage-first heap   total 423936K, used 341424K [0x0000000080000000, 0x0000000100000000)
  region size 1024K, 5 young (5120K), 5 survivors (5120K)
 Metaspace       used 122441K, committed 124480K, reserved 557056K
  class space    used 16835K, committed 17792K, reserved 425984K
}
Event: 151.958 GC heap before
{Heap before GC invocations=75 (full 0):
 garbage-first heap   total 423936K, used 366000K [0x0000000080000000, 0x0000000100000000)
  region size 1024K, 30 young (30720K), 5 survivors (5120K)
 Metaspace       used 122484K, committed 124480K, reserved 557056K
  class space    used 16836K, committed 17792K, reserved 425984K
}

Dll operation events (15 events):
Event: 0.016 Loaded shared library C:\Program Files\Microsoft\jdk-17.0.13.11-hotspot\bin\java.dll
Event: 0.046 Loaded shared library C:\Program Files\Microsoft\jdk-17.0.13.11-hotspot\bin\jsvml.dll
Event: 0.126 Loaded shared library C:\Program Files\Microsoft\jdk-17.0.13.11-hotspot\bin\zip.dll
Event: 0.130 Loaded shared library C:\Program Files\Microsoft\jdk-17.0.13.11-hotspot\bin\instrument.dll
Event: 0.134 Loaded shared library C:\Program Files\Microsoft\jdk-17.0.13.11-hotspot\bin\net.dll
Event: 0.135 Loaded shared library C:\Program Files\Microsoft\jdk-17.0.13.11-hotspot\bin\nio.dll
Event: 0.137 Loaded shared library C:\Program Files\Microsoft\jdk-17.0.13.11-hotspot\bin\zip.dll
Event: 0.562 Loaded shared library C:\Program Files\Microsoft\jdk-17.0.13.11-hotspot\bin\jimage.dll
Event: 0.712 Loaded shared library C:\Program Files\Microsoft\jdk-17.0.13.11-hotspot\bin\verify.dll
Event: 0.886 Loaded shared library C:\Users\aliah\.gradle\native\c067742578af261105cb4f569cf0c3c89f3d7b1fecec35dd04571415982c5e48\windows-amd64\native-platform.dll
Event: 1.120 Loaded shared library C:\Users\aliah\.gradle\native\100fb08df4bc3b14c8652ba06237920a3bd2aa13389f12d3474272988ae205f9\windows-amd64\native-platform-file-events.dll
Event: 3.482 Loaded shared library C:\Program Files\Microsoft\jdk-17.0.13.11-hotspot\bin\management.dll
Event: 3.485 Loaded shared library C:\Program Files\Microsoft\jdk-17.0.13.11-hotspot\bin\management_ext.dll
Event: 3.830 Loaded shared library C:\Program Files\Microsoft\jdk-17.0.13.11-hotspot\bin\extnet.dll
Event: 4.133 Loaded shared library C:\Program Files\Microsoft\jdk-17.0.13.11-hotspot\bin\sunmscapi.dll

Deoptimization events (20 events):
Event: 150.029 Thread 0x00000180c468e370 DEOPT PACKING pc=0x000001808fc32990 sp=0x00000002e60f7e80
Event: 150.029 Thread 0x00000180c468e370 DEOPT UNPACKING pc=0x0000018094f67143 sp=0x00000002e60f7388 mode 0
Event: 150.053 Thread 0x00000180c468e370 DEOPT PACKING pc=0x000001808fc32990 sp=0x00000002e60f8100
Event: 150.053 Thread 0x00000180c468e370 DEOPT UNPACKING pc=0x0000018094f67143 sp=0x00000002e60f7608 mode 0
Event: 150.081 Thread 0x00000180c468e370 DEOPT PACKING pc=0x000001808fc32990 sp=0x00000002e60f8160
Event: 150.081 Thread 0x00000180c468e370 DEOPT UNPACKING pc=0x0000018094f67143 sp=0x00000002e60f7668 mode 0
Event: 150.113 Thread 0x00000180c468e370 DEOPT PACKING pc=0x000001808fc32990 sp=0x00000002e60f8100
Event: 150.113 Thread 0x00000180c468e370 DEOPT UNPACKING pc=0x0000018094f67143 sp=0x00000002e60f7608 mode 0
Event: 150.139 Thread 0x00000180c468e370 DEOPT PACKING pc=0x000001808fc32990 sp=0x00000002e60f8100
Event: 150.139 Thread 0x00000180c468e370 DEOPT UNPACKING pc=0x0000018094f67143 sp=0x00000002e60f7608 mode 0
Event: 150.986 Thread 0x00000180c468e370 DEOPT PACKING pc=0x000001808fc32990 sp=0x00000002e60f8180
Event: 150.986 Thread 0x00000180c468e370 DEOPT UNPACKING pc=0x0000018094f67143 sp=0x00000002e60f7688 mode 0
Event: 151.306 Thread 0x00000180c468e370 Uncommon trap: trap_request=0xffffff6e fr.pc=0x0000018096250cf0 relative=0x00000000000007f0
Event: 151.306 Thread 0x00000180c468e370 Uncommon trap: reason=loop_limit_check action=maybe_recompile pc=0x0000018096250cf0 method=kotlin.text.StringsKt__StringsKt.trim(Ljava/lang/CharSequence;)Ljava/lang/CharSequence; @ 28 c2
Event: 151.306 Thread 0x00000180c468e370 DEOPT PACKING pc=0x0000018096250cf0 sp=0x00000002e60f9780
Event: 151.306 Thread 0x00000180c468e370 DEOPT UNPACKING pc=0x0000018094f669a3 sp=0x00000002e60f9710 mode 2
Event: 151.883 Thread 0x00000180c468e370 Uncommon trap: trap_request=0xffffffdc fr.pc=0x00000180962a3634 relative=0x00000000000003f4
Event: 151.883 Thread 0x00000180c468e370 Uncommon trap: reason=class_check action=make_not_entrant pc=0x00000180962a3634 method=com.google.common.collect.Platform.copy([Ljava/lang/Object;II[Ljava/lang/Object;)[Ljava/lang/Object; @ 7 c2
Event: 151.883 Thread 0x00000180c468e370 DEOPT PACKING pc=0x00000180962a3634 sp=0x00000002e60f8820
Event: 151.883 Thread 0x00000180c468e370 DEOPT UNPACKING pc=0x0000018094f669a3 sp=0x00000002e60f8750 mode 2

Classes loaded (20 events):
Event: 121.855 Loading class java/lang/ProcessBuilder$NullInputStream
Event: 121.856 Loading class java/lang/ProcessBuilder$NullInputStream done
Event: 122.053 Loading class java/nio/channels/AsynchronousCloseException
Event: 122.054 Loading class java/nio/channels/AsynchronousCloseException done
Event: 122.056 Loading class sun/nio/ch/SocketChannelImpl$DefaultOptionsHolder
Event: 122.057 Loading class sun/nio/ch/SocketChannelImpl$DefaultOptionsHolder done
Event: 136.248 Loading class java/util/HashMap$UnsafeHolder
Event: 136.249 Loading class java/util/HashMap$UnsafeHolder done
Event: 136.465 Loading class java/util/Locale$1
Event: 136.465 Loading class java/util/Locale$1 done
Event: 136.472 Loading class java/util/concurrent/CompletableFuture$AsyncRun
Event: 136.472 Loading class java/util/concurrent/CompletableFuture$AsyncRun done
Event: 148.183 Loading class jdk/internal/math/FormattedFloatingDecimal$Form
Event: 148.184 Loading class jdk/internal/math/FormattedFloatingDecimal$Form done
Event: 148.184 Loading class jdk/internal/math/FormattedFloatingDecimal
Event: 148.184 Loading class jdk/internal/math/FormattedFloatingDecimal done
Event: 148.184 Loading class jdk/internal/math/FormattedFloatingDecimal$1
Event: 148.185 Loading class jdk/internal/math/FormattedFloatingDecimal$1 done
Event: 148.185 Loading class jdk/internal/math/FormattedFloatingDecimal$2
Event: 148.185 Loading class jdk/internal/math/FormattedFloatingDecimal$2 done

Classes unloaded (0 events):
No events

Classes redefined (0 events):
No events

Internal exceptions (20 events):
Event: 148.351 Thread 0x00000180c468e370 Exception <a 'sun/nio/fs/WindowsException'{0x0000000098fe9920}> (0x0000000098fe9920) 
thrown [s\src\hotspot\share\prims\jni.cpp, line 516]
Event: 148.352 Thread 0x00000180c468e370 Exception <a 'sun/nio/fs/WindowsException'{0x0000000098fee668}> (0x0000000098fee668) 
thrown [s\src\hotspot\share\prims\jni.cpp, line 516]
Event: 148.352 Thread 0x00000180c468e370 Exception <a 'sun/nio/fs/WindowsException'{0x0000000098fee9f0}> (0x0000000098fee9f0) 
thrown [s\src\hotspot\share\prims\jni.cpp, line 516]
Event: 148.498 Thread 0x00000180c468e370 Implicit null exception at 0x0000018095f2c960 to 0x0000018095f2ca1c
Event: 148.802 Thread 0x00000180c855d040 Exception <a 'sun/nio/fs/WindowsException'{0x0000000097580900}> (0x0000000097580900) 
thrown [s\src\hotspot\share\prims\jni.cpp, line 516]
Event: 148.802 Thread 0x00000180c855d040 Exception <a 'sun/nio/fs/WindowsException'{0x0000000097582ae0}> (0x0000000097582ae0) 
thrown [s\src\hotspot\share\prims\jni.cpp, line 516]
Event: 148.802 Thread 0x00000180c855d040 Exception <a 'sun/nio/fs/WindowsException'{0x0000000097584c20}> (0x0000000097584c20) 
thrown [s\src\hotspot\share\prims\jni.cpp, line 516]
Event: 148.802 Thread 0x00000180c855d040 Exception <a 'sun/nio/fs/WindowsException'{0x0000000097586a28}> (0x0000000097586a28) 
thrown [s\src\hotspot\share\prims\jni.cpp, line 516]
Event: 148.803 Thread 0x00000180c855d040 Exception <a 'sun/nio/fs/WindowsException'{0x0000000097590468}> (0x0000000097590468) 
thrown [s\src\hotspot\share\prims\jni.cpp, line 516]
Event: 148.839 Thread 0x00000180c855b1e0 Exception <a 'sun/nio/fs/WindowsException'{0x0000000097387468}> (0x0000000097387468) 
thrown [s\src\hotspot\share\prims\jni.cpp, line 516]
Event: 148.839 Thread 0x00000180c855b1e0 Exception <a 'sun/nio/fs/WindowsException'{0x0000000097389438}> (0x0000000097389438) 
thrown [s\src\hotspot\share\prims\jni.cpp, line 516]
Event: 148.839 Thread 0x00000180c855b1e0 Exception <a 'sun/nio/fs/WindowsException'{0x000000009738b368}> (0x000000009738b368) 
thrown [s\src\hotspot\share\prims\jni.cpp, line 516]
Event: 148.839 Thread 0x00000180c855b1e0 Exception <a 'sun/nio/fs/WindowsException'{0x000000009738cf40}> (0x000000009738cf40) 
thrown [s\src\hotspot\share\prims\jni.cpp, line 516]
Event: 149.221 Thread 0x00000180c855d040 Exception <a 'sun/nio/fs/WindowsException'{0x0000000099c8f460}> (0x0000000099c8f460) 
thrown [s\src\hotspot\share\prims\jni.cpp, line 516]
Event: 149.221 Thread 0x00000180c855d040 Exception <a 'sun/nio/fs/WindowsException'{0x0000000099c917a0}> (0x0000000099c917a0) 
thrown [s\src\hotspot\share\prims\jni.cpp, line 516]
Event: 149.221 Thread 0x00000180c855d040 Exception <a 'sun/nio/fs/WindowsException'{0x0000000099c93a40}> (0x0000000099c93a40) 
thrown [s\src\hotspot\share\prims\jni.cpp, line 516]
Event: 149.221 Thread 0x00000180c855d040 Exception <a 'sun/nio/fs/WindowsException'{0x0000000099c95988}> (0x0000000099c95988) 
thrown [s\src\hotspot\share\prims\jni.cpp, line 516]
Event: 149.360 Thread 0x00000180c468e370 Exception <a 'sun/nio/fs/WindowsException'{0x0000000098d3a768}> (0x0000000098d3a768) 
thrown [s\src\hotspot\share\prims\jni.cpp, line 516]
Event: 149.450 Thread 0x00000180c468e370 Exception <a 'sun/nio/fs/WindowsException'{0x00000000987ee478}> (0x00000000987ee478) 
thrown [s\src\hotspot\share\prims\jni.cpp, line 516]
Event: 149.456 Thread 0x00000180c468e370 Implicit null exception at 0x00000180957e5d37 to 0x00000180957e5fc0

VM Operations (20 events):
Event: 148.306 Executing VM operation: G1CollectForAllocation done
Event: 148.414 Executing VM operation: HandshakeAllThreads
Event: 148.414 Executing VM operation: HandshakeAllThreads done
Event: 148.451 Executing VM operation: ICBufferFull
Event: 148.451 Executing VM operation: ICBufferFull done
Event: 148.720 Executing VM operation: ICBufferFull
Event: 148.720 Executing VM operation: ICBufferFull done
Event: 149.156 Executing VM operation: ICBufferFull
Event: 149.156 Executing VM operation: ICBufferFull done
Event: 149.158 Executing VM operation: G1CollectForAllocation
Event: 149.175 Executing VM operation: G1CollectForAllocation done
Event: 149.798 Executing VM operation: G1CollectForAllocation
Event: 149.823 Executing VM operation: G1CollectForAllocation done
Event: 150.494 Executing VM operation: G1CollectForAllocation
Event: 150.517 Executing VM operation: G1CollectForAllocation done
Event: 151.076 Executing VM operation: G1CollectForAllocation
Event: 151.100 Executing VM operation: G1CollectForAllocation done
Event: 151.714 Executing VM operation: G1CollectForAllocation
Event: 151.736 Executing VM operation: G1CollectForAllocation done
Event: 151.958 Executing VM operation: G1CollectForAllocation

Memory protections (0 events):
No events

Nmethod flushes (20 events):
Event: 64.795 Thread 0x00000180a3ab1f30 flushing  nmethod 0x000001808f8c7090
Event: 64.795 Thread 0x00000180a3ab1f30 flushing  nmethod 0x000001808f8c7690
Event: 64.795 Thread 0x00000180a3ab1f30 flushing  nmethod 0x000001808f8c7e90
Event: 64.795 Thread 0x00000180a3ab1f30 flushing  nmethod 0x000001808f8d2290
Event: 64.795 Thread 0x00000180a3ab1f30 flushing  nmethod 0x000001808f8d8890
Event: 64.795 Thread 0x00000180a3ab1f30 flushing  nmethod 0x000001808f8ef490
Event: 64.795 Thread 0x00000180a3ab1f30 flushing  nmethod 0x000001808f908490
Event: 64.795 Thread 0x00000180a3ab1f30 flushing  nmethod 0x000001808f909110
Event: 64.796 Thread 0x00000180a3ab1f30 flushing  nmethod 0x000001808f9a6410
Event: 64.796 Thread 0x00000180a3ab1f30 flushing  nmethod 0x000001808f9a6990
Event: 64.796 Thread 0x00000180a3ab1f30 flushing  nmethod 0x000001808f9a7110
Event: 64.796 Thread 0x00000180a3ab1f30 flushing  nmethod 0x000001808f9a7490
Event: 64.796 Thread 0x00000180a3ab1f30 flushing  nmethod 0x000001808f9ab410
Event: 64.796 Thread 0x00000180a3ab1f30 flushing  nmethod 0x000001808f9e7810
Event: 148.416 Thread 0x00000180a3ab1f30 flushing  nmethod 0x000001809583b310
Event: 148.416 Thread 0x00000180a3ab1f30 flushing  nmethod 0x0000018095845c10
Event: 148.420 Thread 0x00000180a3ab1f30 flushing  nmethod 0x0000018095e5d110
Event: 148.420 Thread 0x00000180a3ab1f30 flushing  nmethod 0x0000018095e97110
Event: 148.421 Thread 0x00000180a3ab1f30 flushing  nmethod 0x000001809606a610
Event: 148.421 Thread 0x00000180a3ab1f30 flushing  nmethod 0x000001809615e290

Events (20 events):
Event: 149.232 Thread 0x00000180c468e370 Thread added: 0x00000180c8277cc0
Event: 149.233 Thread 0x00000180c468e370 Thread added: 0x00000180c82777b0
Event: 149.233 Thread 0x00000180c468e370 Thread added: 0x00000180c8278bf0
Event: 149.290 Thread 0x00000180c468e370 Thread added: 0x00000180c8275e60
Event: 149.290 Thread 0x00000180c468e370 Thread added: 0x00000180c8279100
Event: 149.290 Thread 0x00000180c468e370 Thread added: 0x00000180c8276370
Event: 149.372 Thread 0x00000180c468e370 Thread added: 0x00000180c8276880
Event: 149.648 Thread 0x00000180c468e370 Thread added: 0x00000180c8276d90
Event: 149.648 Thread 0x00000180c468e370 Thread added: 0x00000180c468e880
Event: 149.648 Thread 0x00000180c468e370 Thread added: 0x00000180c468cf30
Event: 149.671 Thread 0x00000180c468e370 Thread added: 0x00000180c468f7b0
Event: 149.671 Thread 0x00000180c468e370 Thread added: 0x00000180c468ed90
Event: 149.672 Thread 0x00000180c468e370 Thread added: 0x00000180c468ca20
Event: 149.741 Thread 0x00000180c468e370 Thread added: 0x00000180c468f2a0
Event: 149.743 Thread 0x00000180c468e370 Thread added: 0x00000180c468fcc0
Event: 149.848 Thread 0x00000180c468e370 Thread added: 0x00000180c8827600
Event: 150.880 Thread 0x00000180c8f7bad0 Thread exited: 0x00000180c8f7bad0
Event: 150.893 Thread 0x00000180a3ab1620 Thread added: 0x00000180d0122930
Event: 151.654 Thread 0x00000180d0122930 Thread exited: 0x00000180d0122930
Event: 151.744 Thread 0x00000180a3ab0d10 Thread added: 0x00000180d0124e60


Dynamic libraries:
0x00007ff7772f0000 - 0x00007ff7772fe000 	C:\Program Files\Microsoft\jdk-17.0.13.11-hotspot\bin\java.exe
0x00007fff3eef0000 - 0x00007fff3f0e8000 	C:\WINDOWS\SYSTEM32\ntdll.dll
0x00007fff3d030000 - 0x00007fff3d0f2000 	C:\WINDOWS\System32\KERNEL32.DLL
0x00007fff3cbb0000 - 0x00007fff3ceaf000 	C:\WINDOWS\System32\KERNELBASE.dll
0x00007fff3c580000 - 0x00007fff3c680000 	C:\WINDOWS\System32\ucrtbase.dll
0x00007fff0e6d0000 - 0x00007fff0e6e7000 	C:\Program Files\Microsoft\jdk-17.0.13.11-hotspot\bin\jli.dll
0x00007fff0e6b0000 - 0x00007fff0e6cd000 	C:\Program Files\Microsoft\jdk-17.0.13.11-hotspot\bin\VCRUNTIME140.dll
0x00007fff3ed10000 - 0x00007fff3eead000 	C:\WINDOWS\System32\USER32.dll
0x00007fff3c830000 - 0x00007fff3c852000 	C:\WINDOWS\System32\win32u.dll
0x00007fff23e60000 - 0x00007fff240fa000 	C:\WINDOWS\WinSxS\amd64_microsoft.windows.common-controls_6595b64144ccf1df_6.0.19041.4355_none_60b8b9eb71f62e16\COMCTL32.dll
0x00007fff3d5b0000 - 0x00007fff3d5db000 	C:\WINDOWS\System32\GDI32.dll
0x00007fff3cf00000 - 0x00007fff3cf9e000 	C:\WINDOWS\System32\msvcrt.dll
0x00007fff3c680000 - 0x00007fff3c797000 	C:\WINDOWS\System32\gdi32full.dll
0x00007fff3cb10000 - 0x00007fff3cbad000 	C:\WINDOWS\System32\msvcp_win.dll
0x00007fff3d5e0000 - 0x00007fff3d60f000 	C:\WINDOWS\System32\IMM32.DLL
0x00007fff14c70000 - 0x00007fff14c7c000 	C:\Program Files\Microsoft\jdk-17.0.13.11-hotspot\bin\vcruntime140_1.dll
0x00007fff08bb0000 - 0x00007fff08c3d000 	C:\Program Files\Microsoft\jdk-17.0.13.11-hotspot\bin\msvcp140.dll
0x00007ffedee60000 - 0x00007ffedfad1000 	C:\Program Files\Microsoft\jdk-17.0.13.11-hotspot\bin\server\jvm.dll
0x00007fff3ec50000 - 0x00007fff3ed01000 	C:\WINDOWS\System32\ADVAPI32.dll
0x00007fff3d100000 - 0x00007fff3d19f000 	C:\WINDOWS\System32\sechost.dll
0x00007fff3d750000 - 0x00007fff3d873000 	C:\WINDOWS\System32\RPCRT4.dll
0x00007fff3ca30000 - 0x00007fff3ca57000 	C:\WINDOWS\System32\bcrypt.dll
0x00007fff3e3a0000 - 0x00007fff3e40b000 	C:\WINDOWS\System32\WS2_32.dll
0x00007fff3bb10000 - 0x00007fff3bb5b000 	C:\WINDOWS\SYSTEM32\POWRPROF.dll
0x00007fff29e50000 - 0x00007fff29e77000 	C:\WINDOWS\SYSTEM32\WINMM.dll
0x00007fff33350000 - 0x00007fff3335a000 	C:\WINDOWS\SYSTEM32\VERSION.dll
0x00007fff3b980000 - 0x00007fff3b992000 	C:\WINDOWS\SYSTEM32\UMPDC.dll
0x00007fff3adf0000 - 0x00007fff3ae02000 	C:\WINDOWS\SYSTEM32\kernel.appcore.dll
0x00007fff13370000 - 0x00007fff1337a000 	C:\Program Files\Microsoft\jdk-17.0.13.11-hotspot\bin\jimage.dll
0x00007fff39440000 - 0x00007fff39624000 	C:\WINDOWS\SYSTEM32\DBGHELP.DLL
0x00007fff20680000 - 0x00007fff206b4000 	C:\WINDOWS\SYSTEM32\dbgcore.DLL
0x00007fff3c7a0000 - 0x00007fff3c822000 	C:\WINDOWS\System32\bcryptPrimitives.dll
0x00007fff37d30000 - 0x00007fff37d3e000 	C:\Program Files\Microsoft\jdk-17.0.13.11-hotspot\bin\instrument.dll
0x00007fff08b80000 - 0x00007fff08ba5000 	C:\Program Files\Microsoft\jdk-17.0.13.11-hotspot\bin\java.dll
0x00007fff08aa0000 - 0x00007fff08b77000 	C:\Program Files\Microsoft\jdk-17.0.13.11-hotspot\bin\jsvml.dll
0x00007fff3d880000 - 0x00007fff3dfee000 	C:\WINDOWS\System32\SHELL32.dll
0x00007fff3a5b0000 - 0x00007fff3ad54000 	C:\WINDOWS\SYSTEM32\windows.storage.dll
0x00007fff3d250000 - 0x00007fff3d5a5000 	C:\WINDOWS\System32\combase.dll
0x00007fff3bfb0000 - 0x00007fff3bfdf000 	C:\WINDOWS\SYSTEM32\Wldp.dll
0x00007fff3e240000 - 0x00007fff3e30d000 	C:\WINDOWS\System32\OLEAUT32.dll
0x00007fff3d1a0000 - 0x00007fff3d24d000 	C:\WINDOWS\System32\SHCORE.dll
0x00007fff3e540000 - 0x00007fff3e595000 	C:\WINDOWS\System32\shlwapi.dll
0x00007fff3c4b0000 - 0x00007fff3c4d4000 	C:\WINDOWS\SYSTEM32\profapi.dll
0x00007ffef59a0000 - 0x00007ffef59b8000 	C:\Program Files\Microsoft\jdk-17.0.13.11-hotspot\bin\zip.dll
0x00007fff08a80000 - 0x00007fff08a9a000 	C:\Program Files\Microsoft\jdk-17.0.13.11-hotspot\bin\net.dll
0x00007fff39650000 - 0x00007fff3975d000 	C:\WINDOWS\SYSTEM32\WINHTTP.dll
0x00007fff3bd10000 - 0x00007fff3bd7a000 	C:\WINDOWS\system32\mswsock.dll
0x00007fff08a60000 - 0x00007fff08a76000 	C:\Program Files\Microsoft\jdk-17.0.13.11-hotspot\bin\nio.dll
0x00007fff384c0000 - 0x00007fff384d0000 	C:\Program Files\Microsoft\jdk-17.0.13.11-hotspot\bin\verify.dll
0x00007fff37bd0000 - 0x00007fff37bf7000 	C:\Users\aliah\.gradle\native\c067742578af261105cb4f569cf0c3c89f3d7b1fecec35dd04571415982c5e48\windows-amd64\native-platform.dll
0x00007fff1bfd0000 - 0x00007fff1c114000 	C:\Users\aliah\.gradle\native\100fb08df4bc3b14c8652ba06237920a3bd2aa13389f12d3474272988ae205f9\windows-amd64\native-platform-file-events.dll
0x00007fff132d0000 - 0x00007fff132da000 	C:\Program Files\Microsoft\jdk-17.0.13.11-hotspot\bin\management.dll
0x00007fff0e5d0000 - 0x00007fff0e5db000 	C:\Program Files\Microsoft\jdk-17.0.13.11-hotspot\bin\management_ext.dll
0x00007fff3e5a0000 - 0x00007fff3e5a8000 	C:\WINDOWS\System32\PSAPI.DLL
0x00007fff3bf00000 - 0x00007fff3bf18000 	C:\WINDOWS\SYSTEM32\CRYPTSP.dll
0x00007fff3b5c0000 - 0x00007fff3b5f4000 	C:\WINDOWS\system32\rsaenh.dll
0x00007fff3c430000 - 0x00007fff3c45e000 	C:\WINDOWS\SYSTEM32\USERENV.dll
0x00007fff3bf20000 - 0x00007fff3bf2c000 	C:\WINDOWS\SYSTEM32\CRYPTBASE.dll
0x00007fff3b9a0000 - 0x00007fff3b9db000 	C:\WINDOWS\SYSTEM32\IPHLPAPI.DLL
0x00007fff3e760000 - 0x00007fff3e768000 	C:\WINDOWS\System32\NSI.dll
0x00007fff33c00000 - 0x00007fff33c17000 	C:\WINDOWS\SYSTEM32\dhcpcsvc6.DLL
0x00007fff33e00000 - 0x00007fff33e1d000 	C:\WINDOWS\SYSTEM32\dhcpcsvc.DLL
0x00007fff3b9e0000 - 0x00007fff3baaa000 	C:\WINDOWS\SYSTEM32\DNSAPI.dll
0x00007fff0da80000 - 0x00007fff0da89000 	C:\Program Files\Microsoft\jdk-17.0.13.11-hotspot\bin\extnet.dll
0x00007fff0e3d0000 - 0x00007fff0e3de000 	C:\Program Files\Microsoft\jdk-17.0.13.11-hotspot\bin\sunmscapi.dll
0x00007fff3c860000 - 0x00007fff3c9bc000 	C:\WINDOWS\System32\CRYPT32.dll
0x00007fff3c020000 - 0x00007fff3c047000 	C:\WINDOWS\SYSTEM32\ncrypt.dll
0x00007fff3bfe0000 - 0x00007fff3c01b000 	C:\WINDOWS\SYSTEM32\NTASN1.dll
0x00007fff0db90000 - 0x00007fff0db97000 	C:\WINDOWS\system32\wshunix.dll
0x00007fff28b90000 - 0x00007fff28ba7000 	C:\WINDOWS\system32\napinsp.dll
0x00007fff28b70000 - 0x00007fff28b8b000 	C:\WINDOWS\system32\pnrpnsp.dll
0x00007fff382f0000 - 0x00007fff38305000 	C:\WINDOWS\system32\wshbth.dll
0x00007fff351a0000 - 0x00007fff351bd000 	C:\WINDOWS\system32\NLAapi.dll
0x00007fff28b50000 - 0x00007fff28b62000 	C:\WINDOWS\System32\winrnr.dll
0x0000000073710000 - 0x0000000073736000 	C:\Program Files\Bonjour\mdnsNSP.dll
0x00007fff2bf30000 - 0x00007fff2bf3a000 	C:\Windows\System32\rasadhlp.dll
0x00007fff2cc40000 - 0x00007fff2ccc0000 	C:\WINDOWS\System32\fwpuclnt.dll

dbghelp: loaded successfully - version: 4.0.5 - missing functions: none
symbol engine: initialized successfully - sym options: 0x614 - pdb path: .;C:\Program Files\Microsoft\jdk-17.0.13.11-hotspot\bin;C:\WINDOWS\SYSTEM32;C:\WINDOWS\WinSxS\amd64_microsoft.windows.common-controls_6595b64144ccf1df_6.0.19041.4355_none_60b8b9eb71f62e16;C:\Program Files\Microsoft\jdk-17.0.13.11-hotspot\bin\server;C:\Users\aliah\.gradle\native\c067742578af261105cb4f569cf0c3c89f3d7b1fecec35dd04571415982c5e48\windows-amd64;C:\Users\aliah\.gradle\native\100fb08df4bc3b14c8652ba06237920a3bd2aa13389f12d3474272988ae205f9\windows-amd64;C:\Program Files\Bonjour

VM Arguments:
jvm_args: --add-opens=java.base/java.lang=ALL-UNNAMED --add-opens=java.base/java.lang.invoke=ALL-UNNAMED --add-opens=java.base/java.util=ALL-UNNAMED --add-opens=java.prefs/java.util.prefs=ALL-UNNAMED --add-exports=jdk.compiler/com.sun.tools.javac.api=ALL-UNNAMED --add-exports=jdk.compiler/com.sun.tools.javac.util=ALL-UNNAMED --add-opens=java.base/java.util=ALL-UNNAMED --add-opens=java.prefs/java.util.prefs=ALL-UNNAMED --add-opens=java.base/java.nio.charset=ALL-UNNAMED --add-opens=java.base/java.net=ALL-UNNAMED --add-opens=java.base/java.util.concurrent.atomic=ALL-UNNAMED --add-opens=java.xml/javax.xml.namespace=ALL-UNNAMED -XX:MaxMetaspaceSize=512m -Xmx2048m -Dfile.encoding=windows-1252 -Duser.country=US -Duser.language=en -Duser.variant -javaagent:C:\Users\aliah\.gradle\wrapper\dists\gradle-8.11.1-bin\bpt9gzteqjrbo1mjrsomdt32c\gradle-8.11.1\lib\agents\gradle-instrumentation-agent-8.11.1.jar 
java_command: org.gradle.launcher.daemon.bootstrap.GradleDaemon 8.11.1
java_class_path (initial): C:\Users\aliah\.gradle\wrapper\dists\gradle-8.11.1-bin\bpt9gzteqjrbo1mjrsomdt32c\gradle-8.11.1\lib\gradle-daemon-main-8.11.1.jar
Launcher Type: SUN_STANDARD

[Global flags]
     intx CICompilerCount                          = 3                                         {product} {ergonomic}
   size_t CompressedClassSpaceSize                 = 436207616                                 {product} {ergonomic}
     uint ConcGCThreads                            = 1                                         {product} {ergonomic}
     uint G1ConcRefinementThreads                  = 4                                         {product} {ergonomic}
   size_t G1HeapRegionSize                         = 1048576                                   {product} {ergonomic}
    uintx GCDrainStackTargetSize                   = 64                                        {product} {ergonomic}
   size_t InitialHeapSize                          = 132120576                                 {product} {ergonomic}
   size_t MarkStackSize                            = 4194304                                   {product} {ergonomic}
   size_t MaxHeapSize                              = 2147483648                                {product} {command line}
   size_t MaxMetaspaceSize                         = 536870912                                 {product} {command line}
   size_t MaxNewSize                               = 1287651328                                {product} {ergonomic}
   size_t MinHeapDeltaBytes                        = 1048576                                   {product} {ergonomic}
   size_t MinHeapSize                              = 8388608                                   {product} {ergonomic}
    uintx NonNMethodCodeHeapSize                   = 5832780                                {pd product} {ergonomic}
    uintx NonProfiledCodeHeapSize                  = 122912730                              {pd product} {ergonomic}
    uintx ProfiledCodeHeapSize                     = 122912730                              {pd product} {ergonomic}
    uintx ReservedCodeCacheSize                    = 251658240                              {pd product} {ergonomic}
     bool SegmentedCodeCache                       = true                                      {product} {ergonomic}
   size_t SoftMaxHeapSize                          = 2147483648                             {manageable} {ergonomic}
     bool UseCompressedClassPointers               = true                           {product lp64_product} {ergonomic}
     bool UseCompressedOops                        = true                           {product lp64_product} {ergonomic}
     bool UseG1GC                                  = true                                      {product} {ergonomic}
     bool UseLargePagesIndividualAllocation        = false                                  {pd product} {ergonomic}

Logging:
Log output configuration:
 #0: stdout all=warning uptime,level,tags
 #1: stderr all=off uptime,level,tags

Environment Variables:
JAVA_HOME=C:\Program Files\Microsoft\jdk-17.0.13.11-hotspot\
CLASSPATH=D:\React Native\MyProject\android\\gradle\wrapper\gradle-wrapper.jar
PATH=D:\React Native\MyProject\node_modules\.bin;D:\React Native\MyProject\node_modules\.bin;D:\React Native\node_modules\.bin;D:\node_modules\.bin;C:\Users\aliah\AppData\Roaming\npm\node_modules\npm\node_modules\@npmcli\run-script\lib\node-gyp-bin;D:\React Native\MyProject\node_modules\.bin;D:\React Native\node_modules\.bin;D:\node_modules\.bin;C:\Users\aliah\AppData\Roaming\npm\node_modules\npm\node_modules\@npmcli\run-script\lib\node-gyp-bin;C:\Program Files\Microsoft\jdk-17.0.13.11-hotspot\bin;C:\WINDOWS\system32;C:\WINDOWS;C:\WINDOWS\System32\Wbem;C:\WINDOWS\System32\WindowsPowerShell\v1.0\;C:\WINDOWS\System32\OpenSSH\;C:\Program Files\nodejs\;C:\Program Files\Git\cmd;C:\Users\aliah\AppData\Local\Android\Sdk\emulator;C:\Users\aliah\AppData\Local\Android\Sdk;C:\Users\aliah\AppData\Local\Android\Sdk\platform-tools;C:\ProgramData\chocolatey\bin;D:\React Native\MyProject\android\gradle-8.11.1\bin;C:\Users\aliah\AppData\Local\Microsoft\WindowsApps;C:\Users\aliah\AppData\Local\Programs\Microsoft VS Code\bin;C:\Users\aliah\AppData\Roaming\npm;C:\Program Files\Microsoft\jdk-17.0.13.11-hotspot\bin;D:\React Native\MyProject\android\gradle-8.11.1\bin;
USERNAME=aliah
OS=Windows_NT
PROCESSOR_IDENTIFIER=Intel64 Family 6 Model 142 Stepping 9, GenuineIntel
TMP=C:\Users\aliah\AppData\Local\Temp
TEMP=C:\Users\aliah\AppData\Local\Temp



Periodic native trim disabled


---------------  S Y S T E M  ---------------

OS:
 Windows 10 , 64 bit Build 19041 (10.0.19041.5198)
OS uptime: 4 days 0:38 hours

CPU: total 4 (initial active 4) (2 cores per cpu, 2 threads per core) family 6 model 142 stepping 9 microcode 0xf0, cx8, cmov, fxsr, ht, mmx, 3dnowpref, sse, sse2, sse3, ssse3, sse4.1, sse4.2, popcnt, lzcnt, tsc, tscinvbit, avx, avx2, aes, erms, clmul, bmi1, bmi2, adx, fma, vzeroupper, clflush, clflushopt
Processor Information for the first 4 processors :
  Max Mhz: 2904, Current Mhz: 2703, Mhz Limit: 2700

Memory: 4k page, system-wide physical 8042M (591M free)
TotalPageFile size 12138M (AvailPageFile size 52M)
current process WorkingSet (physical memory assigned to process): 800M, peak: 801M
current process commit charge ("private bytes"): 844M, peak: 907M

vm_info: OpenJDK 64-Bit Server VM (17.0.13+11-LTS) for windows-amd64 JRE (17.0.13+11-LTS), built on Oct 11 2024 23:25:05 by "MicrosoftCorporation" with unknown MS VC++:1939

END.
