#
# There is insufficient memory for the Java Runtime Environment to continue.
# Native memory allocation (malloc) failed to allocate 1034176 bytes. Error detail: Chunk::new
# Possible reasons:
#   The system is out of physical RAM or swap space
#   This process is running with CompressedOops enabled, and the Java Heap may be blocking the growth of the native heap
# Possible solutions:
#   Reduce memory load on the system
#   Increase physical memory or swap space
#   Check if swap backing store is full
#   Decrease Java heap size (-Xmx/-Xms)
#   Decrease number of Java threads
#   Decrease Java thread stack sizes (-Xss)
#   Set larger code cache with -XX:ReservedCodeCacheSize=
#   JVM is running with Unscaled Compressed Oops mode in which the Java heap is
#     placed in the first 4GB address space. The Java Heap base address is the
#     maximum limit for the native heap growth. Please use -XX:HeapBaseMinAddress
#     to set the Java Heap base and to place the Java Heap above 4GB virtual address.
# This output file may be truncated or incomplete.
#
#  Out of Memory Error (arena.cpp:191), pid=6436, tid=1592
#
# JRE version: OpenJDK Runtime Environment Microsoft-10376486 (17.0.13+11) (build 17.0.13+11-LTS)
# Java VM: OpenJDK 64-Bit Server VM Microsoft-10376486 (17.0.13+11-LTS, mixed mode, sharing, tiered, compressed oops, compressed class ptrs, g1 gc, windows-amd64)
# No core dump will be written. Minidumps are not enabled by default on client versions of Windows
#

---------------  S U M M A R Y ------------

Command Line: --add-opens=java.base/java.lang=ALL-UNNAMED --add-opens=java.base/java.lang.invoke=ALL-UNNAMED --add-opens=java.base/java.util=ALL-UNNAMED --add-opens=java.prefs/java.util.prefs=ALL-UNNAMED --add-exports=jdk.compiler/com.sun.tools.javac.api=ALL-UNNAMED --add-exports=jdk.compiler/com.sun.tools.javac.util=ALL-UNNAMED --add-opens=java.base/java.util=ALL-UNNAMED --add-opens=java.prefs/java.util.prefs=ALL-UNNAMED --add-opens=java.base/java.nio.charset=ALL-UNNAMED --add-opens=java.base/java.net=ALL-UNNAMED --add-opens=java.base/java.util.concurrent.atomic=ALL-UNNAMED --add-opens=java.xml/javax.xml.namespace=ALL-UNNAMED -XX:MaxMetaspaceSize=512m -Xmx2048m -Dfile.encoding=windows-1252 -Duser.country=US -Duser.language=en -Duser.variant -javaagent:C:\Users\aliah\.gradle\wrapper\dists\gradle-8.11.1-bin\bpt9gzteqjrbo1mjrsomdt32c\gradle-8.11.1\lib\agents\gradle-instrumentation-agent-8.11.1.jar org.gradle.launcher.daemon.bootstrap.GradleDaemon 8.11.1

Host: Intel(R) Core(TM) i7-7500U CPU @ 2.70GHz, 4 cores, 7G,  Windows 10 , 64 bit Build 19041 (10.0.19041.5198)
Time: Mon Jan 13 20:37:12 2025 Pakistan Standard Time elapsed time: 62.330310 seconds (0d 0h 1m 2s)

---------------  T H R E A D  ---------------

Current thread (0x0000017deb17de70):  JavaThread "C2 CompilerThread1" daemon [_thread_in_native, id=1592, stack(0x0000006c41e00000,0x0000006c41f00000)]


Current CompileTask:
C2:  62333 16434   !   4       org.gradle.api.internal.artifacts.ivyservice.resolveengine.artifact.VariantResolvingArtifactSet::select (145 bytes)

Stack: [0x0000006c41e00000,0x0000006c41f00000]
Native frames: (J=compiled Java code, j=interpreted, Vv=VM code, C=native code)
V  [jvm.dll+0x687fc9]
V  [jvm.dll+0x83eeb8]
V  [jvm.dll+0x840963]
V  [jvm.dll+0x840fd3]
V  [jvm.dll+0x24951f]
V  [jvm.dll+0xad0c4]
V  [jvm.dll+0xad75c]
V  [jvm.dll+0x2b0c2f]
V  [jvm.dll+0x58e059]
V  [jvm.dll+0x2237a2]
V  [jvm.dll+0x21c499]
V  [jvm.dll+0x219a7b]
V  [jvm.dll+0x1a5506]
V  [jvm.dll+0x22a1ca]
V  [jvm.dll+0x22830b]
V  [jvm.dll+0x7f4708]
V  [jvm.dll+0x7eea6c]
V  [jvm.dll+0x686ea7]
C  [ucrtbase.dll+0x21bb2]
C  [KERNEL32.DLL+0x17374]
C  [ntdll.dll+0x4cc91]


---------------  P R O C E S S  ---------------

Threads class SMR info:
_java_thread_list=0x0000017deb6dbff0, length=92, elements={
0x0000017da2a30da0, 0x0000017dc0613590, 0x0000017dc0614ac0, 0x0000017dc062e0c0,
0x0000017dc0630c60, 0x0000017dc0632540, 0x0000017dc06335b0, 0x0000017dc0654270,
0x0000017dc0656850, 0x0000017dc0683d70, 0x0000017dc05fc990, 0x0000017dc0868e80,
0x0000017de1b305b0, 0x0000017de19e2080, 0x0000017de1abd4e0, 0x0000017de18e8df0,
0x0000017de1baa410, 0x0000017de1c32a50, 0x0000017de1c33470, 0x0000017de1c32540,
0x0000017de1c33980, 0x0000017de1c31100, 0x0000017de1c32f60, 0x0000017de1c348b0,
0x0000017de1c343a0, 0x0000017de1c31b20, 0x0000017de1c33e90, 0x0000017de1c31610,
0x0000017de1c32030, 0x0000017de0b5f420, 0x0000017de0b61790, 0x0000017de0b5d0b0,
0x0000017de0b61280, 0x0000017de0b62bd0, 0x0000017de0b60350, 0x0000017de0b60860,
0x0000017de0b621b0, 0x0000017de0b635f0, 0x0000017de0b5d5c0, 0x0000017de0b630e0,
0x0000017de0b5c180, 0x0000017de0b5c690, 0x0000017de0b626c0, 0x0000017de0b63b00,
0x0000017de0b5cba0, 0x0000017de0b5dfe0, 0x0000017de0b5dad0, 0x0000017de0b5f930,
0x0000017de0b5ea00, 0x0000017de0b5fe40, 0x0000017de3ddfee0, 0x0000017de3de5a00,
0x0000017de3de2250, 0x0000017de3de54f0, 0x0000017de3ddefb0, 0x0000017de3ddf4c0,
0x0000017de3de3ba0, 0x0000017de3de2760, 0x0000017de3de3180, 0x0000017de3de2c70,
0x0000017de3de40b0, 0x0000017de3de0900, 0x0000017de3de3690, 0x0000017de3de0e10,
0x0000017de3de4fe0, 0x0000017de3de1320, 0x0000017de3de4ad0, 0x0000017de3de03f0,
0x0000017de3dde590, 0x0000017de3de45c0, 0x0000017de3de5f10, 0x0000017de3ddeaa0,
0x0000017de3de1830, 0x0000017de3de1d40, 0x0000017dc0a3b360, 0x0000017dc0a3e0f0,
0x0000017dc0a3a430, 0x0000017dc0a40460, 0x0000017dc0a3b870, 0x0000017dc0a39f20,
0x0000017dc0a3bd80, 0x0000017dc0a40970, 0x0000017dc0a3a940, 0x0000017dc0a3ff50,
0x0000017dc0a3fa40, 0x0000017dc0a3ae50, 0x0000017dc0a3eb10, 0x0000017dc0a40e80,
0x0000017dc0a41390, 0x0000017dc0a3e600, 0x0000017de38e1d80, 0x0000017deb17de70
}

Java Threads: ( => current thread )
  0x0000017da2a30da0 JavaThread "main" [_thread_blocked, id=18724, stack(0x0000006c42100000,0x0000006c42200000)]
  0x0000017dc0613590 JavaThread "Reference Handler" daemon [_thread_blocked, id=3756, stack(0x0000006c42800000,0x0000006c42900000)]
  0x0000017dc0614ac0 JavaThread "Finalizer" daemon [_thread_blocked, id=596, stack(0x0000006c42900000,0x0000006c42a00000)]
  0x0000017dc062e0c0 JavaThread "Signal Dispatcher" daemon [_thread_blocked, id=1324, stack(0x0000006c42a00000,0x0000006c42b00000)]
  0x0000017dc0630c60 JavaThread "Attach Listener" daemon [_thread_blocked, id=14100, stack(0x0000006c42b00000,0x0000006c42c00000)]
  0x0000017dc0632540 JavaThread "Service Thread" daemon [_thread_blocked, id=5100, stack(0x0000006c42c00000,0x0000006c42d00000)]
  0x0000017dc06335b0 JavaThread "Monitor Deflation Thread" daemon [_thread_blocked, id=11160, stack(0x0000006c42d00000,0x0000006c42e00000)]
  0x0000017dc0654270 JavaThread "C2 CompilerThread0" daemon [_thread_in_native, id=2412, stack(0x0000006c42e00000,0x0000006c42f00000)]
  0x0000017dc0656850 JavaThread "C1 CompilerThread0" daemon [_thread_blocked, id=4100, stack(0x0000006c42f00000,0x0000006c43000000)]
  0x0000017dc0683d70 JavaThread "Sweeper thread" daemon [_thread_blocked, id=2600, stack(0x0000006c43000000,0x0000006c43100000)]
  0x0000017dc05fc990 JavaThread "Common-Cleaner" daemon [_thread_blocked, id=16300, stack(0x0000006c43100000,0x0000006c43200000)]
  0x0000017dc0868e80 JavaThread "Notification Thread" daemon [_thread_blocked, id=19260, stack(0x0000006c43200000,0x0000006c43300000)]
  0x0000017de1b305b0 JavaThread "Daemon health stats" [_thread_blocked, id=17924, stack(0x0000006c43800000,0x0000006c43900000)]
  0x0000017de19e2080 JavaThread "Incoming local TCP Connector on port 51241" [_thread_in_native, id=17792, stack(0x0000006c43400000,0x0000006c43500000)]
  0x0000017de1abd4e0 JavaThread "Daemon periodic checks" [_thread_blocked, id=10928, stack(0x0000006c43900000,0x0000006c43a00000)]
  0x0000017de18e8df0 JavaThread "Daemon" [_thread_blocked, id=3040, stack(0x0000006c43a00000,0x0000006c43b00000)]
  0x0000017de1baa410 JavaThread "Handler for socket connection from /127.0.0.1:51241 to /127.0.0.1:51242" [_thread_in_native, id=6284, stack(0x0000006c43b00000,0x0000006c43c00000)]
  0x0000017de1c32a50 JavaThread "Cancel handler" [_thread_blocked, id=11804, stack(0x0000006c43c00000,0x0000006c43d00000)]
  0x0000017de1c33470 JavaThread "Daemon worker" [_thread_blocked, id=1144, stack(0x0000006c43d00000,0x0000006c43e00000)]
  0x0000017de1c32540 JavaThread "Asynchronous log dispatcher for DefaultDaemonConnection: socket connection from /127.0.0.1:51241 to /127.0.0.1:51242" [_thread_blocked, id=3628, stack(0x0000006c43e00000,0x0000006c43f00000)]
  0x0000017de1c33980 JavaThread "Stdin handler" [_thread_blocked, id=9968, stack(0x0000006c43f00000,0x0000006c44000000)]
  0x0000017de1c31100 JavaThread "Daemon client event forwarder" [_thread_blocked, id=10580, stack(0x0000006c44000000,0x0000006c44100000)]
  0x0000017de1c32f60 JavaThread "Cache worker for journal cache (C:\Users\aliah\.gradle\caches\journal-1)" [_thread_blocked, id=18560, stack(0x0000006c44200000,0x0000006c44300000)]
  0x0000017de1c348b0 JavaThread "File lock request listener" [_thread_in_native, id=18908, stack(0x0000006c44100000,0x0000006c44200000)]
  0x0000017de1c343a0 JavaThread "Cache worker for file hash cache (C:\Users\aliah\.gradle\caches\8.11.1\fileHashes)" [_thread_blocked, id=17776, stack(0x0000006c44300000,0x0000006c44400000)]
  0x0000017de1c31b20 JavaThread "Cache worker for file content cache (C:\Users\aliah\.gradle\caches\8.11.1\fileContent)" [_thread_blocked, id=9188, stack(0x0000006c44400000,0x0000006c44500000)]
  0x0000017de1c33e90 JavaThread "Cache worker for file hash cache (D:\React Native\MyProject\android\.gradle\8.11.1\fileHashes)" [_thread_blocked, id=6140, stack(0x0000006c44600000,0x0000006c44700000)]
  0x0000017de1c31610 JavaThread "File lock release action executor" [_thread_blocked, id=16724, stack(0x0000006c44700000,0x0000006c44800000)]
  0x0000017de1c32030 JavaThread "Cache worker for Build Output Cleanup Cache (D:\React Native\MyProject\android\.gradle\buildOutputCleanup)" [_thread_blocked, id=844, stack(0x0000006c44800000,0x0000006c44900000)]
  0x0000017de0b5f420 JavaThread "File watcher server" daemon [_thread_in_native, id=16152, stack(0x0000006c44500000,0x0000006c44600000)]
  0x0000017de0b61790 JavaThread "File watcher consumer" daemon [_thread_blocked, id=18948, stack(0x0000006c44900000,0x0000006c44a00000)]
  0x0000017de0b5d0b0 JavaThread "Cache worker for checksums cache (D:\React Native\MyProject\android\.gradle\8.11.1\checksums)" [_thread_blocked, id=16944, stack(0x0000006c44a00000,0x0000006c44b00000)]
  0x0000017de0b61280 JavaThread "Cache worker for cache directory md-rule (C:\Users\aliah\.gradle\caches\8.11.1\md-rule)" [_thread_blocked, id=9256, stack(0x0000006c44b00000,0x0000006c44c00000)]
  0x0000017de0b62bd0 JavaThread "Cache worker for cache directory md-supplier (C:\Users\aliah\.gradle\caches\8.11.1\md-supplier)" [_thread_blocked, id=9204, stack(0x0000006c44d00000,0x0000006c44e00000)]
  0x0000017de0b60350 JavaThread "jar transforms" [_thread_blocked, id=11720, stack(0x0000006c45000000,0x0000006c45100000)]
  0x0000017de0b60860 JavaThread "Cache worker for Build Output Cleanup Cache (D:\React Native\MyProject\node_modules\@react-native\gradle-plugin\.gradle\buildOutputCleanup)" [_thread_blocked, id=6364, stack(0x0000006c45100000,0x0000006c45200000)]
  0x0000017de0b621b0 JavaThread "Unconstrained build operations" [_thread_blocked, id=18596, stack(0x0000006c44c00000,0x0000006c44d00000)]
  0x0000017de0b635f0 JavaThread "Unconstrained build operations Thread 2" [_thread_blocked, id=13260, stack(0x0000006c45200000,0x0000006c45300000)]
  0x0000017de0b5d5c0 JavaThread "Unconstrained build operations Thread 3" [_thread_blocked, id=6260, stack(0x0000006c45300000,0x0000006c45400000)]
  0x0000017de0b630e0 JavaThread "Unconstrained build operations Thread 4" [_thread_blocked, id=2844, stack(0x0000006c45400000,0x0000006c45500000)]
  0x0000017de0b5c180 JavaThread "Unconstrained build operations Thread 5" [_thread_blocked, id=6188, stack(0x0000006c45500000,0x0000006c45600000)]
  0x0000017de0b5c690 JavaThread "Unconstrained build operations Thread 6" [_thread_blocked, id=5848, stack(0x0000006c45600000,0x0000006c45700000)]
  0x0000017de0b626c0 JavaThread "Unconstrained build operations Thread 7" [_thread_blocked, id=16768, stack(0x0000006c45800000,0x0000006c45900000)]
  0x0000017de0b63b00 JavaThread "Unconstrained build operations Thread 8" [_thread_blocked, id=16176, stack(0x0000006c45900000,0x0000006c45a00000)]
  0x0000017de0b5cba0 JavaThread "Unconstrained build operations Thread 9" [_thread_blocked, id=17168, stack(0x0000006c45a00000,0x0000006c45b00000)]
  0x0000017de0b5dfe0 JavaThread "Unconstrained build operations Thread 10" [_thread_blocked, id=7204, stack(0x0000006c45b00000,0x0000006c45c00000)]
  0x0000017de0b5dad0 JavaThread "Unconstrained build operations Thread 11" [_thread_blocked, id=18792, stack(0x0000006c45c00000,0x0000006c45d00000)]
  0x0000017de0b5f930 JavaThread "Unconstrained build operations Thread 12" [_thread_blocked, id=11184, stack(0x0000006c45d00000,0x0000006c45e00000)]
  0x0000017de0b5ea00 JavaThread "Unconstrained build operations Thread 13" [_thread_blocked, id=15872, stack(0x0000006c45e00000,0x0000006c45f00000)]
  0x0000017de0b5fe40 JavaThread "Unconstrained build operations Thread 14" [_thread_blocked, id=19132, stack(0x0000006c45f00000,0x0000006c46000000)]
  0x0000017de3ddfee0 JavaThread "Unconstrained build operations Thread 15" [_thread_blocked, id=12896, stack(0x0000006c46000000,0x0000006c46100000)]
  0x0000017de3de5a00 JavaThread "Memory manager" [_thread_blocked, id=17132, stack(0x0000006c46100000,0x0000006c46200000)]
  0x0000017de3de2250 JavaThread "build event listener" [_thread_blocked, id=12932, stack(0x0000006c46200000,0x0000006c46300000)]
  0x0000017de3de54f0 JavaThread "ForkJoinPool.commonPool-worker-1" daemon [_thread_blocked, id=16956, stack(0x0000006c46300000,0x0000006c46400000)]
  0x0000017de3ddefb0 JavaThread "ForkJoinPool.commonPool-worker-2" daemon [_thread_blocked, id=852, stack(0x0000006c46400000,0x0000006c46500000)]
  0x0000017de3ddf4c0 JavaThread "ForkJoinPool.commonPool-worker-3" daemon [_thread_blocked, id=11908, stack(0x0000006c46500000,0x0000006c46600000)]
  0x0000017de3de3ba0 JavaThread "included builds" [_thread_in_Java, id=12184, stack(0x0000006c45700000,0x0000006c45800000)]
  0x0000017de3de2760 JavaThread "Execution worker" [_thread_blocked, id=19236, stack(0x0000006c46600000,0x0000006c46700000)]
  0x0000017de3de3180 JavaThread "Execution worker Thread 2" [_thread_blocked, id=8528, stack(0x0000006c46700000,0x0000006c46800000)]
  0x0000017de3de2c70 JavaThread "Execution worker Thread 3" [_thread_blocked, id=7468, stack(0x0000006c46800000,0x0000006c46900000)]
  0x0000017de3de40b0 JavaThread "Cache worker for execution history cache (D:\React Native\MyProject\node_modules\@react-native\gradle-plugin\.gradle\8.11.1\executionHistory)" [_thread_blocked, id=7832, stack(0x0000006c46900000,0x0000006c46a00000)]
  0x0000017de3de0900 JavaThread "Unconstrained build operations Thread 16" [_thread_blocked, id=16960, stack(0x0000006c46b00000,0x0000006c46c00000)]
  0x0000017de3de3690 JavaThread "Unconstrained build operations Thread 17" [_thread_blocked, id=15876, stack(0x0000006c46c00000,0x0000006c46d00000)]
  0x0000017de3de0e10 JavaThread "Unconstrained build operations Thread 18" [_thread_blocked, id=18100, stack(0x0000006c46d00000,0x0000006c46e00000)]
  0x0000017de3de4fe0 JavaThread "Unconstrained build operations Thread 19" [_thread_blocked, id=752, stack(0x0000006c46a00000,0x0000006c46b00000)]
  0x0000017de3de1320 JavaThread "Unconstrained build operations Thread 20" [_thread_blocked, id=17368, stack(0x0000006c46e00000,0x0000006c46f00000)]
  0x0000017de3de4ad0 JavaThread "Unconstrained build operations Thread 21" [_thread_blocked, id=8036, stack(0x0000006c46f00000,0x0000006c47000000)]
  0x0000017de3de03f0 JavaThread "Unconstrained build operations Thread 22" [_thread_blocked, id=9588, stack(0x0000006c47000000,0x0000006c47100000)]
  0x0000017de3dde590 JavaThread "Unconstrained build operations Thread 23" [_thread_blocked, id=19288, stack(0x0000006c47100000,0x0000006c47200000)]
  0x0000017de3de45c0 JavaThread "Unconstrained build operations Thread 24" [_thread_blocked, id=11208, stack(0x0000006c47200000,0x0000006c47300000)]
  0x0000017de3de5f10 JavaThread "Unconstrained build operations Thread 25" [_thread_blocked, id=17804, stack(0x0000006c47300000,0x0000006c47400000)]
  0x0000017de3ddeaa0 JavaThread "Unconstrained build operations Thread 26" [_thread_blocked, id=8168, stack(0x0000006c47400000,0x0000006c47500000)]
  0x0000017de3de1830 JavaThread "Unconstrained build operations Thread 27" [_thread_blocked, id=18240, stack(0x0000006c47500000,0x0000006c47600000)]
  0x0000017de3de1d40 JavaThread "Unconstrained build operations Thread 28" [_thread_blocked, id=12136, stack(0x0000006c47600000,0x0000006c47700000)]
  0x0000017dc0a3b360 JavaThread "Unconstrained build operations Thread 29" [_thread_blocked, id=9284, stack(0x0000006c47700000,0x0000006c47800000)]
  0x0000017dc0a3e0f0 JavaThread "Unconstrained build operations Thread 30" [_thread_blocked, id=7648, stack(0x0000006c47800000,0x0000006c47900000)]
  0x0000017dc0a3a430 JavaThread "Unconstrained build operations Thread 31" [_thread_blocked, id=18088, stack(0x0000006c47900000,0x0000006c47a00000)]
  0x0000017dc0a40460 JavaThread "Unconstrained build operations Thread 32" [_thread_blocked, id=15276, stack(0x0000006c47a00000,0x0000006c47b00000)]
  0x0000017dc0a3b870 JavaThread "Unconstrained build operations Thread 33" [_thread_blocked, id=1460, stack(0x0000006c47b00000,0x0000006c47c00000)]
  0x0000017dc0a39f20 JavaThread "Unconstrained build operations Thread 34" [_thread_blocked, id=8312, stack(0x0000006c47c00000,0x0000006c47d00000)]
  0x0000017dc0a3bd80 JavaThread "Unconstrained build operations Thread 35" [_thread_blocked, id=14056, stack(0x0000006c47d00000,0x0000006c47e00000)]
  0x0000017dc0a40970 JavaThread "Unconstrained build operations Thread 36" [_thread_blocked, id=3288, stack(0x0000006c47e00000,0x0000006c47f00000)]
  0x0000017dc0a3a940 JavaThread "jar transforms Thread 2" [_thread_blocked, id=15980, stack(0x0000006c47f00000,0x0000006c48000000)]
  0x0000017dc0a3ff50 JavaThread "jar transforms Thread 3" [_thread_blocked, id=4868, stack(0x0000006c48100000,0x0000006c48200000)]
  0x0000017dc0a3fa40 JavaThread "Unconstrained build operations Thread 37" [_thread_blocked, id=4640, stack(0x0000006c48200000,0x0000006c48300000)]
  0x0000017dc0a3ae50 JavaThread "Unconstrained build operations Thread 38" [_thread_blocked, id=19304, stack(0x0000006c48300000,0x0000006c48400000)]
  0x0000017dc0a3eb10 JavaThread "Unconstrained build operations Thread 39" [_thread_blocked, id=16408, stack(0x0000006c48400000,0x0000006c48500000)]
  0x0000017dc0a40e80 JavaThread "Unconstrained build operations Thread 40" [_thread_blocked, id=19296, stack(0x0000006c41f00000,0x0000006c42000000)]
  0x0000017dc0a41390 JavaThread "jar transforms Thread 4" [_thread_blocked, id=16452, stack(0x0000006c48500000,0x0000006c48600000)]
  0x0000017dc0a3e600 JavaThread "build event listener" [_thread_blocked, id=7392, stack(0x0000006c48700000,0x0000006c48800000)]
  0x0000017de38e1d80 JavaThread "Cache worker for execution history cache (D:\React Native\MyProject\android\.gradle\8.11.1\executionHistory)" [_thread_blocked, id=9500, stack(0x0000006c48900000,0x0000006c48a00000)]
=>0x0000017deb17de70 JavaThread "C2 CompilerThread1" daemon [_thread_in_native, id=1592, stack(0x0000006c41e00000,0x0000006c41f00000)]

Other Threads:
  0x0000017dc060cf70 VMThread "VM Thread" [stack: 0x0000006c42700000,0x0000006c42800000] [id=10532]
  0x0000017dc080eed0 WatcherThread [stack: 0x0000006c43300000,0x0000006c43400000] [id=2128]
  0x0000017da2a90290 GCTaskThread "GC Thread#0" [stack: 0x0000006c42200000,0x0000006c42300000] [id=18972]
  0x0000017dc09bdd70 GCTaskThread "GC Thread#1" [stack: 0x0000006c43500000,0x0000006c43600000] [id=2644]
  0x0000017dc09be030 GCTaskThread "GC Thread#2" [stack: 0x0000006c43600000,0x0000006c43700000] [id=12676]
  0x0000017de14f3b00 GCTaskThread "GC Thread#3" [stack: 0x0000006c43700000,0x0000006c43800000] [id=17264]
  0x0000017da2aa10f0 ConcurrentGCThread "G1 Main Marker" [stack: 0x0000006c42300000,0x0000006c42400000] [id=13540]
  0x0000017da2aa1a20 ConcurrentGCThread "G1 Conc#0" [stack: 0x0000006c42400000,0x0000006c42500000] [id=19164]
  0x0000017da2aed9d0 ConcurrentGCThread "G1 Refine#0" [stack: 0x0000006c42500000,0x0000006c42600000] [id=18872]
  0x0000017dc09edc70 ConcurrentGCThread "G1 Refine#1" [stack: 0x0000006c44e00000,0x0000006c44f00000] [id=7796]
  0x0000017dc09edf60 ConcurrentGCThread "G1 Refine#2" [stack: 0x0000006c44f00000,0x0000006c45000000] [id=19360]
  0x0000017da2aee310 ConcurrentGCThread "G1 Service" [stack: 0x0000006c42600000,0x0000006c42700000] [id=12148]

Threads with active compile tasks:
C2 CompilerThread0    62408 16527   !   4       org.gradle.api.internal.provider.AbstractProperty::calculateOwnValue (54 bytes)
C2 CompilerThread1    62408 16434   !   4       org.gradle.api.internal.artifacts.ivyservice.resolveengine.artifact.VariantResolvingArtifactSet::select (145 bytes)

VM state: not at safepoint (normal execution)

VM Mutex/Monitor currently owned by a thread: None

Heap address: 0x0000000080000000, size: 2048 MB, Compressed Oops mode: 32-bit

CDS archive(s) mapped at: [0x0000017dc1000000-0x0000017dc1bb0000-0x0000017dc1bb0000), size 12255232, SharedBaseAddress: 0x0000017dc1000000, ArchiveRelocationMode: 1.
Compressed class space mapped at: 0x0000017dc2000000-0x0000017ddc000000, reserved size: 436207616
Narrow klass base: 0x0000017dc1000000, Narrow klass shift: 0, Narrow klass range: 0x100000000

GC Precious Log:
 CPUs: 4 total, 4 available
 Memory: 8042M
 Large Page Support: Disabled
 NUMA Support: Disabled
 Compressed Oops: Enabled (32-bit)
 Heap Region Size: 1M
 Heap Min Capacity: 8M
 Heap Initial Capacity: 126M
 Heap Max Capacity: 2G
 Pre-touch: Disabled
 Parallel Workers: 4
 Concurrent Workers: 1
 Concurrent Refinement Workers: 4
 Periodic GC: Disabled

Heap:
 garbage-first heap   total 405504K, used 278831K [0x0000000080000000, 0x0000000100000000)
  region size 1024K, 91 young (93184K), 6 survivors (6144K)
 Metaspace       used 108478K, committed 109632K, reserved 557056K
  class space    used 15061K, committed 15616K, reserved 425984K

Heap Regions: E=young(eden), S=young(survivor), O=old, HS=humongous(starts), HC=humongous(continues), CS=collection set, F=free, OA=open archive, CA=closed archive, TAMS=top-at-mark-start (previous, next)
|   0|0x0000000080000000, 0x0000000080100000, 0x0000000080100000|100%|HS|  |TAMS 0x0000000080100000, 0x0000000080000000| Complete 
|   1|0x0000000080100000, 0x0000000080200000, 0x0000000080200000|100%|HC|  |TAMS 0x0000000080200000, 0x0000000080100000| Complete 
|   2|0x0000000080200000, 0x0000000080300000, 0x0000000080300000|100%|HC|  |TAMS 0x0000000080300000, 0x0000000080200000| Complete 
|   3|0x0000000080300000, 0x0000000080400000, 0x0000000080400000|100%| O|  |TAMS 0x0000000080400000, 0x0000000080300000| Untracked 
|   4|0x0000000080400000, 0x0000000080500000, 0x0000000080500000|100%| O|  |TAMS 0x0000000080500000, 0x0000000080400000| Untracked 
|   5|0x0000000080500000, 0x0000000080600000, 0x0000000080600000|100%| O|  |TAMS 0x0000000080600000, 0x0000000080500000| Untracked 
|   6|0x0000000080600000, 0x0000000080700000, 0x0000000080700000|100%| O|  |TAMS 0x0000000080700000, 0x0000000080600000| Untracked 
|   7|0x0000000080700000, 0x0000000080800000, 0x0000000080800000|100%|HS|  |TAMS 0x0000000080800000, 0x0000000080700000| Complete 
|   8|0x0000000080800000, 0x0000000080900000, 0x0000000080900000|100%| O|  |TAMS 0x0000000080900000, 0x0000000080800000| Untracked 
|   9|0x0000000080900000, 0x0000000080a00000, 0x0000000080a00000|100%| O|  |TAMS 0x0000000080a00000, 0x0000000080900000| Untracked 
|  10|0x0000000080a00000, 0x0000000080b00000, 0x0000000080b00000|100%| O|  |TAMS 0x0000000080b00000, 0x0000000080a00000| Untracked 
|  11|0x0000000080b00000, 0x0000000080c00000, 0x0000000080c00000|100%| O|  |TAMS 0x0000000080c00000, 0x0000000080b00000| Untracked 
|  12|0x0000000080c00000, 0x0000000080d00000, 0x0000000080d00000|100%| O|  |TAMS 0x0000000080d00000, 0x0000000080c00000| Untracked 
|  13|0x0000000080d00000, 0x0000000080e00000, 0x0000000080e00000|100%| O|  |TAMS 0x0000000080e00000, 0x0000000080d00000| Untracked 
|  14|0x0000000080e00000, 0x0000000080f00000, 0x0000000080f00000|100%| O|  |TAMS 0x0000000080f00000, 0x0000000080e00000| Untracked 
|  15|0x0000000080f00000, 0x0000000080fa5000, 0x0000000081000000| 64%| O|  |TAMS 0x0000000080fa5000, 0x0000000080f00000| Untracked 
|  16|0x0000000081000000, 0x0000000081100000, 0x0000000081100000|100%| O|  |TAMS 0x0000000081100000, 0x0000000081000000| Untracked 
|  17|0x0000000081100000, 0x0000000081200000, 0x0000000081200000|100%| O|  |TAMS 0x0000000081200000, 0x0000000081100000| Untracked 
|  18|0x0000000081200000, 0x0000000081300000, 0x0000000081300000|100%| O|  |TAMS 0x0000000081300000, 0x0000000081200000| Untracked 
|  19|0x0000000081300000, 0x0000000081400000, 0x0000000081400000|100%| O|  |TAMS 0x0000000081400000, 0x0000000081300000| Untracked 
|  20|0x0000000081400000, 0x0000000081500000, 0x0000000081500000|100%| O|  |TAMS 0x0000000081500000, 0x0000000081400000| Untracked 
|  21|0x0000000081500000, 0x0000000081600000, 0x0000000081600000|100%| O|  |TAMS 0x0000000081600000, 0x0000000081500000| Untracked 
|  22|0x0000000081600000, 0x0000000081700000, 0x0000000081700000|100%| O|  |TAMS 0x0000000081700000, 0x0000000081600000| Untracked 
|  23|0x0000000081700000, 0x0000000081800000, 0x0000000081800000|100%| O|  |TAMS 0x0000000081800000, 0x0000000081700000| Untracked 
|  24|0x0000000081800000, 0x0000000081900000, 0x0000000081900000|100%| O|  |TAMS 0x0000000081900000, 0x0000000081800000| Untracked 
|  25|0x0000000081900000, 0x0000000081a00000, 0x0000000081a00000|100%| O|  |TAMS 0x0000000081a00000, 0x0000000081900000| Untracked 
|  26|0x0000000081a00000, 0x0000000081b00000, 0x0000000081b00000|100%| O|  |TAMS 0x0000000081b00000, 0x0000000081a00000| Untracked 
|  27|0x0000000081b00000, 0x0000000081c00000, 0x0000000081c00000|100%| O|  |TAMS 0x0000000081c00000, 0x0000000081b00000| Untracked 
|  28|0x0000000081c00000, 0x0000000081d00000, 0x0000000081d00000|100%| O|  |TAMS 0x0000000081d00000, 0x0000000081c00000| Untracked 
|  29|0x0000000081d00000, 0x0000000081e00000, 0x0000000081e00000|100%| O|  |TAMS 0x0000000081e00000, 0x0000000081d00000| Untracked 
|  30|0x0000000081e00000, 0x0000000081f00000, 0x0000000081f00000|100%| O|  |TAMS 0x0000000081f00000, 0x0000000081e00000| Untracked 
|  31|0x0000000081f00000, 0x0000000082000000, 0x0000000082000000|100%| O|  |TAMS 0x0000000082000000, 0x0000000081f00000| Untracked 
|  32|0x0000000082000000, 0x0000000082100000, 0x0000000082100000|100%| O|  |TAMS 0x0000000082100000, 0x0000000082000000| Untracked 
|  33|0x0000000082100000, 0x0000000082200000, 0x0000000082200000|100%| O|  |TAMS 0x0000000082200000, 0x0000000082100000| Untracked 
|  34|0x0000000082200000, 0x0000000082300000, 0x0000000082300000|100%| O|  |TAMS 0x0000000082300000, 0x0000000082200000| Untracked 
|  35|0x0000000082300000, 0x0000000082400000, 0x0000000082400000|100%| O|  |TAMS 0x0000000082400000, 0x0000000082300000| Untracked 
|  36|0x0000000082400000, 0x0000000082500000, 0x0000000082500000|100%| O|  |TAMS 0x0000000082500000, 0x0000000082400000| Untracked 
|  37|0x0000000082500000, 0x0000000082600000, 0x0000000082600000|100%| O|  |TAMS 0x0000000082600000, 0x0000000082500000| Untracked 
|  38|0x0000000082600000, 0x0000000082700000, 0x0000000082700000|100%| O|  |TAMS 0x0000000082700000, 0x0000000082600000| Untracked 
|  39|0x0000000082700000, 0x0000000082800000, 0x0000000082800000|100%| O|  |TAMS 0x0000000082800000, 0x0000000082700000| Untracked 
|  40|0x0000000082800000, 0x0000000082900000, 0x0000000082900000|100%| O|  |TAMS 0x0000000082900000, 0x0000000082800000| Untracked 
|  41|0x0000000082900000, 0x0000000082a00000, 0x0000000082a00000|100%| O|  |TAMS 0x0000000082a00000, 0x0000000082900000| Untracked 
|  42|0x0000000082a00000, 0x0000000082b00000, 0x0000000082b00000|100%|HS|  |TAMS 0x0000000082b00000, 0x0000000082a00000| Complete 
|  43|0x0000000082b00000, 0x0000000082c00000, 0x0000000082c00000|100%|HC|  |TAMS 0x0000000082c00000, 0x0000000082b00000| Complete 
|  44|0x0000000082c00000, 0x0000000082d00000, 0x0000000082d00000|100%|HS|  |TAMS 0x0000000082d00000, 0x0000000082c00000| Complete 
|  45|0x0000000082d00000, 0x0000000082e00000, 0x0000000082e00000|100%|HC|  |TAMS 0x0000000082e00000, 0x0000000082d00000| Complete 
|  46|0x0000000082e00000, 0x0000000082f00000, 0x0000000082f00000|100%| O|  |TAMS 0x0000000082f00000, 0x0000000082e00000| Untracked 
|  47|0x0000000082f00000, 0x0000000083000000, 0x0000000083000000|100%| O|  |TAMS 0x0000000083000000, 0x0000000082f00000| Untracked 
|  48|0x0000000083000000, 0x0000000083100000, 0x0000000083100000|100%| O|  |TAMS 0x0000000083100000, 0x0000000083000000| Untracked 
|  49|0x0000000083100000, 0x0000000083200000, 0x0000000083200000|100%| O|  |TAMS 0x0000000083200000, 0x0000000083100000| Untracked 
|  50|0x0000000083200000, 0x0000000083300000, 0x0000000083300000|100%|HS|  |TAMS 0x0000000083300000, 0x0000000083200000| Complete 
|  51|0x0000000083300000, 0x0000000083400000, 0x0000000083400000|100%|HS|  |TAMS 0x0000000083400000, 0x0000000083300000| Complete 
|  52|0x0000000083400000, 0x0000000083500000, 0x0000000083500000|100%|HC|  |TAMS 0x0000000083500000, 0x0000000083400000| Complete 
|  53|0x0000000083500000, 0x0000000083600000, 0x0000000083600000|100%|HC|  |TAMS 0x0000000083600000, 0x0000000083500000| Complete 
|  54|0x0000000083600000, 0x0000000083700000, 0x0000000083700000|100%|HC|  |TAMS 0x0000000083700000, 0x0000000083600000| Complete 
|  55|0x0000000083700000, 0x0000000083800000, 0x0000000083800000|100%|HS|  |TAMS 0x0000000083800000, 0x0000000083700000| Complete 
|  56|0x0000000083800000, 0x0000000083900000, 0x0000000083900000|100%|HC|  |TAMS 0x0000000083900000, 0x0000000083800000| Complete 
|  57|0x0000000083900000, 0x0000000083a00000, 0x0000000083a00000|100%|HC|  |TAMS 0x0000000083a00000, 0x0000000083900000| Complete 
|  58|0x0000000083a00000, 0x0000000083b00000, 0x0000000083b00000|100%|HC|  |TAMS 0x0000000083b00000, 0x0000000083a00000| Complete 
|  59|0x0000000083b00000, 0x0000000083c00000, 0x0000000083c00000|100%| O|  |TAMS 0x0000000083c00000, 0x0000000083b00000| Untracked 
|  60|0x0000000083c00000, 0x0000000083d00000, 0x0000000083d00000|100%| O|  |TAMS 0x0000000083d00000, 0x0000000083c00000| Untracked 
|  61|0x0000000083d00000, 0x0000000083e00000, 0x0000000083e00000|100%| O|  |TAMS 0x0000000083e00000, 0x0000000083d00000| Untracked 
|  62|0x0000000083e00000, 0x0000000083f00000, 0x0000000083f00000|100%|HS|  |TAMS 0x0000000083f00000, 0x0000000083e00000| Complete 
|  63|0x0000000083f00000, 0x0000000084000000, 0x0000000084000000|100%| O|  |TAMS 0x0000000084000000, 0x0000000083f00000| Untracked 
|  64|0x0000000084000000, 0x0000000084100000, 0x0000000084100000|100%| O|  |TAMS 0x0000000084100000, 0x0000000084000000| Untracked 
|  65|0x0000000084100000, 0x0000000084200000, 0x0000000084200000|100%| O|  |TAMS 0x0000000084200000, 0x0000000084100000| Untracked 
|  66|0x0000000084200000, 0x0000000084300000, 0x0000000084300000|100%| O|  |TAMS 0x0000000084300000, 0x0000000084200000| Untracked 
|  67|0x0000000084300000, 0x0000000084400000, 0x0000000084400000|100%| O|  |TAMS 0x0000000084400000, 0x0000000084300000| Untracked 
|  68|0x0000000084400000, 0x0000000084500000, 0x0000000084500000|100%|HS|  |TAMS 0x0000000084500000, 0x0000000084400000| Complete 
|  69|0x0000000084500000, 0x0000000084600000, 0x0000000084600000|100%|HS|  |TAMS 0x0000000084600000, 0x0000000084500000| Complete 
|  70|0x0000000084600000, 0x0000000084700000, 0x0000000084700000|100%|HS|  |TAMS 0x0000000084700000, 0x0000000084600000| Complete 
|  71|0x0000000084700000, 0x0000000084800000, 0x0000000084800000|100%|HS|  |TAMS 0x0000000084800000, 0x0000000084700000| Complete 
|  72|0x0000000084800000, 0x0000000084900000, 0x0000000084900000|100%| O|  |TAMS 0x0000000084900000, 0x0000000084800000| Untracked 
|  73|0x0000000084900000, 0x0000000084a00000, 0x0000000084a00000|100%| O|  |TAMS 0x0000000084a00000, 0x0000000084900000| Untracked 
|  74|0x0000000084a00000, 0x0000000084b00000, 0x0000000084b00000|100%| O|  |TAMS 0x0000000084b00000, 0x0000000084a00000| Untracked 
|  75|0x0000000084b00000, 0x0000000084c00000, 0x0000000084c00000|100%| O|  |TAMS 0x0000000084c00000, 0x0000000084b00000| Untracked 
|  76|0x0000000084c00000, 0x0000000084d00000, 0x0000000084d00000|100%| O|  |TAMS 0x0000000084d00000, 0x0000000084c00000| Untracked 
|  77|0x0000000084d00000, 0x0000000084e00000, 0x0000000084e00000|100%| O|  |TAMS 0x0000000084e00000, 0x0000000084d00000| Untracked 
|  78|0x0000000084e00000, 0x0000000084f00000, 0x0000000084f00000|100%| O|  |TAMS 0x0000000084f00000, 0x0000000084e00000| Untracked 
|  79|0x0000000084f00000, 0x0000000085000000, 0x0000000085000000|100%| O|  |TAMS 0x0000000085000000, 0x0000000084f00000| Untracked 
|  80|0x0000000085000000, 0x0000000085100000, 0x0000000085100000|100%| O|  |TAMS 0x0000000085100000, 0x0000000085000000| Untracked 
|  81|0x0000000085100000, 0x0000000085200000, 0x0000000085200000|100%| O|  |TAMS 0x0000000085200000, 0x0000000085100000| Untracked 
|  82|0x0000000085200000, 0x0000000085300000, 0x0000000085300000|100%| O|  |TAMS 0x0000000085300000, 0x0000000085200000| Untracked 
|  83|0x0000000085300000, 0x0000000085400000, 0x0000000085400000|100%|HS|  |TAMS 0x0000000085400000, 0x0000000085300000| Complete 
|  84|0x0000000085400000, 0x0000000085500000, 0x0000000085500000|100%|HC|  |TAMS 0x0000000085500000, 0x0000000085400000| Complete 
|  85|0x0000000085500000, 0x0000000085600000, 0x0000000085600000|100%| O|  |TAMS 0x0000000085600000, 0x0000000085500000| Untracked 
|  86|0x0000000085600000, 0x0000000085700000, 0x0000000085700000|100%| O|  |TAMS 0x0000000085700000, 0x0000000085600000| Untracked 
|  87|0x0000000085700000, 0x0000000085800000, 0x0000000085800000|100%|HS|  |TAMS 0x0000000085800000, 0x0000000085700000| Complete 
|  88|0x0000000085800000, 0x0000000085900000, 0x0000000085900000|100%| O|  |TAMS 0x0000000085900000, 0x0000000085800000| Untracked 
|  89|0x0000000085900000, 0x0000000085a00000, 0x0000000085a00000|100%| O|  |TAMS 0x0000000085a00000, 0x0000000085900000| Untracked 
|  90|0x0000000085a00000, 0x0000000085b00000, 0x0000000085b00000|100%| O|  |TAMS 0x0000000085b00000, 0x0000000085a00000| Untracked 
|  91|0x0000000085b00000, 0x0000000085c00000, 0x0000000085c00000|100%| O|  |TAMS 0x0000000085c00000, 0x0000000085b00000| Untracked 
|  92|0x0000000085c00000, 0x0000000085c00000, 0x0000000085d00000|  0%| F|  |TAMS 0x0000000085c00000, 0x0000000085c00000| Untracked 
|  93|0x0000000085d00000, 0x0000000085e00000, 0x0000000085e00000|100%| O|  |TAMS 0x0000000085e00000, 0x0000000085d00000| Untracked 
|  94|0x0000000085e00000, 0x0000000085f00000, 0x0000000085f00000|100%| O|  |TAMS 0x0000000085f00000, 0x0000000085e00000| Untracked 
|  95|0x0000000085f00000, 0x0000000086000000, 0x0000000086000000|100%| O|  |TAMS 0x0000000086000000, 0x0000000085f00000| Untracked 
|  96|0x0000000086000000, 0x0000000086100000, 0x0000000086100000|100%| O|  |TAMS 0x0000000086100000, 0x0000000086000000| Untracked 
|  97|0x0000000086100000, 0x0000000086100000, 0x0000000086200000|  0%| F|  |TAMS 0x0000000086100000, 0x0000000086100000| Untracked 
|  98|0x0000000086200000, 0x0000000086300000, 0x0000000086300000|100%| O|  |TAMS 0x0000000086300000, 0x0000000086200000| Untracked 
|  99|0x0000000086300000, 0x0000000086400000, 0x0000000086400000|100%| O|  |TAMS 0x0000000086400000, 0x0000000086300000| Untracked 
| 100|0x0000000086400000, 0x0000000086500000, 0x0000000086500000|100%| O|  |TAMS 0x0000000086500000, 0x0000000086400000| Untracked 
| 101|0x0000000086500000, 0x0000000086600000, 0x0000000086600000|100%| O|  |TAMS 0x0000000086600000, 0x0000000086500000| Untracked 
| 102|0x0000000086600000, 0x0000000086700000, 0x0000000086700000|100%| O|  |TAMS 0x0000000086700000, 0x0000000086600000| Untracked 
| 103|0x0000000086700000, 0x0000000086800000, 0x0000000086800000|100%| O|  |TAMS 0x0000000086800000, 0x0000000086700000| Untracked 
| 104|0x0000000086800000, 0x0000000086900000, 0x0000000086900000|100%| O|  |TAMS 0x0000000086900000, 0x0000000086800000| Untracked 
| 105|0x0000000086900000, 0x0000000086a00000, 0x0000000086a00000|100%| O|  |TAMS 0x0000000086a00000, 0x0000000086900000| Untracked 
| 106|0x0000000086a00000, 0x0000000086b00000, 0x0000000086b00000|100%| O|  |TAMS 0x0000000086b00000, 0x0000000086a00000| Untracked 
| 107|0x0000000086b00000, 0x0000000086c00000, 0x0000000086c00000|100%| O|  |TAMS 0x0000000086c00000, 0x0000000086b00000| Untracked 
| 108|0x0000000086c00000, 0x0000000086d00000, 0x0000000086d00000|100%|HS|  |TAMS 0x0000000086d00000, 0x0000000086c00000| Complete 
| 109|0x0000000086d00000, 0x0000000086e00000, 0x0000000086e00000|100%|HC|  |TAMS 0x0000000086e00000, 0x0000000086d00000| Complete 
| 110|0x0000000086e00000, 0x0000000086f00000, 0x0000000086f00000|100%| O|  |TAMS 0x0000000086f00000, 0x0000000086e00000| Untracked 
| 111|0x0000000086f00000, 0x0000000087000000, 0x0000000087000000|100%| O|  |TAMS 0x0000000087000000, 0x0000000086f00000| Untracked 
| 112|0x0000000087000000, 0x0000000087100000, 0x0000000087100000|100%| O|  |TAMS 0x0000000087100000, 0x0000000087000000| Untracked 
| 113|0x0000000087100000, 0x0000000087200000, 0x0000000087200000|100%| O|  |TAMS 0x0000000087200000, 0x0000000087100000| Untracked 
| 114|0x0000000087200000, 0x0000000087300000, 0x0000000087300000|100%| O|  |TAMS 0x0000000087300000, 0x0000000087200000| Untracked 
| 115|0x0000000087300000, 0x0000000087400000, 0x0000000087400000|100%| O|  |TAMS 0x0000000087400000, 0x0000000087300000| Untracked 
| 116|0x0000000087400000, 0x0000000087500000, 0x0000000087500000|100%| O|  |TAMS 0x0000000087500000, 0x0000000087400000| Untracked 
| 117|0x0000000087500000, 0x0000000087600000, 0x0000000087600000|100%| O|  |TAMS 0x0000000087600000, 0x0000000087500000| Untracked 
| 118|0x0000000087600000, 0x0000000087700000, 0x0000000087700000|100%| O|  |TAMS 0x0000000087700000, 0x0000000087600000| Untracked 
| 119|0x0000000087700000, 0x0000000087800000, 0x0000000087800000|100%| O|  |TAMS 0x0000000087800000, 0x0000000087700000| Untracked 
| 120|0x0000000087800000, 0x0000000087900000, 0x0000000087900000|100%| O|  |TAMS 0x0000000087900000, 0x0000000087800000| Untracked 
| 121|0x0000000087900000, 0x0000000087a00000, 0x0000000087a00000|100%| O|  |TAMS 0x0000000087a00000, 0x0000000087900000| Untracked 
| 122|0x0000000087a00000, 0x0000000087b00000, 0x0000000087b00000|100%| O|  |TAMS 0x0000000087b00000, 0x0000000087a00000| Untracked 
| 123|0x0000000087b00000, 0x0000000087c00000, 0x0000000087c00000|100%| O|  |TAMS 0x0000000087c00000, 0x0000000087b00000| Untracked 
| 124|0x0000000087c00000, 0x0000000087d00000, 0x0000000087d00000|100%| O|  |TAMS 0x0000000087d00000, 0x0000000087c00000| Untracked 
| 125|0x0000000087d00000, 0x0000000087e00000, 0x0000000087e00000|100%| O|  |TAMS 0x0000000087e00000, 0x0000000087d00000| Untracked 
| 126|0x0000000087e00000, 0x0000000087e00000, 0x0000000087f00000|  0%| F|  |TAMS 0x0000000087e00000, 0x0000000087e00000| Untracked 
| 127|0x0000000087f00000, 0x0000000088000000, 0x0000000088000000|100%| O|  |TAMS 0x0000000088000000, 0x0000000087f00000| Untracked 
| 128|0x0000000088000000, 0x0000000088100000, 0x0000000088100000|100%| O|  |TAMS 0x0000000088100000, 0x0000000088000000| Untracked 
| 129|0x0000000088100000, 0x0000000088200000, 0x0000000088200000|100%| O|  |TAMS 0x0000000088200000, 0x0000000088100000| Untracked 
| 130|0x0000000088200000, 0x0000000088300000, 0x0000000088300000|100%| O|  |TAMS 0x0000000088300000, 0x0000000088200000| Untracked 
| 131|0x0000000088300000, 0x0000000088400000, 0x0000000088400000|100%| O|  |TAMS 0x0000000088400000, 0x0000000088300000| Untracked 
| 132|0x0000000088400000, 0x0000000088500000, 0x0000000088500000|100%| O|  |TAMS 0x0000000088500000, 0x0000000088400000| Untracked 
| 133|0x0000000088500000, 0x0000000088600000, 0x0000000088600000|100%| O|  |TAMS 0x0000000088600000, 0x0000000088500000| Untracked 
| 134|0x0000000088600000, 0x0000000088600000, 0x0000000088700000|  0%| F|  |TAMS 0x0000000088600000, 0x0000000088600000| Untracked 
| 135|0x0000000088700000, 0x0000000088800000, 0x0000000088800000|100%|HS|  |TAMS 0x0000000088800000, 0x0000000088700000| Complete 
| 136|0x0000000088800000, 0x0000000088900000, 0x0000000088900000|100%|HS|  |TAMS 0x0000000088900000, 0x0000000088800000| Complete 
| 137|0x0000000088900000, 0x0000000088a00000, 0x0000000088a00000|100%| O|  |TAMS 0x0000000088a00000, 0x0000000088900000| Untracked 
| 138|0x0000000088a00000, 0x0000000088b00000, 0x0000000088b00000|100%|HS|  |TAMS 0x0000000088b00000, 0x0000000088a00000| Complete 
| 139|0x0000000088b00000, 0x0000000088c00000, 0x0000000088c00000|100%|HC|  |TAMS 0x0000000088c00000, 0x0000000088b00000| Complete 
| 140|0x0000000088c00000, 0x0000000088d00000, 0x0000000088d00000|100%| O|  |TAMS 0x0000000088d00000, 0x0000000088c00000| Untracked 
| 141|0x0000000088d00000, 0x0000000088e00000, 0x0000000088e00000|100%| O|  |TAMS 0x0000000088e00000, 0x0000000088d00000| Untracked 
| 142|0x0000000088e00000, 0x0000000088e00000, 0x0000000088f00000|  0%| F|  |TAMS 0x0000000088e00000, 0x0000000088e00000| Untracked 
| 143|0x0000000088f00000, 0x0000000089000000, 0x0000000089000000|100%| O|  |TAMS 0x0000000089000000, 0x0000000088f00000| Untracked 
| 144|0x0000000089000000, 0x0000000089000000, 0x0000000089100000|  0%| F|  |TAMS 0x0000000089000000, 0x0000000089000000| Untracked 
| 145|0x0000000089100000, 0x0000000089100000, 0x0000000089200000|  0%| F|  |TAMS 0x0000000089100000, 0x0000000089100000| Untracked 
| 146|0x0000000089200000, 0x0000000089300000, 0x0000000089300000|100%| O|  |TAMS 0x0000000089300000, 0x0000000089200000| Untracked 
| 147|0x0000000089300000, 0x0000000089400000, 0x0000000089400000|100%| O|  |TAMS 0x0000000089400000, 0x0000000089300000| Untracked 
| 148|0x0000000089400000, 0x0000000089500000, 0x0000000089500000|100%| O|  |TAMS 0x0000000089500000, 0x0000000089400000| Untracked 
| 149|0x0000000089500000, 0x0000000089600000, 0x0000000089600000|100%| O|  |TAMS 0x0000000089600000, 0x0000000089500000| Untracked 
| 150|0x0000000089600000, 0x0000000089700000, 0x0000000089700000|100%| O|  |TAMS 0x0000000089700000, 0x0000000089600000| Untracked 
| 151|0x0000000089700000, 0x0000000089800000, 0x0000000089800000|100%| O|  |TAMS 0x0000000089800000, 0x0000000089700000| Untracked 
| 152|0x0000000089800000, 0x0000000089900000, 0x0000000089900000|100%| O|  |TAMS 0x0000000089900000, 0x0000000089800000| Untracked 
| 153|0x0000000089900000, 0x0000000089a00000, 0x0000000089a00000|100%| O|  |TAMS 0x0000000089a00000, 0x0000000089900000| Untracked 
| 154|0x0000000089a00000, 0x0000000089b00000, 0x0000000089b00000|100%| O|  |TAMS 0x0000000089b00000, 0x0000000089a00000| Untracked 
| 155|0x0000000089b00000, 0x0000000089b00000, 0x0000000089c00000|  0%| F|  |TAMS 0x0000000089b00000, 0x0000000089b00000| Untracked 
| 156|0x0000000089c00000, 0x0000000089d00000, 0x0000000089d00000|100%|HS|  |TAMS 0x0000000089d00000, 0x0000000089c00000| Complete 
| 157|0x0000000089d00000, 0x0000000089e00000, 0x0000000089e00000|100%| O|  |TAMS 0x0000000089e00000, 0x0000000089d00000| Untracked 
| 158|0x0000000089e00000, 0x0000000089f00000, 0x0000000089f00000|100%| O|  |TAMS 0x0000000089f00000, 0x0000000089e00000| Untracked 
| 159|0x0000000089f00000, 0x000000008a000000, 0x000000008a000000|100%| O|  |TAMS 0x000000008a000000, 0x0000000089f00000| Untracked 
| 160|0x000000008a000000, 0x000000008a100000, 0x000000008a100000|100%| O|  |TAMS 0x000000008a100000, 0x000000008a000000| Untracked 
| 161|0x000000008a100000, 0x000000008a200000, 0x000000008a200000|100%| O|  |TAMS 0x000000008a200000, 0x000000008a100000| Untracked 
| 162|0x000000008a200000, 0x000000008a300000, 0x000000008a300000|100%| O|  |TAMS 0x000000008a300000, 0x000000008a200000| Untracked 
| 163|0x000000008a300000, 0x000000008a400000, 0x000000008a400000|100%| O|  |TAMS 0x000000008a400000, 0x000000008a300000| Untracked 
| 164|0x000000008a400000, 0x000000008a500000, 0x000000008a500000|100%| O|  |TAMS 0x000000008a500000, 0x000000008a400000| Untracked 
| 165|0x000000008a500000, 0x000000008a600000, 0x000000008a600000|100%| O|  |TAMS 0x000000008a600000, 0x000000008a500000| Untracked 
| 166|0x000000008a600000, 0x000000008a700000, 0x000000008a700000|100%| O|  |TAMS 0x000000008a700000, 0x000000008a600000| Untracked 
| 167|0x000000008a700000, 0x000000008a800000, 0x000000008a800000|100%| O|  |TAMS 0x000000008a800000, 0x000000008a700000| Untracked 
| 168|0x000000008a800000, 0x000000008a900000, 0x000000008a900000|100%| O|  |TAMS 0x000000008a900000, 0x000000008a800000| Untracked 
| 169|0x000000008a900000, 0x000000008aa00000, 0x000000008aa00000|100%| O|  |TAMS 0x000000008aa00000, 0x000000008a900000| Untracked 
| 170|0x000000008aa00000, 0x000000008ab00000, 0x000000008ab00000|100%| O|  |TAMS 0x000000008ab00000, 0x000000008aa00000| Untracked 
| 171|0x000000008ab00000, 0x000000008ac00000, 0x000000008ac00000|100%| O|  |TAMS 0x000000008ac00000, 0x000000008ab00000| Untracked 
| 172|0x000000008ac00000, 0x000000008ad00000, 0x000000008ad00000|100%| O|  |TAMS 0x000000008ad00000, 0x000000008ac00000| Untracked 
| 173|0x000000008ad00000, 0x000000008ae00000, 0x000000008ae00000|100%| O|  |TAMS 0x000000008ae00000, 0x000000008ad00000| Untracked 
| 174|0x000000008ae00000, 0x000000008af00000, 0x000000008af00000|100%| O|  |TAMS 0x000000008af00000, 0x000000008ae00000| Untracked 
| 175|0x000000008af00000, 0x000000008b000000, 0x000000008b000000|100%| O|  |TAMS 0x000000008afbfe00, 0x000000008af00000| Untracked 
| 176|0x000000008b000000, 0x000000008b100000, 0x000000008b100000|100%| O|  |TAMS 0x000000008b000000, 0x000000008b000000| Untracked 
| 177|0x000000008b100000, 0x000000008b200000, 0x000000008b200000|100%| O|  |TAMS 0x000000008b100000, 0x000000008b100000| Untracked 
| 178|0x000000008b200000, 0x000000008b300000, 0x000000008b300000|100%| O|  |TAMS 0x000000008b200000, 0x000000008b200000| Untracked 
| 179|0x000000008b300000, 0x000000008b400000, 0x000000008b400000|100%| O|  |TAMS 0x000000008b300000, 0x000000008b300000| Untracked 
| 180|0x000000008b400000, 0x000000008b500000, 0x000000008b500000|100%| O|  |TAMS 0x000000008b400000, 0x000000008b400000| Untracked 
| 181|0x000000008b500000, 0x000000008b600000, 0x000000008b600000|100%| O|  |TAMS 0x000000008b500000, 0x000000008b500000| Untracked 
| 182|0x000000008b600000, 0x000000008b700000, 0x000000008b700000|100%| O|  |TAMS 0x000000008b600000, 0x000000008b600000| Untracked 
| 183|0x000000008b700000, 0x000000008b800000, 0x000000008b800000|100%| O|  |TAMS 0x000000008b700000, 0x000000008b700000| Untracked 
| 184|0x000000008b800000, 0x000000008b900000, 0x000000008b900000|100%| O|  |TAMS 0x000000008b800000, 0x000000008b800000| Untracked 
| 185|0x000000008b900000, 0x000000008ba00000, 0x000000008ba00000|100%| O|  |TAMS 0x000000008b900000, 0x000000008b900000| Untracked 
| 186|0x000000008ba00000, 0x000000008bb00000, 0x000000008bb00000|100%| O|  |TAMS 0x000000008ba00000, 0x000000008ba00000| Untracked 
| 187|0x000000008bb00000, 0x000000008bc00000, 0x000000008bc00000|100%| O|  |TAMS 0x000000008bb00000, 0x000000008bb00000| Untracked 
| 188|0x000000008bc00000, 0x000000008bd00000, 0x000000008bd00000|100%| O|  |TAMS 0x000000008bc00000, 0x000000008bc00000| Untracked 
| 189|0x000000008bd00000, 0x000000008be00000, 0x000000008be00000|100%| O|  |TAMS 0x000000008bd00000, 0x000000008bd00000| Untracked 
| 190|0x000000008be00000, 0x000000008bf00000, 0x000000008bf00000|100%| O|  |TAMS 0x000000008be00000, 0x000000008be00000| Untracked 
| 191|0x000000008bf00000, 0x000000008bfe4800, 0x000000008c000000| 89%| O|  |TAMS 0x000000008bf00000, 0x000000008bf00000| Untracked 
| 192|0x000000008c000000, 0x000000008c000000, 0x000000008c100000|  0%| F|  |TAMS 0x000000008c000000, 0x000000008c000000| Untracked 
| 193|0x000000008c100000, 0x000000008c100000, 0x000000008c200000|  0%| F|  |TAMS 0x000000008c100000, 0x000000008c100000| Untracked 
| 194|0x000000008c200000, 0x000000008c200000, 0x000000008c300000|  0%| F|  |TAMS 0x000000008c200000, 0x000000008c200000| Untracked 
| 195|0x000000008c300000, 0x000000008c300000, 0x000000008c400000|  0%| F|  |TAMS 0x000000008c300000, 0x000000008c300000| Untracked 
| 196|0x000000008c400000, 0x000000008c400000, 0x000000008c500000|  0%| F|  |TAMS 0x000000008c400000, 0x000000008c400000| Untracked 
| 197|0x000000008c500000, 0x000000008c500000, 0x000000008c600000|  0%| F|  |TAMS 0x000000008c500000, 0x000000008c500000| Untracked 
| 198|0x000000008c600000, 0x000000008c600000, 0x000000008c700000|  0%| F|  |TAMS 0x000000008c600000, 0x000000008c600000| Untracked 
| 199|0x000000008c700000, 0x000000008c700000, 0x000000008c800000|  0%| F|  |TAMS 0x000000008c700000, 0x000000008c700000| Untracked 
| 200|0x000000008c800000, 0x000000008c800000, 0x000000008c900000|  0%| F|  |TAMS 0x000000008c800000, 0x000000008c800000| Untracked 
| 201|0x000000008c900000, 0x000000008c900000, 0x000000008ca00000|  0%| F|  |TAMS 0x000000008c900000, 0x000000008c900000| Untracked 
| 202|0x000000008ca00000, 0x000000008ca00000, 0x000000008cb00000|  0%| F|  |TAMS 0x000000008ca00000, 0x000000008ca00000| Untracked 
| 203|0x000000008cb00000, 0x000000008cb00000, 0x000000008cc00000|  0%| F|  |TAMS 0x000000008cb00000, 0x000000008cb00000| Untracked 
| 204|0x000000008cc00000, 0x000000008cc00000, 0x000000008cd00000|  0%| F|  |TAMS 0x000000008cc00000, 0x000000008cc00000| Untracked 
| 205|0x000000008cd00000, 0x000000008cd00000, 0x000000008ce00000|  0%| F|  |TAMS 0x000000008cd00000, 0x000000008cd00000| Untracked 
| 206|0x000000008ce00000, 0x000000008ce00000, 0x000000008cf00000|  0%| F|  |TAMS 0x000000008ce00000, 0x000000008ce00000| Untracked 
| 207|0x000000008cf00000, 0x000000008cf00000, 0x000000008d000000|  0%| F|  |TAMS 0x000000008cf00000, 0x000000008cf00000| Untracked 
| 208|0x000000008d000000, 0x000000008d000000, 0x000000008d100000|  0%| F|  |TAMS 0x000000008d000000, 0x000000008d000000| Untracked 
| 209|0x000000008d100000, 0x000000008d100000, 0x000000008d200000|  0%| F|  |TAMS 0x000000008d100000, 0x000000008d100000| Untracked 
| 210|0x000000008d200000, 0x000000008d200000, 0x000000008d300000|  0%| F|  |TAMS 0x000000008d200000, 0x000000008d200000| Untracked 
| 211|0x000000008d300000, 0x000000008d300000, 0x000000008d400000|  0%| F|  |TAMS 0x000000008d300000, 0x000000008d300000| Untracked 
| 212|0x000000008d400000, 0x000000008d400000, 0x000000008d500000|  0%| F|  |TAMS 0x000000008d400000, 0x000000008d400000| Untracked 
| 213|0x000000008d500000, 0x000000008d500000, 0x000000008d600000|  0%| F|  |TAMS 0x000000008d500000, 0x000000008d500000| Untracked 
| 214|0x000000008d600000, 0x000000008d600000, 0x000000008d700000|  0%| F|  |TAMS 0x000000008d600000, 0x000000008d600000| Untracked 
| 215|0x000000008d700000, 0x000000008d700000, 0x000000008d800000|  0%| F|  |TAMS 0x000000008d700000, 0x000000008d700000| Untracked 
| 216|0x000000008d800000, 0x000000008d800000, 0x000000008d900000|  0%| F|  |TAMS 0x000000008d800000, 0x000000008d800000| Untracked 
| 217|0x000000008d900000, 0x000000008d900000, 0x000000008da00000|  0%| F|  |TAMS 0x000000008d900000, 0x000000008d900000| Untracked 
| 218|0x000000008da00000, 0x000000008da00000, 0x000000008db00000|  0%| F|  |TAMS 0x000000008da00000, 0x000000008da00000| Untracked 
| 219|0x000000008db00000, 0x000000008db00000, 0x000000008dc00000|  0%| F|  |TAMS 0x000000008db00000, 0x000000008db00000| Untracked 
| 220|0x000000008dc00000, 0x000000008dc00000, 0x000000008dd00000|  0%| F|  |TAMS 0x000000008dc00000, 0x000000008dc00000| Untracked 
| 221|0x000000008dd00000, 0x000000008dd00000, 0x000000008de00000|  0%| F|  |TAMS 0x000000008dd00000, 0x000000008dd00000| Untracked 
| 222|0x000000008de00000, 0x000000008de00000, 0x000000008df00000|  0%| F|  |TAMS 0x000000008de00000, 0x000000008de00000| Untracked 
| 223|0x000000008df00000, 0x000000008df00000, 0x000000008e000000|  0%| F|  |TAMS 0x000000008df00000, 0x000000008df00000| Untracked 
| 224|0x000000008e000000, 0x000000008e000000, 0x000000008e100000|  0%| F|  |TAMS 0x000000008e000000, 0x000000008e000000| Untracked 
| 225|0x000000008e100000, 0x000000008e100000, 0x000000008e200000|  0%| F|  |TAMS 0x000000008e100000, 0x000000008e100000| Untracked 
| 226|0x000000008e200000, 0x000000008e200000, 0x000000008e300000|  0%| F|  |TAMS 0x000000008e200000, 0x000000008e200000| Untracked 
| 227|0x000000008e300000, 0x000000008e300000, 0x000000008e400000|  0%| F|  |TAMS 0x000000008e300000, 0x000000008e300000| Untracked 
| 228|0x000000008e400000, 0x000000008e400000, 0x000000008e500000|  0%| F|  |TAMS 0x000000008e400000, 0x000000008e400000| Untracked 
| 229|0x000000008e500000, 0x000000008e500000, 0x000000008e600000|  0%| F|  |TAMS 0x000000008e500000, 0x000000008e500000| Untracked 
| 230|0x000000008e600000, 0x000000008e600000, 0x000000008e700000|  0%| F|  |TAMS 0x000000008e600000, 0x000000008e600000| Untracked 
| 231|0x000000008e700000, 0x000000008e700000, 0x000000008e800000|  0%| F|  |TAMS 0x000000008e700000, 0x000000008e700000| Untracked 
| 232|0x000000008e800000, 0x000000008e800000, 0x000000008e900000|  0%| F|  |TAMS 0x000000008e800000, 0x000000008e800000| Untracked 
| 233|0x000000008e900000, 0x000000008e900000, 0x000000008ea00000|  0%| F|  |TAMS 0x000000008e900000, 0x000000008e900000| Untracked 
| 234|0x000000008ea00000, 0x000000008ea00000, 0x000000008eb00000|  0%| F|  |TAMS 0x000000008ea00000, 0x000000008ea00000| Untracked 
| 235|0x000000008eb00000, 0x000000008eb00000, 0x000000008ec00000|  0%| F|  |TAMS 0x000000008eb00000, 0x000000008eb00000| Untracked 
| 236|0x000000008ec00000, 0x000000008ec00000, 0x000000008ed00000|  0%| F|  |TAMS 0x000000008ec00000, 0x000000008ec00000| Untracked 
| 237|0x000000008ed00000, 0x000000008ed00000, 0x000000008ee00000|  0%| F|  |TAMS 0x000000008ed00000, 0x000000008ed00000| Untracked 
| 238|0x000000008ee00000, 0x000000008ee00000, 0x000000008ef00000|  0%| F|  |TAMS 0x000000008ee00000, 0x000000008ee00000| Untracked 
| 239|0x000000008ef00000, 0x000000008ef00000, 0x000000008f000000|  0%| F|  |TAMS 0x000000008ef00000, 0x000000008ef00000| Untracked 
| 240|0x000000008f000000, 0x000000008f000000, 0x000000008f100000|  0%| F|  |TAMS 0x000000008f000000, 0x000000008f000000| Untracked 
| 241|0x000000008f100000, 0x000000008f100000, 0x000000008f200000|  0%| F|  |TAMS 0x000000008f100000, 0x000000008f100000| Untracked 
| 242|0x000000008f200000, 0x000000008f200000, 0x000000008f300000|  0%| F|  |TAMS 0x000000008f200000, 0x000000008f200000| Untracked 
| 243|0x000000008f300000, 0x000000008f300000, 0x000000008f400000|  0%| F|  |TAMS 0x000000008f300000, 0x000000008f300000| Untracked 
| 244|0x000000008f400000, 0x000000008f400000, 0x000000008f500000|  0%| F|  |TAMS 0x000000008f400000, 0x000000008f400000| Untracked 
| 245|0x000000008f500000, 0x000000008f500000, 0x000000008f600000|  0%| F|  |TAMS 0x000000008f500000, 0x000000008f500000| Untracked 
| 246|0x000000008f600000, 0x000000008f6c2630, 0x000000008f700000| 75%| S|CS|TAMS 0x000000008f600000, 0x000000008f600000| Complete 
| 247|0x000000008f700000, 0x000000008f800000, 0x000000008f800000|100%| S|CS|TAMS 0x000000008f700000, 0x000000008f700000| Complete 
| 248|0x000000008f800000, 0x000000008f900000, 0x000000008f900000|100%| S|CS|TAMS 0x000000008f800000, 0x000000008f800000| Complete 
| 249|0x000000008f900000, 0x000000008fa00000, 0x000000008fa00000|100%| S|CS|TAMS 0x000000008f900000, 0x000000008f900000| Complete 
| 250|0x000000008fa00000, 0x000000008fb00000, 0x000000008fb00000|100%| S|CS|TAMS 0x000000008fa00000, 0x000000008fa00000| Complete 
| 251|0x000000008fb00000, 0x000000008fc00000, 0x000000008fc00000|100%| S|CS|TAMS 0x000000008fb00000, 0x000000008fb00000| Complete 
| 252|0x000000008fc00000, 0x000000008fc00000, 0x000000008fd00000|  0%| F|  |TAMS 0x000000008fc00000, 0x000000008fc00000| Untracked 
| 253|0x000000008fd00000, 0x000000008fd00000, 0x000000008fe00000|  0%| F|  |TAMS 0x000000008fd00000, 0x000000008fd00000| Untracked 
| 254|0x000000008fe00000, 0x000000008fe00000, 0x000000008ff00000|  0%| F|  |TAMS 0x000000008fe00000, 0x000000008fe00000| Untracked 
| 255|0x000000008ff00000, 0x000000008ff00000, 0x0000000090000000|  0%| F|  |TAMS 0x000000008ff00000, 0x000000008ff00000| Untracked 
| 256|0x0000000090000000, 0x0000000090000000, 0x0000000090100000|  0%| F|  |TAMS 0x0000000090000000, 0x0000000090000000| Untracked 
| 257|0x0000000090100000, 0x0000000090100000, 0x0000000090200000|  0%| F|  |TAMS 0x0000000090100000, 0x0000000090100000| Untracked 
| 258|0x0000000090200000, 0x0000000090200000, 0x0000000090300000|  0%| F|  |TAMS 0x0000000090200000, 0x0000000090200000| Untracked 
| 259|0x0000000090300000, 0x0000000090300000, 0x0000000090400000|  0%| F|  |TAMS 0x0000000090300000, 0x0000000090300000| Untracked 
| 260|0x0000000090400000, 0x0000000090400000, 0x0000000090500000|  0%| F|  |TAMS 0x0000000090400000, 0x0000000090400000| Untracked 
| 261|0x0000000090500000, 0x0000000090500000, 0x0000000090600000|  0%| F|  |TAMS 0x0000000090500000, 0x0000000090500000| Untracked 
| 262|0x0000000090600000, 0x0000000090600000, 0x0000000090700000|  0%| F|  |TAMS 0x0000000090600000, 0x0000000090600000| Untracked 
| 263|0x0000000090700000, 0x0000000090700000, 0x0000000090800000|  0%| F|  |TAMS 0x0000000090700000, 0x0000000090700000| Untracked 
| 264|0x0000000090800000, 0x0000000090800000, 0x0000000090900000|  0%| F|  |TAMS 0x0000000090800000, 0x0000000090800000| Untracked 
| 265|0x0000000090900000, 0x0000000090900000, 0x0000000090a00000|  0%| F|  |TAMS 0x0000000090900000, 0x0000000090900000| Untracked 
| 266|0x0000000090a00000, 0x0000000090a00000, 0x0000000090b00000|  0%| F|  |TAMS 0x0000000090a00000, 0x0000000090a00000| Untracked 
| 267|0x0000000090b00000, 0x0000000090b00000, 0x0000000090c00000|  0%| F|  |TAMS 0x0000000090b00000, 0x0000000090b00000| Untracked 
| 268|0x0000000090c00000, 0x0000000090c00000, 0x0000000090d00000|  0%| F|  |TAMS 0x0000000090c00000, 0x0000000090c00000| Untracked 
| 269|0x0000000090d00000, 0x0000000090d00000, 0x0000000090e00000|  0%| F|  |TAMS 0x0000000090d00000, 0x0000000090d00000| Untracked 
| 270|0x0000000090e00000, 0x0000000090e00000, 0x0000000090f00000|  0%| F|  |TAMS 0x0000000090e00000, 0x0000000090e00000| Untracked 
| 271|0x0000000090f00000, 0x0000000090f00000, 0x0000000091000000|  0%| F|  |TAMS 0x0000000090f00000, 0x0000000090f00000| Untracked 
| 272|0x0000000091000000, 0x0000000091000000, 0x0000000091100000|  0%| F|  |TAMS 0x0000000091000000, 0x0000000091000000| Untracked 
| 273|0x0000000091100000, 0x0000000091100000, 0x0000000091200000|  0%| F|  |TAMS 0x0000000091100000, 0x0000000091100000| Untracked 
| 274|0x0000000091200000, 0x0000000091200000, 0x0000000091300000|  0%| F|  |TAMS 0x0000000091200000, 0x0000000091200000| Untracked 
| 275|0x0000000091300000, 0x0000000091300000, 0x0000000091400000|  0%| F|  |TAMS 0x0000000091300000, 0x0000000091300000| Untracked 
| 276|0x0000000091400000, 0x0000000091400000, 0x0000000091500000|  0%| F|  |TAMS 0x0000000091400000, 0x0000000091400000| Untracked 
| 277|0x0000000091500000, 0x0000000091500000, 0x0000000091600000|  0%| F|  |TAMS 0x0000000091500000, 0x0000000091500000| Untracked 
| 278|0x0000000091600000, 0x0000000091600000, 0x0000000091700000|  0%| F|  |TAMS 0x0000000091600000, 0x0000000091600000| Untracked 
| 279|0x0000000091700000, 0x0000000091700000, 0x0000000091800000|  0%| F|  |TAMS 0x0000000091700000, 0x0000000091700000| Untracked 
| 280|0x0000000091800000, 0x0000000091800000, 0x0000000091900000|  0%| F|  |TAMS 0x0000000091800000, 0x0000000091800000| Untracked 
| 281|0x0000000091900000, 0x0000000091900000, 0x0000000091a00000|  0%| F|  |TAMS 0x0000000091900000, 0x0000000091900000| Untracked 
| 282|0x0000000091a00000, 0x0000000091a00000, 0x0000000091b00000|  0%| F|  |TAMS 0x0000000091a00000, 0x0000000091a00000| Untracked 
| 283|0x0000000091b00000, 0x0000000091b00000, 0x0000000091c00000|  0%| F|  |TAMS 0x0000000091b00000, 0x0000000091b00000| Untracked 
| 284|0x0000000091c00000, 0x0000000091c00000, 0x0000000091d00000|  0%| F|  |TAMS 0x0000000091c00000, 0x0000000091c00000| Untracked 
| 285|0x0000000091d00000, 0x0000000091d00000, 0x0000000091e00000|  0%| F|  |TAMS 0x0000000091d00000, 0x0000000091d00000| Untracked 
| 286|0x0000000091e00000, 0x0000000091e00000, 0x0000000091f00000|  0%| F|  |TAMS 0x0000000091e00000, 0x0000000091e00000| Untracked 
| 287|0x0000000091f00000, 0x0000000091f00000, 0x0000000092000000|  0%| F|  |TAMS 0x0000000091f00000, 0x0000000091f00000| Untracked 
| 288|0x0000000092000000, 0x0000000092000000, 0x0000000092100000|  0%| F|  |TAMS 0x0000000092000000, 0x0000000092000000| Untracked 
| 289|0x0000000092100000, 0x0000000092100000, 0x0000000092200000|  0%| F|  |TAMS 0x0000000092100000, 0x0000000092100000| Untracked 
| 290|0x0000000092200000, 0x0000000092200000, 0x0000000092300000|  0%| F|  |TAMS 0x0000000092200000, 0x0000000092200000| Untracked 
| 291|0x0000000092300000, 0x0000000092300000, 0x0000000092400000|  0%| F|  |TAMS 0x0000000092300000, 0x0000000092300000| Untracked 
| 292|0x0000000092400000, 0x0000000092400000, 0x0000000092500000|  0%| F|  |TAMS 0x0000000092400000, 0x0000000092400000| Untracked 
| 293|0x0000000092500000, 0x0000000092500000, 0x0000000092600000|  0%| F|  |TAMS 0x0000000092500000, 0x0000000092500000| Untracked 
| 294|0x0000000092600000, 0x0000000092600000, 0x0000000092700000|  0%| F|  |TAMS 0x0000000092600000, 0x0000000092600000| Untracked 
| 295|0x0000000092700000, 0x0000000092700000, 0x0000000092800000|  0%| F|  |TAMS 0x0000000092700000, 0x0000000092700000| Untracked 
| 296|0x0000000092800000, 0x0000000092800000, 0x0000000092900000|  0%| F|  |TAMS 0x0000000092800000, 0x0000000092800000| Untracked 
| 297|0x0000000092900000, 0x0000000092900000, 0x0000000092a00000|  0%| F|  |TAMS 0x0000000092900000, 0x0000000092900000| Untracked 
| 298|0x0000000092a00000, 0x0000000092a00000, 0x0000000092b00000|  0%| F|  |TAMS 0x0000000092a00000, 0x0000000092a00000| Untracked 
| 299|0x0000000092b00000, 0x0000000092b00000, 0x0000000092c00000|  0%| F|  |TAMS 0x0000000092b00000, 0x0000000092b00000| Untracked 
| 300|0x0000000092c00000, 0x0000000092c00000, 0x0000000092d00000|  0%| F|  |TAMS 0x0000000092c00000, 0x0000000092c00000| Untracked 
| 301|0x0000000092d00000, 0x0000000092d00000, 0x0000000092e00000|  0%| F|  |TAMS 0x0000000092d00000, 0x0000000092d00000| Untracked 
| 302|0x0000000092e00000, 0x0000000092e00000, 0x0000000092f00000|  0%| F|  |TAMS 0x0000000092e00000, 0x0000000092e00000| Untracked 
| 303|0x0000000092f00000, 0x0000000092f00000, 0x0000000093000000|  0%| F|  |TAMS 0x0000000092f00000, 0x0000000092f00000| Untracked 
| 304|0x0000000093000000, 0x0000000093000000, 0x0000000093100000|  0%| F|  |TAMS 0x0000000093000000, 0x0000000093000000| Untracked 
| 305|0x0000000093100000, 0x0000000093100000, 0x0000000093200000|  0%| F|  |TAMS 0x0000000093100000, 0x0000000093100000| Untracked 
| 306|0x0000000093200000, 0x0000000093200000, 0x0000000093300000|  0%| F|  |TAMS 0x0000000093200000, 0x0000000093200000| Untracked 
| 307|0x0000000093300000, 0x0000000093300000, 0x0000000093400000|  0%| F|  |TAMS 0x0000000093300000, 0x0000000093300000| Untracked 
| 308|0x0000000093400000, 0x0000000093400000, 0x0000000093500000|  0%| F|  |TAMS 0x0000000093400000, 0x0000000093400000| Untracked 
| 309|0x0000000093500000, 0x0000000093500000, 0x0000000093600000|  0%| F|  |TAMS 0x0000000093500000, 0x0000000093500000| Untracked 
| 310|0x0000000093600000, 0x0000000093600000, 0x0000000093700000|  0%| F|  |TAMS 0x0000000093600000, 0x0000000093600000| Untracked 
| 311|0x0000000093700000, 0x0000000093782e00, 0x0000000093800000| 51%| E|  |TAMS 0x0000000093700000, 0x0000000093700000| Complete 
| 312|0x0000000093800000, 0x0000000093900000, 0x0000000093900000|100%| E|CS|TAMS 0x0000000093800000, 0x0000000093800000| Complete 
| 313|0x0000000093900000, 0x0000000093a00000, 0x0000000093a00000|100%| E|CS|TAMS 0x0000000093900000, 0x0000000093900000| Complete 
| 314|0x0000000093a00000, 0x0000000093b00000, 0x0000000093b00000|100%| E|CS|TAMS 0x0000000093a00000, 0x0000000093a00000| Complete 
| 315|0x0000000093b00000, 0x0000000093c00000, 0x0000000093c00000|100%| E|CS|TAMS 0x0000000093b00000, 0x0000000093b00000| Complete 
| 316|0x0000000093c00000, 0x0000000093d00000, 0x0000000093d00000|100%| E|CS|TAMS 0x0000000093c00000, 0x0000000093c00000| Complete 
| 317|0x0000000093d00000, 0x0000000093e00000, 0x0000000093e00000|100%| E|CS|TAMS 0x0000000093d00000, 0x0000000093d00000| Complete 
| 318|0x0000000093e00000, 0x0000000093f00000, 0x0000000093f00000|100%| E|CS|TAMS 0x0000000093e00000, 0x0000000093e00000| Complete 
| 319|0x0000000093f00000, 0x0000000094000000, 0x0000000094000000|100%| E|CS|TAMS 0x0000000093f00000, 0x0000000093f00000| Complete 
| 320|0x0000000094000000, 0x0000000094100000, 0x0000000094100000|100%| E|CS|TAMS 0x0000000094000000, 0x0000000094000000| Complete 
| 321|0x0000000094100000, 0x0000000094200000, 0x0000000094200000|100%| E|CS|TAMS 0x0000000094100000, 0x0000000094100000| Complete 
| 322|0x0000000094200000, 0x0000000094300000, 0x0000000094300000|100%| E|CS|TAMS 0x0000000094200000, 0x0000000094200000| Complete 
| 323|0x0000000094300000, 0x0000000094400000, 0x0000000094400000|100%| E|CS|TAMS 0x0000000094300000, 0x0000000094300000| Complete 
| 324|0x0000000094400000, 0x0000000094500000, 0x0000000094500000|100%| E|CS|TAMS 0x0000000094400000, 0x0000000094400000| Complete 
| 325|0x0000000094500000, 0x0000000094600000, 0x0000000094600000|100%| E|CS|TAMS 0x0000000094500000, 0x0000000094500000| Complete 
| 326|0x0000000094600000, 0x0000000094700000, 0x0000000094700000|100%| E|CS|TAMS 0x0000000094600000, 0x0000000094600000| Complete 
| 327|0x0000000094700000, 0x0000000094800000, 0x0000000094800000|100%| E|CS|TAMS 0x0000000094700000, 0x0000000094700000| Complete 
| 328|0x0000000094800000, 0x0000000094900000, 0x0000000094900000|100%| E|CS|TAMS 0x0000000094800000, 0x0000000094800000| Complete 
| 329|0x0000000094900000, 0x0000000094a00000, 0x0000000094a00000|100%| E|CS|TAMS 0x0000000094900000, 0x0000000094900000| Complete 
| 330|0x0000000094a00000, 0x0000000094b00000, 0x0000000094b00000|100%| E|CS|TAMS 0x0000000094a00000, 0x0000000094a00000| Complete 
| 331|0x0000000094b00000, 0x0000000094c00000, 0x0000000094c00000|100%| E|CS|TAMS 0x0000000094b00000, 0x0000000094b00000| Complete 
| 332|0x0000000094c00000, 0x0000000094d00000, 0x0000000094d00000|100%| E|CS|TAMS 0x0000000094c00000, 0x0000000094c00000| Complete 
| 333|0x0000000094d00000, 0x0000000094e00000, 0x0000000094e00000|100%| E|CS|TAMS 0x0000000094d00000, 0x0000000094d00000| Complete 
| 334|0x0000000094e00000, 0x0000000094f00000, 0x0000000094f00000|100%| E|  |TAMS 0x0000000094e00000, 0x0000000094e00000| Complete 
| 335|0x0000000094f00000, 0x0000000095000000, 0x0000000095000000|100%| E|CS|TAMS 0x0000000094f00000, 0x0000000094f00000| Complete 
| 336|0x0000000095000000, 0x0000000095100000, 0x0000000095100000|100%| E|CS|TAMS 0x0000000095000000, 0x0000000095000000| Complete 
| 337|0x0000000095100000, 0x0000000095200000, 0x0000000095200000|100%| E|CS|TAMS 0x0000000095100000, 0x0000000095100000| Complete 
| 338|0x0000000095200000, 0x0000000095300000, 0x0000000095300000|100%| E|CS|TAMS 0x0000000095200000, 0x0000000095200000| Complete 
| 339|0x0000000095300000, 0x0000000095400000, 0x0000000095400000|100%| E|CS|TAMS 0x0000000095300000, 0x0000000095300000| Complete 
| 340|0x0000000095400000, 0x0000000095500000, 0x0000000095500000|100%| E|CS|TAMS 0x0000000095400000, 0x0000000095400000| Complete 
| 341|0x0000000095500000, 0x0000000095600000, 0x0000000095600000|100%| E|CS|TAMS 0x0000000095500000, 0x0000000095500000| Complete 
| 342|0x0000000095600000, 0x0000000095700000, 0x0000000095700000|100%| E|CS|TAMS 0x0000000095600000, 0x0000000095600000| Complete 
| 343|0x0000000095700000, 0x0000000095800000, 0x0000000095800000|100%| E|CS|TAMS 0x0000000095700000, 0x0000000095700000| Complete 
| 344|0x0000000095800000, 0x0000000095900000, 0x0000000095900000|100%| E|CS|TAMS 0x0000000095800000, 0x0000000095800000| Complete 
| 345|0x0000000095900000, 0x0000000095a00000, 0x0000000095a00000|100%| E|CS|TAMS 0x0000000095900000, 0x0000000095900000| Complete 
| 346|0x0000000095a00000, 0x0000000095b00000, 0x0000000095b00000|100%| E|CS|TAMS 0x0000000095a00000, 0x0000000095a00000| Complete 
| 347|0x0000000095b00000, 0x0000000095c00000, 0x0000000095c00000|100%| E|CS|TAMS 0x0000000095b00000, 0x0000000095b00000| Complete 
| 348|0x0000000095c00000, 0x0000000095d00000, 0x0000000095d00000|100%| E|CS|TAMS 0x0000000095c00000, 0x0000000095c00000| Complete 
| 349|0x0000000095d00000, 0x0000000095e00000, 0x0000000095e00000|100%| E|CS|TAMS 0x0000000095d00000, 0x0000000095d00000| Complete 
| 350|0x0000000095e00000, 0x0000000095f00000, 0x0000000095f00000|100%| E|CS|TAMS 0x0000000095e00000, 0x0000000095e00000| Complete 
| 351|0x0000000095f00000, 0x0000000096000000, 0x0000000096000000|100%| E|CS|TAMS 0x0000000095f00000, 0x0000000095f00000| Complete 
| 352|0x0000000096000000, 0x0000000096100000, 0x0000000096100000|100%| E|CS|TAMS 0x0000000096000000, 0x0000000096000000| Complete 
| 353|0x0000000096100000, 0x0000000096200000, 0x0000000096200000|100%| E|CS|TAMS 0x0000000096100000, 0x0000000096100000| Complete 
| 354|0x0000000096200000, 0x0000000096300000, 0x0000000096300000|100%| E|CS|TAMS 0x0000000096200000, 0x0000000096200000| Complete 
| 355|0x0000000096300000, 0x0000000096400000, 0x0000000096400000|100%| E|CS|TAMS 0x0000000096300000, 0x0000000096300000| Complete 
| 356|0x0000000096400000, 0x0000000096500000, 0x0000000096500000|100%| E|CS|TAMS 0x0000000096400000, 0x0000000096400000| Complete 
| 357|0x0000000096500000, 0x0000000096600000, 0x0000000096600000|100%| E|CS|TAMS 0x0000000096500000, 0x0000000096500000| Complete 
| 358|0x0000000096600000, 0x0000000096700000, 0x0000000096700000|100%| E|CS|TAMS 0x0000000096600000, 0x0000000096600000| Complete 
| 359|0x0000000096700000, 0x0000000096800000, 0x0000000096800000|100%| E|CS|TAMS 0x0000000096700000, 0x0000000096700000| Complete 
| 360|0x0000000096800000, 0x0000000096900000, 0x0000000096900000|100%| E|CS|TAMS 0x0000000096800000, 0x0000000096800000| Complete 
| 361|0x0000000096900000, 0x0000000096a00000, 0x0000000096a00000|100%| E|CS|TAMS 0x0000000096900000, 0x0000000096900000| Complete 
| 362|0x0000000096a00000, 0x0000000096b00000, 0x0000000096b00000|100%| E|CS|TAMS 0x0000000096a00000, 0x0000000096a00000| Complete 
| 363|0x0000000096b00000, 0x0000000096c00000, 0x0000000096c00000|100%| E|CS|TAMS 0x0000000096b00000, 0x0000000096b00000| Complete 
| 364|0x0000000096c00000, 0x0000000096d00000, 0x0000000096d00000|100%| E|CS|TAMS 0x0000000096c00000, 0x0000000096c00000| Complete 
| 365|0x0000000096d00000, 0x0000000096e00000, 0x0000000096e00000|100%| E|CS|TAMS 0x0000000096d00000, 0x0000000096d00000| Complete 
| 366|0x0000000096e00000, 0x0000000096f00000, 0x0000000096f00000|100%| E|CS|TAMS 0x0000000096e00000, 0x0000000096e00000| Complete 
| 367|0x0000000096f00000, 0x0000000097000000, 0x0000000097000000|100%| E|CS|TAMS 0x0000000096f00000, 0x0000000096f00000| Complete 
| 368|0x0000000097000000, 0x0000000097100000, 0x0000000097100000|100%| E|CS|TAMS 0x0000000097000000, 0x0000000097000000| Complete 
| 369|0x0000000097100000, 0x0000000097200000, 0x0000000097200000|100%| E|CS|TAMS 0x0000000097100000, 0x0000000097100000| Complete 
| 370|0x0000000097200000, 0x0000000097300000, 0x0000000097300000|100%| E|CS|TAMS 0x0000000097200000, 0x0000000097200000| Complete 
| 371|0x0000000097300000, 0x0000000097400000, 0x0000000097400000|100%| E|CS|TAMS 0x0000000097300000, 0x0000000097300000| Complete 
| 372|0x0000000097400000, 0x0000000097500000, 0x0000000097500000|100%| E|CS|TAMS 0x0000000097400000, 0x0000000097400000| Complete 
| 373|0x0000000097500000, 0x0000000097600000, 0x0000000097600000|100%| E|CS|TAMS 0x0000000097500000, 0x0000000097500000| Complete 
| 374|0x0000000097600000, 0x0000000097700000, 0x0000000097700000|100%| E|CS|TAMS 0x0000000097600000, 0x0000000097600000| Complete 
| 375|0x0000000097700000, 0x0000000097800000, 0x0000000097800000|100%| E|CS|TAMS 0x0000000097700000, 0x0000000097700000| Complete 
| 376|0x0000000097800000, 0x0000000097900000, 0x0000000097900000|100%| E|CS|TAMS 0x0000000097800000, 0x0000000097800000| Complete 
| 377|0x0000000097900000, 0x0000000097a00000, 0x0000000097a00000|100%| E|CS|TAMS 0x0000000097900000, 0x0000000097900000| Complete 
| 378|0x0000000097a00000, 0x0000000097b00000, 0x0000000097b00000|100%| E|CS|TAMS 0x0000000097a00000, 0x0000000097a00000| Complete 
| 379|0x0000000097b00000, 0x0000000097c00000, 0x0000000097c00000|100%| E|CS|TAMS 0x0000000097b00000, 0x0000000097b00000| Complete 
| 380|0x0000000097c00000, 0x0000000097d00000, 0x0000000097d00000|100%| E|CS|TAMS 0x0000000097c00000, 0x0000000097c00000| Complete 
| 381|0x0000000097d00000, 0x0000000097e00000, 0x0000000097e00000|100%| E|CS|TAMS 0x0000000097d00000, 0x0000000097d00000| Complete 
| 382|0x0000000097e00000, 0x0000000097f00000, 0x0000000097f00000|100%| E|CS|TAMS 0x0000000097e00000, 0x0000000097e00000| Complete 
| 383|0x0000000097f00000, 0x0000000098000000, 0x0000000098000000|100%| E|CS|TAMS 0x0000000097f00000, 0x0000000097f00000| Complete 
| 384|0x0000000098000000, 0x0000000098100000, 0x0000000098100000|100%| E|CS|TAMS 0x0000000098000000, 0x0000000098000000| Complete 
| 385|0x0000000098100000, 0x0000000098200000, 0x0000000098200000|100%| E|CS|TAMS 0x0000000098100000, 0x0000000098100000| Complete 
| 386|0x0000000098200000, 0x0000000098300000, 0x0000000098300000|100%| E|CS|TAMS 0x0000000098200000, 0x0000000098200000| Complete 
| 387|0x0000000098300000, 0x0000000098400000, 0x0000000098400000|100%| E|CS|TAMS 0x0000000098300000, 0x0000000098300000| Complete 
| 388|0x0000000098400000, 0x0000000098500000, 0x0000000098500000|100%| E|CS|TAMS 0x0000000098400000, 0x0000000098400000| Complete 
| 389|0x0000000098500000, 0x0000000098600000, 0x0000000098600000|100%| E|CS|TAMS 0x0000000098500000, 0x0000000098500000| Complete 
| 390|0x0000000098600000, 0x0000000098700000, 0x0000000098700000|100%| E|CS|TAMS 0x0000000098600000, 0x0000000098600000| Complete 
| 391|0x0000000098700000, 0x0000000098800000, 0x0000000098800000|100%| E|CS|TAMS 0x0000000098700000, 0x0000000098700000| Complete 
| 392|0x0000000098800000, 0x0000000098900000, 0x0000000098900000|100%| E|CS|TAMS 0x0000000098800000, 0x0000000098800000| Complete 
| 393|0x0000000098900000, 0x0000000098a00000, 0x0000000098a00000|100%| E|CS|TAMS 0x0000000098900000, 0x0000000098900000| Complete 
| 394|0x0000000098a00000, 0x0000000098b00000, 0x0000000098b00000|100%| E|CS|TAMS 0x0000000098a00000, 0x0000000098a00000| Complete 
| 395|0x0000000098b00000, 0x0000000098c00000, 0x0000000098c00000|100%| E|CS|TAMS 0x0000000098b00000, 0x0000000098b00000| Complete 

Card table byte_map: [0x0000017db9970000,0x0000017db9d70000] _byte_map_base: 0x0000017db9570000

Marking Bits (Prev, Next): (CMBitMap*) 0x0000017da2a90800, (CMBitMap*) 0x0000017da2a907c0
 Prev Bits: [0x0000017dbc170000, 0x0000017dbe170000)
 Next Bits: [0x0000017dba170000, 0x0000017dbc170000)

Polling page: 0x0000017da21f0000

Metaspace:

Usage:
  Non-class:     91.23 MB used.
      Class:     14.71 MB used.
       Both:    105.94 MB used.

Virtual space:
  Non-class space:      128.00 MB reserved,      91.81 MB ( 72%) committed,  2 nodes.
      Class space:      416.00 MB reserved,      15.25 MB (  4%) committed,  1 nodes.
             Both:      544.00 MB reserved,     107.06 MB ( 20%) committed. 

Chunk freelists:
   Non-Class:  4.14 MB
       Class:  768.00 KB
        Both:  4.89 MB

MaxMetaspaceSize: 512.00 MB
CompressedClassSpaceSize: 416.00 MB
Initial GC threshold: 21.00 MB
Current GC threshold: 177.62 MB
CDS: on
MetaspaceReclaimPolicy: balanced
 - commit_granule_bytes: 65536.
 - commit_granule_words: 8192.
 - virtual_space_node_default_size: 8388608.
 - enlarge_chunks_in_place: 1.
 - new_chunks_are_fully_committed: 0.
 - uncommit_free_chunks: 1.
 - use_allocation_guard: 0.
 - handle_deallocations: 1.


Internal statistics:

num_allocs_failed_limit: 9.
num_arena_births: 1580.
num_arena_deaths: 0.
num_vsnodes_births: 3.
num_vsnodes_deaths: 0.
num_space_committed: 1713.
num_space_uncommitted: 0.
num_chunks_returned_to_freelist: 9.
num_chunks_taken_from_freelist: 6549.
num_chunk_merges: 9.
num_chunk_splits: 4162.
num_chunks_enlarged: 2571.
num_inconsistent_stats: 0.

CodeHeap 'non-profiled nmethods': size=120000Kb used=10922Kb max_used=10922Kb free=109077Kb
 bounds [0x0000017db2040000, 0x0000017db2af0000, 0x0000017db9570000]
CodeHeap 'profiled nmethods': size=120000Kb used=27514Kb max_used=27514Kb free=92485Kb
 bounds [0x0000017daa570000, 0x0000017dac060000, 0x0000017db1aa0000]
CodeHeap 'non-nmethods': size=5760Kb used=2447Kb max_used=2546Kb free=3312Kb
 bounds [0x0000017db1aa0000, 0x0000017db1d40000, 0x0000017db2040000]
 total_blobs=15077 nmethods=14084 adapters=903
 compilation: enabled
              stopped_count=0, restarted_count=0
 full_count=0

Compilation events (20 events):
Event: 62.313 Thread 0x0000017dc0656850 16500       1       org.gradle.api.internal.tasks.properties.DefaultPropertyValidationContext::getFileResolver (5 bytes)
Event: 62.313 Thread 0x0000017dc0656850 nmethod 16500 0x0000017db2ae3690 code [0x0000017db2ae3820, 0x0000017db2ae38f8]
Event: 62.313 Thread 0x0000017dc0656850 16501       3       org.gradle.internal.snapshot.PathUtil::getPathComparator (52 bytes)
Event: 62.313 Thread 0x0000017dc0654270 nmethod 16481 0x0000017db2ae3990 code [0x0000017db2ae3ba0, 0x0000017db2ae4948]
Event: 62.313 Thread 0x0000017dc0656850 nmethod 16501 0x0000017dac046110 code [0x0000017dac0462c0, 0x0000017dac046568]
Event: 62.313 Thread 0x0000017dc0656850 16504       3       org.gradle.internal.snapshot.PathUtil::comparePaths (128 bytes)
Event: 62.315 Thread 0x0000017dc0656850 nmethod 16504 0x0000017dac046690 code [0x0000017dac0469c0, 0x0000017dac047e68]
Event: 62.315 Thread 0x0000017dc0656850 16502       3       org.gradle.internal.snapshot.PathUtil$$Lambda$544/0x0000017dc24976b8::compare (12 bytes)
Event: 62.315 Thread 0x0000017dc0656850 nmethod 16502 0x0000017dac048810 code [0x0000017dac0489c0, 0x0000017dac048d68]
Event: 62.315 Thread 0x0000017dc0656850 16503       3       org.gradle.internal.snapshot.PathUtil::lambda$static$1 (9 bytes)
Event: 62.315 Thread 0x0000017dc0656850 nmethod 16503 0x0000017dac048e90 code [0x0000017dac049020, 0x0000017dac049148]
Event: 62.315 Thread 0x0000017dc0656850 16505       1       org.gradle.internal.execution.history.impl.DefaultBeforeExecutionState::getOutputFileLocationSnapshots (5 bytes)
Event: 62.315 Thread 0x0000017dc0656850 nmethod 16505 0x0000017db2ae5210 code [0x0000017db2ae53a0, 0x0000017db2ae5478]
Event: 62.315 Thread 0x0000017dc0656850 16506       1       org.gradle.internal.snapshot.impl.ImplementationSnapshot::getClassIdentifier (5 bytes)
Event: 62.315 Thread 0x0000017dc0656850 nmethod 16506 0x0000017db2ae5510 code [0x0000017db2ae56a0, 0x0000017db2ae5778]
Event: 62.315 Thread 0x0000017dc0656850 16507       1       org.gradle.internal.snapshot.impl.ClassImplementationSnapshot::getClassLoaderHash (5 bytes)
Event: 62.316 Thread 0x0000017dc0656850 nmethod 16507 0x0000017db2ae5810 code [0x0000017db2ae59a0, 0x0000017db2ae5a78]
Event: 62.316 Thread 0x0000017dc0656850 16508       1       org.gradle.internal.execution.history.changes.ExecutionStateChanges$1::getChangeDescriptions (5 bytes)
Event: 62.316 Thread 0x0000017dc0656850 nmethod 16508 0x0000017db2ae5b10 code [0x0000017db2ae5ca0, 0x0000017db2ae5d78]
Event: 62.320 Thread 0x0000017dc0654270 16509       4       org.gradle.internal.snapshot.RegularFileSnapshot::<init> (25 bytes)

GC Heap History (20 events):
Event: 50.205 GC heap before
{Heap before GC invocations=43 (full 0):
 garbage-first heap   total 262144K, used 209535K [0x0000000080000000, 0x0000000100000000)
  region size 1024K, 61 young (62464K), 10 survivors (10240K)
 Metaspace       used 99426K, committed 100608K, reserved 557056K
  class space    used 13886K, committed 14464K, reserved 425984K
}
Event: 50.219 GC heap after
{Heap after GC invocations=44 (full 0):
 garbage-first heap   total 262144K, used 163187K [0x0000000080000000, 0x0000000100000000)
  region size 1024K, 4 young (4096K), 4 survivors (4096K)
 Metaspace       used 99426K, committed 100608K, reserved 557056K
  class space    used 13886K, committed 14464K, reserved 425984K
}
Event: 50.898 GC heap before
{Heap before GC invocations=44 (full 0):
 garbage-first heap   total 262144K, used 214387K [0x0000000080000000, 0x0000000100000000)
  region size 1024K, 54 young (55296K), 4 survivors (4096K)
 Metaspace       used 99518K, committed 100672K, reserved 557056K
  class space    used 13895K, committed 14464K, reserved 425984K
}
Event: 50.907 GC heap after
{Heap after GC invocations=45 (full 0):
 garbage-first heap   total 262144K, used 169620K [0x0000000080000000, 0x0000000100000000)
  region size 1024K, 7 young (7168K), 7 survivors (7168K)
 Metaspace       used 99518K, committed 100672K, reserved 557056K
  class space    used 13895K, committed 14464K, reserved 425984K
}
Event: 52.238 GC heap before
{Heap before GC invocations=45 (full 0):
 garbage-first heap   total 262144K, used 214676K [0x0000000080000000, 0x0000000100000000)
  region size 1024K, 51 young (52224K), 7 survivors (7168K)
 Metaspace       used 100615K, committed 101824K, reserved 557056K
  class space    used 14019K, committed 14592K, reserved 425984K
}
Event: 52.252 GC heap after
{Heap after GC invocations=46 (full 0):
 garbage-first heap   total 262144K, used 175877K [0x0000000080000000, 0x0000000100000000)
  region size 1024K, 6 young (6144K), 6 survivors (6144K)
 Metaspace       used 100615K, committed 101824K, reserved 557056K
  class space    used 14019K, committed 14592K, reserved 425984K
}
Event: 53.531 GC heap before
{Heap before GC invocations=46 (full 0):
 garbage-first heap   total 262144K, used 216837K [0x0000000080000000, 0x0000000100000000)
  region size 1024K, 46 young (47104K), 6 survivors (6144K)
 Metaspace       used 103602K, committed 104704K, reserved 557056K
  class space    used 14495K, committed 15040K, reserved 425984K
}
Event: 53.540 GC heap after
{Heap after GC invocations=47 (full 0):
 garbage-first heap   total 262144K, used 178292K [0x0000000080000000, 0x0000000100000000)
  region size 1024K, 3 young (3072K), 3 survivors (3072K)
 Metaspace       used 103602K, committed 104704K, reserved 557056K
  class space    used 14495K, committed 15040K, reserved 425984K
}
Event: 54.939 GC heap before
{Heap before GC invocations=47 (full 0):
 garbage-first heap   total 262144K, used 219252K [0x0000000080000000, 0x0000000100000000)
  region size 1024K, 43 young (44032K), 3 survivors (3072K)
 Metaspace       used 105986K, committed 107136K, reserved 557056K
  class space    used 14754K, committed 15296K, reserved 425984K
}
Event: 54.949 GC heap after
{Heap after GC invocations=48 (full 0):
 garbage-first heap   total 262144K, used 180715K [0x0000000080000000, 0x0000000100000000)
  region size 1024K, 5 young (5120K), 5 survivors (5120K)
 Metaspace       used 105986K, committed 107136K, reserved 557056K
  class space    used 14754K, committed 15296K, reserved 425984K
}
Event: 56.095 GC heap before
{Heap before GC invocations=48 (full 0):
 garbage-first heap   total 262144K, used 221675K [0x0000000080000000, 0x0000000100000000)
  region size 1024K, 45 young (46080K), 5 survivors (5120K)
 Metaspace       used 107419K, committed 108544K, reserved 557056K
  class space    used 14947K, committed 15488K, reserved 425984K
}
Event: 56.108 GC heap after
{Heap after GC invocations=49 (full 0):
 garbage-first heap   total 262144K, used 185747K [0x0000000080000000, 0x0000000100000000)
  region size 1024K, 6 young (6144K), 6 survivors (6144K)
 Metaspace       used 107419K, committed 108544K, reserved 557056K
  class space    used 14947K, committed 15488K, reserved 425984K
}
Event: 56.963 GC heap before
{Heap before GC invocations=49 (full 0):
 garbage-first heap   total 262144K, used 208275K [0x0000000080000000, 0x0000000100000000)
  region size 1024K, 29 young (29696K), 6 survivors (6144K)
 Metaspace       used 107657K, committed 108800K, reserved 557056K
  class space    used 14958K, committed 15488K, reserved 425984K
}
Event: 56.976 GC heap after
{Heap after GC invocations=50 (full 0):
 garbage-first heap   total 262144K, used 189337K [0x0000000080000000, 0x0000000100000000)
  region size 1024K, 4 young (4096K), 4 survivors (4096K)
 Metaspace       used 107657K, committed 108800K, reserved 557056K
  class space    used 14958K, committed 15488K, reserved 425984K
}
Event: 57.869 GC heap before
{Heap before GC invocations=51 (full 0):
 garbage-first heap   total 337920K, used 215961K [0x0000000080000000, 0x0000000100000000)
  region size 1024K, 31 young (31744K), 4 survivors (4096K)
 Metaspace       used 108327K, committed 109504K, reserved 557056K
  class space    used 15052K, committed 15616K, reserved 425984K
}
Event: 57.881 GC heap after
{Heap after GC invocations=52 (full 0):
 garbage-first heap   total 337920K, used 193967K [0x0000000080000000, 0x0000000100000000)
  region size 1024K, 4 young (4096K), 4 survivors (4096K)
 Metaspace       used 108327K, committed 109504K, reserved 557056K
  class space    used 15052K, committed 15616K, reserved 425984K
}
Event: 57.965 GC heap before
{Heap before GC invocations=52 (full 0):
 garbage-first heap   total 337920K, used 205231K [0x0000000080000000, 0x0000000100000000)
  region size 1024K, 16 young (16384K), 4 survivors (4096K)
 Metaspace       used 108328K, committed 109504K, reserved 557056K
  class space    used 15052K, committed 15616K, reserved 425984K
}
Event: 57.980 GC heap after
{Heap after GC invocations=53 (full 0):
 garbage-first heap   total 337920K, used 189990K [0x0000000080000000, 0x0000000100000000)
  region size 1024K, 2 young (2048K), 2 survivors (2048K)
 Metaspace       used 108328K, committed 109504K, reserved 557056K
  class space    used 15052K, committed 15616K, reserved 425984K
}
Event: 59.264 GC heap before
{Heap before GC invocations=53 (full 0):
 garbage-first heap   total 337920K, used 267814K [0x0000000080000000, 0x0000000100000000)
  region size 1024K, 78 young (79872K), 2 survivors (2048K)
 Metaspace       used 108332K, committed 109504K, reserved 557056K
  class space    used 15052K, committed 15616K, reserved 425984K
}
Event: 59.298 GC heap after
{Heap after GC invocations=54 (full 0):
 garbage-first heap   total 405504K, used 193839K [0x0000000080000000, 0x0000000100000000)
  region size 1024K, 6 young (6144K), 6 survivors (6144K)
 Metaspace       used 108332K, committed 109504K, reserved 557056K
  class space    used 15052K, committed 15616K, reserved 425984K
}

Dll operation events (15 events):
Event: 0.027 Loaded shared library C:\Program Files\Microsoft\jdk-17.0.13.11-hotspot\bin\java.dll
Event: 0.051 Loaded shared library C:\Program Files\Microsoft\jdk-17.0.13.11-hotspot\bin\jsvml.dll
Event: 0.143 Loaded shared library C:\Program Files\Microsoft\jdk-17.0.13.11-hotspot\bin\zip.dll
Event: 0.146 Loaded shared library C:\Program Files\Microsoft\jdk-17.0.13.11-hotspot\bin\instrument.dll
Event: 0.155 Loaded shared library C:\Program Files\Microsoft\jdk-17.0.13.11-hotspot\bin\net.dll
Event: 0.168 Loaded shared library C:\Program Files\Microsoft\jdk-17.0.13.11-hotspot\bin\nio.dll
Event: 0.188 Loaded shared library C:\Program Files\Microsoft\jdk-17.0.13.11-hotspot\bin\zip.dll
Event: 1.142 Loaded shared library C:\Program Files\Microsoft\jdk-17.0.13.11-hotspot\bin\jimage.dll
Event: 1.504 Loaded shared library C:\Program Files\Microsoft\jdk-17.0.13.11-hotspot\bin\verify.dll
Event: 1.901 Loaded shared library C:\Users\aliah\.gradle\native\c067742578af261105cb4f569cf0c3c89f3d7b1fecec35dd04571415982c5e48\windows-amd64\native-platform.dll
Event: 1.907 Loaded shared library C:\Users\aliah\.gradle\native\100fb08df4bc3b14c8652ba06237920a3bd2aa13389f12d3474272988ae205f9\windows-amd64\native-platform-file-events.dll
Event: 3.635 Loaded shared library C:\Program Files\Microsoft\jdk-17.0.13.11-hotspot\bin\management.dll
Event: 3.638 Loaded shared library C:\Program Files\Microsoft\jdk-17.0.13.11-hotspot\bin\management_ext.dll
Event: 4.011 Loaded shared library C:\Program Files\Microsoft\jdk-17.0.13.11-hotspot\bin\extnet.dll
Event: 4.446 Loaded shared library C:\Program Files\Microsoft\jdk-17.0.13.11-hotspot\bin\sunmscapi.dll

Deoptimization events (20 events):
Event: 61.940 Thread 0x0000017de3de2760 Uncommon trap: trap_request=0xffffffde fr.pc=0x0000017db2aa05c0 relative=0x00000000000001a0
Event: 61.940 Thread 0x0000017de3de2760 Uncommon trap: reason=class_check action=maybe_recompile pc=0x0000017db2aa05c0 method=org.gradle.internal.snapshot.AbstractIncompleteFileSystemNode.store(Lorg/gradle/internal/snapshot/VfsRelativePath;Lorg/gradle/internal/snapshot/CaseSensitivity;Lorg/grad
Event: 61.940 Thread 0x0000017de3de2760 DEOPT PACKING pc=0x0000017db2aa05c0 sp=0x0000006c466fba80
Event: 61.940 Thread 0x0000017de3de2760 DEOPT UNPACKING pc=0x0000017db1af69a3 sp=0x0000006c466fba30 mode 2
Event: 61.940 Thread 0x0000017de3de2760 Uncommon trap: trap_request=0xffffffc6 fr.pc=0x0000017db2a5cc50 relative=0x0000000000000cb0
Event: 61.940 Thread 0x0000017de3de2760 Uncommon trap: reason=bimorphic_or_optimized_type_check action=maybe_recompile pc=0x0000017db2a5cc50 method=org.gradle.internal.snapshot.AbstractListChildMap.withReplacedChild(ILjava/lang/String;Ljava/lang/Object;)Lorg/gradle/internal/snapshot/ChildMap; @
Event: 61.940 Thread 0x0000017de3de2760 DEOPT PACKING pc=0x0000017db2a5cc50 sp=0x0000006c466fbae0
Event: 61.940 Thread 0x0000017de3de2760 DEOPT UNPACKING pc=0x0000017db1af69a3 sp=0x0000006c466fba98 mode 2
Event: 61.940 Thread 0x0000017de3de2760 Uncommon trap: trap_request=0xffffffde fr.pc=0x0000017db2a986a4 relative=0x0000000000003724
Event: 61.940 Thread 0x0000017de3de2760 Uncommon trap: reason=class_check action=maybe_recompile pc=0x0000017db2a986a4 method=org.gradle.internal.snapshot.AbstractIncompleteFileSystemNode$2.handleAsDescendantOfChild(Lorg/gradle/internal/snapshot/VfsRelativePath;Ljava/lang/Object;)Ljava/lang/Obj
Event: 61.940 Thread 0x0000017de3de2760 DEOPT PACKING pc=0x0000017db2a986a4 sp=0x0000006c466fbce0
Event: 61.940 Thread 0x0000017de3de2760 DEOPT UNPACKING pc=0x0000017db1af69a3 sp=0x0000006c466fbab0 mode 2
Event: 61.940 Thread 0x0000017de3de2760 Uncommon trap: trap_request=0xffffffde fr.pc=0x0000017db2aa05c0 relative=0x00000000000001a0
Event: 61.940 Thread 0x0000017de3de2760 Uncommon trap: reason=class_check action=maybe_recompile pc=0x0000017db2aa05c0 method=org.gradle.internal.snapshot.AbstractIncompleteFileSystemNode.store(Lorg/gradle/internal/snapshot/VfsRelativePath;Lorg/gradle/internal/snapshot/CaseSensitivity;Lorg/grad
Event: 61.940 Thread 0x0000017de3de2760 DEOPT PACKING pc=0x0000017db2aa05c0 sp=0x0000006c466fba00
Event: 61.940 Thread 0x0000017de3de2760 DEOPT UNPACKING pc=0x0000017db1af69a3 sp=0x0000006c466fb9b0 mode 2
Event: 61.940 Thread 0x0000017de3de2760 Uncommon trap: trap_request=0xffffffc6 fr.pc=0x0000017db2a5cc50 relative=0x0000000000000cb0
Event: 61.940 Thread 0x0000017de3de2760 Uncommon trap: reason=bimorphic_or_optimized_type_check action=maybe_recompile pc=0x0000017db2a5cc50 method=org.gradle.internal.snapshot.AbstractListChildMap.withReplacedChild(ILjava/lang/String;Ljava/lang/Object;)Lorg/gradle/internal/snapshot/ChildMap; @
Event: 61.940 Thread 0x0000017de3de2760 DEOPT PACKING pc=0x0000017db2a5cc50 sp=0x0000006c466fba60
Event: 61.940 Thread 0x0000017de3de2760 DEOPT UNPACKING pc=0x0000017db1af69a3 sp=0x0000006c466fba18 mode 2

Classes loaded (20 events):
Event: 53.610 Loading class java/util/regex/Pattern$Behind
Event: 53.610 Loading class java/util/regex/Pattern$Behind done
Event: 53.610 Loading class java/util/regex/Pattern$Neg
Event: 53.610 Loading class java/util/regex/Pattern$Neg done
Event: 53.620 Loading class javax/xml/datatype/DatatypeConfigurationException
Event: 53.621 Loading class javax/xml/datatype/DatatypeConfigurationException done
Event: 53.622 Loading class jdk/internal/reflect/UnsafeBooleanFieldAccessorImpl
Event: 53.622 Loading class jdk/internal/reflect/UnsafeBooleanFieldAccessorImpl done
Event: 53.623 Loading class jdk/internal/reflect/UnsafeIntegerFieldAccessorImpl
Event: 53.623 Loading class jdk/internal/reflect/UnsafeIntegerFieldAccessorImpl done
Event: 54.053 Loading class java/io/CharArrayWriter
Event: 54.053 Loading class java/io/CharArrayWriter done
Event: 54.060 Loading class java/io/SequenceInputStream
Event: 54.060 Loading class java/io/SequenceInputStream done
Event: 54.135 Loading class java/util/function/IntUnaryOperator
Event: 54.135 Loading class java/util/function/IntUnaryOperator done
Event: 54.987 Loading class java/io/NotSerializableException
Event: 54.987 Loading class java/io/NotSerializableException done
Event: 56.722 Loading class jdk/internal/misc/ScopedMemoryAccess$Scope$Handle
Event: 56.722 Loading class jdk/internal/misc/ScopedMemoryAccess$Scope$Handle done

Classes unloaded (0 events):
No events

Classes redefined (0 events):
No events

Internal exceptions (20 events):
Event: 54.135 Thread 0x0000017de1c33470 Exception <a 'java/lang/NoSuchMethodError'{0x000000008f1c0108}: 'int java.lang.invoke.DirectMethodHandle$Holder.invokeSpecial(java.lang.Object, java.lang.Object, int)'> (0x000000008f1c0108) 
thrown [s\src\hotspot\share\interpreter\linkResolver.cpp, line 759]
Event: 54.692 Thread 0x0000017de1c33470 Implicit null exception at 0x0000017db268a992 to 0x0000017db268b2e0
Event: 54.692 Thread 0x0000017de1c33470 Implicit null exception at 0x0000017db268bad6 to 0x0000017db268c4cc
Event: 54.756 Thread 0x0000017de1c33470 Implicit null exception at 0x0000017db268734a to 0x0000017db2687c08
Event: 54.876 Thread 0x0000017de1c33470 Implicit null exception at 0x0000017db277a892 to 0x0000017db277b13c
Event: 54.950 Thread 0x0000017dc0614ac0 Implicit null exception at 0x0000017db239e800 to 0x0000017db239ee80
Event: 55.005 Thread 0x0000017de1c33470 Implicit null exception at 0x0000017db276e409 to 0x0000017db276ec2c
Event: 55.536 Thread 0x0000017de1c33470 Implicit null exception at 0x0000017db2995e20 to 0x0000017db2997460
Event: 56.126 Thread 0x0000017de1c33470 Exception <a 'sun/nio/fs/WindowsException'{0x000000008fe04320}> (0x000000008fe04320) 
thrown [s\src\hotspot\share\prims\jni.cpp, line 516]
Event: 56.126 Thread 0x0000017de1c33470 Exception <a 'sun/nio/fs/WindowsException'{0x000000008fe05960}> (0x000000008fe05960) 
thrown [s\src\hotspot\share\prims\jni.cpp, line 516]
Event: 56.127 Thread 0x0000017de1c33470 Exception <a 'sun/nio/fs/WindowsException'{0x000000008fe06ff0}> (0x000000008fe06ff0) 
thrown [s\src\hotspot\share\prims\jni.cpp, line 516]
Event: 56.127 Thread 0x0000017de1c33470 Exception <a 'sun/nio/fs/WindowsException'{0x000000008fe08680}> (0x000000008fe08680) 
thrown [s\src\hotspot\share\prims\jni.cpp, line 516]
Event: 56.614 Thread 0x0000017de1c33470 Implicit null exception at 0x0000017db29edff6 to 0x0000017db29ee9bc
Event: 57.671 Thread 0x0000017de3de3ba0 Exception <a 'java/lang/NoSuchMethodError'{0x00000000943653d0}: static Lcom/android/build/api/variant/BuildConfigField;.<clinit>()V> (0x00000000943653d0) 
thrown [s\src\hotspot\share\prims\jni.cpp, line 1112]
Event: 60.123 Thread 0x0000017de3de2c70 Exception <a 'java/lang/NoSuchMethodError'{0x0000000096a893e8}: static Lcom/android/build/api/variant/impl/ResValueKeyImpl;.<clinit>()V> (0x0000000096a893e8) 
thrown [s\src\hotspot\share\prims\jni.cpp, line 1112]
Event: 60.131 Thread 0x0000017de3de2c70 Exception <a 'java/lang/NoSuchMethodError'{0x0000000096a985d8}: static Lcom/android/build/api/variant/ResValue;.<clinit>()V> (0x0000000096a985d8) 
thrown [s\src\hotspot\share\prims\jni.cpp, line 1112]
Event: 60.238 Thread 0x0000017de3de2760 Exception <a 'sun/nio/fs/WindowsException'{0x0000000096aec460}> (0x0000000096aec460) 
thrown [s\src\hotspot\share\prims\jni.cpp, line 516]
Event: 60.398 Thread 0x0000017de3de2760 Exception <a 'sun/nio/fs/WindowsException'{0x00000000969b73a0}> (0x00000000969b73a0) 
thrown [s\src\hotspot\share\prims\jni.cpp, line 516]
Event: 60.561 Thread 0x0000017de3de3180 Exception <a 'sun/nio/fs/WindowsException'{0x000000009685d598}> (0x000000009685d598) 
thrown [s\src\hotspot\share\prims\jni.cpp, line 516]
Event: 60.713 Thread 0x0000017de3de3180 Exception <a 'sun/nio/fs/WindowsException'{0x00000000967472a0}> (0x00000000967472a0) 
thrown [s\src\hotspot\share\prims\jni.cpp, line 516]

VM Operations (20 events):
Event: 57.372 Executing VM operation: HandshakeAllThreads
Event: 57.372 Executing VM operation: HandshakeAllThreads done
Event: 57.525 Executing VM operation: G1PauseCleanup
Event: 57.525 Executing VM operation: G1PauseCleanup done
Event: 57.868 Executing VM operation: G1CollectForAllocation
Event: 57.881 Executing VM operation: G1CollectForAllocation done
Event: 57.965 Executing VM operation: G1CollectForAllocation
Event: 57.980 Executing VM operation: G1CollectForAllocation done
Event: 58.990 Executing VM operation: Cleanup
Event: 58.997 Executing VM operation: Cleanup done
Event: 59.259 Executing VM operation: G1CollectForAllocation
Event: 59.299 Executing VM operation: G1CollectForAllocation done
Event: 60.303 Executing VM operation: Cleanup
Event: 60.321 Executing VM operation: Cleanup done
Event: 60.321 Executing VM operation: HandshakeAllThreads
Event: 60.321 Executing VM operation: HandshakeAllThreads done
Event: 60.354 Executing VM operation: HandshakeAllThreads
Event: 60.365 Executing VM operation: HandshakeAllThreads done
Event: 61.378 Executing VM operation: Cleanup
Event: 61.503 Executing VM operation: Cleanup done

Memory protections (0 events):
No events

Nmethod flushes (20 events):
Event: 51.293 Thread 0x0000017dc0683d70 flushing  nmethod 0x0000017dab8c7710
Event: 51.293 Thread 0x0000017dc0683d70 flushing  nmethod 0x0000017dab8c8590
Event: 51.293 Thread 0x0000017dc0683d70 flushing  nmethod 0x0000017dab8ef510
Event: 51.293 Thread 0x0000017dc0683d70 flushing  nmethod 0x0000017dab8f1910
Event: 51.293 Thread 0x0000017dc0683d70 flushing  nmethod 0x0000017dab905510
Event: 51.294 Thread 0x0000017dc0683d70 flushing  nmethod 0x0000017dab97c110
Event: 51.294 Thread 0x0000017dc0683d70 flushing  nmethod 0x0000017dab98b690
Event: 51.294 Thread 0x0000017dc0683d70 flushing  nmethod 0x0000017dab98ff10
Event: 51.295 Thread 0x0000017dc0683d70 flushing  nmethod 0x0000017dabaf1290
Event: 51.295 Thread 0x0000017dc0683d70 flushing  nmethod 0x0000017dabb06790
Event: 51.295 Thread 0x0000017dc0683d70 flushing  nmethod 0x0000017dabb39590
Event: 51.295 Thread 0x0000017dc0683d70 flushing  nmethod 0x0000017dabb39a10
Event: 51.295 Thread 0x0000017dc0683d70 flushing  nmethod 0x0000017dabb5fd90
Event: 51.295 Thread 0x0000017dc0683d70 flushing  nmethod 0x0000017dabb6fa10
Event: 51.295 Thread 0x0000017dc0683d70 flushing  nmethod 0x0000017dabb70310
Event: 51.295 Thread 0x0000017dc0683d70 flushing  nmethod 0x0000017dabbce290
Event: 51.295 Thread 0x0000017dc0683d70 flushing  nmethod 0x0000017dabbe5a90
Event: 51.296 Thread 0x0000017dc0683d70 flushing  nmethod 0x0000017dabc61190
Event: 54.676 Thread 0x0000017dc0683d70 flushing  nmethod 0x0000017db276ca10
Event: 54.679 Thread 0x0000017dc0683d70 flushing osr nmethod 0x0000017daa7f9d90

Events (20 events):
Event: 35.354 Thread 0x0000017de2bbb890 Thread exited: 0x0000017de2bbb890
Event: 36.390 Thread 0x0000017de1c33470 Thread added: 0x0000017dc0a3e600
Event: 37.407 Thread 0x0000017dc0656850 Thread added: 0x0000017de2bbd320
Event: 37.553 Thread 0x0000017de2bbd320 Thread exited: 0x0000017de2bbd320
Event: 37.714 Thread 0x0000017dc0656850 Thread added: 0x0000017de2bbb340
Event: 40.036 Thread 0x0000017de2bbb340 Thread exited: 0x0000017de2bbb340
Event: 40.314 Thread 0x0000017dc0656850 Thread added: 0x0000017de2bbe310
Event: 40.696 Thread 0x0000017de2bbe310 Thread exited: 0x0000017de2bbe310
Event: 42.738 Thread 0x0000017dc0656850 Thread added: 0x0000017de2bbd870
Event: 47.006 Thread 0x0000017de2bbd870 Thread exited: 0x0000017de2bbd870
Event: 47.363 Thread 0x0000017dc0656850 Thread added: 0x0000017de2bbc880
Event: 53.044 Thread 0x0000017de2bbc880 Thread exited: 0x0000017de2bbc880
Event: 53.618 Thread 0x0000017dc0656850 Thread added: 0x0000017deb181e30
Event: 57.533 Thread 0x0000017de3de3180 Thread added: 0x0000017de38e1d80
Event: 58.457 Thread 0x0000017deb181e30 Thread exited: 0x0000017deb181e30
Event: 60.584 Thread 0x0000017dc0656850 Thread added: 0x0000017deb17ee60
Event: 60.961 Thread 0x0000017deb17ee60 Thread exited: 0x0000017deb17ee60
Event: 61.603 Thread 0x0000017dc0654270 Thread added: 0x0000017deb1818e0
Event: 61.908 Thread 0x0000017deb1818e0 Thread exited: 0x0000017deb1818e0
Event: 61.948 Thread 0x0000017dc0656850 Thread added: 0x0000017deb17de70


Dynamic libraries:
0x00007ff728180000 - 0x00007ff72818e000 	C:\Program Files\Microsoft\jdk-17.0.13.11-hotspot\bin\java.exe
0x00007ffd1f0d0000 - 0x00007ffd1f2c8000 	C:\WINDOWS\SYSTEM32\ntdll.dll
0x00007ffd1dd80000 - 0x00007ffd1de42000 	C:\WINDOWS\System32\KERNEL32.DLL
0x00007ffd1c840000 - 0x00007ffd1cb3e000 	C:\WINDOWS\System32\KERNELBASE.dll
0x00007ffd1cc80000 - 0x00007ffd1cd80000 	C:\WINDOWS\System32\ucrtbase.dll
0x00007ffd11810000 - 0x00007ffd11827000 	C:\Program Files\Microsoft\jdk-17.0.13.11-hotspot\bin\jli.dll
0x00007ffd1e690000 - 0x00007ffd1e82d000 	C:\WINDOWS\System32\USER32.dll
0x00007ffd1c810000 - 0x00007ffd1c832000 	C:\WINDOWS\System32\win32u.dll
0x00007ffd1e1b0000 - 0x00007ffd1e1db000 	C:\WINDOWS\System32\GDI32.dll
0x00007ffd1cee0000 - 0x00007ffd1cff7000 	C:\WINDOWS\System32\gdi32full.dll
0x00007ffd1d050000 - 0x00007ffd1d0ed000 	C:\WINDOWS\System32\msvcp_win.dll
0x00007ffd17280000 - 0x00007ffd1729d000 	C:\Program Files\Microsoft\jdk-17.0.13.11-hotspot\bin\VCRUNTIME140.dll
0x00007ffd01fe0000 - 0x00007ffd0227a000 	C:\WINDOWS\WinSxS\amd64_microsoft.windows.common-controls_6595b64144ccf1df_6.0.19041.4355_none_60b8b9eb71f62e16\COMCTL32.dll
0x00007ffd1d870000 - 0x00007ffd1d90e000 	C:\WINDOWS\System32\msvcrt.dll
0x00007ffd1de50000 - 0x00007ffd1de7f000 	C:\WINDOWS\System32\IMM32.DLL
0x00007ffd17920000 - 0x00007ffd1792c000 	C:\Program Files\Microsoft\jdk-17.0.13.11-hotspot\bin\vcruntime140_1.dll
0x00007ffcfdd20000 - 0x00007ffcfddad000 	C:\Program Files\Microsoft\jdk-17.0.13.11-hotspot\bin\msvcp140.dll
0x00007ffcc9920000 - 0x00007ffcca591000 	C:\Program Files\Microsoft\jdk-17.0.13.11-hotspot\bin\server\jvm.dll
0x00007ffd1e090000 - 0x00007ffd1e141000 	C:\WINDOWS\System32\ADVAPI32.dll
0x00007ffd1ef90000 - 0x00007ffd1f02f000 	C:\WINDOWS\System32\sechost.dll
0x00007ffd1e430000 - 0x00007ffd1e553000 	C:\WINDOWS\System32\RPCRT4.dll
0x00007ffd1c7e0000 - 0x00007ffd1c807000 	C:\WINDOWS\System32\bcrypt.dll
0x00007ffd1e830000 - 0x00007ffd1e89b000 	C:\WINDOWS\System32\WS2_32.dll
0x00007ffd1bcb0000 - 0x00007ffd1bcfb000 	C:\WINDOWS\SYSTEM32\POWRPROF.dll
0x00007ffd062e0000 - 0x00007ffd06307000 	C:\WINDOWS\SYSTEM32\WINMM.dll
0x00007ffd0f560000 - 0x00007ffd0f56a000 	C:\WINDOWS\SYSTEM32\VERSION.dll
0x00007ffd1bb70000 - 0x00007ffd1bb82000 	C:\WINDOWS\SYSTEM32\UMPDC.dll
0x00007ffd1afe0000 - 0x00007ffd1aff2000 	C:\WINDOWS\SYSTEM32\kernel.appcore.dll
0x00007ffd172f0000 - 0x00007ffd172fa000 	C:\Program Files\Microsoft\jdk-17.0.13.11-hotspot\bin\jimage.dll
0x00007ffd193a0000 - 0x00007ffd19584000 	C:\WINDOWS\SYSTEM32\DBGHELP.DLL
0x00007ffcfea80000 - 0x00007ffcfeab4000 	C:\WINDOWS\SYSTEM32\dbgcore.DLL
0x00007ffd1cb40000 - 0x00007ffd1cbc2000 	C:\WINDOWS\System32\bcryptPrimitives.dll
0x00007ffd13d40000 - 0x00007ffd13d4e000 	C:\Program Files\Microsoft\jdk-17.0.13.11-hotspot\bin\instrument.dll
0x00007ffd06fc0000 - 0x00007ffd06fe5000 	C:\Program Files\Microsoft\jdk-17.0.13.11-hotspot\bin\java.dll
0x00007ffcfdbc0000 - 0x00007ffcfdc97000 	C:\Program Files\Microsoft\jdk-17.0.13.11-hotspot\bin\jsvml.dll
0x00007ffd1d0f0000 - 0x00007ffd1d85d000 	C:\WINDOWS\System32\SHELL32.dll
0x00007ffd1a7a0000 - 0x00007ffd1af44000 	C:\WINDOWS\SYSTEM32\windows.storage.dll
0x00007ffd1eae0000 - 0x00007ffd1ee33000 	C:\WINDOWS\System32\combase.dll
0x00007ffd1c1a0000 - 0x00007ffd1c1ce000 	C:\WINDOWS\SYSTEM32\Wldp.dll
0x00007ffd1eec0000 - 0x00007ffd1ef8d000 	C:\WINDOWS\System32\OLEAUT32.dll
0x00007ffd1e900000 - 0x00007ffd1e9ad000 	C:\WINDOWS\System32\SHCORE.dll
0x00007ffd1e150000 - 0x00007ffd1e1a5000 	C:\WINDOWS\System32\shlwapi.dll
0x00007ffd1c6a0000 - 0x00007ffd1c6c4000 	C:\WINDOWS\SYSTEM32\profapi.dll
0x00007ffd06b20000 - 0x00007ffd06b38000 	C:\Program Files\Microsoft\jdk-17.0.13.11-hotspot\bin\zip.dll
0x00007ffd117a0000 - 0x00007ffd117ba000 	C:\Program Files\Microsoft\jdk-17.0.13.11-hotspot\bin\net.dll
0x00007ffd19ad0000 - 0x00007ffd19bdd000 	C:\WINDOWS\SYSTEM32\WINHTTP.dll
0x00007ffd1bf00000 - 0x00007ffd1bf6a000 	C:\WINDOWS\system32\mswsock.dll
0x00007ffd06b40000 - 0x00007ffd06b56000 	C:\Program Files\Microsoft\jdk-17.0.13.11-hotspot\bin\nio.dll
0x00007ffd172b0000 - 0x00007ffd172c0000 	C:\Program Files\Microsoft\jdk-17.0.13.11-hotspot\bin\verify.dll
0x00007ffcff4d0000 - 0x00007ffcff4f7000 	C:\Users\aliah\.gradle\native\c067742578af261105cb4f569cf0c3c89f3d7b1fecec35dd04571415982c5e48\windows-amd64\native-platform.dll
0x00007ffcf1090000 - 0x00007ffcf11d4000 	C:\Users\aliah\.gradle\native\100fb08df4bc3b14c8652ba06237920a3bd2aa13389f12d3474272988ae205f9\windows-amd64\native-platform-file-events.dll
0x00007ffd154b0000 - 0x00007ffd154ba000 	C:\Program Files\Microsoft\jdk-17.0.13.11-hotspot\bin\management.dll
0x00007ffd149e0000 - 0x00007ffd149eb000 	C:\Program Files\Microsoft\jdk-17.0.13.11-hotspot\bin\management_ext.dll
0x00007ffd1d860000 - 0x00007ffd1d868000 	C:\WINDOWS\System32\PSAPI.DLL
0x00007ffd1c0f0000 - 0x00007ffd1c108000 	C:\WINDOWS\SYSTEM32\CRYPTSP.dll
0x00007ffd1b7b0000 - 0x00007ffd1b7e4000 	C:\WINDOWS\system32\rsaenh.dll
0x00007ffd1c660000 - 0x00007ffd1c68e000 	C:\WINDOWS\SYSTEM32\USERENV.dll
0x00007ffd1c110000 - 0x00007ffd1c11c000 	C:\WINDOWS\SYSTEM32\CRYPTBASE.dll
0x00007ffd1bb90000 - 0x00007ffd1bbcb000 	C:\WINDOWS\SYSTEM32\IPHLPAPI.DLL
0x00007ffd1e680000 - 0x00007ffd1e688000 	C:\WINDOWS\System32\NSI.dll
0x00007ffd13500000 - 0x00007ffd13517000 	C:\WINDOWS\SYSTEM32\dhcpcsvc6.DLL
0x00007ffd136b0000 - 0x00007ffd136cd000 	C:\WINDOWS\SYSTEM32\dhcpcsvc.DLL
0x00007ffd1bbd0000 - 0x00007ffd1bc9a000 	C:\WINDOWS\SYSTEM32\DNSAPI.dll
0x00007ffd141c0000 - 0x00007ffd141c9000 	C:\Program Files\Microsoft\jdk-17.0.13.11-hotspot\bin\extnet.dll
0x00007ffd11750000 - 0x00007ffd1175e000 	C:\Program Files\Microsoft\jdk-17.0.13.11-hotspot\bin\sunmscapi.dll
0x00007ffd1cd80000 - 0x00007ffd1cedc000 	C:\WINDOWS\System32\CRYPT32.dll
0x00007ffd1c210000 - 0x00007ffd1c237000 	C:\WINDOWS\SYSTEM32\ncrypt.dll
0x00007ffd1c1d0000 - 0x00007ffd1c20b000 	C:\WINDOWS\SYSTEM32\NTASN1.dll
0x00007ffd11450000 - 0x00007ffd11457000 	C:\WINDOWS\system32\wshunix.dll
0x00007ffd01930000 - 0x00007ffd01947000 	C:\WINDOWS\system32\napinsp.dll
0x00007ffd024a0000 - 0x00007ffd024bb000 	C:\WINDOWS\system32\pnrpnsp.dll
0x00007ffd16ab0000 - 0x00007ffd16ac5000 	C:\WINDOWS\system32\wshbth.dll
0x00007ffd17340000 - 0x00007ffd1735d000 	C:\WINDOWS\system32\NLAapi.dll
0x00007ffd02910000 - 0x00007ffd02922000 	C:\WINDOWS\System32\winrnr.dll
0x000000005ece0000 - 0x000000005ed06000 	C:\Program Files\Bonjour\mdnsNSP.dll
0x00007ffd0a860000 - 0x00007ffd0a86a000 	C:\Windows\System32\rasadhlp.dll
0x00007ffd0e990000 - 0x00007ffd0ea10000 	C:\WINDOWS\System32\fwpuclnt.dll

dbghelp: loaded successfully - version: 4.0.5 - missing functions: none
symbol engine: initialized successfully - sym options: 0x614 - pdb path: .;C:\Program Files\Microsoft\jdk-17.0.13.11-hotspot\bin;C:\WINDOWS\SYSTEM32;C:\WINDOWS\WinSxS\amd64_microsoft.windows.common-controls_6595b64144ccf1df_6.0.19041.4355_none_60b8b9eb71f62e16;C:\Program Files\Microsoft\jdk-17.0.13.11-hotspot\bin\server;C:\Users\aliah\.gradle\native\c067742578af261105cb4f569cf0c3c89f3d7b1fecec35dd04571415982c5e48\windows-amd64;C:\Users\aliah\.gradle\native\100fb08df4bc3b14c8652ba06237920a3bd2aa13389f12d3474272988ae205f9\windows-amd64;C:\Program Files\Bonjour

VM Arguments:
jvm_args: --add-opens=java.base/java.lang=ALL-UNNAMED --add-opens=java.base/java.lang.invoke=ALL-UNNAMED --add-opens=java.base/java.util=ALL-UNNAMED --add-opens=java.prefs/java.util.prefs=ALL-UNNAMED --add-exports=jdk.compiler/com.sun.tools.javac.api=ALL-UNNAMED --add-exports=jdk.compiler/com.sun.tools.javac.util=ALL-UNNAMED --add-opens=java.base/java.util=ALL-UNNAMED --add-opens=java.prefs/java.util.prefs=ALL-UNNAMED --add-opens=java.base/java.nio.charset=ALL-UNNAMED --add-opens=java.base/java.net=ALL-UNNAMED --add-opens=java.base/java.util.concurrent.atomic=ALL-UNNAMED --add-opens=java.xml/javax.xml.namespace=ALL-UNNAMED -XX:MaxMetaspaceSize=512m -Xmx2048m -Dfile.encoding=windows-1252 -Duser.country=US -Duser.language=en -Duser.variant -javaagent:C:\Users\aliah\.gradle\wrapper\dists\gradle-8.11.1-bin\bpt9gzteqjrbo1mjrsomdt32c\gradle-8.11.1\lib\agents\gradle-instrumentation-agent-8.11.1.jar 
java_command: org.gradle.launcher.daemon.bootstrap.GradleDaemon 8.11.1
java_class_path (initial): C:\Users\aliah\.gradle\wrapper\dists\gradle-8.11.1-bin\bpt9gzteqjrbo1mjrsomdt32c\gradle-8.11.1\lib\gradle-daemon-main-8.11.1.jar
Launcher Type: SUN_STANDARD

[Global flags]
     intx CICompilerCount                          = 3                                         {product} {ergonomic}
   size_t CompressedClassSpaceSize                 = 436207616                                 {product} {ergonomic}
     uint ConcGCThreads                            = 1                                         {product} {ergonomic}
     uint G1ConcRefinementThreads                  = 4                                         {product} {ergonomic}
   size_t G1HeapRegionSize                         = 1048576                                   {product} {ergonomic}
    uintx GCDrainStackTargetSize                   = 64                                        {product} {ergonomic}
   size_t InitialHeapSize                          = 132120576                                 {product} {ergonomic}
   size_t MarkStackSize                            = 4194304                                   {product} {ergonomic}
   size_t MaxHeapSize                              = 2147483648                                {product} {command line}
   size_t MaxMetaspaceSize                         = 536870912                                 {product} {command line}
   size_t MaxNewSize                               = 1287651328                                {product} {ergonomic}
   size_t MinHeapDeltaBytes                        = 1048576                                   {product} {ergonomic}
   size_t MinHeapSize                              = 8388608                                   {product} {ergonomic}
    uintx NonNMethodCodeHeapSize                   = 5832780                                {pd product} {ergonomic}
    uintx NonProfiledCodeHeapSize                  = 122912730                              {pd product} {ergonomic}
    uintx ProfiledCodeHeapSize                     = 122912730                              {pd product} {ergonomic}
    uintx ReservedCodeCacheSize                    = 251658240                              {pd product} {ergonomic}
     bool SegmentedCodeCache                       = true                                      {product} {ergonomic}
   size_t SoftMaxHeapSize                          = 2147483648                             {manageable} {ergonomic}
     bool UseCompressedClassPointers               = true                           {product lp64_product} {ergonomic}
     bool UseCompressedOops                        = true                           {product lp64_product} {ergonomic}
     bool UseG1GC                                  = true                                      {product} {ergonomic}
     bool UseLargePagesIndividualAllocation        = false                                  {pd product} {ergonomic}

Logging:
Log output configuration:
 #0: stdout all=warning uptime,level,tags
 #1: stderr all=off uptime,level,tags

Environment Variables:
JAVA_HOME=C:\Program Files\Microsoft\jdk-17.0.13.11-hotspot\
CLASSPATH=D:\React Native\MyProject\android\\gradle\wrapper\gradle-wrapper.jar
PATH=D:\React Native\MyProject\node_modules\.bin;D:\React Native\MyProject\node_modules\.bin;D:\React Native\node_modules\.bin;D:\node_modules\.bin;C:\Users\aliah\AppData\Roaming\npm\node_modules\npm\node_modules\@npmcli\run-script\lib\node-gyp-bin;D:\React Native\MyProject\node_modules\.bin;D:\React Native\node_modules\.bin;D:\node_modules\.bin;C:\Users\aliah\AppData\Roaming\npm\node_modules\npm\node_modules\@npmcli\run-script\lib\node-gyp-bin;C:\Program Files\Microsoft\jdk-17.0.13.11-hotspot\bin;C:\WINDOWS\system32;C:\WINDOWS;C:\WINDOWS\System32\Wbem;C:\WINDOWS\System32\WindowsPowerShell\v1.0\;C:\WINDOWS\System32\OpenSSH\;C:\Program Files\nodejs\;C:\Program Files\Git\cmd;C:\Users\aliah\AppData\Local\Android\Sdk\emulator;C:\Users\aliah\AppData\Local\Android\Sdk;C:\Users\aliah\AppData\Local\Android\Sdk\platform-tools;C:\ProgramData\chocolatey\bin;D:\React Native\MyProject\android\gradle-8.11.1\bin;C:\Users\aliah\AppData\Local\Microsoft\WindowsApps;C:\Users\aliah\AppData\Local\Programs\Microsoft VS Code\bin;C:\Users\aliah\AppData\Roaming\npm;C:\Program Files\Microsoft\jdk-17.0.13.11-hotspot\bin;D:\React Native\MyProject\android\gradle-8.11.1\bin;
USERNAME=aliah
OS=Windows_NT
PROCESSOR_IDENTIFIER=Intel64 Family 6 Model 142 Stepping 9, GenuineIntel
TMP=C:\Users\aliah\AppData\Local\Temp
TEMP=C:\Users\aliah\AppData\Local\Temp



Periodic native trim disabled


---------------  S Y S T E M  ---------------

OS:
 Windows 10 , 64 bit Build 19041 (10.0.19041.5198)
OS uptime: 4 days 10:26 hours

CPU: total 4 (initial active 4) (2 cores per cpu, 2 threads per core) family 6 model 142 stepping 9 microcode 0xf0, cx8, cmov, fxsr, ht, mmx, 3dnowpref, sse, sse2, sse3, ssse3, sse4.1, sse4.2, popcnt, lzcnt, tsc, tscinvbit, avx, avx2, aes, erms, clmul, bmi1, bmi2, adx, fma, vzeroupper, clflush, clflushopt
Processor Information for the first 4 processors :
  Max Mhz: 2904, Current Mhz: 2703, Mhz Limit: 2700

Memory: 4k page, system-wide physical 8042M (439M free)
TotalPageFile size 12138M (AvailPageFile size 0M)
current process WorkingSet (physical memory assigned to process): 455M, peak: 629M
current process commit charge ("private bytes"): 749M, peak: 753M

vm_info: OpenJDK 64-Bit Server VM (17.0.13+11-LTS) for windows-amd64 JRE (17.0.13+11-LTS), built on Oct 11 2024 23:25:05 by "MicrosoftCorporation" with unknown MS VC++:1939

END.
