#
# There is insufficient memory for the Java Runtime Environment to continue.
# Native memory allocation (malloc) failed to allocate 1575376 bytes. Error detail: Chunk::new
# Possible reasons:
#   The system is out of physical RAM or swap space
#   This process is running with CompressedOops enabled, and the Java Heap may be blocking the growth of the native heap
# Possible solutions:
#   Reduce memory load on the system
#   Increase physical memory or swap space
#   Check if swap backing store is full
#   Decrease Java heap size (-Xmx/-Xms)
#   Decrease number of Java threads
#   Decrease Java thread stack sizes (-Xss)
#   Set larger code cache with -XX:ReservedCodeCacheSize=
#   JVM is running with Unscaled Compressed Oops mode in which the Java heap is
#     placed in the first 4GB address space. The Java Heap base address is the
#     maximum limit for the native heap growth. Please use -XX:HeapBaseMinAddress
#     to set the Java Heap base and to place the Java Heap above 4GB virtual address.
# This output file may be truncated or incomplete.
#
#  Out of Memory Error (arena.cpp:191), pid=1504, tid=4876
#
# JRE version: OpenJDK Runtime Environment Microsoft-10376486 (17.0.13+11) (build 17.0.13+11-LTS)
# Java VM: OpenJDK 64-Bit Server VM Microsoft-10376486 (17.0.13+11-LTS, mixed mode, sharing, tiered, compressed oops, compressed class ptrs, g1 gc, windows-amd64)
# No core dump will be written. Minidumps are not enabled by default on client versions of Windows
#

---------------  S U M M A R Y ------------

Command Line: --add-opens=java.base/java.lang=ALL-UNNAMED --add-opens=java.base/java.lang.invoke=ALL-UNNAMED --add-opens=java.base/java.util=ALL-UNNAMED --add-opens=java.prefs/java.util.prefs=ALL-UNNAMED --add-exports=jdk.compiler/com.sun.tools.javac.api=ALL-UNNAMED --add-exports=jdk.compiler/com.sun.tools.javac.util=ALL-UNNAMED --add-opens=java.base/java.util=ALL-UNNAMED --add-opens=java.prefs/java.util.prefs=ALL-UNNAMED --add-opens=java.base/java.nio.charset=ALL-UNNAMED --add-opens=java.base/java.net=ALL-UNNAMED --add-opens=java.base/java.util.concurrent.atomic=ALL-UNNAMED --add-opens=java.xml/javax.xml.namespace=ALL-UNNAMED -XX:MaxMetaspaceSize=512m -Xmx2048m -Dfile.encoding=windows-1252 -Duser.country=US -Duser.language=en -Duser.variant -javaagent:C:\Users\aliah\.gradle\wrapper\dists\gradle-8.11.1-bin\bpt9gzteqjrbo1mjrsomdt32c\gradle-8.11.1\lib\agents\gradle-instrumentation-agent-8.11.1.jar org.gradle.launcher.daemon.bootstrap.GradleDaemon 8.11.1

Host: Intel(R) Core(TM) i7-7500U CPU @ 2.70GHz, 4 cores, 7G,  Windows 10 , 64 bit Build 19041 (10.0.19041.5198)
Time: Fri Jan 17 20:26:11 2025 Pakistan Standard Time elapsed time: 606.147142 seconds (0d 0h 10m 6s)

---------------  T H R E A D  ---------------

Current thread (0x000002dea9687460):  JavaThread "C2 CompilerThread1" daemon [_thread_in_native, id=4876, stack(0x000000e6e1900000,0x000000e6e1a00000)]


Current CompileTask:
C2: 606147 32755   !   4       com.google.common.reflect.TypeVisitor::visit (225 bytes)

Stack: [0x000000e6e1900000,0x000000e6e1a00000]
Native frames: (J=compiled Java code, j=interpreted, Vv=VM code, C=native code)
V  [jvm.dll+0x687fc9]
V  [jvm.dll+0x83eeb8]
V  [jvm.dll+0x840963]
V  [jvm.dll+0x840fd3]
V  [jvm.dll+0x24951f]
V  [jvm.dll+0xad0c4]
V  [jvm.dll+0xad75c]
V  [jvm.dll+0x36aaaf]
V  [jvm.dll+0x1bcd72]
V  [jvm.dll+0x21a8bc]
V  [jvm.dll+0x219b7f]
V  [jvm.dll+0x1a5506]
V  [jvm.dll+0x22a1ca]
V  [jvm.dll+0x22830b]
V  [jvm.dll+0x7f4708]
V  [jvm.dll+0x7eea6c]
V  [jvm.dll+0x686ea7]
C  [ucrtbase.dll+0x21bb2]
C  [KERNEL32.DLL+0x17374]
C  [ntdll.dll+0x4cc91]


---------------  P R O C E S S  ---------------

Threads class SMR info:
_java_thread_list=0x000002deb0853e60, length=72, elements={
0x000002dee58d09e0, 0x000002deff4bf8c0, 0x000002deff4c0650, 0x000002deff4dcf80,
0x000002deff4e0ad0, 0x000002deff4e13a0, 0x000002deff4e2410, 0x000002deff4e3f50,
0x000002deff4e8500, 0x000002deff4f3dc0, 0x000002deff4ad7a0, 0x000002deff6e5230,
0x000002dea415d080, 0x000002dea4700da0, 0x000002dea47e8900, 0x000002dea3b33700,
0x000002dea3b34630, 0x000002dea3b34120, 0x000002dea3b318a0, 0x000002dea6946db0,
0x000002dea69472c0, 0x000002dea6948c10, 0x000002dea70b0e00, 0x000002dea546d1a0,
0x000002dea5470950, 0x000002dea5471d90, 0x000002dea9335460, 0x000002dea7041110,
0x000002dea70443b0, 0x000002dea9824db0, 0x000002dea9823970, 0x000002dea98206d0,
0x000002dea981d940, 0x000002dea9821600, 0x000002dea9821b10, 0x000002dea981e870,
0x000002dea9822020, 0x000002dea9822530, 0x000002dea981e360, 0x000002dea9822a40,
0x000002dea981f290, 0x000002dea98252c0, 0x000002dea9687460, 0x000002dea981f7a0,
0x000002dea9822f50, 0x000002dea7043990, 0x000002dea70401e0, 0x000002dea70448c0,
0x000002dea7042040, 0x000002dea7042550, 0x000002dea70452e0, 0x000002dea7042a60,
0x000002dea7042f70, 0x000002dea7043480, 0x000002dea7043ea0, 0x000002dea7046720,
0x000002dea7044dd0, 0x000002dea70457f0, 0x000002dea7045d00, 0x000002dea7046210,
0x000002dea7046c30, 0x000002dea703f7c0, 0x000002dea7047140, 0x000002dea70406f0,
0x000002dea9335970, 0x000002dea9331290, 0x000002dea93317a0, 0x000002dea9334f50,
0x000002dea93321c0, 0x000002dea9335e80, 0x000002dea93368a0, 0x000002dea9334a40
}

Java Threads: ( => current thread )
  0x000002dee58d09e0 JavaThread "main" [_thread_blocked, id=12760, stack(0x000000e6dee00000,0x000000e6def00000)]
  0x000002deff4bf8c0 JavaThread "Reference Handler" daemon [_thread_blocked, id=9060, stack(0x000000e6df500000,0x000000e6df600000)]
  0x000002deff4c0650 JavaThread "Finalizer" daemon [_thread_blocked, id=5620, stack(0x000000e6df600000,0x000000e6df700000)]
  0x000002deff4dcf80 JavaThread "Signal Dispatcher" daemon [_thread_blocked, id=1072, stack(0x000000e6df700000,0x000000e6df800000)]
  0x000002deff4e0ad0 JavaThread "Attach Listener" daemon [_thread_blocked, id=16548, stack(0x000000e6df800000,0x000000e6df900000)]
  0x000002deff4e13a0 JavaThread "Service Thread" daemon [_thread_blocked, id=8336, stack(0x000000e6df900000,0x000000e6dfa00000)]
  0x000002deff4e2410 JavaThread "Monitor Deflation Thread" daemon [_thread_blocked, id=17216, stack(0x000000e6dfa00000,0x000000e6dfb00000)]
  0x000002deff4e3f50 JavaThread "C2 CompilerThread0" daemon [_thread_in_native, id=11900, stack(0x000000e6dfb00000,0x000000e6dfc00000)]
  0x000002deff4e8500 JavaThread "C1 CompilerThread0" daemon [_thread_blocked, id=15640, stack(0x000000e6dfc00000,0x000000e6dfd00000)]
  0x000002deff4f3dc0 JavaThread "Sweeper thread" daemon [_thread_blocked, id=7820, stack(0x000000e6dfd00000,0x000000e6dfe00000)]
  0x000002deff4ad7a0 JavaThread "Common-Cleaner" daemon [_thread_blocked, id=14784, stack(0x000000e6dfe00000,0x000000e6dff00000)]
  0x000002deff6e5230 JavaThread "Notification Thread" daemon [_thread_blocked, id=8604, stack(0x000000e6dff00000,0x000000e6e0000000)]
  0x000002dea415d080 JavaThread "Daemon health stats" [_thread_blocked, id=8804, stack(0x000000e6e0600000,0x000000e6e0700000)]
  0x000002dea4700da0 JavaThread "Incoming local TCP Connector on port 55432" [_thread_in_native, id=20332, stack(0x000000e6e0700000,0x000000e6e0800000)]
  0x000002dea47e8900 JavaThread "Daemon periodic checks" [_thread_blocked, id=7876, stack(0x000000e6e0800000,0x000000e6e0900000)]
  0x000002dea3b33700 JavaThread "Cache worker for journal cache (C:\Users\aliah\.gradle\caches\journal-1)" [_thread_blocked, id=19956, stack(0x000000e6e1000000,0x000000e6e1100000)]
  0x000002dea3b34630 JavaThread "File lock request listener" [_thread_in_native, id=17584, stack(0x000000e6e1100000,0x000000e6e1200000)]
  0x000002dea3b34120 JavaThread "Cache worker for file hash cache (C:\Users\aliah\.gradle\caches\8.11.1\fileHashes)" [_thread_blocked, id=6832, stack(0x000000e6e1200000,0x000000e6e1300000)]
  0x000002dea3b318a0 JavaThread "Cache worker for file content cache (C:\Users\aliah\.gradle\caches\8.11.1\fileContent)" [_thread_blocked, id=16848, stack(0x000000e6e1300000,0x000000e6e1400000)]
  0x000002dea6946db0 JavaThread "File watcher server" daemon [_thread_in_native, id=4428, stack(0x000000e6e1600000,0x000000e6e1700000)]
  0x000002dea69472c0 JavaThread "File watcher consumer" daemon [_thread_blocked, id=8844, stack(0x000000e6e1700000,0x000000e6e1800000)]
  0x000002dea6948c10 JavaThread "jar transforms" [_thread_blocked, id=16020, stack(0x000000e6e1c00000,0x000000e6e1d00000)]
  0x000002dea70b0e00 JavaThread "Memory manager" [_thread_blocked, id=19004, stack(0x000000e6e2d00000,0x000000e6e2e00000)]
  0x000002dea546d1a0 JavaThread "jar transforms Thread 2" [_thread_blocked, id=11536, stack(0x000000e6e4c00000,0x000000e6e4d00000)]
  0x000002dea5470950 JavaThread "jar transforms Thread 3" [_thread_blocked, id=9312, stack(0x000000e6e4d00000,0x000000e6e4e00000)]
  0x000002dea5471d90 JavaThread "jar transforms Thread 4" [_thread_blocked, id=11828, stack(0x000000e6e5200000,0x000000e6e5300000)]
  0x000002dea9335460 JavaThread "Cache worker for Java compile cache (C:\Users\aliah\.gradle\caches\8.11.1\javaCompile)" [_thread_blocked, id=5160, stack(0x000000e6e6200000,0x000000e6e6300000)]
  0x000002dea7041110 JavaThread "ForkJoinPool.commonPool-worker-8" daemon [_thread_blocked, id=15148, stack(0x000000e6e2700000,0x000000e6e2800000)]
  0x000002dea70443b0 JavaThread "ForkJoinPool.commonPool-worker-9" daemon [_thread_blocked, id=18376, stack(0x000000e6e2800000,0x000000e6e2900000)]
  0x000002dea9824db0 JavaThread "Daemon Thread 4" [_thread_blocked, id=14740, stack(0x000000e6dec00000,0x000000e6ded00000)]
  0x000002dea9823970 JavaThread "Handler for socket connection from /127.0.0.1:55432 to /127.0.0.1:55565" [_thread_in_native, id=19080, stack(0x000000e6ded00000,0x000000e6dee00000)]
  0x000002dea98206d0 JavaThread "Cancel handler" [_thread_blocked, id=10692, stack(0x000000e6e0100000,0x000000e6e0200000)]
  0x000002dea981d940 JavaThread "Daemon worker Thread 4" [_thread_in_native, id=12276, stack(0x000000e6e0900000,0x000000e6e0a00000)]
  0x000002dea9821600 JavaThread "Asynchronous log dispatcher for DefaultDaemonConnection: socket connection from /127.0.0.1:55432 to /127.0.0.1:55565" [_thread_blocked, id=12480, stack(0x000000e6e0a00000,0x000000e6e0b00000)]
  0x000002dea9821b10 JavaThread "Stdin handler" [_thread_blocked, id=9432, stack(0x000000e6e0b00000,0x000000e6e0c00000)]
  0x000002dea981e870 JavaThread "Daemon client event forwarder" [_thread_blocked, id=10516, stack(0x000000e6e0c00000,0x000000e6e0d00000)]
  0x000002dea9822020 JavaThread "Cache worker for file hash cache (D:\React Native\MyProject\android\.gradle\8.11.1\fileHashes)" [_thread_blocked, id=14364, stack(0x000000e6e0d00000,0x000000e6e0e00000)]
  0x000002dea9822530 JavaThread "Cache worker for Build Output Cleanup Cache (D:\React Native\MyProject\android\.gradle\buildOutputCleanup)" [_thread_blocked, id=12864, stack(0x000000e6e0e00000,0x000000e6e0f00000)]
  0x000002dea981e360 JavaThread "Cache worker for checksums cache (D:\React Native\MyProject\android\.gradle\8.11.1\checksums)" [_thread_blocked, id=13652, stack(0x000000e6e0f00000,0x000000e6e1000000)]
  0x000002dea9822a40 JavaThread "Cache worker for cache directory md-rule (C:\Users\aliah\.gradle\caches\8.11.1\md-rule)" [_thread_blocked, id=10760, stack(0x000000e6e1400000,0x000000e6e1500000)]
  0x000002dea981f290 JavaThread "Cache worker for cache directory md-supplier (C:\Users\aliah\.gradle\caches\8.11.1\md-supplier)" [_thread_blocked, id=14128, stack(0x000000e6e1500000,0x000000e6e1600000)]
  0x000002dea98252c0 JavaThread "Cache worker for Build Output Cleanup Cache (D:\React Native\MyProject\node_modules\@react-native\gradle-plugin\.gradle\buildOutputCleanup)" [_thread_blocked, id=10824, stack(0x000000e6e1800000,0x000000e6e1900000)]
=>0x000002dea9687460 JavaThread "C2 CompilerThread1" daemon [_thread_in_native, id=4876, stack(0x000000e6e1900000,0x000000e6e1a00000)]
  0x000002dea981f7a0 JavaThread "Unconstrained build operations" [_thread_blocked, id=16644, stack(0x000000e6e1a00000,0x000000e6e1b00000)]
  0x000002dea9822f50 JavaThread "Unconstrained build operations Thread 2" [_thread_blocked, id=7340, stack(0x000000e6e1d00000,0x000000e6e1e00000)]
  0x000002dea7043990 JavaThread "Unconstrained build operations Thread 3" [_thread_blocked, id=9612, stack(0x000000e6e1e00000,0x000000e6e1f00000)]
  0x000002dea70401e0 JavaThread "Unconstrained build operations Thread 4" [_thread_blocked, id=10552, stack(0x000000e6e1f00000,0x000000e6e2000000)]
  0x000002dea70448c0 JavaThread "Unconstrained build operations Thread 5" [_thread_blocked, id=14268, stack(0x000000e6e2000000,0x000000e6e2100000)]
  0x000002dea7042040 JavaThread "Unconstrained build operations Thread 6" [_thread_blocked, id=13844, stack(0x000000e6e2100000,0x000000e6e2200000)]
  0x000002dea7042550 JavaThread "Unconstrained build operations Thread 7" [_thread_blocked, id=5132, stack(0x000000e6e2200000,0x000000e6e2300000)]
  0x000002dea70452e0 JavaThread "Unconstrained build operations Thread 8" [_thread_blocked, id=10848, stack(0x000000e6e2300000,0x000000e6e2400000)]
  0x000002dea7042a60 JavaThread "Unconstrained build operations Thread 9" [_thread_blocked, id=1888, stack(0x000000e6e2400000,0x000000e6e2500000)]
  0x000002dea7042f70 JavaThread "Unconstrained build operations Thread 10" [_thread_blocked, id=4540, stack(0x000000e6e2500000,0x000000e6e2600000)]
  0x000002dea7043480 JavaThread "build event listener" [_thread_blocked, id=1172, stack(0x000000e6e2600000,0x000000e6e2700000)]
  0x000002dea7043ea0 JavaThread "ForkJoinPool.commonPool-worker-10" daemon [_thread_blocked, id=14496, stack(0x000000e6e2900000,0x000000e6e2a00000)]
  0x000002dea7046720 JavaThread "included builds" [_thread_blocked, id=18408, stack(0x000000e6e2a00000,0x000000e6e2b00000)]
  0x000002dea7044dd0 JavaThread "Execution worker" [_thread_blocked, id=14620, stack(0x000000e6e2b00000,0x000000e6e2c00000)]
  0x000002dea70457f0 JavaThread "Execution worker Thread 2" [_thread_blocked, id=17092, stack(0x000000e6e2c00000,0x000000e6e2d00000)]
  0x000002dea7045d00 JavaThread "Execution worker Thread 3" [_thread_blocked, id=260, stack(0x000000e6e2e00000,0x000000e6e2f00000)]
  0x000002dea7046210 JavaThread "Cache worker for execution history cache (D:\React Native\MyProject\node_modules\@react-native\gradle-plugin\.gradle\8.11.1\executionHistory)" [_thread_blocked, id=5540, stack(0x000000e6e2f00000,0x000000e6e3000000)]
  0x000002dea7046c30 JavaThread "Unconstrained build operations Thread 11" [_thread_blocked, id=10464, stack(0x000000e6e3000000,0x000000e6e3100000)]
  0x000002dea703f7c0 JavaThread "Unconstrained build operations Thread 12" [_thread_blocked, id=20416, stack(0x000000e6e3100000,0x000000e6e3200000)]
  0x000002dea7047140 JavaThread "Unconstrained build operations Thread 13" [_thread_blocked, id=13404, stack(0x000000e6e3200000,0x000000e6e3300000)]
  0x000002dea70406f0 JavaThread "Unconstrained build operations Thread 14" [_thread_blocked, id=6936, stack(0x000000e6e3300000,0x000000e6e3400000)]
  0x000002dea9335970 JavaThread "Unconstrained build operations Thread 15" [_thread_blocked, id=18948, stack(0x000000e6e3400000,0x000000e6e3500000)]
  0x000002dea9331290 JavaThread "Unconstrained build operations Thread 16" [_thread_blocked, id=5168, stack(0x000000e6e3500000,0x000000e6e3600000)]
  0x000002dea93317a0 JavaThread "Unconstrained build operations Thread 17" [_thread_blocked, id=14320, stack(0x000000e6e3600000,0x000000e6e3700000)]
  0x000002dea9334f50 JavaThread "Unconstrained build operations Thread 18" [_thread_blocked, id=13976, stack(0x000000e6e3700000,0x000000e6e3800000)]
  0x000002dea93321c0 JavaThread "Unconstrained build operations Thread 19" [_thread_blocked, id=5048, stack(0x000000e6e3800000,0x000000e6e3900000)]
  0x000002dea9335e80 JavaThread "Unconstrained build operations Thread 20" [_thread_blocked, id=5616, stack(0x000000e6e3900000,0x000000e6e3a00000)]
  0x000002dea93368a0 JavaThread "Unconstrained build operations Thread 21" [_thread_blocked, id=18320, stack(0x000000e6e3a00000,0x000000e6e3b00000)]
  0x000002dea9334a40 JavaThread "Unconstrained build operations Thread 22" [_thread_blocked, id=10864, stack(0x000000e6e3b00000,0x000000e6e3c00000)]

Other Threads:
  0x000002deff4b8b60 VMThread "VM Thread" [stack: 0x000000e6df400000,0x000000e6df500000] [id=7868]
  0x000002deff687300 WatcherThread [stack: 0x000000e6e0000000,0x000000e6e0100000] [id=14384]
  0x000002dee592dc90 GCTaskThread "GC Thread#0" [stack: 0x000000e6def00000,0x000000e6df000000] [id=15380]
  0x000002deff8955a0 GCTaskThread "GC Thread#1" [stack: 0x000000e6e0200000,0x000000e6e0300000] [id=11744]
  0x000002deff7d06a0 GCTaskThread "GC Thread#2" [stack: 0x000000e6e0300000,0x000000e6e0400000] [id=11104]
  0x000002dea3ba0730 GCTaskThread "GC Thread#3" [stack: 0x000000e6e0400000,0x000000e6e0500000] [id=14488]
  0x000002dee593eaf0 ConcurrentGCThread "G1 Main Marker" [stack: 0x000000e6df000000,0x000000e6df100000] [id=13680]
  0x000002dee593f420 ConcurrentGCThread "G1 Conc#0" [stack: 0x000000e6df100000,0x000000e6df200000] [id=16544]
  0x000002dee59841e0 ConcurrentGCThread "G1 Refine#0" [stack: 0x000000e6df200000,0x000000e6df300000] [id=15960]
  0x000002dea3b4b5e0 ConcurrentGCThread "G1 Refine#1" [stack: 0x000000e6e0500000,0x000000e6e0600000] [id=7984]
  0x000002dea53f4160 ConcurrentGCThread "G1 Refine#2" [stack: 0x000000e6e1b00000,0x000000e6e1c00000] [id=7548]
  0x000002dea99e74f0 ConcurrentGCThread "G1 Refine#3" [stack: 0x000000e6e6500000,0x000000e6e6600000] [id=7212]
  0x000002dee5984b20 ConcurrentGCThread "G1 Service" [stack: 0x000000e6df300000,0x000000e6df400000] [id=11376]

Threads with active compile tasks:
C2 CompilerThread0   606196 32778       4       org.gradle.api.internal.artifacts.ivyservice.resolveengine.graph.builder.DependencyGraphBuilder::resolveEdges (47 bytes)
C2 CompilerThread1   606197 32755   !   4       com.google.common.reflect.TypeVisitor::visit (225 bytes)

VM state: not at safepoint (normal execution)

VM Mutex/Monitor currently owned by a thread: None

Heap address: 0x0000000080000000, size: 2048 MB, Compressed Oops mode: 32-bit

CDS archive(s) mapped at: [0x000002de84000000-0x000002de84bb0000-0x000002de84bb0000), size 12255232, SharedBaseAddress: 0x000002de84000000, ArchiveRelocationMode: 1.
Compressed class space mapped at: 0x000002de85000000-0x000002de9f000000, reserved size: 436207616
Narrow klass base: 0x000002de84000000, Narrow klass shift: 0, Narrow klass range: 0x100000000

GC Precious Log:
 CPUs: 4 total, 4 available
 Memory: 8042M
 Large Page Support: Disabled
 NUMA Support: Disabled
 Compressed Oops: Enabled (32-bit)
 Heap Region Size: 1M
 Heap Min Capacity: 8M
 Heap Initial Capacity: 126M
 Heap Max Capacity: 2G
 Pre-touch: Disabled
 Parallel Workers: 4
 Concurrent Workers: 1
 Concurrent Refinement Workers: 4
 Periodic GC: Disabled

Heap:
 garbage-first heap   total 519168K, used 400896K [0x0000000080000000, 0x0000000100000000)
  region size 1024K, 105 young (107520K), 13 survivors (13312K)
 Metaspace       used 159563K, committed 161600K, reserved 622592K
  class space    used 21126K, committed 22080K, reserved 425984K

Heap Regions: E=young(eden), S=young(survivor), O=old, HS=humongous(starts), HC=humongous(continues), CS=collection set, F=free, OA=open archive, CA=closed archive, TAMS=top-at-mark-start (previous, next)
|   0|0x0000000080000000, 0x0000000080100000, 0x0000000080100000|100%|HS|  |TAMS 0x0000000080100000, 0x0000000080000000| Complete 
|   1|0x0000000080100000, 0x0000000080200000, 0x0000000080200000|100%|HC|  |TAMS 0x0000000080200000, 0x0000000080100000| Complete 
|   2|0x0000000080200000, 0x0000000080300000, 0x0000000080300000|100%|HC|  |TAMS 0x0000000080300000, 0x0000000080200000| Complete 
|   3|0x0000000080300000, 0x0000000080400000, 0x0000000080400000|100%| O|  |TAMS 0x0000000080400000, 0x0000000080300000| Untracked 
|   4|0x0000000080400000, 0x0000000080500000, 0x0000000080500000|100%| O|  |TAMS 0x0000000080500000, 0x0000000080400000| Untracked 
|   5|0x0000000080500000, 0x0000000080600000, 0x0000000080600000|100%| O|  |TAMS 0x0000000080600000, 0x0000000080500000| Untracked 
|   6|0x0000000080600000, 0x0000000080700000, 0x0000000080700000|100%| O|  |TAMS 0x0000000080700000, 0x0000000080600000| Untracked 
|   7|0x0000000080700000, 0x0000000080800000, 0x0000000080800000|100%|HS|  |TAMS 0x0000000080800000, 0x0000000080700000| Complete 
|   8|0x0000000080800000, 0x0000000080900000, 0x0000000080900000|100%| O|  |TAMS 0x0000000080900000, 0x0000000080800000| Untracked 
|   9|0x0000000080900000, 0x0000000080a00000, 0x0000000080a00000|100%| O|  |TAMS 0x0000000080a00000, 0x0000000080900000| Untracked 
|  10|0x0000000080a00000, 0x0000000080b00000, 0x0000000080b00000|100%| O|  |TAMS 0x0000000080b00000, 0x0000000080a00000| Untracked 
|  11|0x0000000080b00000, 0x0000000080c00000, 0x0000000080c00000|100%| O|  |TAMS 0x0000000080c00000, 0x0000000080b00000| Untracked 
|  12|0x0000000080c00000, 0x0000000080d00000, 0x0000000080d00000|100%| O|  |TAMS 0x0000000080d00000, 0x0000000080c00000| Untracked 
|  13|0x0000000080d00000, 0x0000000080e00000, 0x0000000080e00000|100%| O|  |TAMS 0x0000000080e00000, 0x0000000080d00000| Untracked 
|  14|0x0000000080e00000, 0x0000000080f00000, 0x0000000080f00000|100%| O|  |TAMS 0x0000000080f00000, 0x0000000080e00000| Untracked 
|  15|0x0000000080f00000, 0x0000000081000000, 0x0000000081000000|100%| O|  |TAMS 0x0000000081000000, 0x0000000080f00000| Untracked 
|  16|0x0000000081000000, 0x0000000081100000, 0x0000000081100000|100%| O|  |TAMS 0x0000000081100000, 0x0000000081000000| Untracked 
|  17|0x0000000081100000, 0x0000000081200000, 0x0000000081200000|100%| O|  |TAMS 0x0000000081200000, 0x0000000081100000| Untracked 
|  18|0x0000000081200000, 0x0000000081300000, 0x0000000081300000|100%| O|  |TAMS 0x0000000081300000, 0x0000000081200000| Untracked 
|  19|0x0000000081300000, 0x0000000081400000, 0x0000000081400000|100%| O|  |TAMS 0x0000000081400000, 0x0000000081300000| Untracked 
|  20|0x0000000081400000, 0x0000000081500000, 0x0000000081500000|100%| O|  |TAMS 0x0000000081500000, 0x0000000081400000| Untracked 
|  21|0x0000000081500000, 0x0000000081600000, 0x0000000081600000|100%| O|  |TAMS 0x0000000081600000, 0x0000000081500000| Untracked 
|  22|0x0000000081600000, 0x0000000081700000, 0x0000000081700000|100%| O|  |TAMS 0x0000000081700000, 0x0000000081600000| Untracked 
|  23|0x0000000081700000, 0x0000000081800000, 0x0000000081800000|100%| O|  |TAMS 0x0000000081800000, 0x0000000081700000| Untracked 
|  24|0x0000000081800000, 0x0000000081900000, 0x0000000081900000|100%| O|  |TAMS 0x0000000081900000, 0x0000000081800000| Untracked 
|  25|0x0000000081900000, 0x0000000081a00000, 0x0000000081a00000|100%| O|  |TAMS 0x0000000081a00000, 0x0000000081900000| Untracked 
|  26|0x0000000081a00000, 0x0000000081b00000, 0x0000000081b00000|100%| O|  |TAMS 0x0000000081b00000, 0x0000000081a00000| Untracked 
|  27|0x0000000081b00000, 0x0000000081c00000, 0x0000000081c00000|100%| O|  |TAMS 0x0000000081c00000, 0x0000000081b00000| Untracked 
|  28|0x0000000081c00000, 0x0000000081d00000, 0x0000000081d00000|100%| O|  |TAMS 0x0000000081d00000, 0x0000000081c00000| Untracked 
|  29|0x0000000081d00000, 0x0000000081e00000, 0x0000000081e00000|100%| O|  |TAMS 0x0000000081e00000, 0x0000000081d00000| Untracked 
|  30|0x0000000081e00000, 0x0000000081f00000, 0x0000000081f00000|100%| O|  |TAMS 0x0000000081f00000, 0x0000000081e00000| Untracked 
|  31|0x0000000081f00000, 0x0000000082000000, 0x0000000082000000|100%| O|  |TAMS 0x0000000082000000, 0x0000000081f00000| Untracked 
|  32|0x0000000082000000, 0x0000000082100000, 0x0000000082100000|100%| O|  |TAMS 0x0000000082100000, 0x0000000082000000| Untracked 
|  33|0x0000000082100000, 0x0000000082200000, 0x0000000082200000|100%|HS|  |TAMS 0x0000000082200000, 0x0000000082100000| Complete 
|  34|0x0000000082200000, 0x0000000082300000, 0x0000000082300000|100%| O|  |TAMS 0x0000000082300000, 0x0000000082200000| Untracked 
|  35|0x0000000082300000, 0x0000000082400000, 0x0000000082400000|100%| O|  |TAMS 0x0000000082400000, 0x0000000082300000| Untracked 
|  36|0x0000000082400000, 0x0000000082500000, 0x0000000082500000|100%| O|  |TAMS 0x0000000082500000, 0x0000000082400000| Untracked 
|  37|0x0000000082500000, 0x0000000082600000, 0x0000000082600000|100%| O|  |TAMS 0x0000000082600000, 0x0000000082500000| Untracked 
|  38|0x0000000082600000, 0x0000000082700000, 0x0000000082700000|100%| O|  |TAMS 0x0000000082700000, 0x0000000082600000| Untracked 
|  39|0x0000000082700000, 0x0000000082800000, 0x0000000082800000|100%|HS|  |TAMS 0x0000000082800000, 0x0000000082700000| Complete 
|  40|0x0000000082800000, 0x0000000082900000, 0x0000000082900000|100%|HC|  |TAMS 0x0000000082900000, 0x0000000082800000| Complete 
|  41|0x0000000082900000, 0x0000000082a00000, 0x0000000082a00000|100%|HS|  |TAMS 0x0000000082a00000, 0x0000000082900000| Complete 
|  42|0x0000000082a00000, 0x0000000082b00000, 0x0000000082b00000|100%|HC|  |TAMS 0x0000000082b00000, 0x0000000082a00000| Complete 
|  43|0x0000000082b00000, 0x0000000082c00000, 0x0000000082c00000|100%|HS|  |TAMS 0x0000000082c00000, 0x0000000082b00000| Complete 
|  44|0x0000000082c00000, 0x0000000082d00000, 0x0000000082d00000|100%|HC|  |TAMS 0x0000000082d00000, 0x0000000082c00000| Complete 
|  45|0x0000000082d00000, 0x0000000082e00000, 0x0000000082e00000|100%|HC|  |TAMS 0x0000000082e00000, 0x0000000082d00000| Complete 
|  46|0x0000000082e00000, 0x0000000082f00000, 0x0000000082f00000|100%|HC|  |TAMS 0x0000000082f00000, 0x0000000082e00000| Complete 
|  47|0x0000000082f00000, 0x0000000083000000, 0x0000000083000000|100%|HS|  |TAMS 0x0000000083000000, 0x0000000082f00000| Complete 
|  48|0x0000000083000000, 0x0000000083100000, 0x0000000083100000|100%|HC|  |TAMS 0x0000000083100000, 0x0000000083000000| Complete 
|  49|0x0000000083100000, 0x0000000083200000, 0x0000000083200000|100%|HC|  |TAMS 0x0000000083200000, 0x0000000083100000| Complete 
|  50|0x0000000083200000, 0x0000000083300000, 0x0000000083300000|100%|HC|  |TAMS 0x0000000083300000, 0x0000000083200000| Complete 
|  51|0x0000000083300000, 0x0000000083400000, 0x0000000083400000|100%| O|  |TAMS 0x0000000083400000, 0x0000000083300000| Untracked 
|  52|0x0000000083400000, 0x0000000083500000, 0x0000000083500000|100%|HS|  |TAMS 0x0000000083500000, 0x0000000083400000| Complete 
|  53|0x0000000083500000, 0x0000000083600000, 0x0000000083600000|100%| O|  |TAMS 0x0000000083600000, 0x0000000083500000| Untracked 
|  54|0x0000000083600000, 0x0000000083700000, 0x0000000083700000|100%| O|  |TAMS 0x0000000083700000, 0x0000000083600000| Untracked 
|  55|0x0000000083700000, 0x0000000083800000, 0x0000000083800000|100%| O|  |TAMS 0x0000000083800000, 0x0000000083700000| Untracked 
|  56|0x0000000083800000, 0x0000000083900000, 0x0000000083900000|100%| O|  |TAMS 0x0000000083900000, 0x0000000083800000| Untracked 
|  57|0x0000000083900000, 0x0000000083a00000, 0x0000000083a00000|100%| O|  |TAMS 0x0000000083a00000, 0x0000000083900000| Untracked 
|  58|0x0000000083a00000, 0x0000000083b00000, 0x0000000083b00000|100%| O|  |TAMS 0x0000000083b00000, 0x0000000083a00000| Untracked 
|  59|0x0000000083b00000, 0x0000000083c00000, 0x0000000083c00000|100%| O|  |TAMS 0x0000000083c00000, 0x0000000083b00000| Untracked 
|  60|0x0000000083c00000, 0x0000000083d00000, 0x0000000083d00000|100%| O|  |TAMS 0x0000000083d00000, 0x0000000083c00000| Untracked 
|  61|0x0000000083d00000, 0x0000000083e00000, 0x0000000083e00000|100%| O|  |TAMS 0x0000000083e00000, 0x0000000083d00000| Untracked 
|  62|0x0000000083e00000, 0x0000000083f00000, 0x0000000083f00000|100%| O|  |TAMS 0x0000000083f00000, 0x0000000083e00000| Untracked 
|  63|0x0000000083f00000, 0x0000000084000000, 0x0000000084000000|100%| O|  |TAMS 0x0000000084000000, 0x0000000083f00000| Untracked 
|  64|0x0000000084000000, 0x0000000084100000, 0x0000000084100000|100%| O|  |TAMS 0x0000000084000000, 0x0000000084000000| Untracked 
|  65|0x0000000084100000, 0x0000000084200000, 0x0000000084200000|100%| O|  |TAMS 0x0000000084200000, 0x0000000084100000| Untracked 
|  66|0x0000000084200000, 0x0000000084300000, 0x0000000084300000|100%| O|  |TAMS 0x0000000084300000, 0x0000000084200000| Untracked 
|  67|0x0000000084300000, 0x0000000084400000, 0x0000000084400000|100%| O|  |TAMS 0x0000000084400000, 0x0000000084300000| Untracked 
|  68|0x0000000084400000, 0x0000000084500000, 0x0000000084500000|100%| O|  |TAMS 0x0000000084500000, 0x0000000084400000| Untracked 
|  69|0x0000000084500000, 0x0000000084600000, 0x0000000084600000|100%| O|  |TAMS 0x0000000084600000, 0x0000000084500000| Untracked 
|  70|0x0000000084600000, 0x0000000084700000, 0x0000000084700000|100%| O|  |TAMS 0x0000000084700000, 0x0000000084600000| Untracked 
|  71|0x0000000084700000, 0x0000000084800000, 0x0000000084800000|100%|HS|  |TAMS 0x0000000084700000, 0x0000000084700000| Complete 
|  72|0x0000000084800000, 0x0000000084900000, 0x0000000084900000|100%|HC|  |TAMS 0x0000000084800000, 0x0000000084800000| Complete 
|  73|0x0000000084900000, 0x0000000084a00000, 0x0000000084a00000|100%| O|  |TAMS 0x0000000084a00000, 0x0000000084900000| Untracked 
|  74|0x0000000084a00000, 0x0000000084b00000, 0x0000000084b00000|100%| O|  |TAMS 0x0000000084b00000, 0x0000000084a00000| Untracked 
|  75|0x0000000084b00000, 0x0000000084c00000, 0x0000000084c00000|100%| O|  |TAMS 0x0000000084c00000, 0x0000000084b00000| Untracked 
|  76|0x0000000084c00000, 0x0000000084d00000, 0x0000000084d00000|100%| O|  |TAMS 0x0000000084d00000, 0x0000000084c00000| Untracked 
|  77|0x0000000084d00000, 0x0000000084e00000, 0x0000000084e00000|100%| O|  |TAMS 0x0000000084d00000, 0x0000000084d00000| Untracked 
|  78|0x0000000084e00000, 0x0000000084f00000, 0x0000000084f00000|100%| O|  |TAMS 0x0000000084e00000, 0x0000000084e00000| Untracked 
|  79|0x0000000084f00000, 0x0000000085000000, 0x0000000085000000|100%| O|  |TAMS 0x0000000085000000, 0x0000000084f00000| Untracked 
|  80|0x0000000085000000, 0x0000000085100000, 0x0000000085100000|100%|HS|  |TAMS 0x0000000085100000, 0x0000000085000000| Complete 
|  81|0x0000000085100000, 0x0000000085200000, 0x0000000085200000|100%|HS|  |TAMS 0x0000000085200000, 0x0000000085100000| Complete 
|  82|0x0000000085200000, 0x0000000085300000, 0x0000000085300000|100%| O|  |TAMS 0x0000000085300000, 0x0000000085200000| Untracked 
|  83|0x0000000085300000, 0x0000000085400000, 0x0000000085400000|100%|HS|  |TAMS 0x0000000085400000, 0x0000000085300000| Complete 
|  84|0x0000000085400000, 0x0000000085500000, 0x0000000085500000|100%|HS|  |TAMS 0x0000000085500000, 0x0000000085400000| Complete 
|  85|0x0000000085500000, 0x0000000085600000, 0x0000000085600000|100%| O|  |TAMS 0x0000000085600000, 0x0000000085500000| Untracked 
|  86|0x0000000085600000, 0x0000000085700000, 0x0000000085700000|100%| O|  |TAMS 0x0000000085700000, 0x0000000085600000| Untracked 
|  87|0x0000000085700000, 0x0000000085800000, 0x0000000085800000|100%| O|  |TAMS 0x0000000085800000, 0x0000000085700000| Untracked 
|  88|0x0000000085800000, 0x0000000085900000, 0x0000000085900000|100%| O|  |TAMS 0x0000000085900000, 0x0000000085800000| Untracked 
|  89|0x0000000085900000, 0x0000000085a00000, 0x0000000085a00000|100%| O|  |TAMS 0x0000000085a00000, 0x0000000085900000| Untracked 
|  90|0x0000000085a00000, 0x0000000085b00000, 0x0000000085b00000|100%| O|  |TAMS 0x0000000085b00000, 0x0000000085a00000| Untracked 
|  91|0x0000000085b00000, 0x0000000085c00000, 0x0000000085c00000|100%| O|  |TAMS 0x0000000085c00000, 0x0000000085b00000| Untracked 
|  92|0x0000000085c00000, 0x0000000085d00000, 0x0000000085d00000|100%| O|  |TAMS 0x0000000085c00000, 0x0000000085c00000| Untracked 
|  93|0x0000000085d00000, 0x0000000085e00000, 0x0000000085e00000|100%| O|  |TAMS 0x0000000085e00000, 0x0000000085d00000| Untracked 
|  94|0x0000000085e00000, 0x0000000085f00000, 0x0000000085f00000|100%| O|  |TAMS 0x0000000085f00000, 0x0000000085e00000| Untracked 
|  95|0x0000000085f00000, 0x0000000086000000, 0x0000000086000000|100%| O|  |TAMS 0x0000000086000000, 0x0000000085f00000| Untracked 
|  96|0x0000000086000000, 0x0000000086100000, 0x0000000086100000|100%| O|  |TAMS 0x0000000086100000, 0x0000000086000000| Untracked 
|  97|0x0000000086100000, 0x0000000086200000, 0x0000000086200000|100%| O|  |TAMS 0x0000000086200000, 0x0000000086100000| Untracked 
|  98|0x0000000086200000, 0x0000000086300000, 0x0000000086300000|100%| O|  |TAMS 0x0000000086300000, 0x0000000086200000| Untracked 
|  99|0x0000000086300000, 0x0000000086400000, 0x0000000086400000|100%|HS|  |TAMS 0x0000000086400000, 0x0000000086300000| Complete 
| 100|0x0000000086400000, 0x0000000086500000, 0x0000000086500000|100%|HS|  |TAMS 0x0000000086500000, 0x0000000086400000| Complete 
| 101|0x0000000086500000, 0x0000000086600000, 0x0000000086600000|100%|HC|  |TAMS 0x0000000086600000, 0x0000000086500000| Complete 
| 102|0x0000000086600000, 0x0000000086700000, 0x0000000086700000|100%| O|  |TAMS 0x0000000086700000, 0x0000000086600000| Untracked 
| 103|0x0000000086700000, 0x0000000086800000, 0x0000000086800000|100%| O|  |TAMS 0x0000000086800000, 0x0000000086700000| Untracked 
| 104|0x0000000086800000, 0x0000000086900000, 0x0000000086900000|100%| O|  |TAMS 0x0000000086900000, 0x0000000086800000| Untracked 
| 105|0x0000000086900000, 0x0000000086a00000, 0x0000000086a00000|100%|HS|  |TAMS 0x0000000086a00000, 0x0000000086900000| Complete 
| 106|0x0000000086a00000, 0x0000000086b00000, 0x0000000086b00000|100%|HC|  |TAMS 0x0000000086b00000, 0x0000000086a00000| Complete 
| 107|0x0000000086b00000, 0x0000000086c00000, 0x0000000086c00000|100%| O|  |TAMS 0x0000000086c00000, 0x0000000086b00000| Untracked 
| 108|0x0000000086c00000, 0x0000000086d00000, 0x0000000086d00000|100%| O|  |TAMS 0x0000000086d00000, 0x0000000086c00000| Untracked 
| 109|0x0000000086d00000, 0x0000000086e00000, 0x0000000086e00000|100%| O|  |TAMS 0x0000000086e00000, 0x0000000086d00000| Untracked 
| 110|0x0000000086e00000, 0x0000000086f00000, 0x0000000086f00000|100%| O|  |TAMS 0x0000000086f00000, 0x0000000086e00000| Untracked 
| 111|0x0000000086f00000, 0x0000000087000000, 0x0000000087000000|100%| O|  |TAMS 0x0000000086f00000, 0x0000000086f00000| Untracked 
| 112|0x0000000087000000, 0x0000000087100000, 0x0000000087100000|100%| O|  |TAMS 0x0000000087000000, 0x0000000087000000| Untracked 
| 113|0x0000000087100000, 0x0000000087200000, 0x0000000087200000|100%| O|  |TAMS 0x0000000087100000, 0x0000000087100000| Untracked 
| 114|0x0000000087200000, 0x0000000087300000, 0x0000000087300000|100%| O|  |TAMS 0x0000000087200000, 0x0000000087200000| Untracked 
| 115|0x0000000087300000, 0x0000000087400000, 0x0000000087400000|100%| O|  |TAMS 0x0000000087300000, 0x0000000087300000| Untracked 
| 116|0x0000000087400000, 0x0000000087500000, 0x0000000087500000|100%| O|  |TAMS 0x0000000087400000, 0x0000000087400000| Untracked 
| 117|0x0000000087500000, 0x0000000087600000, 0x0000000087600000|100%| O|  |TAMS 0x0000000087600000, 0x0000000087500000| Untracked 
| 118|0x0000000087600000, 0x0000000087700000, 0x0000000087700000|100%| O|  |TAMS 0x0000000087700000, 0x0000000087600000| Untracked 
| 119|0x0000000087700000, 0x0000000087800000, 0x0000000087800000|100%| O|  |TAMS 0x0000000087800000, 0x0000000087700000| Untracked 
| 120|0x0000000087800000, 0x0000000087900000, 0x0000000087900000|100%| O|  |TAMS 0x0000000087900000, 0x0000000087800000| Untracked 
| 121|0x0000000087900000, 0x0000000087a00000, 0x0000000087a00000|100%| O|  |TAMS 0x0000000087a00000, 0x0000000087900000| Untracked 
| 122|0x0000000087a00000, 0x0000000087b00000, 0x0000000087b00000|100%| O|  |TAMS 0x0000000087b00000, 0x0000000087a00000| Untracked 
| 123|0x0000000087b00000, 0x0000000087c00000, 0x0000000087c00000|100%| O|  |TAMS 0x0000000087c00000, 0x0000000087b00000| Untracked 
| 124|0x0000000087c00000, 0x0000000087d00000, 0x0000000087d00000|100%| O|  |TAMS 0x0000000087d00000, 0x0000000087c00000| Untracked 
| 125|0x0000000087d00000, 0x0000000087e00000, 0x0000000087e00000|100%| O|  |TAMS 0x0000000087e00000, 0x0000000087d00000| Untracked 
| 126|0x0000000087e00000, 0x0000000087f00000, 0x0000000087f00000|100%| O|  |TAMS 0x0000000087f00000, 0x0000000087e00000| Untracked 
| 127|0x0000000087f00000, 0x0000000088000000, 0x0000000088000000|100%| O|  |TAMS 0x0000000088000000, 0x0000000087f00000| Untracked 
| 128|0x0000000088000000, 0x0000000088100000, 0x0000000088100000|100%| O|  |TAMS 0x0000000088000000, 0x0000000088000000| Untracked 
| 129|0x0000000088100000, 0x0000000088200000, 0x0000000088200000|100%| O|  |TAMS 0x0000000088200000, 0x0000000088100000| Untracked 
| 130|0x0000000088200000, 0x0000000088300000, 0x0000000088300000|100%| O|  |TAMS 0x0000000088200000, 0x0000000088200000| Untracked 
| 131|0x0000000088300000, 0x0000000088400000, 0x0000000088400000|100%| O|  |TAMS 0x0000000088400000, 0x0000000088300000| Untracked 
| 132|0x0000000088400000, 0x0000000088500000, 0x0000000088500000|100%| O|  |TAMS 0x0000000088500000, 0x0000000088400000| Untracked 
| 133|0x0000000088500000, 0x0000000088600000, 0x0000000088600000|100%|HS|  |TAMS 0x0000000088600000, 0x0000000088500000| Complete 
| 134|0x0000000088600000, 0x0000000088700000, 0x0000000088700000|100%|HS|  |TAMS 0x0000000088700000, 0x0000000088600000| Complete 
| 135|0x0000000088700000, 0x0000000088800000, 0x0000000088800000|100%| O|  |TAMS 0x0000000088800000, 0x0000000088700000| Untracked 
| 136|0x0000000088800000, 0x0000000088900000, 0x0000000088900000|100%|HS|  |TAMS 0x0000000088900000, 0x0000000088800000| Complete 
| 137|0x0000000088900000, 0x0000000088a00000, 0x0000000088a00000|100%|HC|  |TAMS 0x0000000088a00000, 0x0000000088900000| Complete 
| 138|0x0000000088a00000, 0x0000000088b00000, 0x0000000088b00000|100%| O|  |TAMS 0x0000000088b00000, 0x0000000088a00000| Untracked 
| 139|0x0000000088b00000, 0x0000000088c00000, 0x0000000088c00000|100%| O|  |TAMS 0x0000000088b00000, 0x0000000088b00000| Untracked 
| 140|0x0000000088c00000, 0x0000000088d00000, 0x0000000088d00000|100%| O|  |TAMS 0x0000000088d00000, 0x0000000088c00000| Untracked 
| 141|0x0000000088d00000, 0x0000000088e00000, 0x0000000088e00000|100%|HS|  |TAMS 0x0000000088d00000, 0x0000000088d00000| Complete 
| 142|0x0000000088e00000, 0x0000000088f00000, 0x0000000088f00000|100%|HC|  |TAMS 0x0000000088e00000, 0x0000000088e00000| Complete 
| 143|0x0000000088f00000, 0x0000000089000000, 0x0000000089000000|100%| O|  |TAMS 0x0000000088f00000, 0x0000000088f00000| Untracked 
| 144|0x0000000089000000, 0x0000000089100000, 0x0000000089100000|100%| O|  |TAMS 0x0000000089000000, 0x0000000089000000| Untracked 
| 145|0x0000000089100000, 0x0000000089200000, 0x0000000089200000|100%| O|  |TAMS 0x0000000089100000, 0x0000000089100000| Untracked 
| 146|0x0000000089200000, 0x0000000089300000, 0x0000000089300000|100%| O|  |TAMS 0x0000000089200000, 0x0000000089200000| Untracked 
| 147|0x0000000089300000, 0x0000000089400000, 0x0000000089400000|100%| O|  |TAMS 0x0000000089400000, 0x0000000089300000| Untracked 
| 148|0x0000000089400000, 0x0000000089500000, 0x0000000089500000|100%| O|  |TAMS 0x0000000089500000, 0x0000000089400000| Untracked 
| 149|0x0000000089500000, 0x0000000089600000, 0x0000000089600000|100%| O|  |TAMS 0x0000000089600000, 0x0000000089500000| Untracked 
| 150|0x0000000089600000, 0x0000000089700000, 0x0000000089700000|100%| O|  |TAMS 0x0000000089700000, 0x0000000089600000| Untracked 
| 151|0x0000000089700000, 0x0000000089800000, 0x0000000089800000|100%| O|  |TAMS 0x0000000089800000, 0x0000000089700000| Untracked 
| 152|0x0000000089800000, 0x0000000089900000, 0x0000000089900000|100%| O|  |TAMS 0x0000000089900000, 0x0000000089800000| Untracked 
| 153|0x0000000089900000, 0x0000000089a00000, 0x0000000089a00000|100%| O|  |TAMS 0x0000000089900000, 0x0000000089900000| Untracked 
| 154|0x0000000089a00000, 0x0000000089b00000, 0x0000000089b00000|100%| O|  |TAMS 0x0000000089a00000, 0x0000000089a00000| Untracked 
| 155|0x0000000089b00000, 0x0000000089c00000, 0x0000000089c00000|100%| O|  |TAMS 0x0000000089b00000, 0x0000000089b00000| Untracked 
| 156|0x0000000089c00000, 0x0000000089d00000, 0x0000000089d00000|100%| O|  |TAMS 0x0000000089d00000, 0x0000000089c00000| Untracked 
| 157|0x0000000089d00000, 0x0000000089e00000, 0x0000000089e00000|100%|HS|  |TAMS 0x0000000089e00000, 0x0000000089d00000| Complete 
| 158|0x0000000089e00000, 0x0000000089f00000, 0x0000000089f00000|100%| O|  |TAMS 0x0000000089f00000, 0x0000000089e00000| Untracked 
| 159|0x0000000089f00000, 0x000000008a000000, 0x000000008a000000|100%| O|  |TAMS 0x000000008a000000, 0x0000000089f00000| Untracked 
| 160|0x000000008a000000, 0x000000008a100000, 0x000000008a100000|100%| O|  |TAMS 0x000000008a100000, 0x000000008a000000| Untracked 
| 161|0x000000008a100000, 0x000000008a200000, 0x000000008a200000|100%| O|  |TAMS 0x000000008a200000, 0x000000008a100000| Untracked 
| 162|0x000000008a200000, 0x000000008a300000, 0x000000008a300000|100%| O|  |TAMS 0x000000008a300000, 0x000000008a200000| Untracked 
| 163|0x000000008a300000, 0x000000008a400000, 0x000000008a400000|100%| O|  |TAMS 0x000000008a400000, 0x000000008a300000| Untracked 
| 164|0x000000008a400000, 0x000000008a500000, 0x000000008a500000|100%| O|  |TAMS 0x000000008a500000, 0x000000008a400000| Untracked 
| 165|0x000000008a500000, 0x000000008a600000, 0x000000008a600000|100%| O|  |TAMS 0x000000008a600000, 0x000000008a500000| Untracked 
| 166|0x000000008a600000, 0x000000008a700000, 0x000000008a700000|100%| O|  |TAMS 0x000000008a700000, 0x000000008a600000| Untracked 
| 167|0x000000008a700000, 0x000000008a800000, 0x000000008a800000|100%| O|  |TAMS 0x000000008a700000, 0x000000008a700000| Untracked 
| 168|0x000000008a800000, 0x000000008a900000, 0x000000008a900000|100%| O|  |TAMS 0x000000008a900000, 0x000000008a800000| Untracked 
| 169|0x000000008a900000, 0x000000008aa00000, 0x000000008aa00000|100%| O|  |TAMS 0x000000008a900000, 0x000000008a900000| Untracked 
| 170|0x000000008aa00000, 0x000000008ab00000, 0x000000008ab00000|100%| O|  |TAMS 0x000000008ab00000, 0x000000008aa00000| Untracked 
| 171|0x000000008ab00000, 0x000000008ac00000, 0x000000008ac00000|100%| O|  |TAMS 0x000000008ac00000, 0x000000008ab00000| Untracked 
| 172|0x000000008ac00000, 0x000000008ad00000, 0x000000008ad00000|100%| O|  |TAMS 0x000000008ad00000, 0x000000008ac00000| Untracked 
| 173|0x000000008ad00000, 0x000000008ae00000, 0x000000008ae00000|100%| O|  |TAMS 0x000000008ad00000, 0x000000008ad00000| Untracked 
| 174|0x000000008ae00000, 0x000000008af00000, 0x000000008af00000|100%| O|  |TAMS 0x000000008ae00000, 0x000000008ae00000| Untracked 
| 175|0x000000008af00000, 0x000000008b000000, 0x000000008b000000|100%| O|  |TAMS 0x000000008af00000, 0x000000008af00000| Untracked 
| 176|0x000000008b000000, 0x000000008b100000, 0x000000008b100000|100%| O|  |TAMS 0x000000008b000000, 0x000000008b000000| Untracked 
| 177|0x000000008b100000, 0x000000008b200000, 0x000000008b200000|100%| O|  |TAMS 0x000000008b200000, 0x000000008b100000| Untracked 
| 178|0x000000008b200000, 0x000000008b300000, 0x000000008b300000|100%| O|  |TAMS 0x000000008b300000, 0x000000008b200000| Untracked 
| 179|0x000000008b300000, 0x000000008b400000, 0x000000008b400000|100%| O|  |TAMS 0x000000008b400000, 0x000000008b300000| Untracked 
| 180|0x000000008b400000, 0x000000008b500000, 0x000000008b500000|100%| O|  |TAMS 0x000000008b500000, 0x000000008b400000| Untracked 
| 181|0x000000008b500000, 0x000000008b600000, 0x000000008b600000|100%| O|  |TAMS 0x000000008b600000, 0x000000008b500000| Untracked 
| 182|0x000000008b600000, 0x000000008b700000, 0x000000008b700000|100%| O|  |TAMS 0x000000008b700000, 0x000000008b600000| Untracked 
| 183|0x000000008b700000, 0x000000008b800000, 0x000000008b800000|100%| O|  |TAMS 0x000000008b800000, 0x000000008b700000| Untracked 
| 184|0x000000008b800000, 0x000000008b900000, 0x000000008b900000|100%| O|  |TAMS 0x000000008b900000, 0x000000008b800000| Untracked 
| 185|0x000000008b900000, 0x000000008ba00000, 0x000000008ba00000|100%| O|  |TAMS 0x000000008ba00000, 0x000000008b900000| Untracked 
| 186|0x000000008ba00000, 0x000000008bb00000, 0x000000008bb00000|100%| O|  |TAMS 0x000000008bb00000, 0x000000008ba00000| Untracked 
| 187|0x000000008bb00000, 0x000000008bc00000, 0x000000008bc00000|100%| O|  |TAMS 0x000000008bc00000, 0x000000008bb00000| Untracked 
| 188|0x000000008bc00000, 0x000000008bd00000, 0x000000008bd00000|100%| O|  |TAMS 0x000000008bd00000, 0x000000008bc00000| Untracked 
| 189|0x000000008bd00000, 0x000000008be00000, 0x000000008be00000|100%| O|  |TAMS 0x000000008be00000, 0x000000008bd00000| Untracked 
| 190|0x000000008be00000, 0x000000008bf00000, 0x000000008bf00000|100%| O|  |TAMS 0x000000008bf00000, 0x000000008be00000| Untracked 
| 191|0x000000008bf00000, 0x000000008c000000, 0x000000008c000000|100%| O|  |TAMS 0x000000008c000000, 0x000000008bf00000| Untracked 
| 192|0x000000008c000000, 0x000000008c100000, 0x000000008c100000|100%| O|  |TAMS 0x000000008c100000, 0x000000008c000000| Untracked 
| 193|0x000000008c100000, 0x000000008c200000, 0x000000008c200000|100%| O|  |TAMS 0x000000008c200000, 0x000000008c100000| Untracked 
| 194|0x000000008c200000, 0x000000008c300000, 0x000000008c300000|100%| O|  |TAMS 0x000000008c300000, 0x000000008c200000| Untracked 
| 195|0x000000008c300000, 0x000000008c400000, 0x000000008c400000|100%| O|  |TAMS 0x000000008c400000, 0x000000008c300000| Untracked 
| 196|0x000000008c400000, 0x000000008c500000, 0x000000008c500000|100%| O|  |TAMS 0x000000008c500000, 0x000000008c400000| Untracked 
| 197|0x000000008c500000, 0x000000008c600000, 0x000000008c600000|100%| O|  |TAMS 0x000000008c600000, 0x000000008c500000| Untracked 
| 198|0x000000008c600000, 0x000000008c700000, 0x000000008c700000|100%| O|  |TAMS 0x000000008c700000, 0x000000008c600000| Untracked 
| 199|0x000000008c700000, 0x000000008c800000, 0x000000008c800000|100%| O|  |TAMS 0x000000008c800000, 0x000000008c700000| Untracked 
| 200|0x000000008c800000, 0x000000008c900000, 0x000000008c900000|100%| O|  |TAMS 0x000000008c900000, 0x000000008c800000| Untracked 
| 201|0x000000008c900000, 0x000000008ca00000, 0x000000008ca00000|100%| O|  |TAMS 0x000000008ca00000, 0x000000008c900000| Untracked 
| 202|0x000000008ca00000, 0x000000008cb00000, 0x000000008cb00000|100%| O|  |TAMS 0x000000008ca00000, 0x000000008ca00000| Untracked 
| 203|0x000000008cb00000, 0x000000008cc00000, 0x000000008cc00000|100%| O|  |TAMS 0x000000008cc00000, 0x000000008cb00000| Untracked 
| 204|0x000000008cc00000, 0x000000008cd00000, 0x000000008cd00000|100%| O|  |TAMS 0x000000008cd00000, 0x000000008cc00000| Untracked 
| 205|0x000000008cd00000, 0x000000008ce00000, 0x000000008ce00000|100%| O|  |TAMS 0x000000008ce00000, 0x000000008cd00000| Untracked 
| 206|0x000000008ce00000, 0x000000008cf00000, 0x000000008cf00000|100%| O|  |TAMS 0x000000008cf00000, 0x000000008ce00000| Untracked 
| 207|0x000000008cf00000, 0x000000008d000000, 0x000000008d000000|100%| O|  |TAMS 0x000000008d000000, 0x000000008cf00000| Untracked 
| 208|0x000000008d000000, 0x000000008d100000, 0x000000008d100000|100%| O|  |TAMS 0x000000008d100000, 0x000000008d000000| Untracked 
| 209|0x000000008d100000, 0x000000008d200000, 0x000000008d200000|100%| O|  |TAMS 0x000000008d200000, 0x000000008d100000| Untracked 
| 210|0x000000008d200000, 0x000000008d300000, 0x000000008d300000|100%| O|  |TAMS 0x000000008d300000, 0x000000008d200000| Untracked 
| 211|0x000000008d300000, 0x000000008d400000, 0x000000008d400000|100%| O|  |TAMS 0x000000008d400000, 0x000000008d300000| Untracked 
| 212|0x000000008d400000, 0x000000008d500000, 0x000000008d500000|100%| O|  |TAMS 0x000000008d500000, 0x000000008d400000| Untracked 
| 213|0x000000008d500000, 0x000000008d600000, 0x000000008d600000|100%| O|  |TAMS 0x000000008d600000, 0x000000008d500000| Untracked 
| 214|0x000000008d600000, 0x000000008d700000, 0x000000008d700000|100%| O|  |TAMS 0x000000008d700000, 0x000000008d600000| Untracked 
| 215|0x000000008d700000, 0x000000008d800000, 0x000000008d800000|100%| O|  |TAMS 0x000000008d800000, 0x000000008d700000| Untracked 
| 216|0x000000008d800000, 0x000000008d900000, 0x000000008d900000|100%| O|  |TAMS 0x000000008d900000, 0x000000008d800000| Untracked 
| 217|0x000000008d900000, 0x000000008da00000, 0x000000008da00000|100%| O|  |TAMS 0x000000008da00000, 0x000000008d900000| Untracked 
| 218|0x000000008da00000, 0x000000008db00000, 0x000000008db00000|100%| O|  |TAMS 0x000000008db00000, 0x000000008da00000| Untracked 
| 219|0x000000008db00000, 0x000000008dc00000, 0x000000008dc00000|100%| O|  |TAMS 0x000000008db00000, 0x000000008db00000| Untracked 
| 220|0x000000008dc00000, 0x000000008dd00000, 0x000000008dd00000|100%| O|  |TAMS 0x000000008dd00000, 0x000000008dc00000| Untracked 
| 221|0x000000008dd00000, 0x000000008de00000, 0x000000008de00000|100%| O|  |TAMS 0x000000008de00000, 0x000000008dd00000| Untracked 
| 222|0x000000008de00000, 0x000000008df00000, 0x000000008df00000|100%| O|  |TAMS 0x000000008df00000, 0x000000008de00000| Untracked 
| 223|0x000000008df00000, 0x000000008e000000, 0x000000008e000000|100%| O|  |TAMS 0x000000008df00000, 0x000000008df00000| Untracked 
| 224|0x000000008e000000, 0x000000008e100000, 0x000000008e100000|100%| O|  |TAMS 0x000000008e000000, 0x000000008e000000| Untracked 
| 225|0x000000008e100000, 0x000000008e200000, 0x000000008e200000|100%| O|  |TAMS 0x000000008e200000, 0x000000008e100000| Untracked 
| 226|0x000000008e200000, 0x000000008e300000, 0x000000008e300000|100%| O|  |TAMS 0x000000008e200000, 0x000000008e200000| Untracked 
| 227|0x000000008e300000, 0x000000008e400000, 0x000000008e400000|100%| O|  |TAMS 0x000000008e300000, 0x000000008e300000| Untracked 
| 228|0x000000008e400000, 0x000000008e500000, 0x000000008e500000|100%| O|  |TAMS 0x000000008e500000, 0x000000008e400000| Untracked 
| 229|0x000000008e500000, 0x000000008e600000, 0x000000008e600000|100%| O|  |TAMS 0x000000008e500000, 0x000000008e500000| Untracked 
| 230|0x000000008e600000, 0x000000008e700000, 0x000000008e700000|100%| O|  |TAMS 0x000000008e700000, 0x000000008e600000| Untracked 
| 231|0x000000008e700000, 0x000000008e800000, 0x000000008e800000|100%| O|  |TAMS 0x000000008e800000, 0x000000008e700000| Untracked 
| 232|0x000000008e800000, 0x000000008e900000, 0x000000008e900000|100%| O|  |TAMS 0x000000008e900000, 0x000000008e800000| Untracked 
| 233|0x000000008e900000, 0x000000008ea00000, 0x000000008ea00000|100%| O|  |TAMS 0x000000008ea00000, 0x000000008e900000| Untracked 
| 234|0x000000008ea00000, 0x000000008eb00000, 0x000000008eb00000|100%| O|  |TAMS 0x000000008eb00000, 0x000000008ea00000| Untracked 
| 235|0x000000008eb00000, 0x000000008ec00000, 0x000000008ec00000|100%| O|  |TAMS 0x000000008eb00000, 0x000000008eb00000| Untracked 
| 236|0x000000008ec00000, 0x000000008ed00000, 0x000000008ed00000|100%| O|  |TAMS 0x000000008ec00000, 0x000000008ec00000| Untracked 
| 237|0x000000008ed00000, 0x000000008ee00000, 0x000000008ee00000|100%| O|  |TAMS 0x000000008ed00000, 0x000000008ed00000| Untracked 
| 238|0x000000008ee00000, 0x000000008ef00000, 0x000000008ef00000|100%| O|  |TAMS 0x000000008ee00000, 0x000000008ee00000| Untracked 
| 239|0x000000008ef00000, 0x000000008f000000, 0x000000008f000000|100%| O|  |TAMS 0x000000008ef00000, 0x000000008ef00000| Untracked 
| 240|0x000000008f000000, 0x000000008f100000, 0x000000008f100000|100%| O|  |TAMS 0x000000008f000000, 0x000000008f000000| Untracked 
| 241|0x000000008f100000, 0x000000008f200000, 0x000000008f200000|100%| O|  |TAMS 0x000000008f100000, 0x000000008f100000| Untracked 
| 242|0x000000008f200000, 0x000000008f300000, 0x000000008f300000|100%| O|  |TAMS 0x000000008f200000, 0x000000008f200000| Untracked 
| 243|0x000000008f300000, 0x000000008f400000, 0x000000008f400000|100%| O|  |TAMS 0x000000008f300000, 0x000000008f300000| Untracked 
| 244|0x000000008f400000, 0x000000008f500000, 0x000000008f500000|100%| O|  |TAMS 0x000000008f400000, 0x000000008f400000| Untracked 
| 245|0x000000008f500000, 0x000000008f600000, 0x000000008f600000|100%| O|  |TAMS 0x000000008f500000, 0x000000008f500000| Untracked 
| 246|0x000000008f600000, 0x000000008f700000, 0x000000008f700000|100%| O|  |TAMS 0x000000008f600000, 0x000000008f600000| Untracked 
| 247|0x000000008f700000, 0x000000008f800000, 0x000000008f800000|100%| O|  |TAMS 0x000000008f800000, 0x000000008f700000| Untracked 
| 248|0x000000008f800000, 0x000000008f900000, 0x000000008f900000|100%| O|  |TAMS 0x000000008f800000, 0x000000008f800000| Untracked 
| 249|0x000000008f900000, 0x000000008fa00000, 0x000000008fa00000|100%| O|  |TAMS 0x000000008f900000, 0x000000008f900000| Untracked 
| 250|0x000000008fa00000, 0x000000008fb00000, 0x000000008fb00000|100%| O|  |TAMS 0x000000008fa00000, 0x000000008fa00000| Untracked 
| 251|0x000000008fb00000, 0x000000008fc00000, 0x000000008fc00000|100%| O|  |TAMS 0x000000008fc00000, 0x000000008fb00000| Untracked 
| 252|0x000000008fc00000, 0x000000008fd00000, 0x000000008fd00000|100%| O|  |TAMS 0x000000008fc8c000, 0x000000008fc00000| Untracked 
| 253|0x000000008fd00000, 0x000000008fe00000, 0x000000008fe00000|100%| O|  |TAMS 0x000000008fd00000, 0x000000008fd00000| Untracked 
| 254|0x000000008fe00000, 0x000000008ff00000, 0x000000008ff00000|100%| O|  |TAMS 0x000000008fe00000, 0x000000008fe00000| Untracked 
| 255|0x000000008ff00000, 0x0000000090000000, 0x0000000090000000|100%| O|  |TAMS 0x000000008ff00000, 0x000000008ff00000| Untracked 
| 256|0x0000000090000000, 0x0000000090100000, 0x0000000090100000|100%| O|  |TAMS 0x0000000090000000, 0x0000000090000000| Untracked 
| 257|0x0000000090100000, 0x0000000090200000, 0x0000000090200000|100%| O|  |TAMS 0x0000000090100000, 0x0000000090100000| Untracked 
| 258|0x0000000090200000, 0x0000000090300000, 0x0000000090300000|100%| O|  |TAMS 0x0000000090200000, 0x0000000090200000| Untracked 
| 259|0x0000000090300000, 0x0000000090400000, 0x0000000090400000|100%| O|  |TAMS 0x0000000090400000, 0x0000000090300000| Untracked 
| 260|0x0000000090400000, 0x0000000090500000, 0x0000000090500000|100%| O|  |TAMS 0x0000000090500000, 0x0000000090400000| Untracked 
| 261|0x0000000090500000, 0x0000000090600000, 0x0000000090600000|100%| O|  |TAMS 0x0000000090600000, 0x0000000090500000| Untracked 
| 262|0x0000000090600000, 0x0000000090700000, 0x0000000090700000|100%| O|  |TAMS 0x0000000090700000, 0x0000000090600000| Untracked 
| 263|0x0000000090700000, 0x0000000090800000, 0x0000000090800000|100%| O|  |TAMS 0x0000000090700000, 0x0000000090700000| Untracked 
| 264|0x0000000090800000, 0x0000000090900000, 0x0000000090900000|100%| O|  |TAMS 0x0000000090800000, 0x0000000090800000| Untracked 
| 265|0x0000000090900000, 0x0000000090a00000, 0x0000000090a00000|100%| O|  |TAMS 0x0000000090a00000, 0x0000000090900000| Untracked 
| 266|0x0000000090a00000, 0x0000000090b00000, 0x0000000090b00000|100%|HS|  |TAMS 0x0000000090a00000, 0x0000000090a00000| Complete 
| 267|0x0000000090b00000, 0x0000000090c00000, 0x0000000090c00000|100%|HC|  |TAMS 0x0000000090b00000, 0x0000000090b00000| Complete 
| 268|0x0000000090c00000, 0x0000000090d00000, 0x0000000090d00000|100%| O|  |TAMS 0x0000000090c00000, 0x0000000090c00000| Untracked 
| 269|0x0000000090d00000, 0x0000000090e00000, 0x0000000090e00000|100%| O|  |TAMS 0x0000000090d00000, 0x0000000090d00000| Untracked 
| 270|0x0000000090e00000, 0x0000000090f00000, 0x0000000090f00000|100%| O|  |TAMS 0x0000000090e00000, 0x0000000090e00000| Untracked 
| 271|0x0000000090f00000, 0x0000000091000000, 0x0000000091000000|100%| O|  |TAMS 0x0000000090f00000, 0x0000000090f00000| Untracked 
| 272|0x0000000091000000, 0x0000000091100000, 0x0000000091100000|100%| O|  |TAMS 0x0000000091000000, 0x0000000091000000| Untracked 
| 273|0x0000000091100000, 0x0000000091200000, 0x0000000091200000|100%| O|  |TAMS 0x0000000091100000, 0x0000000091100000| Untracked 
| 274|0x0000000091200000, 0x0000000091300000, 0x0000000091300000|100%| O|  |TAMS 0x0000000091200000, 0x0000000091200000| Untracked 
| 275|0x0000000091300000, 0x0000000091400000, 0x0000000091400000|100%| O|  |TAMS 0x0000000091300000, 0x0000000091300000| Untracked 
| 276|0x0000000091400000, 0x0000000091500000, 0x0000000091500000|100%| O|  |TAMS 0x0000000091400000, 0x0000000091400000| Untracked 
| 277|0x0000000091500000, 0x0000000091600000, 0x0000000091600000|100%| O|  |TAMS 0x0000000091500000, 0x0000000091500000| Untracked 
| 278|0x0000000091600000, 0x0000000091700000, 0x0000000091700000|100%| O|  |TAMS 0x0000000091600000, 0x0000000091600000| Untracked 
| 279|0x0000000091700000, 0x0000000091800000, 0x0000000091800000|100%| O|  |TAMS 0x0000000091700000, 0x0000000091700000| Untracked 
| 280|0x0000000091800000, 0x0000000091900000, 0x0000000091900000|100%| O|  |TAMS 0x0000000091800000, 0x0000000091800000| Untracked 
| 281|0x0000000091900000, 0x0000000091a00000, 0x0000000091a00000|100%| O|  |TAMS 0x0000000091900000, 0x0000000091900000| Untracked 
| 282|0x0000000091a00000, 0x0000000091b00000, 0x0000000091b00000|100%| O|  |TAMS 0x0000000091a00000, 0x0000000091a00000| Untracked 
| 283|0x0000000091b00000, 0x0000000091c00000, 0x0000000091c00000|100%| O|  |TAMS 0x0000000091b00000, 0x0000000091b00000| Untracked 
| 284|0x0000000091c00000, 0x0000000091d00000, 0x0000000091d00000|100%| O|  |TAMS 0x0000000091c00000, 0x0000000091c00000| Untracked 
| 285|0x0000000091d00000, 0x0000000091e00000, 0x0000000091e00000|100%| O|  |TAMS 0x0000000091d00000, 0x0000000091d00000| Untracked 
| 286|0x0000000091e00000, 0x0000000091f00000, 0x0000000091f00000|100%| O|  |TAMS 0x0000000091e00000, 0x0000000091e00000| Untracked 
| 287|0x0000000091f00000, 0x0000000092000000, 0x0000000092000000|100%| O|  |TAMS 0x0000000091f00000, 0x0000000091f00000| Untracked 
| 288|0x0000000092000000, 0x0000000092100000, 0x0000000092100000|100%| O|  |TAMS 0x0000000092000000, 0x0000000092000000| Untracked 
| 289|0x0000000092100000, 0x0000000092100000, 0x0000000092200000|  0%| F|  |TAMS 0x0000000092100000, 0x0000000092100000| Untracked 
| 290|0x0000000092200000, 0x0000000092200000, 0x0000000092300000|  0%| F|  |TAMS 0x0000000092200000, 0x0000000092200000| Untracked 
| 291|0x0000000092300000, 0x0000000092300000, 0x0000000092400000|  0%| F|  |TAMS 0x0000000092300000, 0x0000000092300000| Untracked 
| 292|0x0000000092400000, 0x0000000092400000, 0x0000000092500000|  0%| F|  |TAMS 0x0000000092400000, 0x0000000092400000| Untracked 
| 293|0x0000000092500000, 0x0000000092500000, 0x0000000092600000|  0%| F|  |TAMS 0x0000000092500000, 0x0000000092500000| Untracked 
| 294|0x0000000092600000, 0x0000000092600000, 0x0000000092700000|  0%| F|  |TAMS 0x0000000092600000, 0x0000000092600000| Untracked 
| 295|0x0000000092700000, 0x0000000092700000, 0x0000000092800000|  0%| F|  |TAMS 0x0000000092700000, 0x0000000092700000| Untracked 
| 296|0x0000000092800000, 0x0000000092800000, 0x0000000092900000|  0%| F|  |TAMS 0x0000000092800000, 0x0000000092800000| Untracked 
| 297|0x0000000092900000, 0x0000000092900000, 0x0000000092a00000|  0%| F|  |TAMS 0x0000000092900000, 0x0000000092900000| Untracked 
| 298|0x0000000092a00000, 0x0000000092a00000, 0x0000000092b00000|  0%| F|  |TAMS 0x0000000092a00000, 0x0000000092a00000| Untracked 
| 299|0x0000000092b00000, 0x0000000092b00000, 0x0000000092c00000|  0%| F|  |TAMS 0x0000000092b00000, 0x0000000092b00000| Untracked 
| 300|0x0000000092c00000, 0x0000000092c00000, 0x0000000092d00000|  0%| F|  |TAMS 0x0000000092c00000, 0x0000000092c00000| Untracked 
| 301|0x0000000092d00000, 0x0000000092d00000, 0x0000000092e00000|  0%| F|  |TAMS 0x0000000092d00000, 0x0000000092d00000| Untracked 
| 302|0x0000000092e00000, 0x0000000092e00000, 0x0000000092f00000|  0%| F|  |TAMS 0x0000000092e00000, 0x0000000092e00000| Untracked 
| 303|0x0000000092f00000, 0x0000000092f00000, 0x0000000093000000|  0%| F|  |TAMS 0x0000000092f00000, 0x0000000092f00000| Untracked 
| 304|0x0000000093000000, 0x0000000093000000, 0x0000000093100000|  0%| F|  |TAMS 0x0000000093000000, 0x0000000093000000| Untracked 
| 305|0x0000000093100000, 0x0000000093100000, 0x0000000093200000|  0%| F|  |TAMS 0x0000000093100000, 0x0000000093100000| Untracked 
| 306|0x0000000093200000, 0x0000000093200000, 0x0000000093300000|  0%| F|  |TAMS 0x0000000093200000, 0x0000000093200000| Untracked 
| 307|0x0000000093300000, 0x0000000093300000, 0x0000000093400000|  0%| F|  |TAMS 0x0000000093300000, 0x0000000093300000| Untracked 
| 308|0x0000000093400000, 0x0000000093400000, 0x0000000093500000|  0%| F|  |TAMS 0x0000000093400000, 0x0000000093400000| Untracked 
| 309|0x0000000093500000, 0x0000000093500000, 0x0000000093600000|  0%| F|  |TAMS 0x0000000093500000, 0x0000000093500000| Untracked 
| 310|0x0000000093600000, 0x0000000093600000, 0x0000000093700000|  0%| F|  |TAMS 0x0000000093600000, 0x0000000093600000| Untracked 
| 311|0x0000000093700000, 0x0000000093700000, 0x0000000093800000|  0%| F|  |TAMS 0x0000000093700000, 0x0000000093700000| Untracked 
| 312|0x0000000093800000, 0x0000000093800000, 0x0000000093900000|  0%| F|  |TAMS 0x0000000093800000, 0x0000000093800000| Untracked 
| 313|0x0000000093900000, 0x0000000093900000, 0x0000000093a00000|  0%| F|  |TAMS 0x0000000093900000, 0x0000000093900000| Untracked 
| 314|0x0000000093a00000, 0x0000000093a00000, 0x0000000093b00000|  0%| F|  |TAMS 0x0000000093a00000, 0x0000000093a00000| Untracked 
| 315|0x0000000093b00000, 0x0000000093b00000, 0x0000000093c00000|  0%| F|  |TAMS 0x0000000093b00000, 0x0000000093b00000| Untracked 
| 316|0x0000000093c00000, 0x0000000093c00000, 0x0000000093d00000|  0%| F|  |TAMS 0x0000000093c00000, 0x0000000093c00000| Untracked 
| 317|0x0000000093d00000, 0x0000000093d00000, 0x0000000093e00000|  0%| F|  |TAMS 0x0000000093d00000, 0x0000000093d00000| Untracked 
| 318|0x0000000093e00000, 0x0000000093e00000, 0x0000000093f00000|  0%| F|  |TAMS 0x0000000093e00000, 0x0000000093e00000| Untracked 
| 319|0x0000000093f00000, 0x0000000093f00000, 0x0000000094000000|  0%| F|  |TAMS 0x0000000093f00000, 0x0000000093f00000| Untracked 
| 320|0x0000000094000000, 0x0000000094000000, 0x0000000094100000|  0%| F|  |TAMS 0x0000000094000000, 0x0000000094000000| Untracked 
| 321|0x0000000094100000, 0x0000000094100000, 0x0000000094200000|  0%| F|  |TAMS 0x0000000094100000, 0x0000000094100000| Untracked 
| 322|0x0000000094200000, 0x0000000094200000, 0x0000000094300000|  0%| F|  |TAMS 0x0000000094200000, 0x0000000094200000| Untracked 
| 323|0x0000000094300000, 0x0000000094300000, 0x0000000094400000|  0%| F|  |TAMS 0x0000000094300000, 0x0000000094300000| Untracked 
| 324|0x0000000094400000, 0x0000000094400000, 0x0000000094500000|  0%| F|  |TAMS 0x0000000094400000, 0x0000000094400000| Untracked 
| 325|0x0000000094500000, 0x0000000094500000, 0x0000000094600000|  0%| F|  |TAMS 0x0000000094500000, 0x0000000094500000| Untracked 
| 326|0x0000000094600000, 0x0000000094600000, 0x0000000094700000|  0%| F|  |TAMS 0x0000000094600000, 0x0000000094600000| Untracked 
| 327|0x0000000094700000, 0x0000000094700000, 0x0000000094800000|  0%| F|  |TAMS 0x0000000094700000, 0x0000000094700000| Untracked 
| 328|0x0000000094800000, 0x0000000094800000, 0x0000000094900000|  0%| F|  |TAMS 0x0000000094800000, 0x0000000094800000| Untracked 
| 329|0x0000000094900000, 0x0000000094900000, 0x0000000094a00000|  0%| F|  |TAMS 0x0000000094900000, 0x0000000094900000| Untracked 
| 330|0x0000000094a00000, 0x0000000094a00000, 0x0000000094b00000|  0%| F|  |TAMS 0x0000000094a00000, 0x0000000094a00000| Untracked 
| 331|0x0000000094b00000, 0x0000000094b00000, 0x0000000094c00000|  0%| F|  |TAMS 0x0000000094b00000, 0x0000000094b00000| Untracked 
| 332|0x0000000094c00000, 0x0000000094c00000, 0x0000000094d00000|  0%| F|  |TAMS 0x0000000094c00000, 0x0000000094c00000| Untracked 
| 333|0x0000000094d00000, 0x0000000094d00000, 0x0000000094e00000|  0%| F|  |TAMS 0x0000000094d00000, 0x0000000094d00000| Untracked 
| 334|0x0000000094e00000, 0x0000000094e00000, 0x0000000094f00000|  0%| F|  |TAMS 0x0000000094e00000, 0x0000000094e00000| Untracked 
| 335|0x0000000094f00000, 0x0000000094f00000, 0x0000000095000000|  0%| F|  |TAMS 0x0000000094f00000, 0x0000000094f00000| Untracked 
| 336|0x0000000095000000, 0x0000000095000000, 0x0000000095100000|  0%| F|  |TAMS 0x0000000095000000, 0x0000000095000000| Untracked 
| 337|0x0000000095100000, 0x0000000095100000, 0x0000000095200000|  0%| F|  |TAMS 0x0000000095100000, 0x0000000095100000| Untracked 
| 338|0x0000000095200000, 0x0000000095200000, 0x0000000095300000|  0%| F|  |TAMS 0x0000000095200000, 0x0000000095200000| Untracked 
| 339|0x0000000095300000, 0x0000000095300000, 0x0000000095400000|  0%| F|  |TAMS 0x0000000095300000, 0x0000000095300000| Untracked 
| 340|0x0000000095400000, 0x0000000095400000, 0x0000000095500000|  0%| F|  |TAMS 0x0000000095400000, 0x0000000095400000| Untracked 
| 341|0x0000000095500000, 0x0000000095500000, 0x0000000095600000|  0%| F|  |TAMS 0x0000000095500000, 0x0000000095500000| Untracked 
| 342|0x0000000095600000, 0x0000000095600000, 0x0000000095700000|  0%| F|  |TAMS 0x0000000095600000, 0x0000000095600000| Untracked 
| 343|0x0000000095700000, 0x0000000095700000, 0x0000000095800000|  0%| F|  |TAMS 0x0000000095700000, 0x0000000095700000| Untracked 
| 344|0x0000000095800000, 0x0000000095800000, 0x0000000095900000|  0%| F|  |TAMS 0x0000000095800000, 0x0000000095800000| Untracked 
| 345|0x0000000095900000, 0x0000000095900000, 0x0000000095a00000|  0%| F|  |TAMS 0x0000000095900000, 0x0000000095900000| Untracked 
| 346|0x0000000095a00000, 0x0000000095a00000, 0x0000000095b00000|  0%| F|  |TAMS 0x0000000095a00000, 0x0000000095a00000| Untracked 
| 347|0x0000000095b00000, 0x0000000095b00000, 0x0000000095c00000|  0%| F|  |TAMS 0x0000000095b00000, 0x0000000095b00000| Untracked 
| 348|0x0000000095c00000, 0x0000000095c00000, 0x0000000095d00000|  0%| F|  |TAMS 0x0000000095c00000, 0x0000000095c00000| Untracked 
| 349|0x0000000095d00000, 0x0000000095d00000, 0x0000000095e00000|  0%| F|  |TAMS 0x0000000095d00000, 0x0000000095d00000| Untracked 
| 350|0x0000000095e00000, 0x0000000095e00000, 0x0000000095f00000|  0%| F|  |TAMS 0x0000000095e00000, 0x0000000095e00000| Untracked 
| 351|0x0000000095f00000, 0x0000000095f00000, 0x0000000096000000|  0%| F|  |TAMS 0x0000000095f00000, 0x0000000095f00000| Untracked 
| 352|0x0000000096000000, 0x0000000096000000, 0x0000000096100000|  0%| F|  |TAMS 0x0000000096000000, 0x0000000096000000| Untracked 
| 353|0x0000000096100000, 0x0000000096100000, 0x0000000096200000|  0%| F|  |TAMS 0x0000000096100000, 0x0000000096100000| Untracked 
| 354|0x0000000096200000, 0x0000000096200000, 0x0000000096300000|  0%| F|  |TAMS 0x0000000096200000, 0x0000000096200000| Untracked 
| 355|0x0000000096300000, 0x0000000096300000, 0x0000000096400000|  0%| F|  |TAMS 0x0000000096300000, 0x0000000096300000| Untracked 
| 356|0x0000000096400000, 0x0000000096400000, 0x0000000096500000|  0%| F|  |TAMS 0x0000000096400000, 0x0000000096400000| Untracked 
| 357|0x0000000096500000, 0x0000000096500000, 0x0000000096600000|  0%| F|  |TAMS 0x0000000096500000, 0x0000000096500000| Untracked 
| 358|0x0000000096600000, 0x0000000096600000, 0x0000000096700000|  0%| F|  |TAMS 0x0000000096600000, 0x0000000096600000| Untracked 
| 359|0x0000000096700000, 0x0000000096700000, 0x0000000096800000|  0%| F|  |TAMS 0x0000000096700000, 0x0000000096700000| Untracked 
| 360|0x0000000096800000, 0x0000000096800000, 0x0000000096900000|  0%| F|  |TAMS 0x0000000096800000, 0x0000000096800000| Untracked 
| 361|0x0000000096900000, 0x0000000096900000, 0x0000000096a00000|  0%| F|  |TAMS 0x0000000096900000, 0x0000000096900000| Untracked 
| 362|0x0000000096a00000, 0x0000000096a00000, 0x0000000096b00000|  0%| F|  |TAMS 0x0000000096a00000, 0x0000000096a00000| Untracked 
| 363|0x0000000096b00000, 0x0000000096b00000, 0x0000000096c00000|  0%| F|  |TAMS 0x0000000096b00000, 0x0000000096b00000| Untracked 
| 364|0x0000000096c00000, 0x0000000096c00000, 0x0000000096d00000|  0%| F|  |TAMS 0x0000000096c00000, 0x0000000096c00000| Untracked 
| 365|0x0000000096d00000, 0x0000000096d00000, 0x0000000096e00000|  0%| F|  |TAMS 0x0000000096d00000, 0x0000000096d00000| Untracked 
| 366|0x0000000096e00000, 0x0000000096e80000, 0x0000000096f00000| 50%| S|CS|TAMS 0x0000000096e00000, 0x0000000096e00000| Complete 
| 367|0x0000000096f00000, 0x0000000097000000, 0x0000000097000000|100%| S|CS|TAMS 0x0000000096f00000, 0x0000000096f00000| Complete 
| 368|0x0000000097000000, 0x0000000097100000, 0x0000000097100000|100%| S|CS|TAMS 0x0000000097000000, 0x0000000097000000| Complete 
| 369|0x0000000097100000, 0x0000000097200000, 0x0000000097200000|100%| S|CS|TAMS 0x0000000097100000, 0x0000000097100000| Complete 
| 370|0x0000000097200000, 0x0000000097300000, 0x0000000097300000|100%| S|CS|TAMS 0x0000000097200000, 0x0000000097200000| Complete 
| 371|0x0000000097300000, 0x0000000097400000, 0x0000000097400000|100%| S|CS|TAMS 0x0000000097300000, 0x0000000097300000| Complete 
| 372|0x0000000097400000, 0x0000000097500000, 0x0000000097500000|100%| S|CS|TAMS 0x0000000097400000, 0x0000000097400000| Complete 
| 373|0x0000000097500000, 0x0000000097600000, 0x0000000097600000|100%| S|CS|TAMS 0x0000000097500000, 0x0000000097500000| Complete 
| 374|0x0000000097600000, 0x0000000097700000, 0x0000000097700000|100%| S|CS|TAMS 0x0000000097600000, 0x0000000097600000| Complete 
| 375|0x0000000097700000, 0x0000000097800000, 0x0000000097800000|100%| S|CS|TAMS 0x0000000097700000, 0x0000000097700000| Complete 
| 376|0x0000000097800000, 0x0000000097900000, 0x0000000097900000|100%| S|CS|TAMS 0x0000000097800000, 0x0000000097800000| Complete 
| 377|0x0000000097900000, 0x0000000097a00000, 0x0000000097a00000|100%| S|CS|TAMS 0x0000000097900000, 0x0000000097900000| Complete 
| 378|0x0000000097a00000, 0x0000000097b00000, 0x0000000097b00000|100%| S|CS|TAMS 0x0000000097a00000, 0x0000000097a00000| Complete 
| 379|0x0000000097b00000, 0x0000000097b00000, 0x0000000097c00000|  0%| F|  |TAMS 0x0000000097b00000, 0x0000000097b00000| Untracked 
| 380|0x0000000097c00000, 0x0000000097c00000, 0x0000000097d00000|  0%| F|  |TAMS 0x0000000097c00000, 0x0000000097c00000| Untracked 
| 381|0x0000000097d00000, 0x0000000097d00000, 0x0000000097e00000|  0%| F|  |TAMS 0x0000000097d00000, 0x0000000097d00000| Untracked 
| 382|0x0000000097e00000, 0x0000000097e00000, 0x0000000097f00000|  0%| F|  |TAMS 0x0000000097e00000, 0x0000000097e00000| Untracked 
| 383|0x0000000097f00000, 0x0000000097f00000, 0x0000000098000000|  0%| F|  |TAMS 0x0000000097f00000, 0x0000000097f00000| Untracked 
| 384|0x0000000098000000, 0x0000000098000000, 0x0000000098100000|  0%| F|  |TAMS 0x0000000098000000, 0x0000000098000000| Untracked 
| 385|0x0000000098100000, 0x0000000098100000, 0x0000000098200000|  0%| F|  |TAMS 0x0000000098100000, 0x0000000098100000| Untracked 
| 386|0x0000000098200000, 0x0000000098200000, 0x0000000098300000|  0%| F|  |TAMS 0x0000000098200000, 0x0000000098200000| Untracked 
| 387|0x0000000098300000, 0x0000000098300000, 0x0000000098400000|  0%| F|  |TAMS 0x0000000098300000, 0x0000000098300000| Untracked 
| 388|0x0000000098400000, 0x0000000098400000, 0x0000000098500000|  0%| F|  |TAMS 0x0000000098400000, 0x0000000098400000| Untracked 
| 389|0x0000000098500000, 0x0000000098500000, 0x0000000098600000|  0%| F|  |TAMS 0x0000000098500000, 0x0000000098500000| Untracked 
| 390|0x0000000098600000, 0x0000000098600000, 0x0000000098700000|  0%| F|  |TAMS 0x0000000098600000, 0x0000000098600000| Untracked 
| 391|0x0000000098700000, 0x0000000098700000, 0x0000000098800000|  0%| F|  |TAMS 0x0000000098700000, 0x0000000098700000| Untracked 
| 392|0x0000000098800000, 0x0000000098800000, 0x0000000098900000|  0%| F|  |TAMS 0x0000000098800000, 0x0000000098800000| Untracked 
| 393|0x0000000098900000, 0x0000000098900000, 0x0000000098a00000|  0%| F|  |TAMS 0x0000000098900000, 0x0000000098900000| Untracked 
| 394|0x0000000098a00000, 0x0000000098a00000, 0x0000000098b00000|  0%| F|  |TAMS 0x0000000098a00000, 0x0000000098a00000| Untracked 
| 395|0x0000000098b00000, 0x0000000098b00000, 0x0000000098c00000|  0%| F|  |TAMS 0x0000000098b00000, 0x0000000098b00000| Untracked 
| 396|0x0000000098c00000, 0x0000000098c00000, 0x0000000098d00000|  0%| F|  |TAMS 0x0000000098c00000, 0x0000000098c00000| Untracked 
| 397|0x0000000098d00000, 0x0000000098d00000, 0x0000000098e00000|  0%| F|  |TAMS 0x0000000098d00000, 0x0000000098d00000| Untracked 
| 398|0x0000000098e00000, 0x0000000098e00000, 0x0000000098f00000|  0%| F|  |TAMS 0x0000000098e00000, 0x0000000098e00000| Untracked 
| 399|0x0000000098f00000, 0x0000000098f00000, 0x0000000099000000|  0%| F|  |TAMS 0x0000000098f00000, 0x0000000098f00000| Untracked 
| 400|0x0000000099000000, 0x0000000099000000, 0x0000000099100000|  0%| F|  |TAMS 0x0000000099000000, 0x0000000099000000| Untracked 
| 401|0x0000000099100000, 0x0000000099100000, 0x0000000099200000|  0%| F|  |TAMS 0x0000000099100000, 0x0000000099100000| Untracked 
| 402|0x0000000099200000, 0x0000000099200000, 0x0000000099300000|  0%| F|  |TAMS 0x0000000099200000, 0x0000000099200000| Untracked 
| 403|0x0000000099300000, 0x0000000099300000, 0x0000000099400000|  0%| F|  |TAMS 0x0000000099300000, 0x0000000099300000| Untracked 
| 404|0x0000000099400000, 0x0000000099400000, 0x0000000099500000|  0%| F|  |TAMS 0x0000000099400000, 0x0000000099400000| Untracked 
| 405|0x0000000099500000, 0x0000000099500000, 0x0000000099600000|  0%| F|  |TAMS 0x0000000099500000, 0x0000000099500000| Untracked 
| 406|0x0000000099600000, 0x0000000099600000, 0x0000000099700000|  0%| F|  |TAMS 0x0000000099600000, 0x0000000099600000| Untracked 
| 407|0x0000000099700000, 0x0000000099700000, 0x0000000099800000|  0%| F|  |TAMS 0x0000000099700000, 0x0000000099700000| Untracked 
| 408|0x0000000099800000, 0x0000000099800000, 0x0000000099900000|  0%| F|  |TAMS 0x0000000099800000, 0x0000000099800000| Untracked 
| 409|0x0000000099900000, 0x0000000099900000, 0x0000000099a00000|  0%| F|  |TAMS 0x0000000099900000, 0x0000000099900000| Untracked 
| 410|0x0000000099a00000, 0x0000000099a00000, 0x0000000099b00000|  0%| F|  |TAMS 0x0000000099a00000, 0x0000000099a00000| Untracked 
| 411|0x0000000099b00000, 0x0000000099b00000, 0x0000000099c00000|  0%| F|  |TAMS 0x0000000099b00000, 0x0000000099b00000| Untracked 
| 412|0x0000000099c00000, 0x0000000099c00000, 0x0000000099d00000|  0%| F|  |TAMS 0x0000000099c00000, 0x0000000099c00000| Untracked 
| 413|0x0000000099d00000, 0x0000000099d00000, 0x0000000099e00000|  0%| F|  |TAMS 0x0000000099d00000, 0x0000000099d00000| Untracked 
| 414|0x0000000099e00000, 0x0000000099e00000, 0x0000000099f00000|  0%| F|  |TAMS 0x0000000099e00000, 0x0000000099e00000| Untracked 
| 415|0x0000000099f00000, 0x0000000099ff7198, 0x000000009a000000| 96%| E|  |TAMS 0x0000000099f00000, 0x0000000099f00000| Complete 
| 416|0x000000009a000000, 0x000000009a100000, 0x000000009a100000|100%| E|CS|TAMS 0x000000009a000000, 0x000000009a000000| Complete 
| 417|0x000000009a100000, 0x000000009a200000, 0x000000009a200000|100%| E|CS|TAMS 0x000000009a100000, 0x000000009a100000| Complete 
| 418|0x000000009a200000, 0x000000009a300000, 0x000000009a300000|100%| E|CS|TAMS 0x000000009a200000, 0x000000009a200000| Complete 
| 419|0x000000009a300000, 0x000000009a400000, 0x000000009a400000|100%| E|CS|TAMS 0x000000009a300000, 0x000000009a300000| Complete 
| 420|0x000000009a400000, 0x000000009a500000, 0x000000009a500000|100%| E|CS|TAMS 0x000000009a400000, 0x000000009a400000| Complete 
| 421|0x000000009a500000, 0x000000009a600000, 0x000000009a600000|100%| E|CS|TAMS 0x000000009a500000, 0x000000009a500000| Complete 
| 422|0x000000009a600000, 0x000000009a700000, 0x000000009a700000|100%| E|CS|TAMS 0x000000009a600000, 0x000000009a600000| Complete 
| 423|0x000000009a700000, 0x000000009a800000, 0x000000009a800000|100%| E|CS|TAMS 0x000000009a700000, 0x000000009a700000| Complete 
| 424|0x000000009a800000, 0x000000009a900000, 0x000000009a900000|100%| E|CS|TAMS 0x000000009a800000, 0x000000009a800000| Complete 
| 425|0x000000009a900000, 0x000000009aa00000, 0x000000009aa00000|100%| E|CS|TAMS 0x000000009a900000, 0x000000009a900000| Complete 
| 426|0x000000009aa00000, 0x000000009ab00000, 0x000000009ab00000|100%| E|CS|TAMS 0x000000009aa00000, 0x000000009aa00000| Complete 
| 427|0x000000009ab00000, 0x000000009ac00000, 0x000000009ac00000|100%| E|CS|TAMS 0x000000009ab00000, 0x000000009ab00000| Complete 
| 428|0x000000009ac00000, 0x000000009ad00000, 0x000000009ad00000|100%| E|CS|TAMS 0x000000009ac00000, 0x000000009ac00000| Complete 
| 429|0x000000009ad00000, 0x000000009ae00000, 0x000000009ae00000|100%| E|CS|TAMS 0x000000009ad00000, 0x000000009ad00000| Complete 
| 430|0x000000009ae00000, 0x000000009af00000, 0x000000009af00000|100%| E|CS|TAMS 0x000000009ae00000, 0x000000009ae00000| Complete 
| 431|0x000000009af00000, 0x000000009b000000, 0x000000009b000000|100%| E|CS|TAMS 0x000000009af00000, 0x000000009af00000| Complete 
| 432|0x000000009b000000, 0x000000009b100000, 0x000000009b100000|100%| E|CS|TAMS 0x000000009b000000, 0x000000009b000000| Complete 
| 433|0x000000009b100000, 0x000000009b200000, 0x000000009b200000|100%| E|CS|TAMS 0x000000009b100000, 0x000000009b100000| Complete 
| 434|0x000000009b200000, 0x000000009b300000, 0x000000009b300000|100%| E|CS|TAMS 0x000000009b200000, 0x000000009b200000| Complete 
| 435|0x000000009b300000, 0x000000009b400000, 0x000000009b400000|100%| E|CS|TAMS 0x000000009b300000, 0x000000009b300000| Complete 
| 436|0x000000009b400000, 0x000000009b500000, 0x000000009b500000|100%| E|CS|TAMS 0x000000009b400000, 0x000000009b400000| Complete 
| 437|0x000000009b500000, 0x000000009b600000, 0x000000009b600000|100%| E|CS|TAMS 0x000000009b500000, 0x000000009b500000| Complete 
| 438|0x000000009b600000, 0x000000009b700000, 0x000000009b700000|100%| E|CS|TAMS 0x000000009b600000, 0x000000009b600000| Complete 
| 439|0x000000009b700000, 0x000000009b800000, 0x000000009b800000|100%| E|CS|TAMS 0x000000009b700000, 0x000000009b700000| Complete 
| 440|0x000000009b800000, 0x000000009b900000, 0x000000009b900000|100%| E|CS|TAMS 0x000000009b800000, 0x000000009b800000| Complete 
| 441|0x000000009b900000, 0x000000009ba00000, 0x000000009ba00000|100%| E|CS|TAMS 0x000000009b900000, 0x000000009b900000| Complete 
| 442|0x000000009ba00000, 0x000000009bb00000, 0x000000009bb00000|100%| E|CS|TAMS 0x000000009ba00000, 0x000000009ba00000| Complete 
| 443|0x000000009bb00000, 0x000000009bc00000, 0x000000009bc00000|100%| E|CS|TAMS 0x000000009bb00000, 0x000000009bb00000| Complete 
| 444|0x000000009bc00000, 0x000000009bd00000, 0x000000009bd00000|100%| E|CS|TAMS 0x000000009bc00000, 0x000000009bc00000| Complete 
| 445|0x000000009bd00000, 0x000000009be00000, 0x000000009be00000|100%| E|CS|TAMS 0x000000009bd00000, 0x000000009bd00000| Complete 
| 446|0x000000009be00000, 0x000000009bf00000, 0x000000009bf00000|100%| E|CS|TAMS 0x000000009be00000, 0x000000009be00000| Complete 
| 447|0x000000009bf00000, 0x000000009c000000, 0x000000009c000000|100%| E|CS|TAMS 0x000000009bf00000, 0x000000009bf00000| Complete 
| 448|0x000000009c000000, 0x000000009c100000, 0x000000009c100000|100%| E|CS|TAMS 0x000000009c000000, 0x000000009c000000| Complete 
| 449|0x000000009c100000, 0x000000009c200000, 0x000000009c200000|100%| E|CS|TAMS 0x000000009c100000, 0x000000009c100000| Complete 
| 450|0x000000009c200000, 0x000000009c300000, 0x000000009c300000|100%| E|CS|TAMS 0x000000009c200000, 0x000000009c200000| Complete 
| 451|0x000000009c300000, 0x000000009c400000, 0x000000009c400000|100%| E|CS|TAMS 0x000000009c300000, 0x000000009c300000| Complete 
| 452|0x000000009c400000, 0x000000009c500000, 0x000000009c500000|100%| E|CS|TAMS 0x000000009c400000, 0x000000009c400000| Complete 
| 453|0x000000009c500000, 0x000000009c600000, 0x000000009c600000|100%| E|CS|TAMS 0x000000009c500000, 0x000000009c500000| Complete 
| 454|0x000000009c600000, 0x000000009c700000, 0x000000009c700000|100%| E|CS|TAMS 0x000000009c600000, 0x000000009c600000| Complete 
| 455|0x000000009c700000, 0x000000009c800000, 0x000000009c800000|100%| E|CS|TAMS 0x000000009c700000, 0x000000009c700000| Complete 
| 456|0x000000009c800000, 0x000000009c900000, 0x000000009c900000|100%| E|CS|TAMS 0x000000009c800000, 0x000000009c800000| Complete 
| 457|0x000000009c900000, 0x000000009ca00000, 0x000000009ca00000|100%| E|CS|TAMS 0x000000009c900000, 0x000000009c900000| Complete 
| 458|0x000000009ca00000, 0x000000009cb00000, 0x000000009cb00000|100%| E|CS|TAMS 0x000000009ca00000, 0x000000009ca00000| Complete 
| 459|0x000000009cb00000, 0x000000009cc00000, 0x000000009cc00000|100%| E|CS|TAMS 0x000000009cb00000, 0x000000009cb00000| Complete 
| 460|0x000000009cc00000, 0x000000009cd00000, 0x000000009cd00000|100%| E|CS|TAMS 0x000000009cc00000, 0x000000009cc00000| Complete 
| 461|0x000000009cd00000, 0x000000009ce00000, 0x000000009ce00000|100%| E|CS|TAMS 0x000000009cd00000, 0x000000009cd00000| Complete 
| 462|0x000000009ce00000, 0x000000009cf00000, 0x000000009cf00000|100%| E|CS|TAMS 0x000000009ce00000, 0x000000009ce00000| Complete 
| 463|0x000000009cf00000, 0x000000009d000000, 0x000000009d000000|100%| E|CS|TAMS 0x000000009cf00000, 0x000000009cf00000| Complete 
| 464|0x000000009d000000, 0x000000009d100000, 0x000000009d100000|100%| E|CS|TAMS 0x000000009d000000, 0x000000009d000000| Complete 
| 465|0x000000009d100000, 0x000000009d200000, 0x000000009d200000|100%| E|CS|TAMS 0x000000009d100000, 0x000000009d100000| Complete 
| 466|0x000000009d200000, 0x000000009d300000, 0x000000009d300000|100%| E|CS|TAMS 0x000000009d200000, 0x000000009d200000| Complete 
| 467|0x000000009d300000, 0x000000009d400000, 0x000000009d400000|100%| E|CS|TAMS 0x000000009d300000, 0x000000009d300000| Complete 
| 468|0x000000009d400000, 0x000000009d500000, 0x000000009d500000|100%| E|CS|TAMS 0x000000009d400000, 0x000000009d400000| Complete 
| 469|0x000000009d500000, 0x000000009d600000, 0x000000009d600000|100%| E|CS|TAMS 0x000000009d500000, 0x000000009d500000| Complete 
| 470|0x000000009d600000, 0x000000009d700000, 0x000000009d700000|100%| E|CS|TAMS 0x000000009d600000, 0x000000009d600000| Complete 
| 471|0x000000009d700000, 0x000000009d800000, 0x000000009d800000|100%| E|CS|TAMS 0x000000009d700000, 0x000000009d700000| Complete 
| 472|0x000000009d800000, 0x000000009d900000, 0x000000009d900000|100%| E|CS|TAMS 0x000000009d800000, 0x000000009d800000| Complete 
| 473|0x000000009d900000, 0x000000009da00000, 0x000000009da00000|100%| E|CS|TAMS 0x000000009d900000, 0x000000009d900000| Complete 
| 474|0x000000009da00000, 0x000000009db00000, 0x000000009db00000|100%| E|CS|TAMS 0x000000009da00000, 0x000000009da00000| Complete 
| 475|0x000000009db00000, 0x000000009dc00000, 0x000000009dc00000|100%| E|CS|TAMS 0x000000009db00000, 0x000000009db00000| Complete 
| 476|0x000000009dc00000, 0x000000009dd00000, 0x000000009dd00000|100%| E|CS|TAMS 0x000000009dc00000, 0x000000009dc00000| Complete 
| 477|0x000000009dd00000, 0x000000009de00000, 0x000000009de00000|100%| E|CS|TAMS 0x000000009dd00000, 0x000000009dd00000| Complete 
| 478|0x000000009de00000, 0x000000009df00000, 0x000000009df00000|100%| E|CS|TAMS 0x000000009de00000, 0x000000009de00000| Complete 
| 479|0x000000009df00000, 0x000000009e000000, 0x000000009e000000|100%| E|CS|TAMS 0x000000009df00000, 0x000000009df00000| Complete 
| 480|0x000000009e000000, 0x000000009e100000, 0x000000009e100000|100%| E|CS|TAMS 0x000000009e000000, 0x000000009e000000| Complete 
| 481|0x000000009e100000, 0x000000009e200000, 0x000000009e200000|100%| E|CS|TAMS 0x000000009e100000, 0x000000009e100000| Complete 
| 482|0x000000009e200000, 0x000000009e300000, 0x000000009e300000|100%| E|CS|TAMS 0x000000009e200000, 0x000000009e200000| Complete 
| 483|0x000000009e300000, 0x000000009e400000, 0x000000009e400000|100%| E|CS|TAMS 0x000000009e300000, 0x000000009e300000| Complete 
| 484|0x000000009e400000, 0x000000009e500000, 0x000000009e500000|100%| E|CS|TAMS 0x000000009e400000, 0x000000009e400000| Complete 
| 485|0x000000009e500000, 0x000000009e600000, 0x000000009e600000|100%| E|CS|TAMS 0x000000009e500000, 0x000000009e500000| Complete 
| 486|0x000000009e600000, 0x000000009e700000, 0x000000009e700000|100%| E|CS|TAMS 0x000000009e600000, 0x000000009e600000| Complete 
| 487|0x000000009e700000, 0x000000009e800000, 0x000000009e800000|100%| E|CS|TAMS 0x000000009e700000, 0x000000009e700000| Complete 
| 488|0x000000009e800000, 0x000000009e900000, 0x000000009e900000|100%| E|CS|TAMS 0x000000009e800000, 0x000000009e800000| Complete 
| 489|0x000000009e900000, 0x000000009ea00000, 0x000000009ea00000|100%| E|CS|TAMS 0x000000009e900000, 0x000000009e900000| Complete 
| 490|0x000000009ea00000, 0x000000009eb00000, 0x000000009eb00000|100%| E|CS|TAMS 0x000000009ea00000, 0x000000009ea00000| Complete 
| 491|0x000000009eb00000, 0x000000009ec00000, 0x000000009ec00000|100%| E|CS|TAMS 0x000000009eb00000, 0x000000009eb00000| Complete 
| 492|0x000000009ec00000, 0x000000009ed00000, 0x000000009ed00000|100%| E|CS|TAMS 0x000000009ec00000, 0x000000009ec00000| Complete 
| 493|0x000000009ed00000, 0x000000009ee00000, 0x000000009ee00000|100%| E|  |TAMS 0x000000009ed00000, 0x000000009ed00000| Complete 
| 494|0x000000009ee00000, 0x000000009ef00000, 0x000000009ef00000|100%| E|CS|TAMS 0x000000009ee00000, 0x000000009ee00000| Complete 
| 495|0x000000009ef00000, 0x000000009f000000, 0x000000009f000000|100%| E|CS|TAMS 0x000000009ef00000, 0x000000009ef00000| Complete 
| 496|0x000000009f000000, 0x000000009f100000, 0x000000009f100000|100%| E|CS|TAMS 0x000000009f000000, 0x000000009f000000| Complete 
| 497|0x000000009f100000, 0x000000009f200000, 0x000000009f200000|100%| E|CS|TAMS 0x000000009f100000, 0x000000009f100000| Complete 
| 498|0x000000009f200000, 0x000000009f300000, 0x000000009f300000|100%| E|CS|TAMS 0x000000009f200000, 0x000000009f200000| Complete 
| 499|0x000000009f300000, 0x000000009f400000, 0x000000009f400000|100%| E|CS|TAMS 0x000000009f300000, 0x000000009f300000| Complete 
| 500|0x000000009f400000, 0x000000009f500000, 0x000000009f500000|100%| E|CS|TAMS 0x000000009f400000, 0x000000009f400000| Complete 
| 501|0x000000009f500000, 0x000000009f600000, 0x000000009f600000|100%| E|CS|TAMS 0x000000009f500000, 0x000000009f500000| Complete 
| 502|0x000000009f600000, 0x000000009f700000, 0x000000009f700000|100%| E|CS|TAMS 0x000000009f600000, 0x000000009f600000| Complete 
| 503|0x000000009f700000, 0x000000009f800000, 0x000000009f800000|100%| E|CS|TAMS 0x000000009f700000, 0x000000009f700000| Complete 
| 504|0x000000009f800000, 0x000000009f900000, 0x000000009f900000|100%| E|CS|TAMS 0x000000009f800000, 0x000000009f800000| Complete 
| 505|0x000000009f900000, 0x000000009fa00000, 0x000000009fa00000|100%| E|CS|TAMS 0x000000009f900000, 0x000000009f900000| Complete 
| 506|0x000000009fa00000, 0x000000009fb00000, 0x000000009fb00000|100%| E|CS|TAMS 0x000000009fa00000, 0x000000009fa00000| Complete 

Card table byte_map: [0x000002defc810000,0x000002defcc10000] _byte_map_base: 0x000002defc410000

Marking Bits (Prev, Next): (CMBitMap*) 0x000002dee592e200, (CMBitMap*) 0x000002dee592e1c0
 Prev Bits: [0x000002de80000000, 0x000002de82000000)
 Next Bits: [0x000002defd010000, 0x000002deff010000)

Polling page: 0x000002dee36e0000

Metaspace:

Usage:
  Non-class:    135.19 MB used.
      Class:     20.63 MB used.
       Both:    155.83 MB used.

Virtual space:
  Non-class space:      192.00 MB reserved,     136.25 MB ( 71%) committed,  3 nodes.
      Class space:      416.00 MB reserved,      21.56 MB (  5%) committed,  1 nodes.
             Both:      608.00 MB reserved,     157.81 MB ( 26%) committed. 

Chunk freelists:
   Non-Class:  7.68 MB
       Class:  10.45 MB
        Both:  18.13 MB

MaxMetaspaceSize: 512.00 MB
CompressedClassSpaceSize: 416.00 MB
Initial GC threshold: 21.00 MB
Current GC threshold: 215.62 MB
CDS: on
MetaspaceReclaimPolicy: balanced
 - commit_granule_bytes: 65536.
 - commit_granule_words: 8192.
 - virtual_space_node_default_size: 8388608.
 - enlarge_chunks_in_place: 1.
 - new_chunks_are_fully_committed: 0.
 - uncommit_free_chunks: 1.
 - use_allocation_guard: 0.
 - handle_deallocations: 1.


Internal statistics:

num_allocs_failed_limit: 21.
num_arena_births: 3148.
num_arena_deaths: 0.
num_vsnodes_births: 4.
num_vsnodes_deaths: 0.
num_space_committed: 2523.
num_space_uncommitted: 0.
num_chunks_returned_to_freelist: 21.
num_chunks_taken_from_freelist: 10706.
num_chunk_merges: 21.
num_chunk_splits: 6669.
num_chunks_enlarged: 3852.
num_inconsistent_stats: 0.

CodeHeap 'non-profiled nmethods': size=120000Kb used=18519Kb max_used=18519Kb free=101480Kb
 bounds [0x000002def4ee0000, 0x000002def6100000, 0x000002defc410000]
CodeHeap 'profiled nmethods': size=120000Kb used=54308Kb max_used=54308Kb free=65691Kb
 bounds [0x000002deed410000, 0x000002def0920000, 0x000002def4940000]
CodeHeap 'non-nmethods': size=5760Kb used=2537Kb max_used=2629Kb free=3222Kb
 bounds [0x000002def4940000, 0x000002def4be0000, 0x000002def4ee0000]
 total_blobs=27918 nmethods=26826 adapters=1003
 compilation: enabled
              stopped_count=0, restarted_count=0
 full_count=0

Compilation events (20 events):
Event: 605.887 Thread 0x000002deff4e8500 32784       3       org.gradle.execution.plan.edges.DependencySuccessorsOnlyNodeSet::getState (55 bytes)
Event: 605.888 Thread 0x000002deff4e8500 nmethod 32784 0x000002def0914d90 code [0x000002def0914f60, 0x000002def09152b8]
Event: 605.898 Thread 0x000002deff4e8500 32787       2       java.util.StringTokenizer::hasMoreElements (5 bytes)
Event: 605.898 Thread 0x000002deff4e8500 nmethod 32787 0x000002def0915390 code [0x000002def0915520, 0x000002def0915668]
Event: 605.899 Thread 0x000002deff4e8500 32788       2       org.gradle.api.tasks.util.PatternSet::exclude (50 bytes)
Event: 605.899 Thread 0x000002deff4e8500 nmethod 32788 0x000002def0915710 code [0x000002def0915920, 0x000002def0915cd8]
Event: 605.913 Thread 0x000002deff4e8500 32789       1       org.gradle.internal.component.local.model.DefaultProjectComponentSelector::getCapabilitySelectors (5 bytes)
Event: 605.914 Thread 0x000002deff4e8500 nmethod 32789 0x000002def5005390 code [0x000002def5005520, 0x000002def50055f8]
Event: 605.915 Thread 0x000002deff4e8500 32790       2       java.security.AccessControlContext::calculateFields (89 bytes)
Event: 605.915 Thread 0x000002deff4e8500 nmethod 32790 0x000002def0915e90 code [0x000002def0916040, 0x000002def0916338]
Event: 605.918 Thread 0x000002deff4e8500 32791       2       org.gradle.internal.snapshot.impl.IntegerValueSnapshot::hashCode (5 bytes)
Event: 605.918 Thread 0x000002deff4e8500 nmethod 32791 0x000002def0916490 code [0x000002def0916620, 0x000002def0916748]
Event: 605.919 Thread 0x000002deff4e8500 32792       2       org.gradle.internal.operations.DefaultBuildOperationExecutor::runAll (26 bytes)
Event: 605.920 Thread 0x000002deff4e8500 nmethod 32792 0x000002def0916810 code [0x000002def09169e0, 0x000002def0916d98]
Event: 605.920 Thread 0x000002deff4e8500 32793       1       org.gradle.api.internal.artifacts.transform.TransformStepNode::getInputArtifact (5 bytes)
Event: 605.921 Thread 0x000002deff4e8500 nmethod 32793 0x000002def5005090 code [0x000002def5005220, 0x000002def50052f8]
Event: 605.928 Thread 0x000002deff4e8500 32794       2       org.gradle.internal.logging.services.DefaultLoggingManager$StartableLoggingSystem::enableCapture (31 bytes)
Event: 605.928 Thread 0x000002deff4e8500 nmethod 32794 0x000002def0916f90 code [0x000002def0917140, 0x000002def09172a8]
Event: 606.025 Thread 0x000002deff4e3f50 nmethod 32657 0x000002def60ea610 code [0x000002def60eac20, 0x000002def60f0770]
Event: 606.026 Thread 0x000002deff4e3f50 32778       4       org.gradle.api.internal.artifacts.ivyservice.resolveengine.graph.builder.DependencyGraphBuilder::resolveEdges (47 bytes)

GC Heap History (20 events):
Event: 84.293 GC heap before
{Heap before GC invocations=48 (full 0):
 garbage-first heap   total 519168K, used 296960K [0x0000000080000000, 0x0000000100000000)
  region size 1024K, 25 young (25600K), 2 survivors (2048K)
 Metaspace       used 122072K, committed 123776K, reserved 557056K
  class space    used 16496K, committed 17344K, reserved 425984K
}
Event: 84.323 GC heap after
{Heap after GC invocations=49 (full 0):
 garbage-first heap   total 519168K, used 247932K [0x0000000080000000, 0x0000000100000000)
  region size 1024K, 4 young (4096K), 4 survivors (4096K)
 Metaspace       used 122072K, committed 123776K, reserved 557056K
  class space    used 16496K, committed 17344K, reserved 425984K
}
Event: 87.231 GC heap before
{Heap before GC invocations=49 (full 0):
 garbage-first heap   total 519168K, used 420988K [0x0000000080000000, 0x0000000100000000)
  region size 1024K, 170 young (174080K), 4 survivors (4096K)
 Metaspace       used 130293K, committed 131968K, reserved 557056K
  class space    used 17492K, committed 18304K, reserved 425984K
}
Event: 87.248 GC heap after
{Heap after GC invocations=50 (full 0):
 garbage-first heap   total 519168K, used 258608K [0x0000000080000000, 0x0000000100000000)
  region size 1024K, 12 young (12288K), 12 survivors (12288K)
 Metaspace       used 130293K, committed 131968K, reserved 557056K
  class space    used 17492K, committed 18304K, reserved 425984K
}
Event: 91.271 GC heap before
{Heap before GC invocations=51 (full 0):
 garbage-first heap   total 519168K, used 411184K [0x0000000080000000, 0x0000000100000000)
  region size 1024K, 173 young (177152K), 12 survivors (12288K)
 Metaspace       used 134721K, committed 136448K, reserved 557056K
  class space    used 17953K, committed 18816K, reserved 425984K
}
Event: 91.321 GC heap after
{Heap after GC invocations=52 (full 0):
 garbage-first heap   total 519168K, used 264882K [0x0000000080000000, 0x0000000100000000)
  region size 1024K, 22 young (22528K), 22 survivors (22528K)
 Metaspace       used 134721K, committed 136448K, reserved 557056K
  class space    used 17953K, committed 18816K, reserved 425984K
}
Event: 91.359 GC heap before
{Heap before GC invocations=52 (full 0):
 garbage-first heap   total 519168K, used 267954K [0x0000000080000000, 0x0000000100000000)
  region size 1024K, 25 young (25600K), 22 survivors (22528K)
 Metaspace       used 134774K, committed 136512K, reserved 557056K
  class space    used 17962K, committed 18816K, reserved 425984K
}
Event: 91.397 GC heap after
{Heap after GC invocations=53 (full 0):
 garbage-first heap   total 519168K, used 257024K [0x0000000080000000, 0x0000000100000000)
  region size 1024K, 2 young (2048K), 2 survivors (2048K)
 Metaspace       used 134774K, committed 136512K, reserved 557056K
  class space    used 17962K, committed 18816K, reserved 425984K
}
Event: 94.222 GC heap before
{Heap before GC invocations=53 (full 0):
 garbage-first heap   total 519168K, used 425984K [0x0000000080000000, 0x0000000100000000)
  region size 1024K, 156 young (159744K), 2 survivors (2048K)
 Metaspace       used 137747K, committed 139520K, reserved 557056K
  class space    used 18222K, committed 19072K, reserved 425984K
}
Event: 94.248 GC heap after
{Heap after GC invocations=54 (full 0):
 garbage-first heap   total 519168K, used 277259K [0x0000000080000000, 0x0000000100000000)
  region size 1024K, 18 young (18432K), 18 survivors (18432K)
 Metaspace       used 137747K, committed 139520K, reserved 557056K
  class space    used 18222K, committed 19072K, reserved 425984K
}
Event: 96.263 GC heap before
{Heap before GC invocations=54 (full 0):
 garbage-first heap   total 519168K, used 420619K [0x0000000080000000, 0x0000000100000000)
  region size 1024K, 153 young (156672K), 18 survivors (18432K)
 Metaspace       used 140074K, committed 141824K, reserved 557056K
  class space    used 18444K, committed 19328K, reserved 425984K
}
Event: 96.281 GC heap after
{Heap after GC invocations=55 (full 0):
 garbage-first heap   total 519168K, used 273267K [0x0000000080000000, 0x0000000100000000)
  region size 1024K, 8 young (8192K), 8 survivors (8192K)
 Metaspace       used 140074K, committed 141824K, reserved 557056K
  class space    used 18444K, committed 19328K, reserved 425984K
}
Event: 99.199 GC heap before
{Heap before GC invocations=55 (full 0):
 garbage-first heap   total 519168K, used 418675K [0x0000000080000000, 0x0000000100000000)
  region size 1024K, 151 young (154624K), 8 survivors (8192K)
 Metaspace       used 150428K, committed 152256K, reserved 622592K
  class space    used 19936K, committed 20800K, reserved 425984K
}
Event: 99.216 GC heap after
{Heap after GC invocations=56 (full 0):
 garbage-first heap   total 519168K, used 274941K [0x0000000080000000, 0x0000000100000000)
  region size 1024K, 11 young (11264K), 11 survivors (11264K)
 Metaspace       used 150428K, committed 152256K, reserved 622592K
  class space    used 19936K, committed 20800K, reserved 425984K
}
Event: 282.420 GC heap before
{Heap before GC invocations=56 (full 0):
 garbage-first heap   total 519168K, used 423421K [0x0000000080000000, 0x0000000100000000)
  region size 1024K, 157 young (160768K), 11 survivors (11264K)
 Metaspace       used 158340K, committed 160192K, reserved 622592K
  class space    used 21023K, committed 21888K, reserved 425984K
}
Event: 282.438 GC heap after
{Heap after GC invocations=57 (full 0):
 garbage-first heap   total 519168K, used 276186K [0x0000000080000000, 0x0000000100000000)
  region size 1024K, 12 young (12288K), 12 survivors (12288K)
 Metaspace       used 158340K, committed 160192K, reserved 622592K
  class space    used 21023K, committed 21888K, reserved 425984K
}
Event: 284.113 GC heap before
{Heap before GC invocations=57 (full 0):
 garbage-first heap   total 519168K, used 429786K [0x0000000080000000, 0x0000000100000000)
  region size 1024K, 163 young (166912K), 12 survivors (12288K)
 Metaspace       used 159026K, committed 161088K, reserved 622592K
  class space    used 21098K, committed 22080K, reserved 425984K
}
Event: 284.156 GC heap after
{Heap after GC invocations=58 (full 0):
 garbage-first heap   total 519168K, used 295815K [0x0000000080000000, 0x0000000100000000)
  region size 1024K, 21 young (21504K), 21 survivors (21504K)
 Metaspace       used 159026K, committed 161088K, reserved 622592K
  class space    used 21098K, committed 22080K, reserved 425984K
}
Event: 533.046 GC heap before
{Heap before GC invocations=58 (full 0):
 garbage-first heap   total 519168K, used 426887K [0x0000000080000000, 0x0000000100000000)
  region size 1024K, 149 young (152576K), 21 survivors (21504K)
 Metaspace       used 159341K, committed 161344K, reserved 622592K
  class space    used 21116K, committed 22080K, reserved 425984K
}
Event: 533.105 GC heap after
{Heap after GC invocations=59 (full 0):
 garbage-first heap   total 519168K, used 308736K [0x0000000080000000, 0x0000000100000000)
  region size 1024K, 13 young (13312K), 13 survivors (13312K)
 Metaspace       used 159341K, committed 161344K, reserved 622592K
  class space    used 21116K, committed 22080K, reserved 425984K
}

Dll operation events (16 events):
Event: 0.006 Loaded shared library C:\Program Files\Microsoft\jdk-17.0.13.11-hotspot\bin\java.dll
Event: 0.023 Loaded shared library C:\Program Files\Microsoft\jdk-17.0.13.11-hotspot\bin\jsvml.dll
Event: 0.079 Loaded shared library C:\Program Files\Microsoft\jdk-17.0.13.11-hotspot\bin\zip.dll
Event: 0.081 Loaded shared library C:\Program Files\Microsoft\jdk-17.0.13.11-hotspot\bin\instrument.dll
Event: 0.085 Loaded shared library C:\Program Files\Microsoft\jdk-17.0.13.11-hotspot\bin\net.dll
Event: 0.087 Loaded shared library C:\Program Files\Microsoft\jdk-17.0.13.11-hotspot\bin\nio.dll
Event: 0.089 Loaded shared library C:\Program Files\Microsoft\jdk-17.0.13.11-hotspot\bin\zip.dll
Event: 0.350 Loaded shared library C:\Program Files\Microsoft\jdk-17.0.13.11-hotspot\bin\jimage.dll
Event: 0.508 Loaded shared library C:\Program Files\Microsoft\jdk-17.0.13.11-hotspot\bin\verify.dll
Event: 0.680 Loaded shared library C:\Users\aliah\.gradle\native\c067742578af261105cb4f569cf0c3c89f3d7b1fecec35dd04571415982c5e48\windows-amd64\native-platform.dll
Event: 0.686 Loaded shared library C:\Users\aliah\.gradle\native\100fb08df4bc3b14c8652ba06237920a3bd2aa13389f12d3474272988ae205f9\windows-amd64\native-platform-file-events.dll
Event: 2.052 Loaded shared library C:\Program Files\Microsoft\jdk-17.0.13.11-hotspot\bin\management.dll
Event: 2.054 Loaded shared library C:\Program Files\Microsoft\jdk-17.0.13.11-hotspot\bin\management_ext.dll
Event: 2.263 Loaded shared library C:\Program Files\Microsoft\jdk-17.0.13.11-hotspot\bin\extnet.dll
Event: 2.529 Loaded shared library C:\Program Files\Microsoft\jdk-17.0.13.11-hotspot\bin\sunmscapi.dll
Event: 96.759 Loaded shared library C:\Users\aliah\AppData\Local\Temp\native-platform8195398139098295735dir\native-platform.dll

Deoptimization events (20 events):
Event: 605.596 Thread 0x000002dea981d940 Uncommon trap: trap_request=0xffffffde fr.pc=0x000002def5b08a68 relative=0x0000000000000288
Event: 605.596 Thread 0x000002dea981d940 Uncommon trap: reason=class_check action=maybe_recompile pc=0x000002def5b08a68 method=java.lang.invoke.LambdaForm$MH/0x000002de857c2000.invoke(Ljava/lang/Object;Ljava/lang/Object;Ljava/lang/Object;Ljava/lang/Object;)Ljava/lang/Object; @ 107 c2
Event: 605.596 Thread 0x000002dea981d940 DEOPT PACKING pc=0x000002def5b08a68 sp=0x000000e6e09f2c80
Event: 605.596 Thread 0x000002dea981d940 DEOPT UNPACKING pc=0x000002def49969a3 sp=0x000000e6e09f2b58 mode 2
Event: 605.765 Thread 0x000002dea981d940 Uncommon trap: trap_request=0xffffffbe fr.pc=0x000002def60b1444 relative=0x0000000000006e04
Event: 605.765 Thread 0x000002dea981d940 Uncommon trap: reason=profile_predicate action=maybe_recompile pc=0x000002def60b1444 method=org.gradle.api.internal.artifacts.ivyservice.resolveengine.ComponentResolversChain$DependencyToComponentIdResolverChain.resolve(Lorg/gradle/internal/component/mode
Event: 605.765 Thread 0x000002dea981d940 DEOPT PACKING pc=0x000002def60b1444 sp=0x000000e6e09f96a0
Event: 605.765 Thread 0x000002dea981d940 DEOPT UNPACKING pc=0x000002def49969a3 sp=0x000000e6e09f9320 mode 2
Event: 605.768 Thread 0x000002dea981d940 Uncommon trap: trap_request=0xffffffbe fr.pc=0x000002def60b1444 relative=0x0000000000006e04
Event: 605.768 Thread 0x000002dea981d940 Uncommon trap: reason=profile_predicate action=maybe_recompile pc=0x000002def60b1444 method=org.gradle.api.internal.artifacts.ivyservice.resolveengine.ComponentResolversChain$DependencyToComponentIdResolverChain.resolve(Lorg/gradle/internal/component/mode
Event: 605.768 Thread 0x000002dea981d940 DEOPT PACKING pc=0x000002def60b1444 sp=0x000000e6e09f96a0
Event: 605.768 Thread 0x000002dea981d940 DEOPT UNPACKING pc=0x000002def49969a3 sp=0x000000e6e09f9320 mode 2
Event: 605.788 Thread 0x000002dea981d940 Uncommon trap: trap_request=0xffffffbe fr.pc=0x000002def60b1444 relative=0x0000000000006e04
Event: 605.788 Thread 0x000002dea981d940 Uncommon trap: reason=profile_predicate action=maybe_recompile pc=0x000002def60b1444 method=org.gradle.api.internal.artifacts.ivyservice.resolveengine.ComponentResolversChain$DependencyToComponentIdResolverChain.resolve(Lorg/gradle/internal/component/mode
Event: 605.788 Thread 0x000002dea981d940 DEOPT PACKING pc=0x000002def60b1444 sp=0x000000e6e09f7ce0
Event: 605.788 Thread 0x000002dea981d940 DEOPT UNPACKING pc=0x000002def49969a3 sp=0x000000e6e09f7960 mode 2
Event: 605.864 Thread 0x000002dea7046720 Uncommon trap: trap_request=0xffffffbe fr.pc=0x000002def60b1444 relative=0x0000000000006e04
Event: 605.864 Thread 0x000002dea7046720 Uncommon trap: reason=profile_predicate action=maybe_recompile pc=0x000002def60b1444 method=org.gradle.api.internal.artifacts.ivyservice.resolveengine.ComponentResolversChain$DependencyToComponentIdResolverChain.resolve(Lorg/gradle/internal/component/mode
Event: 605.864 Thread 0x000002dea7046720 DEOPT PACKING pc=0x000002def60b1444 sp=0x000000e6e2af9160
Event: 605.864 Thread 0x000002dea7046720 DEOPT UNPACKING pc=0x000002def49969a3 sp=0x000000e6e2af8de0 mode 2

Classes loaded (20 events):
Event: 99.695 Loading class java/util/AbstractList$SubList
Event: 99.696 Loading class java/util/AbstractList$SubList done
Event: 99.696 Loading class java/util/AbstractList$SubList$1
Event: 99.696 Loading class java/util/AbstractList$SubList$1 done
Event: 100.185 Loading class java/nio/ShortBuffer
Event: 100.194 Loading class java/nio/ShortBuffer done
Event: 100.253 Loading class java/nio/ByteBufferAsShortBufferL
Event: 100.264 Loading class java/nio/ByteBufferAsShortBufferL done
Event: 100.302 Loading class java/util/zip/Adler32
Event: 100.303 Loading class java/util/zip/Adler32 done
Event: 101.041 Loading class java/util/logging/LogRecord
Event: 101.041 Loading class java/util/logging/LogRecord done
Event: 101.068 Loading class sun/nio/fs/WindowsSecurity$Privilege
Event: 101.068 Loading class sun/nio/fs/WindowsSecurity$Privilege done
Event: 101.197 Loading class java/util/Collections$EmptyListIterator
Event: 101.197 Loading class java/util/Collections$EmptyListIterator done
Event: 101.242 Loading class java/net/UrlDeserializedState
Event: 101.242 Loading class java/net/UrlDeserializedState done
Event: 533.393 Loading class java/lang/ProcessBuilder$RedirectPipeImpl
Event: 533.395 Loading class java/lang/ProcessBuilder$RedirectPipeImpl done

Classes unloaded (0 events):
No events

Classes redefined (0 events):
No events

Internal exceptions (20 events):
Event: 605.469 Thread 0x000002dea981d940 Exception <a 'sun/nio/fs/WindowsException'{0x000000009d368818}> (0x000000009d368818) 
thrown [s\src\hotspot\share\prims\jni.cpp, line 516]
Event: 605.540 Thread 0x000002dea981d940 Exception <a 'sun/nio/fs/WindowsException'{0x000000009bdcd580}> (0x000000009bdcd580) 
thrown [s\src\hotspot\share\prims\jni.cpp, line 516]
Event: 605.540 Thread 0x000002dea981d940 Exception <a 'sun/nio/fs/WindowsException'{0x000000009bdcd700}> (0x000000009bdcd700) 
thrown [s\src\hotspot\share\prims\jni.cpp, line 516]
Event: 605.540 Thread 0x000002dea981d940 Exception <a 'sun/nio/fs/WindowsException'{0x000000009bdd0848}> (0x000000009bdd0848) 
thrown [s\src\hotspot\share\prims\jni.cpp, line 516]
Event: 605.540 Thread 0x000002dea981d940 Exception <a 'sun/nio/fs/WindowsException'{0x000000009bdd0a48}> (0x000000009bdd0a48) 
thrown [s\src\hotspot\share\prims\jni.cpp, line 516]
Event: 605.540 Thread 0x000002dea981d940 Exception <a 'sun/nio/fs/WindowsException'{0x000000009bdd58b8}> (0x000000009bdd58b8) 
thrown [s\src\hotspot\share\prims\jni.cpp, line 516]
Event: 605.540 Thread 0x000002dea981d940 Exception <a 'sun/nio/fs/WindowsException'{0x000000009bdd5ab8}> (0x000000009bdd5ab8) 
thrown [s\src\hotspot\share\prims\jni.cpp, line 516]
Event: 605.765 Thread 0x000002dea981d940 Implicit null exception at 0x000002def60abd42 to 0x000002def60b13d4
Event: 605.768 Thread 0x000002dea981d940 Implicit null exception at 0x000002def60abd42 to 0x000002def60b13d4
Event: 605.788 Thread 0x000002dea981d940 Implicit null exception at 0x000002def60abd42 to 0x000002def60b13d4
Event: 605.850 Thread 0x000002dea7046720 Exception <a 'sun/nio/fs/WindowsException'{0x000000009a4a7a50}> (0x000000009a4a7a50) 
thrown [s\src\hotspot\share\prims\jni.cpp, line 516]
Event: 605.850 Thread 0x000002dea7046720 Exception <a 'sun/nio/fs/WindowsException'{0x000000009a4aae90}> (0x000000009a4aae90) 
thrown [s\src\hotspot\share\prims\jni.cpp, line 516]
Event: 605.851 Thread 0x000002dea7046720 Exception <a 'sun/nio/fs/WindowsException'{0x000000009a4acfd0}> (0x000000009a4acfd0) 
thrown [s\src\hotspot\share\prims\jni.cpp, line 516]
Event: 605.851 Thread 0x000002dea7046720 Exception <a 'sun/nio/fs/WindowsException'{0x000000009a4aedd8}> (0x000000009a4aedd8) 
thrown [s\src\hotspot\share\prims\jni.cpp, line 516]
Event: 605.852 Thread 0x000002dea7046720 Exception <a 'sun/nio/fs/WindowsException'{0x000000009a4b8650}> (0x000000009a4b8650) 
thrown [s\src\hotspot\share\prims\jni.cpp, line 516]
Event: 605.864 Thread 0x000002dea7046720 Implicit null exception at 0x000002def60abd42 to 0x000002def60b13d4
Event: 605.890 Thread 0x000002dea7045d00 Exception <a 'sun/nio/fs/WindowsException'{0x000000009a2b40e8}> (0x000000009a2b40e8) 
thrown [s\src\hotspot\share\prims\jni.cpp, line 516]
Event: 605.890 Thread 0x000002dea7045d00 Exception <a 'sun/nio/fs/WindowsException'{0x000000009a2b60b8}> (0x000000009a2b60b8) 
thrown [s\src\hotspot\share\prims\jni.cpp, line 516]
Event: 605.890 Thread 0x000002dea7045d00 Exception <a 'sun/nio/fs/WindowsException'{0x000000009a2b7fe8}> (0x000000009a2b7fe8) 
thrown [s\src\hotspot\share\prims\jni.cpp, line 516]
Event: 605.890 Thread 0x000002dea7045d00 Exception <a 'sun/nio/fs/WindowsException'{0x000000009a2b9bc0}> (0x000000009a2b9bc0) 
thrown [s\src\hotspot\share\prims\jni.cpp, line 516]

VM Operations (20 events):
Event: 393.197 Executing VM operation: Cleanup
Event: 393.197 Executing VM operation: Cleanup done
Event: 462.803 Executing VM operation: Cleanup
Event: 462.803 Executing VM operation: Cleanup done
Event: 482.954 Executing VM operation: Cleanup
Event: 482.954 Executing VM operation: Cleanup done
Event: 533.046 Executing VM operation: G1CollectForAllocation
Event: 533.105 Executing VM operation: G1CollectForAllocation done
Event: 534.113 Executing VM operation: Cleanup
Event: 534.113 Executing VM operation: Cleanup done
Event: 535.126 Executing VM operation: Cleanup
Event: 535.127 Executing VM operation: Cleanup done
Event: 540.756 Executing VM operation: HandshakeAllThreads
Event: 540.757 Executing VM operation: HandshakeAllThreads done
Event: 562.950 Executing VM operation: Cleanup
Event: 562.950 Executing VM operation: Cleanup done
Event: 605.864 Executing VM operation: HandshakeAllThreads
Event: 605.864 Executing VM operation: HandshakeAllThreads done
Event: 605.864 Executing VM operation: Cleanup
Event: 605.865 Executing VM operation: Cleanup done

Memory protections (0 events):
No events

Nmethod flushes (20 events):
Event: 100.996 Thread 0x000002deff4f3dc0 flushing  nmethod 0x000002deee898490
Event: 100.996 Thread 0x000002deff4f3dc0 flushing  nmethod 0x000002deee966210
Event: 100.997 Thread 0x000002deff4f3dc0 flushing  nmethod 0x000002deeea26810
Event: 100.998 Thread 0x000002deff4f3dc0 flushing  nmethod 0x000002deeeabcc90
Event: 101.000 Thread 0x000002deff4f3dc0 flushing  nmethod 0x000002deeed82f90
Event: 101.001 Thread 0x000002deff4f3dc0 flushing  nmethod 0x000002deeef5ac90
Event: 101.003 Thread 0x000002deff4f3dc0 flushing  nmethod 0x000002deef189990
Event: 101.003 Thread 0x000002deff4f3dc0 flushing  nmethod 0x000002deef2c4810
Event: 101.004 Thread 0x000002deff4f3dc0 flushing  nmethod 0x000002deef2e5010
Event: 101.006 Thread 0x000002deff4f3dc0 flushing  nmethod 0x000002deef61f390
Event: 101.007 Thread 0x000002deff4f3dc0 flushing  nmethod 0x000002deef74b910
Event: 101.008 Thread 0x000002deff4f3dc0 flushing  nmethod 0x000002deef7ebe90
Event: 101.008 Thread 0x000002deff4f3dc0 flushing  nmethod 0x000002deef80f590
Event: 101.008 Thread 0x000002deff4f3dc0 flushing  nmethod 0x000002deef8fea90
Event: 101.017 Thread 0x000002deff4f3dc0 flushing  nmethod 0x000002def0110310
Event: 101.017 Thread 0x000002deff4f3dc0 flushing  nmethod 0x000002def0110e10
Event: 101.017 Thread 0x000002deff4f3dc0 flushing  nmethod 0x000002def012e290
Event: 101.017 Thread 0x000002deff4f3dc0 flushing  nmethod 0x000002def012e990
Event: 101.017 Thread 0x000002deff4f3dc0 flushing  nmethod 0x000002def0131c10
Event: 605.865 Thread 0x000002deff4f3dc0 flushing  nmethod 0x000002def5004d90

Events (20 events):
Event: 605.589 Thread 0x000002dea981d940 Thread added: 0x000002dea7042f70
Event: 605.611 Thread 0x000002dea981d940 Thread added: 0x000002dea7043480
Event: 605.783 Thread 0x000002dea7041110 Thread added: 0x000002dea7043ea0
Event: 605.810 Thread 0x000002dea981d940 Thread added: 0x000002dea7046720
Event: 605.812 Thread 0x000002dea7046720 Thread added: 0x000002dea7044dd0
Event: 605.812 Thread 0x000002dea7046720 Thread added: 0x000002dea70457f0
Event: 605.812 Thread 0x000002dea7046720 Thread added: 0x000002dea7045d00
Event: 605.813 Thread 0x000002dea7046720 Thread added: 0x000002dea7046210
Event: 605.835 Thread 0x000002dea7046720 Thread added: 0x000002dea7046c30
Event: 605.836 Thread 0x000002dea7046720 Thread added: 0x000002dea703f7c0
Event: 605.836 Thread 0x000002dea7046720 Thread added: 0x000002dea7047140
Event: 605.843 Thread 0x000002dea7046720 Thread added: 0x000002dea70406f0
Event: 605.843 Thread 0x000002dea7046720 Thread added: 0x000002dea9335970
Event: 605.872 Thread 0x000002dea7046720 Thread added: 0x000002dea9331290
Event: 605.914 Thread 0x000002dea981d940 Thread added: 0x000002dea93317a0
Event: 605.915 Thread 0x000002dea981d940 Thread added: 0x000002dea9334f50
Event: 605.915 Thread 0x000002dea981d940 Thread added: 0x000002dea93321c0
Event: 605.922 Thread 0x000002dea981d940 Thread added: 0x000002dea9335e80
Event: 605.923 Thread 0x000002dea981d940 Thread added: 0x000002dea93368a0
Event: 605.923 Thread 0x000002dea981d940 Thread added: 0x000002dea9334a40


Dynamic libraries:
0x00007ff71eda0000 - 0x00007ff71edae000 	C:\Program Files\Microsoft\jdk-17.0.13.11-hotspot\bin\java.exe
0x00007ffd1f0d0000 - 0x00007ffd1f2c8000 	C:\WINDOWS\SYSTEM32\ntdll.dll
0x00007ffd1dd80000 - 0x00007ffd1de42000 	C:\WINDOWS\System32\KERNEL32.DLL
0x00007ffd1c840000 - 0x00007ffd1cb3e000 	C:\WINDOWS\System32\KERNELBASE.dll
0x00007ffd1cc80000 - 0x00007ffd1cd80000 	C:\WINDOWS\System32\ucrtbase.dll
0x00007ffd06140000 - 0x00007ffd0615d000 	C:\Program Files\Microsoft\jdk-17.0.13.11-hotspot\bin\VCRUNTIME140.dll
0x00007ffd11060000 - 0x00007ffd11077000 	C:\Program Files\Microsoft\jdk-17.0.13.11-hotspot\bin\jli.dll
0x00007ffd1e690000 - 0x00007ffd1e82d000 	C:\WINDOWS\System32\USER32.dll
0x00007ffd1c810000 - 0x00007ffd1c832000 	C:\WINDOWS\System32\win32u.dll
0x00007ffd01fe0000 - 0x00007ffd0227a000 	C:\WINDOWS\WinSxS\amd64_microsoft.windows.common-controls_6595b64144ccf1df_6.0.19041.4355_none_60b8b9eb71f62e16\COMCTL32.dll
0x00007ffd1e1b0000 - 0x00007ffd1e1db000 	C:\WINDOWS\System32\GDI32.dll
0x00007ffd1d870000 - 0x00007ffd1d90e000 	C:\WINDOWS\System32\msvcrt.dll
0x00007ffd1cee0000 - 0x00007ffd1cff7000 	C:\WINDOWS\System32\gdi32full.dll
0x00007ffd1d050000 - 0x00007ffd1d0ed000 	C:\WINDOWS\System32\msvcp_win.dll
0x00007ffd1de50000 - 0x00007ffd1de7f000 	C:\WINDOWS\System32\IMM32.DLL
0x00007ffd13af0000 - 0x00007ffd13afc000 	C:\Program Files\Microsoft\jdk-17.0.13.11-hotspot\bin\vcruntime140_1.dll
0x00007ffceff00000 - 0x00007ffceff8d000 	C:\Program Files\Microsoft\jdk-17.0.13.11-hotspot\bin\msvcp140.dll
0x00007ffcd1120000 - 0x00007ffcd1d91000 	C:\Program Files\Microsoft\jdk-17.0.13.11-hotspot\bin\server\jvm.dll
0x00007ffd1e090000 - 0x00007ffd1e141000 	C:\WINDOWS\System32\ADVAPI32.dll
0x00007ffd1ef90000 - 0x00007ffd1f02f000 	C:\WINDOWS\System32\sechost.dll
0x00007ffd1e430000 - 0x00007ffd1e553000 	C:\WINDOWS\System32\RPCRT4.dll
0x00007ffd1c7e0000 - 0x00007ffd1c807000 	C:\WINDOWS\System32\bcrypt.dll
0x00007ffd1e830000 - 0x00007ffd1e89b000 	C:\WINDOWS\System32\WS2_32.dll
0x00007ffd1bcb0000 - 0x00007ffd1bcfb000 	C:\WINDOWS\SYSTEM32\POWRPROF.dll
0x00007ffd0f560000 - 0x00007ffd0f56a000 	C:\WINDOWS\SYSTEM32\VERSION.dll
0x00007ffd062e0000 - 0x00007ffd06307000 	C:\WINDOWS\SYSTEM32\WINMM.dll
0x00007ffd1bb70000 - 0x00007ffd1bb82000 	C:\WINDOWS\SYSTEM32\UMPDC.dll
0x00007ffd1afe0000 - 0x00007ffd1aff2000 	C:\WINDOWS\SYSTEM32\kernel.appcore.dll
0x00007ffd11a10000 - 0x00007ffd11a1a000 	C:\Program Files\Microsoft\jdk-17.0.13.11-hotspot\bin\jimage.dll
0x00007ffd193a0000 - 0x00007ffd19584000 	C:\WINDOWS\SYSTEM32\DBGHELP.DLL
0x00007ffcfea80000 - 0x00007ffcfeab4000 	C:\WINDOWS\SYSTEM32\dbgcore.DLL
0x00007ffd1cb40000 - 0x00007ffd1cbc2000 	C:\WINDOWS\System32\bcryptPrimitives.dll
0x00007ffd16fe0000 - 0x00007ffd16fee000 	C:\Program Files\Microsoft\jdk-17.0.13.11-hotspot\bin\instrument.dll
0x00007ffcfee00000 - 0x00007ffcfee25000 	C:\Program Files\Microsoft\jdk-17.0.13.11-hotspot\bin\java.dll
0x00007ffceec00000 - 0x00007ffceecd7000 	C:\Program Files\Microsoft\jdk-17.0.13.11-hotspot\bin\jsvml.dll
0x00007ffd1d0f0000 - 0x00007ffd1d85d000 	C:\WINDOWS\System32\SHELL32.dll
0x00007ffd1a7a0000 - 0x00007ffd1af44000 	C:\WINDOWS\SYSTEM32\windows.storage.dll
0x00007ffd1eae0000 - 0x00007ffd1ee33000 	C:\WINDOWS\System32\combase.dll
0x00007ffd1c1a0000 - 0x00007ffd1c1ce000 	C:\WINDOWS\SYSTEM32\Wldp.dll
0x00007ffd1eec0000 - 0x00007ffd1ef8d000 	C:\WINDOWS\System32\OLEAUT32.dll
0x00007ffd1e900000 - 0x00007ffd1e9ad000 	C:\WINDOWS\System32\SHCORE.dll
0x00007ffd1e150000 - 0x00007ffd1e1a5000 	C:\WINDOWS\System32\shlwapi.dll
0x00007ffd1c6a0000 - 0x00007ffd1c6c4000 	C:\WINDOWS\SYSTEM32\profapi.dll
0x00007ffcff6f0000 - 0x00007ffcff708000 	C:\Program Files\Microsoft\jdk-17.0.13.11-hotspot\bin\zip.dll
0x00007ffd04bc0000 - 0x00007ffd04bda000 	C:\Program Files\Microsoft\jdk-17.0.13.11-hotspot\bin\net.dll
0x00007ffd19ad0000 - 0x00007ffd19bdd000 	C:\WINDOWS\SYSTEM32\WINHTTP.dll
0x00007ffd1bf00000 - 0x00007ffd1bf6a000 	C:\WINDOWS\system32\mswsock.dll
0x00007ffd029f0000 - 0x00007ffd02a06000 	C:\Program Files\Microsoft\jdk-17.0.13.11-hotspot\bin\nio.dll
0x00007ffd171d0000 - 0x00007ffd171e0000 	C:\Program Files\Microsoft\jdk-17.0.13.11-hotspot\bin\verify.dll
0x00007ffd16ff0000 - 0x00007ffd17017000 	C:\Users\aliah\.gradle\native\c067742578af261105cb4f569cf0c3c89f3d7b1fecec35dd04571415982c5e48\windows-amd64\native-platform.dll
0x00007ffce39a0000 - 0x00007ffce3ae4000 	C:\Users\aliah\.gradle\native\100fb08df4bc3b14c8652ba06237920a3bd2aa13389f12d3474272988ae205f9\windows-amd64\native-platform-file-events.dll
0x00007ffd10db0000 - 0x00007ffd10dba000 	C:\Program Files\Microsoft\jdk-17.0.13.11-hotspot\bin\management.dll
0x00007ffd10cf0000 - 0x00007ffd10cfb000 	C:\Program Files\Microsoft\jdk-17.0.13.11-hotspot\bin\management_ext.dll
0x00007ffd1d860000 - 0x00007ffd1d868000 	C:\WINDOWS\System32\PSAPI.DLL
0x00007ffd1c0f0000 - 0x00007ffd1c108000 	C:\WINDOWS\SYSTEM32\CRYPTSP.dll
0x00007ffd1b7b0000 - 0x00007ffd1b7e4000 	C:\WINDOWS\system32\rsaenh.dll
0x00007ffd1c660000 - 0x00007ffd1c68e000 	C:\WINDOWS\SYSTEM32\USERENV.dll
0x00007ffd1c110000 - 0x00007ffd1c11c000 	C:\WINDOWS\SYSTEM32\CRYPTBASE.dll
0x00007ffd1bb90000 - 0x00007ffd1bbcb000 	C:\WINDOWS\SYSTEM32\IPHLPAPI.DLL
0x00007ffd1e680000 - 0x00007ffd1e688000 	C:\WINDOWS\System32\NSI.dll
0x00007ffd13500000 - 0x00007ffd13517000 	C:\WINDOWS\SYSTEM32\dhcpcsvc6.DLL
0x00007ffd136b0000 - 0x00007ffd136cd000 	C:\WINDOWS\SYSTEM32\dhcpcsvc.DLL
0x00007ffd1bbd0000 - 0x00007ffd1bc9a000 	C:\WINDOWS\SYSTEM32\DNSAPI.dll
0x00007ffd05d80000 - 0x00007ffd05d89000 	C:\Program Files\Microsoft\jdk-17.0.13.11-hotspot\bin\extnet.dll
0x00007ffd08530000 - 0x00007ffd0853e000 	C:\Program Files\Microsoft\jdk-17.0.13.11-hotspot\bin\sunmscapi.dll
0x00007ffd1cd80000 - 0x00007ffd1cedc000 	C:\WINDOWS\System32\CRYPT32.dll
0x00007ffd1c210000 - 0x00007ffd1c237000 	C:\WINDOWS\SYSTEM32\ncrypt.dll
0x00007ffd1c1d0000 - 0x00007ffd1c20b000 	C:\WINDOWS\SYSTEM32\NTASN1.dll
0x00007ffd00d00000 - 0x00007ffd00d07000 	C:\WINDOWS\system32\wshunix.dll
0x00007ffd01930000 - 0x00007ffd01947000 	C:\WINDOWS\system32\napinsp.dll
0x00007ffd024a0000 - 0x00007ffd024bb000 	C:\WINDOWS\system32\pnrpnsp.dll
0x00007ffd16ab0000 - 0x00007ffd16ac5000 	C:\WINDOWS\system32\wshbth.dll
0x00007ffd17340000 - 0x00007ffd1735d000 	C:\WINDOWS\system32\NLAapi.dll
0x00007ffd02910000 - 0x00007ffd02922000 	C:\WINDOWS\System32\winrnr.dll
0x000000005ece0000 - 0x000000005ed06000 	C:\Program Files\Bonjour\mdnsNSP.dll
0x00007ffd0a860000 - 0x00007ffd0a86a000 	C:\Windows\System32\rasadhlp.dll
0x00007ffd0e990000 - 0x00007ffd0ea10000 	C:\WINDOWS\System32\fwpuclnt.dll
0x00007ffd1ba00000 - 0x00007ffd1ba33000 	C:\WINDOWS\SYSTEM32\ntmarta.dll
0x00007ffd110d0000 - 0x00007ffd110ee000 	C:\Users\aliah\AppData\Local\Temp\native-platform8195398139098295735dir\native-platform.dll

dbghelp: loaded successfully - version: 4.0.5 - missing functions: none
symbol engine: initialized successfully - sym options: 0x614 - pdb path: .;C:\Program Files\Microsoft\jdk-17.0.13.11-hotspot\bin;C:\WINDOWS\SYSTEM32;C:\WINDOWS\WinSxS\amd64_microsoft.windows.common-controls_6595b64144ccf1df_6.0.19041.4355_none_60b8b9eb71f62e16;C:\Program Files\Microsoft\jdk-17.0.13.11-hotspot\bin\server;C:\Users\aliah\.gradle\native\c067742578af261105cb4f569cf0c3c89f3d7b1fecec35dd04571415982c5e48\windows-amd64;C:\Users\aliah\.gradle\native\100fb08df4bc3b14c8652ba06237920a3bd2aa13389f12d3474272988ae205f9\windows-amd64;C:\Program Files\Bonjour;C:\Users\aliah\AppData\Local\Temp\native-platform8195398139098295735dir

VM Arguments:
jvm_args: --add-opens=java.base/java.lang=ALL-UNNAMED --add-opens=java.base/java.lang.invoke=ALL-UNNAMED --add-opens=java.base/java.util=ALL-UNNAMED --add-opens=java.prefs/java.util.prefs=ALL-UNNAMED --add-exports=jdk.compiler/com.sun.tools.javac.api=ALL-UNNAMED --add-exports=jdk.compiler/com.sun.tools.javac.util=ALL-UNNAMED --add-opens=java.base/java.util=ALL-UNNAMED --add-opens=java.prefs/java.util.prefs=ALL-UNNAMED --add-opens=java.base/java.nio.charset=ALL-UNNAMED --add-opens=java.base/java.net=ALL-UNNAMED --add-opens=java.base/java.util.concurrent.atomic=ALL-UNNAMED --add-opens=java.xml/javax.xml.namespace=ALL-UNNAMED -XX:MaxMetaspaceSize=512m -Xmx2048m -Dfile.encoding=windows-1252 -Duser.country=US -Duser.language=en -Duser.variant -javaagent:C:\Users\aliah\.gradle\wrapper\dists\gradle-8.11.1-bin\bpt9gzteqjrbo1mjrsomdt32c\gradle-8.11.1\lib\agents\gradle-instrumentation-agent-8.11.1.jar 
java_command: org.gradle.launcher.daemon.bootstrap.GradleDaemon 8.11.1
java_class_path (initial): C:\Users\aliah\.gradle\wrapper\dists\gradle-8.11.1-bin\bpt9gzteqjrbo1mjrsomdt32c\gradle-8.11.1\lib\gradle-daemon-main-8.11.1.jar
Launcher Type: SUN_STANDARD

[Global flags]
     intx CICompilerCount                          = 3                                         {product} {ergonomic}
   size_t CompressedClassSpaceSize                 = 436207616                                 {product} {ergonomic}
     uint ConcGCThreads                            = 1                                         {product} {ergonomic}
     uint G1ConcRefinementThreads                  = 4                                         {product} {ergonomic}
   size_t G1HeapRegionSize                         = 1048576                                   {product} {ergonomic}
    uintx GCDrainStackTargetSize                   = 64                                        {product} {ergonomic}
   size_t InitialHeapSize                          = 132120576                                 {product} {ergonomic}
   size_t MarkStackSize                            = 4194304                                   {product} {ergonomic}
   size_t MaxHeapSize                              = 2147483648                                {product} {command line}
   size_t MaxMetaspaceSize                         = 536870912                                 {product} {command line}
   size_t MaxNewSize                               = 1287651328                                {product} {ergonomic}
   size_t MinHeapDeltaBytes                        = 1048576                                   {product} {ergonomic}
   size_t MinHeapSize                              = 8388608                                   {product} {ergonomic}
    uintx NonNMethodCodeHeapSize                   = 5832780                                {pd product} {ergonomic}
    uintx NonProfiledCodeHeapSize                  = 122912730                              {pd product} {ergonomic}
    uintx ProfiledCodeHeapSize                     = 122912730                              {pd product} {ergonomic}
    uintx ReservedCodeCacheSize                    = 251658240                              {pd product} {ergonomic}
     bool SegmentedCodeCache                       = true                                      {product} {ergonomic}
   size_t SoftMaxHeapSize                          = 2147483648                             {manageable} {ergonomic}
     bool UseCompressedClassPointers               = true                           {product lp64_product} {ergonomic}
     bool UseCompressedOops                        = true                           {product lp64_product} {ergonomic}
     bool UseG1GC                                  = true                                      {product} {ergonomic}
     bool UseLargePagesIndividualAllocation        = false                                  {pd product} {ergonomic}

Logging:
Log output configuration:
 #0: stdout all=warning uptime,level,tags
 #1: stderr all=off uptime,level,tags

Environment Variables:
JAVA_HOME=C:\Program Files\Microsoft\jdk-17.0.13.11-hotspot\
CLASSPATH=D:\React Native\MyProject\android\\gradle\wrapper\gradle-wrapper.jar
PATH=C:\Program Files\Microsoft\jdk-17.0.13.11-hotspot\bin;C:\WINDOWS\system32;C:\WINDOWS;C:\WINDOWS\System32\Wbem;C:\WINDOWS\System32\WindowsPowerShell\v1.0\;C:\WINDOWS\System32\OpenSSH\;C:\Program Files\nodejs\;C:\Program Files\Git\cmd;C:\Users\aliah\AppData\Local\Android\Sdk\emulator;C:\Users\aliah\AppData\Local\Android\Sdk;C:\Users\aliah\AppData\Local\Android\Sdk\platform-tools;C:\ProgramData\chocolatey\bin;D:\React Native\MyProject\android\gradle-8.11.1\bin;C:\Users\aliah\AppData\Local\Microsoft\WindowsApps;C:\Users\aliah\AppData\Local\Programs\Microsoft VS Code\bin;C:\Users\aliah\AppData\Roaming\npm;C:\Program Files\Microsoft\jdk-17.0.13.11-hotspot\bin;D:\React Native\MyProject\android\gradle-8.11.1\bin;
USERNAME=aliah
OS=Windows_NT
PROCESSOR_IDENTIFIER=Intel64 Family 6 Model 142 Stepping 9, GenuineIntel
TMP=C:\Users\aliah\AppData\Local\Temp
TEMP=C:\Users\aliah\AppData\Local\Temp



Periodic native trim disabled


---------------  S Y S T E M  ---------------

OS:
 Windows 10 , 64 bit Build 19041 (10.0.19041.5198)
OS uptime: 8 days 10:15 hours

CPU: total 4 (initial active 4) (2 cores per cpu, 2 threads per core) family 6 model 142 stepping 9 microcode 0xf0, cx8, cmov, fxsr, ht, mmx, 3dnowpref, sse, sse2, sse3, ssse3, sse4.1, sse4.2, popcnt, lzcnt, tsc, tscinvbit, avx, avx2, aes, erms, clmul, bmi1, bmi2, adx, fma, vzeroupper, clflush, clflushopt
Processor Information for processor 0
  Max Mhz: 2904, Current Mhz: 2703, Mhz Limit: 2700
Processor Information for processor 1
  Max Mhz: 2904, Current Mhz: 2703, Mhz Limit: 2700
Processor Information for processor 2
  Max Mhz: 2904, Current Mhz: 2703, Mhz Limit: 2700
Processor Information for processor 3
  Max Mhz: 2904, Current Mhz: 1502, Mhz Limit: 2700

Memory: 4k page, system-wide physical 8042M (385M free)
TotalPageFile size 12138M (AvailPageFile size 27M)
current process WorkingSet (physical memory assigned to process): 945M, peak: 955M
current process commit charge ("private bytes"): 972M, peak: 983M

vm_info: OpenJDK 64-Bit Server VM (17.0.13+11-LTS) for windows-amd64 JRE (17.0.13+11-LTS), built on Oct 11 2024 23:25:05 by "MicrosoftCorporation" with unknown MS VC++:1939

END.
