#
# There is insufficient memory for the Java Runtime Environment to continue.
# Native memory allocation (mmap) failed to map 65536 bytes. Error detail: Failed to commit metaspace.
# Possible reasons:
#   The system is out of physical RAM or swap space
#   This process is running with CompressedOops enabled, and the Java Heap may be blocking the growth of the native heap
# Possible solutions:
#   Reduce memory load on the system
#   Increase physical memory or swap space
#   Check if swap backing store is full
#   Decrease Java heap size (-Xmx/-Xms)
#   Decrease number of Java threads
#   Decrease Java thread stack sizes (-Xss)
#   Set larger code cache with -XX:ReservedCodeCacheSize=
#   JVM is running with Unscaled Compressed Oops mode in which the Java heap is
#     placed in the first 4GB address space. The Java Heap base address is the
#     maximum limit for the native heap growth. Please use -XX:HeapBaseMinAddress
#     to set the Java Heap base and to place the Java Heap above 4GB virtual address.
# This output file may be truncated or incomplete.
#
#  Out of Memory Error (virtualSpaceNode.cpp:110), pid=11064, tid=5596
#
# JRE version: OpenJDK Runtime Environment Microsoft-10376486 (17.0.13+11) (build 17.0.13+11-LTS)
# Java VM: OpenJDK 64-Bit Server VM Microsoft-10376486 (17.0.13+11-LTS, mixed mode, sharing, tiered, compressed oops, compressed class ptrs, g1 gc, windows-amd64)
# No core dump will be written. Minidumps are not enabled by default on client versions of Windows
#

---------------  S U M M A R Y ------------

Command Line: --add-opens=java.base/java.lang=ALL-UNNAMED --add-opens=java.base/java.lang.invoke=ALL-UNNAMED --add-opens=java.base/java.util=ALL-UNNAMED --add-opens=java.prefs/java.util.prefs=ALL-UNNAMED --add-exports=jdk.compiler/com.sun.tools.javac.api=ALL-UNNAMED --add-exports=jdk.compiler/com.sun.tools.javac.util=ALL-UNNAMED --add-opens=java.base/java.util=ALL-UNNAMED --add-opens=java.prefs/java.util.prefs=ALL-UNNAMED --add-opens=java.base/java.nio.charset=ALL-UNNAMED --add-opens=java.base/java.net=ALL-UNNAMED --add-opens=java.base/java.util.concurrent.atomic=ALL-UNNAMED --add-opens=java.xml/javax.xml.namespace=ALL-UNNAMED -XX:MaxMetaspaceSize=512m -Xmx2048m -Dfile.encoding=windows-1252 -Duser.country=US -Duser.language=en -Duser.variant -javaagent:C:\Users\aliah\.gradle\wrapper\dists\gradle-8.11.1-bin\bpt9gzteqjrbo1mjrsomdt32c\gradle-8.11.1\lib\agents\gradle-instrumentation-agent-8.11.1.jar org.gradle.launcher.daemon.bootstrap.GradleDaemon 8.11.1

Host: Intel(R) Core(TM) i7-7500U CPU @ 2.70GHz, 4 cores, 7G,  Windows 10 , 64 bit Build 19041 (10.0.19041.5198)
Time: Thu Jan  9 01:26:26 2025 Pakistan Standard Time elapsed time: 43.174001 seconds (0d 0h 0m 43s)

---------------  T H R E A D  ---------------

Current thread (0x000001c373cf5d30):  JavaThread "Daemon worker" [_thread_in_vm, id=5596, stack(0x000000a548e00000,0x000000a548f00000)]

Stack: [0x000000a548e00000,0x000000a548f00000]
Native frames: (J=compiled Java code, j=interpreted, Vv=VM code, C=native code)
V  [jvm.dll+0x687fc9]
V  [jvm.dll+0x83eeb8]
V  [jvm.dll+0x840963]
V  [jvm.dll+0x840fd3]
V  [jvm.dll+0x24951f]
V  [jvm.dll+0x83ac6d]
V  [jvm.dll+0x62c3ce]
V  [jvm.dll+0x1c1630]
V  [jvm.dll+0x62ed30]
V  [jvm.dll+0x62cd76]
V  [jvm.dll+0x636c77]
V  [jvm.dll+0x1eb39d]
V  [jvm.dll+0x1eb8a5]
V  [jvm.dll+0x1ec249]
V  [jvm.dll+0x1e1901]
V  [jvm.dll+0x54b5e4]
V  [jvm.dll+0x7b8c48]
V  [jvm.dll+0x7b8d34]
V  [jvm.dll+0x417af3]
V  [jvm.dll+0x41e5e9]
C  [java.dll+0x17ec]

Java frames: (J=compiled Java code, j=interpreted, Vv=VM code)
J 793  java.lang.ClassLoader.defineClass1(Ljava/lang/ClassLoader;Ljava/lang/String;[BIILjava/security/ProtectionDomain;Ljava/lang/String;)Ljava/lang/Class; java.base@17.0.13 (0 bytes) @ 0x000001c344d8df63 [0x000001c344d8dea0+0x00000000000000c3]
J 7209 c1 java.lang.ClassLoader.defineClass(Ljava/lang/String;[BIILjava/security/ProtectionDomain;)Ljava/lang/Class; java.base@17.0.13 (43 bytes) @ 0x000001c33de1d5c4 [0x000001c33de1d280+0x0000000000000344]
J 5069 c2 java.security.SecureClassLoader.defineClass(Ljava/lang/String;[BIILjava/security/CodeSource;)Ljava/lang/Class; java.base@17.0.13 (16 bytes) @ 0x000001c344da5ef4 [0x000001c344da5dc0+0x0000000000000134]
J 11385 c1 java.net.URLClassLoader.defineClass(Ljava/lang/String;Ljdk/internal/loader/Resource;)Ljava/lang/Class; java.base@17.0.13 (224 bytes) @ 0x000001c33daa4724 [0x000001c33daa30a0+0x0000000000001684]
J 5423 c2 java.net.URLClassLoader$1.run()Ljava/lang/Class; java.base@17.0.13 (81 bytes) @ 0x000001c344dc88ec [0x000001c344dc8020+0x00000000000008cc]
J 11784 c2 org.gradle.internal.classloader.VisitableURLClassLoader$InstrumentingVisitableURLClassLoader.findClass(Ljava/lang/String;)Ljava/lang/Class; (36 bytes) @ 0x000001c3453759e4 [0x000001c345375680+0x0000000000000364]
J 4993 c2 java.lang.ClassLoader.loadClass(Ljava/lang/String;Z)Ljava/lang/Class; java.base@17.0.13 (121 bytes) @ 0x000001c344dc1fcc [0x000001c344dc1d00+0x00000000000002cc]
J 3580 c2 java.lang.ClassLoader.loadClass(Ljava/lang/String;)Ljava/lang/Class; java.base@17.0.13 (7 bytes) @ 0x000001c344f38e40 [0x000001c344f38e00+0x0000000000000040]
v  ~StubRoutines::call_stub
j  org.jetbrains.kotlin.gradle.tooling.BuildKotlinToolingMetadataTaskKt.getBuildKotlinToolingMetadataTask(Lorg/gradle/api/Project;)Lorg/gradle/api/tasks/TaskProvider;+126
j  org.jetbrains.kotlin.gradle.tooling.IncludeKotlinToolingMetadataInApkKt$includeKotlinToolingMetadataInApk$1.execute(Lorg/gradle/api/Plugin;)V+35
j  org.jetbrains.kotlin.gradle.tooling.IncludeKotlinToolingMetadataInApkKt$includeKotlinToolingMetadataInApk$1.execute(Ljava/lang/Object;)V+5
J 7964 c1 org.gradle.internal.code.DefaultUserCodeApplicationContext$CurrentApplication$1.execute(Ljava/lang/Object;)V (79 bytes) @ 0x000001c33dfd18cc [0x000001c33dfd1520+0x00000000000003ac]
J 10354 c1 org.gradle.api.internal.DefaultCollectionCallbackActionDecorator$BuildOperationEmittingAction$1.run(Lorg/gradle/internal/operations/BuildOperationContext;)V (26 bytes) @ 0x000001c33e4694ec [0x000001c33e4693c0+0x000000000000012c]
J 7641 c1 org.gradle.internal.operations.DefaultBuildOperationRunner$1.execute(Lorg/gradle/internal/operations/BuildOperation;Lorg/gradle/internal/operations/BuildOperationContext;)V (10 bytes) @ 0x000001c33defb024 [0x000001c33defadc0+0x0000000000000264]
J 6332 c1 org.gradle.internal.operations.DefaultBuildOperationRunner$2.execute(Lorg/gradle/internal/operations/BuildOperationDescriptor;Lorg/gradle/internal/operations/BuildOperationState;Lorg/gradle/internal/operations/BuildOperationState;Lorg/gradle/internal/operations/DefaultBuildOperationRunner$ReadableBuildOperationContext;Lorg/gradle/internal/operations/DefaultBuildOperationRunner$BuildOperationExecutionListener;)Lorg/gradle/internal/operations/BuildOperation; (110 bytes) @ 0x000001c33dc873b4 [0x000001c33dc871c0+0x00000000000001f4]
J 6569 c1 org.gradle.internal.operations.DefaultBuildOperationRunner$2.execute(Lorg/gradle/internal/operations/BuildOperationDescriptor;Lorg/gradle/internal/operations/BuildOperationState;Lorg/gradle/internal/operations/BuildOperationState;Lorg/gradle/internal/operations/DefaultBuildOperationRunner$ReadableBuildOperationContext;Lorg/gradle/internal/operations/DefaultBuildOperationRunner$BuildOperationExecutionListener;)Ljava/lang/Object; (12 bytes) @ 0x000001c33dd00d94 [0x000001c33dd00d20+0x0000000000000074]
J 9000 c1 org.gradle.internal.operations.DefaultBuildOperationRunner.execute(Lorg/gradle/internal/operations/BuildOperationDescriptor$Builder;Lorg/gradle/internal/operations/BuildOperationState;Lorg/gradle/internal/operations/DefaultBuildOperationRunner$BuildOperationExecution;)Ljava/lang/Object; (147 bytes) @ 0x000001c33e1d6804 [0x000001c33e1d5c60+0x0000000000000ba4]
J 6334 c1 org.gradle.internal.operations.DefaultBuildOperationRunner.execute(Lorg/gradle/internal/operations/BuildOperation;Lorg/gradle/internal/operations/BuildOperationWorker;Lorg/gradle/internal/operations/BuildOperationState;)V (23 bytes) @ 0x000001c33dc88304 [0x000001c33dc88060+0x00000000000002a4]
J 7981 c1 org.gradle.api.internal.DefaultCollectionCallbackActionDecorator$BuildOperationEmittingAction.execute(Ljava/lang/Object;)V (26 bytes) @ 0x000001c33dfd8a9c [0x000001c33dfd84a0+0x00000000000005fc]
J 8498 c1 org.gradle.api.internal.collections.CollectionFilter$1.execute(Ljava/lang/Object;)V (24 bytes) @ 0x000001c33e0d2644 [0x000001c33e0d24c0+0x0000000000000184]
J 8886 c1 org.gradle.api.internal.DefaultDomainObjectCollection.all(Lorg/gradle/api/Action;)V (123 bytes) @ 0x000001c33e19937c [0x000001c33e1984a0+0x0000000000000edc]
j  org.gradle.api.internal.plugins.DefaultPluginContainer$2.execute(Lorg/gradle/api/internal/plugins/PluginManagerInternal$PluginWithId;)V+20
j  org.gradle.api.internal.plugins.DefaultPluginContainer$2.execute(Ljava/lang/Object;)V+5
J 7964 c1 org.gradle.internal.code.DefaultUserCodeApplicationContext$CurrentApplication$1.execute(Ljava/lang/Object;)V (79 bytes) @ 0x000001c33dfd18cc [0x000001c33dfd1520+0x00000000000003ac]
J 10354 c1 org.gradle.api.internal.DefaultCollectionCallbackActionDecorator$BuildOperationEmittingAction$1.run(Lorg/gradle/internal/operations/BuildOperationContext;)V (26 bytes) @ 0x000001c33e4694ec [0x000001c33e4693c0+0x000000000000012c]
J 7641 c1 org.gradle.internal.operations.DefaultBuildOperationRunner$1.execute(Lorg/gradle/internal/operations/BuildOperation;Lorg/gradle/internal/operations/BuildOperationContext;)V (10 bytes) @ 0x000001c33defb024 [0x000001c33defadc0+0x0000000000000264]
J 6332 c1 org.gradle.internal.operations.DefaultBuildOperationRunner$2.execute(Lorg/gradle/internal/operations/BuildOperationDescriptor;Lorg/gradle/internal/operations/BuildOperationState;Lorg/gradle/internal/operations/BuildOperationState;Lorg/gradle/internal/operations/DefaultBuildOperationRunner$ReadableBuildOperationContext;Lorg/gradle/internal/operations/DefaultBuildOperationRunner$BuildOperationExecutionListener;)Lorg/gradle/internal/operations/BuildOperation; (110 bytes) @ 0x000001c33dc873b4 [0x000001c33dc871c0+0x00000000000001f4]
J 6569 c1 org.gradle.internal.operations.DefaultBuildOperationRunner$2.execute(Lorg/gradle/internal/operations/BuildOperationDescriptor;Lorg/gradle/internal/operations/BuildOperationState;Lorg/gradle/internal/operations/BuildOperationState;Lorg/gradle/internal/operations/DefaultBuildOperationRunner$ReadableBuildOperationContext;Lorg/gradle/internal/operations/DefaultBuildOperationRunner$BuildOperationExecutionListener;)Ljava/lang/Object; (12 bytes) @ 0x000001c33dd00d94 [0x000001c33dd00d20+0x0000000000000074]
J 9000 c1 org.gradle.internal.operations.DefaultBuildOperationRunner.execute(Lorg/gradle/internal/operations/BuildOperationDescriptor$Builder;Lorg/gradle/internal/operations/BuildOperationState;Lorg/gradle/internal/operations/DefaultBuildOperationRunner$BuildOperationExecution;)Ljava/lang/Object; (147 bytes) @ 0x000001c33e1d6804 [0x000001c33e1d5c60+0x0000000000000ba4]
J 6334 c1 org.gradle.internal.operations.DefaultBuildOperationRunner.execute(Lorg/gradle/internal/operations/BuildOperation;Lorg/gradle/internal/operations/BuildOperationWorker;Lorg/gradle/internal/operations/BuildOperationState;)V (23 bytes) @ 0x000001c33dc88304 [0x000001c33dc88060+0x00000000000002a4]
J 7981 c1 org.gradle.api.internal.DefaultCollectionCallbackActionDecorator$BuildOperationEmittingAction.execute(Ljava/lang/Object;)V (26 bytes) @ 0x000001c33dfd8a9c [0x000001c33dfd84a0+0x00000000000005fc]
J 8886 c1 org.gradle.api.internal.DefaultDomainObjectCollection.all(Lorg/gradle/api/Action;)V (123 bytes) @ 0x000001c33e19937c [0x000001c33e1984a0+0x0000000000000edc]
j  org.gradle.api.internal.plugins.DefaultPluginContainer.withId(Ljava/lang/String;Lorg/gradle/api/Action;)V+21
j  org.jetbrains.kotlin.gradle.tooling.IncludeKotlinToolingMetadataInApkKt.includeKotlinToolingMetadataInApk(Lorg/gradle/api/Project;)V+25
j  org.jetbrains.kotlin.gradle.plugin.AndroidProjectHandler.configureTarget(Lorg/jetbrains/kotlin/gradle/plugin/mpp/KotlinAndroidTarget;)V+171
j  org.jetbrains.kotlin.gradle.plugin.KotlinAndroidPlugin$Companion$dynamicallyApplyWhenAndroidPluginIsApplied$2$1.execute(Lorg/gradle/api/Plugin;)V+28
j  org.jetbrains.kotlin.gradle.plugin.KotlinAndroidPlugin$Companion$dynamicallyApplyWhenAndroidPluginIsApplied$2$1.execute(Ljava/lang/Object;)V+5
J 7964 c1 org.gradle.internal.code.DefaultUserCodeApplicationContext$CurrentApplication$1.execute(Ljava/lang/Object;)V (79 bytes) @ 0x000001c33dfd18cc [0x000001c33dfd1520+0x00000000000003ac]
J 10354 c1 org.gradle.api.internal.DefaultCollectionCallbackActionDecorator$BuildOperationEmittingAction$1.run(Lorg/gradle/internal/operations/BuildOperationContext;)V (26 bytes) @ 0x000001c33e4694ec [0x000001c33e4693c0+0x000000000000012c]
J 7641 c1 org.gradle.internal.operations.DefaultBuildOperationRunner$1.execute(Lorg/gradle/internal/operations/BuildOperation;Lorg/gradle/internal/operations/BuildOperationContext;)V (10 bytes) @ 0x000001c33defb024 [0x000001c33defadc0+0x0000000000000264]
J 6332 c1 org.gradle.internal.operations.DefaultBuildOperationRunner$2.execute(Lorg/gradle/internal/operations/BuildOperationDescriptor;Lorg/gradle/internal/operations/BuildOperationState;Lorg/gradle/internal/operations/BuildOperationState;Lorg/gradle/internal/operations/DefaultBuildOperationRunner$ReadableBuildOperationContext;Lorg/gradle/internal/operations/DefaultBuildOperationRunner$BuildOperationExecutionListener;)Lorg/gradle/internal/operations/BuildOperation; (110 bytes) @ 0x000001c33dc873b4 [0x000001c33dc871c0+0x00000000000001f4]
J 6569 c1 org.gradle.internal.operations.DefaultBuildOperationRunner$2.execute(Lorg/gradle/internal/operations/BuildOperationDescriptor;Lorg/gradle/internal/operations/BuildOperationState;Lorg/gradle/internal/operations/BuildOperationState;Lorg/gradle/internal/operations/DefaultBuildOperationRunner$ReadableBuildOperationContext;Lorg/gradle/internal/operations/DefaultBuildOperationRunner$BuildOperationExecutionListener;)Ljava/lang/Object; (12 bytes) @ 0x000001c33dd00d94 [0x000001c33dd00d20+0x0000000000000074]
J 9000 c1 org.gradle.internal.operations.DefaultBuildOperationRunner.execute(Lorg/gradle/internal/operations/BuildOperationDescriptor$Builder;Lorg/gradle/internal/operations/BuildOperationState;Lorg/gradle/internal/operations/DefaultBuildOperationRunner$BuildOperationExecution;)Ljava/lang/Object; (147 bytes) @ 0x000001c33e1d6804 [0x000001c33e1d5c60+0x0000000000000ba4]
J 6334 c1 org.gradle.internal.operations.DefaultBuildOperationRunner.execute(Lorg/gradle/internal/operations/BuildOperation;Lorg/gradle/internal/operations/BuildOperationWorker;Lorg/gradle/internal/operations/BuildOperationState;)V (23 bytes) @ 0x000001c33dc88304 [0x000001c33dc88060+0x00000000000002a4]
J 7981 c1 org.gradle.api.internal.DefaultCollectionCallbackActionDecorator$BuildOperationEmittingAction.execute(Ljava/lang/Object;)V (26 bytes) @ 0x000001c33dfd8a9c [0x000001c33dfd84a0+0x00000000000005fc]
J 8498 c1 org.gradle.api.internal.collections.CollectionFilter$1.execute(Ljava/lang/Object;)V (24 bytes) @ 0x000001c33e0d2644 [0x000001c33e0d24c0+0x0000000000000184]
J 8886 c1 org.gradle.api.internal.DefaultDomainObjectCollection.all(Lorg/gradle/api/Action;)V (123 bytes) @ 0x000001c33e19937c [0x000001c33e1984a0+0x0000000000000edc]
j  org.gradle.api.internal.plugins.DefaultPluginContainer$2.execute(Lorg/gradle/api/internal/plugins/PluginManagerInternal$PluginWithId;)V+20
j  org.gradle.api.internal.plugins.DefaultPluginContainer$2.execute(Ljava/lang/Object;)V+5
J 7964 c1 org.gradle.internal.code.DefaultUserCodeApplicationContext$CurrentApplication$1.execute(Ljava/lang/Object;)V (79 bytes) @ 0x000001c33dfd18cc [0x000001c33dfd1520+0x00000000000003ac]
J 10354 c1 org.gradle.api.internal.DefaultCollectionCallbackActionDecorator$BuildOperationEmittingAction$1.run(Lorg/gradle/internal/operations/BuildOperationContext;)V (26 bytes) @ 0x000001c33e4694ec [0x000001c33e4693c0+0x000000000000012c]
J 7641 c1 org.gradle.internal.operations.DefaultBuildOperationRunner$1.execute(Lorg/gradle/internal/operations/BuildOperation;Lorg/gradle/internal/operations/BuildOperationContext;)V (10 bytes) @ 0x000001c33defb024 [0x000001c33defadc0+0x0000000000000264]
J 6332 c1 org.gradle.internal.operations.DefaultBuildOperationRunner$2.execute(Lorg/gradle/internal/operations/BuildOperationDescriptor;Lorg/gradle/internal/operations/BuildOperationState;Lorg/gradle/internal/operations/BuildOperationState;Lorg/gradle/internal/operations/DefaultBuildOperationRunner$ReadableBuildOperationContext;Lorg/gradle/internal/operations/DefaultBuildOperationRunner$BuildOperationExecutionListener;)Lorg/gradle/internal/operations/BuildOperation; (110 bytes) @ 0x000001c33dc873b4 [0x000001c33dc871c0+0x00000000000001f4]
J 6569 c1 org.gradle.internal.operations.DefaultBuildOperationRunner$2.execute(Lorg/gradle/internal/operations/BuildOperationDescriptor;Lorg/gradle/internal/operations/BuildOperationState;Lorg/gradle/internal/operations/BuildOperationState;Lorg/gradle/internal/operations/DefaultBuildOperationRunner$ReadableBuildOperationContext;Lorg/gradle/internal/operations/DefaultBuildOperationRunner$BuildOperationExecutionListener;)Ljava/lang/Object; (12 bytes) @ 0x000001c33dd00d94 [0x000001c33dd00d20+0x0000000000000074]
J 9000 c1 org.gradle.internal.operations.DefaultBuildOperationRunner.execute(Lorg/gradle/internal/operations/BuildOperationDescriptor$Builder;Lorg/gradle/internal/operations/BuildOperationState;Lorg/gradle/internal/operations/DefaultBuildOperationRunner$BuildOperationExecution;)Ljava/lang/Object; (147 bytes) @ 0x000001c33e1d6804 [0x000001c33e1d5c60+0x0000000000000ba4]
J 6334 c1 org.gradle.internal.operations.DefaultBuildOperationRunner.execute(Lorg/gradle/internal/operations/BuildOperation;Lorg/gradle/internal/operations/BuildOperationWorker;Lorg/gradle/internal/operations/BuildOperationState;)V (23 bytes) @ 0x000001c33dc88304 [0x000001c33dc88060+0x00000000000002a4]
J 7981 c1 org.gradle.api.internal.DefaultCollectionCallbackActionDecorator$BuildOperationEmittingAction.execute(Ljava/lang/Object;)V (26 bytes) @ 0x000001c33dfd8a9c [0x000001c33dfd84a0+0x00000000000005fc]
J 8886 c1 org.gradle.api.internal.DefaultDomainObjectCollection.all(Lorg/gradle/api/Action;)V (123 bytes) @ 0x000001c33e19937c [0x000001c33e1984a0+0x0000000000000edc]
j  org.gradle.api.internal.plugins.DefaultPluginContainer.withId(Ljava/lang/String;Lorg/gradle/api/Action;)V+21
j  org.jetbrains.kotlin.gradle.plugin.KotlinAndroidPlugin$Companion.dynamicallyApplyWhenAndroidPluginIsApplied$kotlin_gradle_plugin_common(Lorg/gradle/api/Project;Lkotlin/jvm/functions/Function0;Lkotlin/jvm/functions/Function1;)V+98
j  org.jetbrains.kotlin.gradle.plugin.KotlinAndroidPlugin.apply(Lorg/gradle/api/Project;)V+40
j  org.jetbrains.kotlin.gradle.plugin.KotlinAndroidPlugin.apply(Ljava/lang/Object;)V+5
j  org.jetbrains.kotlin.gradle.plugin.KotlinBasePluginWrapper.apply(Lorg/gradle/api/Project;)V+213
j  org.jetbrains.kotlin.gradle.plugin.KotlinAndroidPluginWrapper.apply(Lorg/gradle/api/Project;)V+12
j  org.jetbrains.kotlin.gradle.plugin.KotlinAndroidPluginWrapper.apply(Ljava/lang/Object;)V+5
j  org.gradle.api.internal.plugins.ImperativeOnlyPluginTarget.applyImperative(Ljava/lang/String;Lorg/gradle/api/Plugin;)V+13
j  org.gradle.api.internal.plugins.RuleBasedPluginTarget.applyImperative(Ljava/lang/String;Lorg/gradle/api/Plugin;)V+6
j  org.gradle.api.internal.plugins.ModelDefaultsApplyingPluginTarget.applyImperative(Ljava/lang/String;Lorg/gradle/api/Plugin;)V+6
j  org.gradle.api.internal.plugins.DefaultPluginManager.addPlugin(Ljava/lang/Runnable;Lorg/gradle/api/internal/plugins/PluginImplementation;Ljava/lang/String;Ljava/lang/Class;)V+54
j  org.gradle.api.internal.plugins.DefaultPluginManager.access$100(Lorg/gradle/api/internal/plugins/DefaultPluginManager;Ljava/lang/Runnable;Lorg/gradle/api/internal/plugins/PluginImplementation;Ljava/lang/String;Ljava/lang/Class;)V+6
j  org.gradle.api.internal.plugins.DefaultPluginManager$AddPluginBuildOperation.run(Lorg/gradle/internal/operations/BuildOperationContext;)V+20
J 7641 c1 org.gradle.internal.operations.DefaultBuildOperationRunner$1.execute(Lorg/gradle/internal/operations/BuildOperation;Lorg/gradle/internal/operations/BuildOperationContext;)V (10 bytes) @ 0x000001c33defb024 [0x000001c33defadc0+0x0000000000000264]
J 6332 c1 org.gradle.internal.operations.DefaultBuildOperationRunner$2.execute(Lorg/gradle/internal/operations/BuildOperationDescriptor;Lorg/gradle/internal/operations/BuildOperationState;Lorg/gradle/internal/operations/BuildOperationState;Lorg/gradle/internal/operations/DefaultBuildOperationRunner$ReadableBuildOperationContext;Lorg/gradle/internal/operations/DefaultBuildOperationRunner$BuildOperationExecutionListener;)Lorg/gradle/internal/operations/BuildOperation; (110 bytes) @ 0x000001c33dc873b4 [0x000001c33dc871c0+0x00000000000001f4]
J 6569 c1 org.gradle.internal.operations.DefaultBuildOperationRunner$2.execute(Lorg/gradle/internal/operations/BuildOperationDescriptor;Lorg/gradle/internal/operations/BuildOperationState;Lorg/gradle/internal/operations/BuildOperationState;Lorg/gradle/internal/operations/DefaultBuildOperationRunner$ReadableBuildOperationContext;Lorg/gradle/internal/operations/DefaultBuildOperationRunner$BuildOperationExecutionListener;)Ljava/lang/Object; (12 bytes) @ 0x000001c33dd00d94 [0x000001c33dd00d20+0x0000000000000074]
J 9000 c1 org.gradle.internal.operations.DefaultBuildOperationRunner.execute(Lorg/gradle/internal/operations/BuildOperationDescriptor$Builder;Lorg/gradle/internal/operations/BuildOperationState;Lorg/gradle/internal/operations/DefaultBuildOperationRunner$BuildOperationExecution;)Ljava/lang/Object; (147 bytes) @ 0x000001c33e1d6804 [0x000001c33e1d5c60+0x0000000000000ba4]
J 6334 c1 org.gradle.internal.operations.DefaultBuildOperationRunner.execute(Lorg/gradle/internal/operations/BuildOperation;Lorg/gradle/internal/operations/BuildOperationWorker;Lorg/gradle/internal/operations/BuildOperationState;)V (23 bytes) @ 0x000001c33dc88304 [0x000001c33dc88060+0x00000000000002a4]
J 7640 c1 org.gradle.internal.operations.DefaultBuildOperationRunner.run(Lorg/gradle/internal/operations/RunnableBuildOperation;)V (13 bytes) @ 0x000001c33defa8b4 [0x000001c33defa4e0+0x00000000000003d4]
j  org.gradle.api.internal.plugins.DefaultPluginManager.lambda$doApply$0(Ljava/lang/Runnable;Lorg/gradle/api/internal/plugins/PluginImplementation;Ljava/lang/String;Ljava/lang/Class;Lorg/gradle/internal/code/UserCodeApplicationId;)V+20
j  org.gradle.api.internal.plugins.DefaultPluginManager$$Lambda$981+0x000001c35565f9a0.execute(Ljava/lang/Object;)V+24
j  org.gradle.internal.code.DefaultUserCodeApplicationContext.apply(Lorg/gradle/internal/code/UserCodeSource;Lorg/gradle/api/Action;)V+37
j  org.gradle.api.internal.plugins.DefaultPluginManager.doApply(Lorg/gradle/api/internal/plugins/PluginImplementation;)V+144
j  org.gradle.api.internal.plugins.DefaultPluginManager.apply(Ljava/lang/String;)V+52
j  org.gradle.api.internal.plugins.DefaultObjectConfigurationAction.applyType(Ljava/lang/String;)V+43
j  org.gradle.api.internal.plugins.DefaultObjectConfigurationAction.access$200(Lorg/gradle/api/internal/plugins/DefaultObjectConfigurationAction;Ljava/lang/String;)V+2
j  org.gradle.api.internal.plugins.DefaultObjectConfigurationAction$3.run()V+8
j  org.gradle.api.internal.plugins.DefaultObjectConfigurationAction.execute()V+58
j  org.gradle.api.internal.project.AbstractPluginAware.apply(Ljava/util/Map;)V+12
j  org.gradle.api.internal.project.DefaultProject.apply(Ljava/util/Map;)V+6
j  org.gradle.api.internal.project.ProjectScript.apply(Ljava/util/Map;)V+5
j  org.gradle.api.Script$apply$0.callCurrent(Lgroovy/lang/GroovyObject;[Ljava/lang/Object;)Ljava/lang/Object;+19
j  org.codehaus.groovy.runtime.callsite.CallSiteArray.defaultCallCurrent(Lorg/codehaus/groovy/runtime/callsite/CallSite;Lgroovy/lang/GroovyObject;[Ljava/lang/Object;)Ljava/lang/Object;+17
j  org.codehaus.groovy.runtime.callsite.AbstractCallSite.callCurrent(Lgroovy/lang/GroovyObject;[Ljava/lang/Object;)Ljava/lang/Object;+3
j  org.codehaus.groovy.runtime.callsite.AbstractCallSite.callCurrent(Lgroovy/lang/GroovyObject;Ljava/lang/Object;)Ljava/lang/Object;+33
j  build_355onqq6xzvp62zsbq3zgea6u.run()Ljava/lang/Object;+55
j  org.gradle.groovy.scripts.internal.DefaultScriptRunnerFactory$ScriptRunnerImpl.run(Ljava/lang/Object;Lorg/gradle/internal/service/ServiceRegistry;)V+57
j  org.gradle.configuration.DefaultScriptPluginFactory$ScriptPluginImpl.lambda$apply$1(Lorg/gradle/groovy/scripts/ScriptRunner;Ljava/lang/Object;Lorg/gradle/internal/service/CloseableServiceRegistry;)V+3
j  org.gradle.configuration.DefaultScriptPluginFactory$ScriptPluginImpl$$Lambda$1817+0x000001c355a4e480.run()V+12
j  org.gradle.configuration.ProjectScriptTarget.addConfiguration(Ljava/lang/Runnable;Z)V+18
j  org.gradle.configuration.DefaultScriptPluginFactory$ScriptPluginImpl.apply(Ljava/lang/Object;)V+353
j  org.gradle.configuration.BuildOperationScriptPlugin$1.run(Lorg/gradle/internal/operations/BuildOperationContext;)V+11
J 7641 c1 org.gradle.internal.operations.DefaultBuildOperationRunner$1.execute(Lorg/gradle/internal/operations/BuildOperation;Lorg/gradle/internal/operations/BuildOperationContext;)V (10 bytes) @ 0x000001c33defb024 [0x000001c33defadc0+0x0000000000000264]
J 6332 c1 org.gradle.internal.operations.DefaultBuildOperationRunner$2.execute(Lorg/gradle/internal/operations/BuildOperationDescriptor;Lorg/gradle/internal/operations/BuildOperationState;Lorg/gradle/internal/operations/BuildOperationState;Lorg/gradle/internal/operations/DefaultBuildOperationRunner$ReadableBuildOperationContext;Lorg/gradle/internal/operations/DefaultBuildOperationRunner$BuildOperationExecutionListener;)Lorg/gradle/internal/operations/BuildOperation; (110 bytes) @ 0x000001c33dc873b4 [0x000001c33dc871c0+0x00000000000001f4]
J 6569 c1 org.gradle.internal.operations.DefaultBuildOperationRunner$2.execute(Lorg/gradle/internal/operations/BuildOperationDescriptor;Lorg/gradle/internal/operations/BuildOperationState;Lorg/gradle/internal/operations/BuildOperationState;Lorg/gradle/internal/operations/DefaultBuildOperationRunner$ReadableBuildOperationContext;Lorg/gradle/internal/operations/DefaultBuildOperationRunner$BuildOperationExecutionListener;)Ljava/lang/Object; (12 bytes) @ 0x000001c33dd00d94 [0x000001c33dd00d20+0x0000000000000074]
J 9000 c1 org.gradle.internal.operations.DefaultBuildOperationRunner.execute(Lorg/gradle/internal/operations/BuildOperationDescriptor$Builder;Lorg/gradle/internal/operations/BuildOperationState;Lorg/gradle/internal/operations/DefaultBuildOperationRunner$BuildOperationExecution;)Ljava/lang/Object; (147 bytes) @ 0x000001c33e1d6804 [0x000001c33e1d5c60+0x0000000000000ba4]
J 6334 c1 org.gradle.internal.operations.DefaultBuildOperationRunner.execute(Lorg/gradle/internal/operations/BuildOperation;Lorg/gradle/internal/operations/BuildOperationWorker;Lorg/gradle/internal/operations/BuildOperationState;)V (23 bytes) @ 0x000001c33dc88304 [0x000001c33dc88060+0x00000000000002a4]
J 7640 c1 org.gradle.internal.operations.DefaultBuildOperationRunner.run(Lorg/gradle/internal/operations/RunnableBuildOperation;)V (13 bytes) @ 0x000001c33defa8b4 [0x000001c33defa4e0+0x00000000000003d4]
j  org.gradle.configuration.BuildOperationScriptPlugin.lambda$apply$0(Ljava/lang/Object;Lorg/gradle/internal/code/UserCodeApplicationId;)V+14
j  org.gradle.configuration.BuildOperationScriptPlugin$$Lambda$519+0x000001c3554c69c0.execute(Ljava/lang/Object;)V+12
j  org.gradle.internal.code.DefaultUserCodeApplicationContext.apply(Lorg/gradle/internal/code/UserCodeSource;Lorg/gradle/api/Action;)V+37
j  org.gradle.configuration.BuildOperationScriptPlugin.apply(Ljava/lang/Object;)V+71
j  org.gradle.configuration.project.BuildScriptProcessor$$Lambda$1090+0x000001c355779a08.accept(Ljava/lang/Object;)V+8
j  org.gradle.api.internal.project.DefaultProjectStateRegistry$ProjectStateImpl.lambda$applyToMutableState$1(Ljava/util/function/Consumer;Lorg/gradle/api/internal/project/ProjectInternal;)Ljava/lang/Object;+2
j  org.gradle.api.internal.project.DefaultProjectStateRegistry$ProjectStateImpl$$Lambda$1060+0x000001c35573e098.apply(Ljava/lang/Object;)Ljava/lang/Object;+8
j  org.gradle.api.internal.project.DefaultProjectStateRegistry$ProjectStateImpl.fromMutableState(Ljava/util/function/Function;)Ljava/lang/Object;+97
j  org.gradle.api.internal.project.DefaultProjectStateRegistry$ProjectStateImpl.applyToMutableState(Ljava/util/function/Consumer;)V+7
j  org.gradle.configuration.project.BuildScriptProcessor.execute(Lorg/gradle/api/internal/project/ProjectInternal;)V+88
j  org.gradle.configuration.project.BuildScriptProcessor.execute(Ljava/lang/Object;)V+5
j  org.gradle.configuration.project.ConfigureActionsProjectEvaluator.evaluate(Lorg/gradle/api/internal/project/ProjectInternal;Lorg/gradle/api/internal/project/ProjectStateInternal;)V+33
j  org.gradle.configuration.project.LifecycleProjectEvaluator$EvaluateProject.lambda$run$0(Lorg/gradle/internal/operations/BuildOperationContext;Lorg/gradle/api/internal/project/ProjectInternal;)V+67
j  org.gradle.configuration.project.LifecycleProjectEvaluator$EvaluateProject$$Lambda$1059+0x000001c35573de68.accept(Ljava/lang/Object;)V+12
j  org.gradle.api.internal.project.DefaultProjectStateRegistry$ProjectStateImpl.lambda$applyToMutableState$1(Ljava/util/function/Consumer;Lorg/gradle/api/internal/project/ProjectInternal;)Ljava/lang/Object;+2
j  org.gradle.api.internal.project.DefaultProjectStateRegistry$ProjectStateImpl$$Lambda$1060+0x000001c35573e098.apply(Ljava/lang/Object;)Ljava/lang/Object;+8
j  org.gradle.api.internal.project.DefaultProjectStateRegistry$ProjectStateImpl.lambda$fromMutableState$2(Ljava/util/function/Function;)Ljava/lang/Object;+5
j  org.gradle.api.internal.project.DefaultProjectStateRegistry$ProjectStateImpl$$Lambda$1061+0x000001c35573e2d8.create()Ljava/lang/Object;+8
j  org.gradle.internal.work.DefaultWorkerLeaseService.withReplacedLocks(Ljava/util/Collection;Lorg/gradle/internal/resources/ResourceLock;Lorg/gradle/internal/Factory;)Ljava/lang/Object;+40
j  org.gradle.api.internal.project.DefaultProjectStateRegistry$ProjectStateImpl.fromMutableState(Ljava/util/function/Function;)Ljava/lang/Object;+132
j  org.gradle.api.internal.project.DefaultProjectStateRegistry$ProjectStateImpl.applyToMutableState(Ljava/util/function/Consumer;)V+7
j  org.gradle.configuration.project.LifecycleProjectEvaluator$EvaluateProject.run(Lorg/gradle/internal/operations/BuildOperationContext;)V+16
J 7641 c1 org.gradle.internal.operations.DefaultBuildOperationRunner$1.execute(Lorg/gradle/internal/operations/BuildOperation;Lorg/gradle/internal/operations/BuildOperationContext;)V (10 bytes) @ 0x000001c33defb024 [0x000001c33defadc0+0x0000000000000264]
J 6332 c1 org.gradle.internal.operations.DefaultBuildOperationRunner$2.execute(Lorg/gradle/internal/operations/BuildOperationDescriptor;Lorg/gradle/internal/operations/BuildOperationState;Lorg/gradle/internal/operations/BuildOperationState;Lorg/gradle/internal/operations/DefaultBuildOperationRunner$ReadableBuildOperationContext;Lorg/gradle/internal/operations/DefaultBuildOperationRunner$BuildOperationExecutionListener;)Lorg/gradle/internal/operations/BuildOperation; (110 bytes) @ 0x000001c33dc873b4 [0x000001c33dc871c0+0x00000000000001f4]
J 6569 c1 org.gradle.internal.operations.DefaultBuildOperationRunner$2.execute(Lorg/gradle/internal/operations/BuildOperationDescriptor;Lorg/gradle/internal/operations/BuildOperationState;Lorg/gradle/internal/operations/BuildOperationState;Lorg/gradle/internal/operations/DefaultBuildOperationRunner$ReadableBuildOperationContext;Lorg/gradle/internal/operations/DefaultBuildOperationRunner$BuildOperationExecutionListener;)Ljava/lang/Object; (12 bytes) @ 0x000001c33dd00d94 [0x000001c33dd00d20+0x0000000000000074]
J 9000 c1 org.gradle.internal.operations.DefaultBuildOperationRunner.execute(Lorg/gradle/internal/operations/BuildOperationDescriptor$Builder;Lorg/gradle/internal/operations/BuildOperationState;Lorg/gradle/internal/operations/DefaultBuildOperationRunner$BuildOperationExecution;)Ljava/lang/Object; (147 bytes) @ 0x000001c33e1d6804 [0x000001c33e1d5c60+0x0000000000000ba4]
J 6334 c1 org.gradle.internal.operations.DefaultBuildOperationRunner.execute(Lorg/gradle/internal/operations/BuildOperation;Lorg/gradle/internal/operations/BuildOperationWorker;Lorg/gradle/internal/operations/BuildOperationState;)V (23 bytes) @ 0x000001c33dc88304 [0x000001c33dc88060+0x00000000000002a4]
J 7640 c1 org.gradle.internal.operations.DefaultBuildOperationRunner.run(Lorg/gradle/internal/operations/RunnableBuildOperation;)V (13 bytes) @ 0x000001c33defa8b4 [0x000001c33defa4e0+0x00000000000003d4]
j  org.gradle.configuration.project.LifecycleProjectEvaluator.evaluate(Lorg/gradle/api/internal/project/ProjectInternal;Lorg/gradle/api/internal/project/ProjectStateInternal;)V+42
j  org.gradle.api.internal.project.DefaultProject.evaluateUnchecked()Lorg/gradle/api/internal/project/ProjectInternal;+19
j  org.gradle.api.internal.project.ProjectLifecycleController.lambda$ensureSelfConfigured$2()V+4
j  org.gradle.api.internal.project.ProjectLifecycleController$$Lambda$1057+0x000001c35573c8e8.run()V+4
j  org.gradle.internal.model.StateTransitionController.lambda$doTransition$14(Ljava/lang/Runnable;)Lorg/gradle/internal/build/ExecutionResult;+1
j  org.gradle.internal.model.StateTransitionController$$Lambda$312+0x000001c35533a440.get()Ljava/lang/Object;+4
j  org.gradle.internal.model.StateTransitionController.doTransition(Lorg/gradle/internal/model/StateTransitionController$State;Lorg/gradle/internal/model/StateTransitionController$State;Ljava/util/function/Supplier;)Lorg/gradle/internal/build/ExecutionResult;+24
j  org.gradle.internal.model.StateTransitionController.doTransition(Lorg/gradle/internal/model/StateTransitionController$State;Lorg/gradle/internal/model/StateTransitionController$State;Ljava/lang/Runnable;)V+9
j  org.gradle.internal.model.StateTransitionController.lambda$maybeTransitionIfNotCurrentlyTransitioning$10(Lorg/gradle/internal/model/StateTransitionController$State;Lorg/gradle/internal/model/StateTransitionController$State;Ljava/lang/Runnable;)V+16
j  org.gradle.internal.model.StateTransitionController$$Lambda$1058+0x000001c35573cb08.run()V+16
j  org.gradle.internal.work.DefaultSynchronizer.withLock(Ljava/lang/Runnable;)V+6
j  org.gradle.internal.model.StateTransitionController.maybeTransitionIfNotCurrentlyTransitioning(Lorg/gradle/internal/model/StateTransitionController$State;Lorg/gradle/internal/model/StateTransitionController$State;Ljava/lang/Runnable;)V+13
j  org.gradle.api.internal.project.ProjectLifecycleController.ensureSelfConfigured()V+16
j  org.gradle.api.internal.project.DefaultProjectStateRegistry$ProjectStateImpl.ensureConfigured()V+19
j  org.gradle.execution.TaskPathProjectEvaluator.configure(Lorg/gradle/api/internal/project/ProjectInternal;)V+6
j  org.gradle.execution.TaskPathProjectEvaluator.configureHierarchy(Lorg/gradle/api/internal/project/ProjectInternal;)V+41
j  org.gradle.configuration.DefaultProjectsPreparer.prepareProjects(Lorg/gradle/api/internal/GradleInternal;)V+52
j  org.gradle.configuration.BuildTreePreparingProjectsPreparer.prepareProjects(Lorg/gradle/api/internal/GradleInternal;)V+114
j  org.gradle.configuration.BuildOperationFiringProjectsPreparer$ConfigureBuild.run(Lorg/gradle/internal/operations/BuildOperationContext;)V+11
J 7641 c1 org.gradle.internal.operations.DefaultBuildOperationRunner$1.execute(Lorg/gradle/internal/operations/BuildOperation;Lorg/gradle/internal/operations/BuildOperationContext;)V (10 bytes) @ 0x000001c33defb024 [0x000001c33defadc0+0x0000000000000264]
J 6332 c1 org.gradle.internal.operations.DefaultBuildOperationRunner$2.execute(Lorg/gradle/internal/operations/BuildOperationDescriptor;Lorg/gradle/internal/operations/BuildOperationState;Lorg/gradle/internal/operations/BuildOperationState;Lorg/gradle/internal/operations/DefaultBuildOperationRunner$ReadableBuildOperationContext;Lorg/gradle/internal/operations/DefaultBuildOperationRunner$BuildOperationExecutionListener;)Lorg/gradle/internal/operations/BuildOperation; (110 bytes) @ 0x000001c33dc873b4 [0x000001c33dc871c0+0x00000000000001f4]
J 6569 c1 org.gradle.internal.operations.DefaultBuildOperationRunner$2.execute(Lorg/gradle/internal/operations/BuildOperationDescriptor;Lorg/gradle/internal/operations/BuildOperationState;Lorg/gradle/internal/operations/BuildOperationState;Lorg/gradle/internal/operations/DefaultBuildOperationRunner$ReadableBuildOperationContext;Lorg/gradle/internal/operations/DefaultBuildOperationRunner$BuildOperationExecutionListener;)Ljava/lang/Object; (12 bytes) @ 0x000001c33dd00d94 [0x000001c33dd00d20+0x0000000000000074]
J 9000 c1 org.gradle.internal.operations.DefaultBuildOperationRunner.execute(Lorg/gradle/internal/operations/BuildOperationDescriptor$Builder;Lorg/gradle/internal/operations/BuildOperationState;Lorg/gradle/internal/operations/DefaultBuildOperationRunner$BuildOperationExecution;)Ljava/lang/Object; (147 bytes) @ 0x000001c33e1d6804 [0x000001c33e1d5c60+0x0000000000000ba4]
J 6334 c1 org.gradle.internal.operations.DefaultBuildOperationRunner.execute(Lorg/gradle/internal/operations/BuildOperation;Lorg/gradle/internal/operations/BuildOperationWorker;Lorg/gradle/internal/operations/BuildOperationState;)V (23 bytes) @ 0x000001c33dc88304 [0x000001c33dc88060+0x00000000000002a4]
J 7640 c1 org.gradle.internal.operations.DefaultBuildOperationRunner.run(Lorg/gradle/internal/operations/RunnableBuildOperation;)V (13 bytes) @ 0x000001c33defa8b4 [0x000001c33defa4e0+0x00000000000003d4]
j  org.gradle.configuration.BuildOperationFiringProjectsPreparer.prepareProjects(Lorg/gradle/api/internal/GradleInternal;)V+13
j  org.gradle.initialization.VintageBuildModelController.lambda$prepareProjects$2()V+8
j  org.gradle.initialization.VintageBuildModelController$$Lambda$1014+0x000001c3556e2220.run()V+4
j  org.gradle.internal.model.StateTransitionController.lambda$doTransition$14(Ljava/lang/Runnable;)Lorg/gradle/internal/build/ExecutionResult;+1
j  org.gradle.internal.model.StateTransitionController$$Lambda$312+0x000001c35533a440.get()Ljava/lang/Object;+4
j  org.gradle.internal.model.StateTransitionController.doTransition(Lorg/gradle/internal/model/StateTransitionController$State;Lorg/gradle/internal/model/StateTransitionController$State;Ljava/util/function/Supplier;)Lorg/gradle/internal/build/ExecutionResult;+24
j  org.gradle.internal.model.StateTransitionController.doTransition(Lorg/gradle/internal/model/StateTransitionController$State;Lorg/gradle/internal/model/StateTransitionController$State;Ljava/lang/Runnable;)V+9
j  org.gradle.internal.model.StateTransitionController.lambda$transitionIfNotPreviously$11(Lorg/gradle/internal/model/StateTransitionController$State;Lorg/gradle/internal/model/StateTransitionController$State;Ljava/lang/Runnable;)V+16
j  org.gradle.internal.model.StateTransitionController$$Lambda$314+0x000001c35533a880.run()V+16
j  org.gradle.internal.work.DefaultSynchronizer.withLock(Ljava/lang/Runnable;)V+6
j  org.gradle.internal.model.StateTransitionController.transitionIfNotPreviously(Lorg/gradle/internal/model/StateTransitionController$State;Lorg/gradle/internal/model/StateTransitionController$State;Ljava/lang/Runnable;)V+13
j  org.gradle.initialization.VintageBuildModelController.prepareProjects()V+16
j  org.gradle.initialization.VintageBuildModelController.prepareToScheduleTasks()V+5
j  org.gradle.internal.build.DefaultBuildLifecycleController.lambda$prepareToScheduleTasks$6()V+9
j  org.gradle.internal.build.DefaultBuildLifecycleController$$Lambda$310+0x000001c35533a000.run()V+4
j  org.gradle.internal.model.StateTransitionController.lambda$doTransition$14(Ljava/lang/Runnable;)Lorg/gradle/internal/build/ExecutionResult;+1
j  org.gradle.internal.model.StateTransitionController$$Lambda$312+0x000001c35533a440.get()Ljava/lang/Object;+4
j  org.gradle.internal.model.StateTransitionController.doTransition(Lorg/gradle/internal/model/StateTransitionController$State;Lorg/gradle/internal/model/StateTransitionController$State;Ljava/util/function/Supplier;)Lorg/gradle/internal/build/ExecutionResult;+24
j  org.gradle.internal.model.StateTransitionController.doTransition(Lorg/gradle/internal/model/StateTransitionController$State;Lorg/gradle/internal/model/StateTransitionController$State;Ljava/lang/Runnable;)V+9
j  org.gradle.internal.model.StateTransitionController.lambda$maybeTransition$9(Lorg/gradle/internal/model/StateTransitionController$State;Lorg/gradle/internal/model/StateTransitionController$State;Ljava/lang/Runnable;)V+16
j  org.gradle.internal.model.StateTransitionController$$Lambda$311+0x000001c35533a220.run()V+16
j  org.gradle.internal.work.DefaultSynchronizer.withLock(Ljava/lang/Runnable;)V+6
j  org.gradle.internal.model.StateTransitionController.maybeTransition(Lorg/gradle/internal/model/StateTransitionController$State;Lorg/gradle/internal/model/StateTransitionController$State;Ljava/lang/Runnable;)V+13
j  org.gradle.internal.build.DefaultBuildLifecycleController.prepareToScheduleTasks()V+16
j  org.gradle.internal.buildtree.DefaultBuildTreeWorkPreparer.scheduleRequestedTasks(Lorg/gradle/internal/buildtree/BuildTreeWorkGraph;Lorg/gradle/execution/EntryTaskSelector;)Lorg/gradle/internal/buildtree/BuildTreeWorkGraph$FinalizedGraph;+4
j  org.gradle.internal.cc.impl.VintageBuildTreeWorkController$scheduleAndRunRequestedTasks$1.apply(Lorg/gradle/internal/buildtree/BuildTreeWorkGraph;)Lorg/gradle/internal/build/ExecutionResult;+18
j  org.gradle.internal.cc.impl.VintageBuildTreeWorkController$scheduleAndRunRequestedTasks$1.apply(Ljava/lang/Object;)Ljava/lang/Object;+5
j  org.gradle.composite.internal.DefaultIncludedBuildTaskGraph.withNewWorkGraph(Ljava/util/function/Function;)Ljava/lang/Object;+30
j  org.gradle.internal.cc.impl.VintageBuildTreeWorkController.scheduleAndRunRequestedTasks(Lorg/gradle/execution/EntryTaskSelector;)Lorg/gradle/internal/build/ExecutionResult;+16
j  org.gradle.internal.buildtree.DefaultBuildTreeLifecycleController.lambda$scheduleAndRunTasks$1(Lorg/gradle/execution/EntryTaskSelector;)Lorg/gradle/internal/build/ExecutionResult;+5
j  org.gradle.internal.buildtree.DefaultBuildTreeLifecycleController$$Lambda$305+0x000001c35533f048.get()Ljava/lang/Object;+8
j  org.gradle.internal.buildtree.DefaultBuildTreeLifecycleController.lambda$runBuild$4(Ljava/util/function/Supplier;)Ljava/lang/Object;+1
j  org.gradle.internal.buildtree.DefaultBuildTreeLifecycleController$$Lambda$306+0x000001c35533f268.get()Ljava/lang/Object;+8
j  org.gradle.internal.model.StateTransitionController.lambda$transition$6(Ljava/util/function/Supplier;)Lorg/gradle/internal/build/ExecutionResult;+1
j  org.gradle.internal.model.StateTransitionController$$Lambda$308+0x000001c35533f6a8.get()Ljava/lang/Object;+4
j  org.gradle.internal.model.StateTransitionController.doTransition(Lorg/gradle/internal/model/StateTransitionController$State;Lorg/gradle/internal/model/StateTransitionController$State;Ljava/util/function/Supplier;)Lorg/gradle/internal/build/ExecutionResult;+24
j  org.gradle.internal.model.StateTransitionController.lambda$transition$7(Lorg/gradle/internal/model/StateTransitionController$State;Lorg/gradle/internal/model/StateTransitionController$State;Ljava/util/function/Supplier;)Ljava/lang/Object;+9
j  org.gradle.internal.model.StateTransitionController$$Lambda$307+0x000001c35533f488.create()Ljava/lang/Object;+16
j  org.gradle.internal.work.DefaultSynchronizer.withLock(Lorg/gradle/internal/Factory;)Ljava/lang/Object;+6
j  org.gradle.internal.model.StateTransitionController.transition(Lorg/gradle/internal/model/StateTransitionController$State;Lorg/gradle/internal/model/StateTransitionController$State;Ljava/util/function/Supplier;)Ljava/lang/Object;+13
j  org.gradle.internal.buildtree.DefaultBuildTreeLifecycleController.runBuild(Ljava/util/function/Supplier;)Ljava/lang/Object;+17
j  org.gradle.internal.buildtree.DefaultBuildTreeLifecycleController.scheduleAndRunTasks(Lorg/gradle/execution/EntryTaskSelector;)V+8
j  org.gradle.internal.buildtree.DefaultBuildTreeLifecycleController.scheduleAndRunTasks()V+2
j  org.gradle.tooling.internal.provider.ExecuteBuildActionRunner.run(Lorg/gradle/internal/invocation/BuildAction;Lorg/gradle/internal/buildtree/BuildTreeLifecycleController;)Lorg/gradle/internal/buildtree/BuildActionRunner$Result;+12
j  org.gradle.launcher.exec.ChainingBuildActionRunner.run(Lorg/gradle/internal/invocation/BuildAction;Lorg/gradle/internal/buildtree/BuildTreeLifecycleController;)Lorg/gradle/internal/buildtree/BuildActionRunner$Result;+34
j  org.gradle.internal.buildtree.ProblemReportingBuildActionRunner.run(Lorg/gradle/internal/invocation/BuildAction;Lorg/gradle/internal/buildtree/BuildTreeLifecycleController;)Lorg/gradle/internal/buildtree/BuildActionRunner$Result;+12
j  org.gradle.launcher.exec.BuildOutcomeReportingBuildActionRunner.run(Lorg/gradle/internal/invocation/BuildAction;Lorg/gradle/internal/buildtree/BuildTreeLifecycleController;)Lorg/gradle/internal/buildtree/BuildActionRunner$Result;+69
j  org.gradle.tooling.internal.provider.FileSystemWatchingBuildActionRunner.run(Lorg/gradle/internal/invocation/BuildAction;Lorg/gradle/internal/buildtree/BuildTreeLifecycleController;)Lorg/gradle/internal/buildtree/BuildActionRunner$Result;+335
j  org.gradle.launcher.exec.BuildCompletionNotifyingBuildActionRunner.run(Lorg/gradle/internal/invocation/BuildAction;Lorg/gradle/internal/buildtree/BuildTreeLifecycleController;)Lorg/gradle/internal/buildtree/BuildActionRunner$Result;+6
j  org.gradle.launcher.exec.RootBuildLifecycleBuildActionExecutor.lambda$execute$0(Lorg/gradle/internal/invocation/BuildAction;Lorg/gradle/internal/buildtree/BuildTreeLifecycleController;)Lorg/gradle/internal/buildtree/BuildActionRunner$Result;+6
j  org.gradle.launcher.exec.RootBuildLifecycleBuildActionExecutor$$Lambda$276+0x000001c355322598.apply(Ljava/lang/Object;)Ljava/lang/Object;+12
j  org.gradle.composite.internal.DefaultRootBuildState.run(Ljava/util/function/Function;)Ljava/lang/Object;+87
j  org.gradle.launcher.exec.RootBuildLifecycleBuildActionExecutor.execute(Lorg/gradle/internal/invocation/BuildAction;Lorg/gradle/internal/buildtree/BuildTreeContext;)Lorg/gradle/internal/buildtree/BuildActionRunner$Result;+75
j  org.gradle.internal.buildtree.InitDeprecationLoggingActionExecutor.execute(Lorg/gradle/internal/invocation/BuildAction;Lorg/gradle/internal/buildtree/BuildTreeContext;)Lorg/gradle/internal/buildtree/BuildActionRunner$Result;+83
j  org.gradle.internal.buildtree.InitProblems.execute(Lorg/gradle/internal/invocation/BuildAction;Lorg/gradle/internal/buildtree/BuildTreeContext;)Lorg/gradle/internal/buildtree/BuildActionRunner$Result;+13
j  org.gradle.internal.buildtree.DefaultBuildTreeContext.execute(Lorg/gradle/internal/invocation/BuildAction;)Lorg/gradle/internal/buildtree/BuildActionRunner$Result;+64
j  org.gradle.launcher.exec.BuildTreeLifecycleBuildActionExecutor.lambda$execute$0(Lorg/gradle/internal/invocation/BuildAction;Lorg/gradle/internal/buildtree/BuildTreeContext;)Lorg/gradle/internal/buildtree/BuildActionRunner$Result;+2
j  org.gradle.launcher.exec.BuildTreeLifecycleBuildActionExecutor$$Lambda$211+0x000001c355268420.apply(Ljava/lang/Object;)Ljava/lang/Object;+8
j  org.gradle.internal.buildtree.BuildTreeState.run(Ljava/util/function/Function;)Ljava/lang/Object;+47
j  org.gradle.launcher.exec.BuildTreeLifecycleBuildActionExecutor.execute(Lorg/gradle/internal/invocation/BuildAction;Lorg/gradle/internal/session/BuildSessionContext;)Lorg/gradle/internal/buildtree/BuildActionRunner$Result;+74
j  org.gradle.launcher.exec.RunAsBuildOperationBuildActionExecutor$3.call(Lorg/gradle/internal/operations/BuildOperationContext;)Lorg/gradle/internal/buildtree/BuildActionRunner$Result;+25
j  org.gradle.launcher.exec.RunAsBuildOperationBuildActionExecutor$3.call(Lorg/gradle/internal/operations/BuildOperationContext;)Ljava/lang/Object;+2
j  org.gradle.internal.operations.DefaultBuildOperationRunner$CallableBuildOperationWorker.execute(Lorg/gradle/internal/operations/CallableBuildOperation;Lorg/gradle/internal/operations/BuildOperationContext;)V+3
j  org.gradle.internal.operations.DefaultBuildOperationRunner$CallableBuildOperationWorker.execute(Lorg/gradle/internal/operations/BuildOperation;Lorg/gradle/internal/operations/BuildOperationContext;)V+6
j  org.gradle.internal.operations.DefaultBuildOperationRunner$2.execute(Lorg/gradle/internal/operations/BuildOperationDescriptor;Lorg/gradle/internal/operations/BuildOperationState;Lorg/gradle/internal/operations/BuildOperationState;Lorg/gradle/internal/operations/DefaultBuildOperationRunner$ReadableBuildOperationContext;Lorg/gradle/internal/operations/DefaultBuildOperationRunner$BuildOperationExecutionListener;)Lorg/gradle/internal/operations/BuildOperation;+22
j  org.gradle.internal.operations.DefaultBuildOperationRunner$2.execute(Lorg/gradle/internal/operations/BuildOperationDescriptor;Lorg/gradle/internal/operations/BuildOperationState;Lorg/gradle/internal/operations/BuildOperationState;Lorg/gradle/internal/operations/DefaultBuildOperationRunner$ReadableBuildOperationContext;Lorg/gradle/internal/operations/DefaultBuildOperationRunner$BuildOperationExecutionListener;)Ljava/lang/Object;+8
j  org.gradle.internal.operations.DefaultBuildOperationRunner.execute(Lorg/gradle/internal/operations/BuildOperationDescriptor$Builder;Lorg/gradle/internal/operations/BuildOperationState;Lorg/gradle/internal/operations/DefaultBuildOperationRunner$BuildOperationExecution;)Ljava/lang/Object;+141
j  org.gradle.internal.operations.DefaultBuildOperationRunner.execute(Lorg/gradle/internal/operations/BuildOperation;Lorg/gradle/internal/operations/BuildOperationWorker;Lorg/gradle/internal/operations/BuildOperationState;)V+18
j  org.gradle.internal.operations.DefaultBuildOperationRunner.call(Lorg/gradle/internal/operations/CallableBuildOperation;)Ljava/lang/Object;+16
j  org.gradle.launcher.exec.RunAsBuildOperationBuildActionExecutor.execute(Lorg/gradle/internal/invocation/BuildAction;Lorg/gradle/internal/session/BuildSessionContext;)Lorg/gradle/internal/buildtree/BuildActionRunner$Result;+23
j  org.gradle.launcher.exec.RunAsWorkerThreadBuildActionExecutor.lambda$execute$0(Lorg/gradle/internal/invocation/BuildAction;Lorg/gradle/internal/session/BuildSessionContext;)Lorg/gradle/internal/buildtree/BuildActionRunner$Result;+6
j  org.gradle.launcher.exec.RunAsWorkerThreadBuildActionExecutor$$Lambda$205+0x000001c35523aa68.create()Ljava/lang/Object;+12
j  org.gradle.internal.work.DefaultWorkerLeaseService.withLocks(Ljava/util/Collection;Lorg/gradle/internal/Factory;)Ljava/lang/Object;+28
j  org.gradle.internal.work.DefaultWorkerLeaseService.runAsWorkerThread(Lorg/gradle/internal/Factory;)Ljava/lang/Object;+33
j  org.gradle.launcher.exec.RunAsWorkerThreadBuildActionExecutor.execute(Lorg/gradle/internal/invocation/BuildAction;Lorg/gradle/internal/session/BuildSessionContext;)Lorg/gradle/internal/buildtree/BuildActionRunner$Result;+12
j  org.gradle.tooling.internal.provider.continuous.ContinuousBuildActionExecutor.execute(Lorg/gradle/internal/invocation/BuildAction;Lorg/gradle/internal/session/BuildSessionContext;)Lorg/gradle/internal/buildtree/BuildActionRunner$Result;+58
j  org.gradle.tooling.internal.provider.SubscribableBuildActionExecutor.execute(Lorg/gradle/internal/invocation/BuildAction;Lorg/gradle/internal/session/BuildSessionContext;)Lorg/gradle/internal/buildtree/BuildActionRunner$Result;+30
j  org.gradle.internal.session.DefaultBuildSessionContext.execute(Lorg/gradle/internal/invocation/BuildAction;)Lorg/gradle/internal/buildtree/BuildActionRunner$Result;+64
j  org.gradle.internal.buildprocess.execution.BuildSessionLifecycleBuildActionExecutor$ActionImpl.apply(Lorg/gradle/internal/session/BuildSessionContext;)Lorg/gradle/launcher/exec/BuildActionResult;+6
j  org.gradle.internal.buildprocess.execution.BuildSessionLifecycleBuildActionExecutor$ActionImpl.apply(Ljava/lang/Object;)Ljava/lang/Object;+5
j  org.gradle.internal.session.BuildSessionState.run(Ljava/util/function/Function;)Ljava/lang/Object;+5
j  org.gradle.internal.buildprocess.execution.BuildSessionLifecycleBuildActionExecutor.execute(Lorg/gradle/internal/invocation/BuildAction;Lorg/gradle/launcher/exec/BuildActionParameters;Lorg/gradle/initialization/BuildRequestContext;)Lorg/gradle/launcher/exec/BuildActionResult;+95
j  org.gradle.internal.buildprocess.execution.BuildSessionLifecycleBuildActionExecutor.execute(Lorg/gradle/internal/invocation/BuildAction;Ljava/lang/Object;Ljava/lang/Object;)Lorg/gradle/launcher/exec/BuildActionResult;+10
j  org.gradle.internal.buildprocess.execution.StartParamsValidatingActionExecutor.execute(Lorg/gradle/internal/invocation/BuildAction;Lorg/gradle/launcher/exec/BuildActionParameters;Lorg/gradle/initialization/BuildRequestContext;)Lorg/gradle/launcher/exec/BuildActionResult;+203
j  org.gradle.internal.buildprocess.execution.StartParamsValidatingActionExecutor.execute(Lorg/gradle/internal/invocation/BuildAction;Ljava/lang/Object;Ljava/lang/Object;)Lorg/gradle/launcher/exec/BuildActionResult;+10
j  org.gradle.internal.buildprocess.execution.SessionFailureReportingActionExecutor.execute(Lorg/gradle/internal/invocation/BuildAction;Lorg/gradle/launcher/exec/BuildActionParameters;Lorg/gradle/initialization/BuildRequestContext;)Lorg/gradle/launcher/exec/BuildActionResult;+7
j  org.gradle.internal.buildprocess.execution.SessionFailureReportingActionExecutor.execute(Lorg/gradle/internal/invocation/BuildAction;Ljava/lang/Object;Ljava/lang/Object;)Lorg/gradle/launcher/exec/BuildActionResult;+10
j  org.gradle.internal.buildprocess.execution.SetupLoggingActionExecutor.execute(Lorg/gradle/internal/invocation/BuildAction;Lorg/gradle/launcher/exec/BuildActionParameters;Lorg/gradle/initialization/BuildRequestContext;)Lorg/gradle/launcher/exec/BuildActionResult;+50
j  org.gradle.internal.buildprocess.execution.SetupLoggingActionExecutor.execute(Lorg/gradle/internal/invocation/BuildAction;Ljava/lang/Object;Ljava/lang/Object;)Lorg/gradle/launcher/exec/BuildActionResult;+10
j  org.gradle.launcher.daemon.server.exec.ExecuteBuild.doBuild(Lorg/gradle/launcher/daemon/server/api/DaemonCommandExecution;Lorg/gradle/launcher/daemon/protocol/Build;)V+147
j  org.gradle.launcher.daemon.server.exec.BuildCommandOnly.execute(Lorg/gradle/launcher/daemon/server/api/DaemonCommandExecution;)V+49
j  org.gradle.launcher.daemon.server.api.DaemonCommandExecution.proceed()Z+23
j  org.gradle.launcher.daemon.server.exec.WatchForDisconnection.execute(Lorg/gradle/launcher/daemon/server/api/DaemonCommandExecution;)V+19
j  org.gradle.launcher.daemon.server.api.DaemonCommandExecution.proceed()Z+23
j  org.gradle.launcher.daemon.server.exec.ResetDeprecationLogger.execute(Lorg/gradle/launcher/daemon/server/api/DaemonCommandExecution;)V+7
j  org.gradle.launcher.daemon.server.api.DaemonCommandExecution.proceed()Z+23
j  org.gradle.launcher.daemon.server.exec.RequestStopIfSingleUsedDaemon.execute(Lorg/gradle/launcher/daemon/server/api/DaemonCommandExecution;)V+33
j  org.gradle.launcher.daemon.server.api.DaemonCommandExecution.proceed()Z+23
j  org.gradle.launcher.daemon.server.exec.ForwardClientInput.lambda$execute$0(Lorg/gradle/launcher/daemon/server/api/DaemonCommandExecution;Lorg/gradle/internal/daemon/clientinput/StdinHandler;)Ljava/lang/Object;+11
j  org.gradle.launcher.daemon.server.exec.ForwardClientInput$$Lambda$111+0x000001c355135d50.apply(Ljava/lang/Object;)Ljava/lang/Object;+8
j  org.gradle.internal.daemon.clientinput.ClientInputForwarder.forwardInput(Ljava/util/function/Function;)Ljava/lang/Object;+46
j  org.gradle.launcher.daemon.server.exec.ForwardClientInput.execute(Lorg/gradle/launcher/daemon/server/api/DaemonCommandExecution;)V+10
j  org.gradle.launcher.daemon.server.api.DaemonCommandExecution.proceed()Z+23
j  org.gradle.launcher.daemon.server.exec.LogAndCheckHealth.execute(Lorg/gradle/launcher/daemon/server/api/DaemonCommandExecution;)V+51
j  org.gradle.launcher.daemon.server.api.DaemonCommandExecution.proceed()Z+23
j  org.gradle.launcher.daemon.server.exec.LogToClient.doBuild(Lorg/gradle/launcher/daemon/server/api/DaemonCommandExecution;Lorg/gradle/launcher/daemon/protocol/Build;)V+87
j  org.gradle.launcher.daemon.server.exec.BuildCommandOnly.execute(Lorg/gradle/launcher/daemon/server/api/DaemonCommandExecution;)V+49
j  org.gradle.launcher.daemon.server.api.DaemonCommandExecution.proceed()Z+23
j  org.gradle.launcher.daemon.server.exec.EstablishBuildEnvironment.doBuild(Lorg/gradle/launcher/daemon/server/api/DaemonCommandExecution;Lorg/gradle/launcher/daemon/protocol/Build;)V+356
j  org.gradle.launcher.daemon.server.exec.BuildCommandOnly.execute(Lorg/gradle/launcher/daemon/server/api/DaemonCommandExecution;)V+49
j  org.gradle.launcher.daemon.server.api.DaemonCommandExecution.proceed()Z+23
j  org.gradle.launcher.daemon.server.exec.StartBuildOrRespondWithBusy$1.run()V+44
j  org.gradle.launcher.daemon.server.DaemonStateCoordinator.lambda$runCommand$0(Ljava/lang/Runnable;)V+1
j  org.gradle.launcher.daemon.server.DaemonStateCoordinator$$Lambda$110+0x000001c3551347b8.run()V+8
j  org.gradle.internal.concurrent.ExecutorPolicy$CatchAndRecordFailures.onExecute(Ljava/lang/Runnable;)V+1
j  org.gradle.internal.concurrent.AbstractManagedExecutor$1.run()V+25
j  java.util.concurrent.ThreadPoolExecutor.runWorker(Ljava/util/concurrent/ThreadPoolExecutor$Worker;)V+92 java.base@17.0.13
j  java.util.concurrent.ThreadPoolExecutor$Worker.run()V+5 java.base@17.0.13
j  java.lang.Thread.run()V+11 java.base@17.0.13
v  ~StubRoutines::call_stub

Compiled method (n/a)   43275  793     n 0       java.lang.ClassLoader::defineClass1 (native)
 total in heap  [0x000001c344d8dd10,0x000001c344d8e1f0] = 1248
 relocation     [0x000001c344d8de68,0x000001c344d8dea0] = 56
 main code      [0x000001c344d8dea0,0x000001c344d8e1f0] = 848

[Constant Pool (empty)]

[MachCode]
[Entry Point]
  # {method} {0x000001c354010f28} 'defineClass1' '(Ljava/lang/ClassLoader;Ljava/lang/String;[BIILjava/security/ProtectionDomain;Ljava/lang/String;)Ljava/lang/Class;' in 'java/lang/ClassLoader'
  # parm0:    rdx:rdx   = 'java/lang/ClassLoader'
  # parm1:    r8:r8     = 'java/lang/String'
  # parm2:    r9:r9     = '[B'
  # parm3:    rdi       = int
  # parm4:    rsi       = int
  # parm5:    rcx:rcx   = 'java/security/ProtectionDomain'
  # parm6:    [sp+0xa0]   = 'java/lang/String'  (sp of caller)
  0x000001c344d8dea0: 448b 5208 | 49bb 0000 | 0054 c301 | 0000 4d03 | d349 3bc2 | 0f84 0600 

  0x000001c344d8deb8: ;   {runtime_call ic_miss_stub}
  0x000001c344d8deb8: 0000 e9c1 | 31a4 ff90 
[Verified Entry Point]
  0x000001c344d8dec0: 8984 2400 | 90ff ff55 | 488b ec48 | 81ec 9000 | 0000 4881 | 7d10 0000 | 0000 488d | 4510 480f 
  0x000001c344d8dee0: 4445 1048 | 8944 2440 | 4889 4c24 | 7048 83f9 | 0048 8d44 | 2470 480f | 4444 2470 | 4889 4424 
  0x000001c344d8df00: 3848 8974 | 2430 4889 | 7c24 284c | 894c 2458 | 4983 f900 | 488d 4424 | 5848 0f44 | 4424 5848 
  0x000001c344d8df20: 8944 2420 | 4c89 4424 | 5049 83f8 | 004c 8d4c | 2450 4c0f | 444c 2450 | 4889 5424 | 4848 83fa 
  0x000001c344d8df40: 004c 8d44 | 2448 4c0f | 4444 2448 

  0x000001c344d8df4c: ;   {oop(a 'java/lang/Class'{0x00000000806eeda8} = 'java/lang/ClassLoader')}
  0x000001c344d8df4c: 49be a8ed | 6e80 0000 | 0000 4c89 | 7424 784c | 8d74 2478 | 498b d6c5 

  0x000001c344d8df64: ;   {internal_word}
  0x000001c344d8df64: f877 49ba | 63df d844 | c301 0000 | 4d89 97a0 | 0200 0049 | 89a7 9802 

  0x000001c344d8df7c: ;   {external_word}
  0x000001c344d8df7c: 0000 49ba | 5c27 e4d7 | ff7f 0000 | 4180 3a00 | 0f84 5200 | 0000 5241 

  0x000001c344d8df94: ;   {metadata({method} {0x000001c354010f28} 'defineClass1' '(Ljava/lang/ClassLoader;Ljava/lang/String;[BIILjava/security/ProtectionDomain;Ljava/lang/String;)Ljava/lang/Class;' in 'java/lang/ClassLoader')}
  0x000001c344d8df94: 5041 5148 | ba20 0f01 | 54c3 0100 | 0049 8bcf | 4883 ec20 | f7c4 0f00 | 0000 0f84 | 1a00 0000 
  0x000001c344d8dfb4: 4883 ec08 

  0x000001c344d8dfb8: ;   {runtime_call}
  0x000001c344d8dfb8: 49ba 00e2 | 99d7 ff7f | 0000 41ff | d248 83c4 | 08e9 0d00 

  0x000001c344d8dfcc: ;   {runtime_call}
  0x000001c344d8dfcc: 0000 49ba | 00e2 99d7 | ff7f 0000 | 41ff d248 | 83c4 2041 | 5941 585a | 498d 8fb8 | 0200 0041 
  0x000001c344d8dfec: c787 4803 | 0000 0400 

  0x000001c344d8dff4: ;   {runtime_call}
  0x000001c344d8dff4: 0000 49ba | ac16 481b | f87f 0000 | 41ff d2c5 | f877 41c7 | 8748 0300 | 0005 0000 | 00f0 8344 
  0x000001c344d8e014: 24c0 0049 | 3baf 5003 | 0000 0f87 | 1100 0000 | 4181 bf38 | 0300 0000 | 0000 000f | 842c 0000 
  0x000001c344d8e034: 00c5 f877 | 4889 45f8 | 498b cf4c | 8be4 4883 | ec20 4883 

  0x000001c344d8e048: ;   {runtime_call}
  0x000001c344d8e048: e4f0 49ba | 20ef a9d7 | ff7f 0000 | 41ff d249 | 8be4 4d33 | e448 8b45 | f841 c787 | 4803 0000 
  0x000001c344d8e068: 0800 0000 | 4181 bfb8 | 0300 0002 | 0000 000f | 843f 0100 

  0x000001c344d8e07c: ;   {external_word}
  0x000001c344d8e07c: 0049 ba5c | 27e4 d7ff | 7f00 0041 | 803a 000f | 8450 0000 | 0048 8945 

  0x000001c344d8e094: ;   {metadata({method} {0x000001c354010f28} 'defineClass1' '(Ljava/lang/ClassLoader;Ljava/lang/String;[BIILjava/security/ProtectionDomain;Ljava/lang/String;)Ljava/lang/Class;' in 'java/lang/ClassLoader')}
  0x000001c344d8e094: f848 ba20 | 0f01 54c3 | 0100 0049 | 8bcf 4883 | ec20 f7c4 | 0f00 0000 | 0f84 1a00 | 0000 4883 
  0x000001c344d8e0b4: ;   {runtime_call}
  0x000001c344d8e0b4: ec08 49ba | 00e2 99d7 | ff7f 0000 | 41ff d248 | 83c4 08e9 | 0d00 0000 

  0x000001c344d8e0cc: ;   {runtime_call}
  0x000001c344d8e0cc: 49ba 00e2 | 99d7 ff7f | 0000 41ff | d248 83c4 | 2048 8b45 | f849 c787 | 9802 0000 | 0000 0000 
  0x000001c344d8e0ec: 49c7 87a0 | 0200 0000 | 0000 00c5 | f877 4885 | c00f 8493 | 0000 0048 | f7c0 0100 | 0000 0f84 
  0x000001c344d8e10c: 8300 0000 | 488b 40ff | 4180 7f38 | 000f 846f | 0000 0048 | 83f8 000f | 8465 0000 | 0049 8b4f 
  0x000001c344d8e12c: 2048 83f9 | 000f 8414 | 0000 0048 | 83e9 0849 | 894f 2049 | 034f 3048 | 8901 e943 | 0000 0050 
  0x000001c344d8e14c: 498b d748 | 8bc8 4883 | ec20 f7c4 | 0f00 0000 | 0f84 1a00 | 0000 4883 

  0x000001c344d8e164: ;   {runtime_call}
  0x000001c344d8e164: ec08 49ba | f087 58d7 | ff7f 0000 | 41ff d248 | 83c4 08e9 | 0d00 0000 

  0x000001c344d8e17c: ;   {runtime_call}
  0x000001c344d8e17c: 49ba f087 | 58d7 ff7f | 0000 41ff | d248 83c4 | 2058 e903 | 0000 0048 | 8b00 498b | 8fd8 0000 
  0x000001c344d8e19c: 00c7 8100 | 0100 0000 | 0000 00c9 | 4981 7f08 | 0000 0000 | 0f85 0100 

  0x000001c344d8e1b4: ;   {runtime_call StubRoutines (1)}
  0x000001c344d8e1b4: 0000 c3e9 | 442d 9fff | c5f8 7748 | 8945 f84c | 8be4 4883 | ec20 4883 

  0x000001c344d8e1cc: ;   {runtime_call}
  0x000001c344d8e1cc: e4f0 49ba | 1013 9ad7 | ff7f 0000 | 41ff d249 | 8be4 4d33 | e448 8b45 | f8e9 93fe | ffff f4f4 
  0x000001c344d8e1ec: f4f4 f4f4 
[/MachCode]


Compiled method (c1)   43307 7209       3       java.lang.ClassLoader::defineClass (43 bytes)
 total in heap  [0x000001c33de1d090,0x000001c33de1d9a8] = 2328
 relocation     [0x000001c33de1d1e8,0x000001c33de1d278] = 144
 main code      [0x000001c33de1d280,0x000001c33de1d700] = 1152
 stub code      [0x000001c33de1d700,0x000001c33de1d778] = 120
 metadata       [0x000001c33de1d778,0x000001c33de1d7a8] = 48
 scopes data    [0x000001c33de1d7a8,0x000001c33de1d898] = 240
 scopes pcs     [0x000001c33de1d898,0x000001c33de1d978] = 224
 dependencies   [0x000001c33de1d978,0x000001c33de1d980] = 8
 nul chk table  [0x000001c33de1d980,0x000001c33de1d9a8] = 40

[Constant Pool (empty)]

[MachCode]
[Entry Point]
  # {method} {0x000001c354010cc0} 'defineClass' '(Ljava/lang/String;[BIILjava/security/ProtectionDomain;)Ljava/lang/Class;' in 'java/lang/ClassLoader'
  # this:     rdx:rdx   = 'java/lang/ClassLoader'
  # parm0:    r8:r8     = 'java/lang/String'
  # parm1:    r9:r9     = '[B'
  # parm2:    rdi       = int
  # parm3:    rsi       = int
  # parm4:    rcx:rcx   = 'java/security/ProtectionDomain'
  #           [sp+0xc0]  (sp of caller)
  0x000001c33de1d280: 448b 5208 | 49bb 0000 | 0054 c301 | 0000 4d03 | d34c 3bd0 

  0x000001c33de1d294: ;   {runtime_call ic_miss_stub}
  0x000001c33de1d294: 0f85 e63d | 9b06 660f | 1f44 0000 
[Verified Entry Point]
  0x000001c33de1d2a0: 8984 2400 | 90ff ff55 | 4881 ecb0 | 0000 0048 | 8954 2478 

  0x000001c33de1d2b4: ;   {metadata(method data for {method} {0x000001c354010cc0} 'defineClass' '(Ljava/lang/String;[BIILjava/security/ProtectionDomain;)Ljava/lang/Class;' in 'java/lang/ClassLoader')}
  0x000001c33de1d2b4: 48bb 2877 | 196f c301 | 0000 8b83 | cc00 0000 | 83c0 0289 | 83cc 0000 | 0081 e0fe | 0700 0083 
  0x000001c33de1d2d4: f800 0f84 | 3e03 0000 | 89b4 2494 | 0000 0089 | bc24 9000 | 0000 4c89 | 8c24 8800 | 0000 488b 
  0x000001c33de1d2f4: ;   {metadata(method data for {method} {0x000001c354010cc0} 'defineClass' '(Ljava/lang/String;[BIILjava/security/ProtectionDomain;)Ljava/lang/Class;' in 'java/lang/ClassLoader')}
  0x000001c33de1d2f4: da48 b828 | 7719 6fc3 | 0100 0048 | 8380 1001 | 0000 0149 | 8bd8 4c8b | c34c 8bc9 | 488b ca48 
  0x000001c33de1d314: 8bd1 4889 | 9c24 8000 

  0x000001c33de1d31c: ;   {optimized virtual_call}
  0x000001c33de1d31c: 0000 90e8 

  0x000001c33de1d320: ; ImmutableOopMap {[120]=Oop [136]=Oop [128]=Oop }
                      ;*invokevirtual preDefineClass {reexecute=0 rethrow=0 return_oop=0}
                      ; - java.lang.ClassLoader::defineClass@4 (line 1015)
  0x000001c33de1d320: bcf2 4f07 | 4889 8424 | 9800 0000 | 488b 5424 

  0x000001c33de1d330: ;   {metadata(method data for {method} {0x000001c354010cc0} 'defineClass' '(Ljava/lang/String;[BIILjava/security/ProtectionDomain;)Ljava/lang/Class;' in 'java/lang/ClassLoader')}
  0x000001c33de1d330: 7849 b828 | 7719 6fc3 | 0100 0049 | 8380 4801 

  0x000001c33de1d340: ;   {metadata(method data for {method} {0x000001c354010ed0} 'defineClassSourceLocation' '(Ljava/security/ProtectionDomain;)Ljava/lang/String;' in 'java/lang/ClassLoader')}
  0x000001c33de1d340: 0000 0149 | b800 8f1a | 6fc3 0100 | 0041 8b90 | cc00 0000 | 83c2 0241 | 8990 cc00 | 0000 81e2 
  0x000001c33de1d360: feff 1f00 | 83fa 000f | 84ce 0200 | 0048 3b00 

  0x000001c33de1d370: ;   {metadata(method data for {method} {0x000001c354010ed0} 'defineClassSourceLocation' '(Ljava/security/ProtectionDomain;)Ljava/lang/String;' in 'java/lang/ClassLoader')}
  0x000001c33de1d370: 4c8b c048 | ba00 8f1a | 6fc3 0100 | 0048 8382 | 1001 0000 | 0144 8b40 | 1049 83f8 

  0x000001c33de1d38c: ;   {metadata(method data for {method} {0x000001c354010ed0} 'defineClassSourceLocation' '(Ljava/security/ProtectionDomain;)Ljava/lang/String;' in 'java/lang/ClassLoader')}
  0x000001c33de1d38c: 0048 ba00 | 8f1a 6fc3 | 0100 0048 | c7c6 5801 | 0000 0f85 | 0700 0000 | 48c7 c648 | 0100 0048 
  0x000001c33de1d3ac: 8b3c 3248 | 8d7f 0148 | 893c 320f | 850f 0000 

  0x000001c33de1d3bc: ;   {oop(NULL)}
  0x000001c33de1d3bc: 0048 bb00 | 0000 0000 | 0000 00e9 | a301 0000 

  0x000001c33de1d3cc: ; implicit exception: dispatches to 0x000001c33de1d661
  0x000001c33de1d3cc: 493b 0049 

  0x000001c33de1d3d0: ;   {metadata(method data for {method} {0x000001c354010ed0} 'defineClassSourceLocation' '(Ljava/security/ProtectionDomain;)Ljava/lang/String;' in 'java/lang/ClassLoader')}
  0x000001c33de1d3d0: 8bd0 48be | 008f 1a6f | c301 0000 | 4883 8668 | 0100 0001 | 418b 500c | 4883 fa00 

  0x000001c33de1d3ec: ;   {metadata(method data for {method} {0x000001c354010ed0} 'defineClassSourceLocation' '(Ljava/security/ProtectionDomain;)Ljava/lang/String;' in 'java/lang/ClassLoader')}
  0x000001c33de1d3ec: 48be 008f | 1a6f c301 | 0000 48c7 | c7b0 0100 | 000f 8507 | 0000 0048 | c7c7 a001 | 0000 488b 
  0x000001c33de1d40c: 1c3e 488d | 5b01 4889 | 1c3e 0f85 | 0f00 0000 

  0x000001c33de1d41c: ;   {oop(NULL)}
  0x000001c33de1d41c: 48bb 0000 | 0000 0000 | 0000 e944 

  0x000001c33de1d428: ;   {metadata(method data for {method} {0x000001c354010ed0} 'defineClassSourceLocation' '(Ljava/security/ProtectionDomain;)Ljava/lang/String;' in 'java/lang/ClassLoader')}
  0x000001c33de1d428: 0100 0048 | be00 8f1a | 6fc3 0100 | 0048 8386 | c001 0000 | 0148 3b02 

  0x000001c33de1d440: ;   {metadata(method data for {method} {0x000001c354010ed0} 'defineClassSourceLocation' '(Ljava/security/ProtectionDomain;)Ljava/lang/String;' in 'java/lang/ClassLoader')}
  0x000001c33de1d440: 4c8b c248 | be00 8f1a | 6fc3 0100 | 0048 8386 | f801 0000 

  0x000001c33de1d454: ;   {metadata(method data for {method} {0x000001c354069960} 'toString' '()Ljava/lang/String;' in 'java/net/URL')}
  0x000001c33de1d454: 0149 b878 | b90e 6fc3 | 0100 0041 | 8bb0 cc00 | 0000 83c6 | 0241 89b0 | cc00 0000 | 81e6 feff 
  0x000001c33de1d474: 1f00 83fe | 000f 84ec | 0100 004c 

  0x000001c33de1d480: ;   {metadata(method data for {method} {0x000001c354069960} 'toString' '()Ljava/lang/String;' in 'java/net/URL')}
  0x000001c33de1d480: 8bc2 48be | 78b9 0e6f | c301 0000 | 4883 8610 | 0100 0001 

  0x000001c33de1d494: ;   {metadata(method data for {method} {0x000001c35406a1f8} 'toExternalForm' '()Ljava/lang/String;' in 'java/net/URL')}
  0x000001c33de1d494: 49b8 00bb | 0e6f c301 | 0000 418b | b0cc 0000 | 0083 c602 | 4189 b0cc | 0000 0081 | e6fe ff1f 
  0x000001c33de1d4b4: 0083 fe00 | 0f84 ce01 | 0000 8b72 | 3848 3b06 

  0x000001c33de1d4c4: ;   {metadata(method data for {method} {0x000001c35406a1f8} 'toExternalForm' '()Ljava/lang/String;' in 'java/net/URL')}
  0x000001c33de1d4c4: 4c8b c648 | bf00 bb0e | 6fc3 0100 | 0045 8b40 | 0849 ba00 | 0000 54c3 | 0100 004d | 03c2 4c3b 
  0x000001c33de1d4e4: 8720 0100 | 0075 0d48 | 8387 2801 | 0000 01e9 | 6600 0000 | 4c3b 8730 | 0100 0075 | 0d48 8387 
  0x000001c33de1d504: 3801 0000 | 01e9 5000 | 0000 4881 | bf20 0100 | 0000 0000 | 0075 174c | 8987 2001 | 0000 48c7 
  0x000001c33de1d524: 8728 0100 | 0001 0000 | 00e9 2c00 | 0000 4881 | bf30 0100 | 0000 0000 | 0075 174c | 8987 3001 
  0x000001c33de1d544: 0000 48c7 | 8738 0100 | 0001 0000 | 00e9 0800 | 0000 4883 | 8710 0100 | 0001 4c8b | c248 8bd6 
  0x000001c33de1d564: ;   {optimized virtual_call}
  0x000001c33de1d564: 6666 90e8 

  0x000001c33de1d568: ; ImmutableOopMap {[120]=Oop [136]=Oop [128]=Oop [152]=Oop }
                      ;*invokevirtual toExternalForm {reexecute=0 rethrow=0 return_oop=0}
                      ; - java.net.URL::toExternalForm@5 (line 1039)
                      ; - java.net.URL::toString@1 (line 1025)
                      ; - java.lang.ClassLoader::defineClassSourceLocation@22 (line 917)
                      ; - java.lang.ClassLoader::defineClass@12 (line 1016)
  0x000001c33de1d568: 94fd 1907 | 488b d848 | 8b84 2498 | 0000 008b | b424 9400 | 0000 8bbc | 2490 0000 | 004c 8b8c 
  0x000001c33de1d588: 2488 0000 | 004c 8b84 | 2480 0000 | 0048 8b54 

  0x000001c33de1d598: ;   {metadata(method data for {method} {0x000001c354010cc0} 'defineClass' '(Ljava/lang/String;[BIILjava/security/ProtectionDomain;)Ljava/lang/Class;' in 'java/lang/ClassLoader')}
  0x000001c33de1d598: 2478 48b9 | 2877 196f | c301 0000 | 4883 8180 | 0100 0001 | 4c8b da49 | 8bd3 488b | c848 891c 
  0x000001c33de1d5b8: 2466 0f1f 

  0x000001c33de1d5bc: ;   {static_call}
  0x000001c33de1d5bc: 4400 00e8 

  0x000001c33de1d5c0: ; ImmutableOopMap {[152]=Oop [120]=Oop }
                      ;*invokestatic defineClass1 {reexecute=0 rethrow=0 return_oop=0}
                      ; - java.lang.ClassLoader::defineClass@27 (line 1017)
  0x000001c33de1d5c0: fc08 f706 | 488b 5424 

  0x000001c33de1d5c8: ;   {metadata(method data for {method} {0x000001c354010cc0} 'defineClass' '(Ljava/lang/String;[BIILjava/security/ProtectionDomain;)Ljava/lang/Class;' in 'java/lang/ClassLoader')}
  0x000001c33de1d5c8: 7849 b828 | 7719 6fc3 | 0100 0049 | 8380 9001 | 0000 014c | 8bc0 4c8b | 8c24 9800 | 0000 488b 
  0x000001c33de1d5e8: 5424 7848 | 8984 24a0 | 0000 000f 

  0x000001c33de1d5f4: ;   {optimized virtual_call}
  0x000001c33de1d5f4: 1f40 00e8 

  0x000001c33de1d5f8: ; ImmutableOopMap {[160]=Oop }
                      ;*invokevirtual postDefineClass {reexecute=0 rethrow=0 return_oop=0}
                      ; - java.lang.ClassLoader::defineClass@37 (line 1018)
  0x000001c33de1d5f8: 2494 f7ff | 488b 8424 | a000 0000 | 4881 c4b0 | 0000 005d 

  0x000001c33de1d60c: ;   {poll_return}
  0x000001c33de1d60c: 493b a750 | 0300 000f | 8799 0000 

  0x000001c33de1d618: ;   {metadata({method} {0x000001c354010cc0} 'defineClass' '(Ljava/lang/String;[BIILjava/security/ProtectionDomain;)Ljava/lang/Class;' in 'java/lang/ClassLoader')}
  0x000001c33de1d618: 00c3 49ba | b80c 0154 | c301 0000 | 4c89 5424 | 0848 c704 | 24ff ffff 

  0x000001c33de1d630: ;   {runtime_call counter_overflow Runtime1 stub}
  0x000001c33de1d630: ffe8 4ac7 

  0x000001c33de1d634: ; ImmutableOopMap {rdx=Oop [120]=Oop r8=Oop r9=Oop rcx=Oop }
                      ;*synchronization entry
                      ; - java.lang.ClassLoader::defineClass@-1 (line 1015)
  0x000001c33de1d634: a506 e9a1 

  0x000001c33de1d638: ;   {metadata({method} {0x000001c354010ed0} 'defineClassSourceLocation' '(Ljava/security/ProtectionDomain;)Ljava/lang/String;' in 'java/lang/ClassLoader')}
  0x000001c33de1d638: fcff ff49 | bac8 0e01 | 54c3 0100 | 004c 8954 | 2408 48c7 | 0424 ffff 

  0x000001c33de1d650: ;   {runtime_call counter_overflow Runtime1 stub}
  0x000001c33de1d650: ffff e829 

  0x000001c33de1d654: ; ImmutableOopMap {[120]=Oop [136]=Oop [128]=Oop rax=Oop [152]=Oop }
                      ;*synchronization entry
                      ; - java.lang.ClassLoader::defineClassSourceLocation@-1 (line 914)
                      ; - java.lang.ClassLoader::defineClass@12 (line 1016)
  0x000001c33de1d654: c7a5 06e9 | 11fd ffff 

  0x000001c33de1d65c: ;   {runtime_call throw_null_pointer_exception Runtime1 stub}
  0x000001c33de1d65c: e83f 76a5 

  0x000001c33de1d660: ; ImmutableOopMap {[120]=Oop [136]=Oop [128]=Oop rax=Oop [152]=Oop }
                      ;*invokevirtual getCodeSource {reexecute=0 rethrow=0 return_oop=0}
                      ; - java.lang.ClassLoader::defineClassSourceLocation@1 (line 914)
                      ; - java.lang.ClassLoader::defineClass@12 (line 1016)
                      ;   {runtime_call throw_null_pointer_exception Runtime1 stub}
  0x000001c33de1d660: 06e8 3a76 

  0x000001c33de1d664: ; ImmutableOopMap {[120]=Oop [136]=Oop [128]=Oop rax=Oop [152]=Oop r8=Oop }
                      ;*invokevirtual getLocation {reexecute=0 rethrow=0 return_oop=0}
                      ; - java.lang.ClassLoader::defineClassSourceLocation@12 (line 916)
                      ; - java.lang.ClassLoader::defineClass@12 (line 1016)
                      ;   {runtime_call throw_null_pointer_exception Runtime1 stub}
  0x000001c33de1d664: a506 e835 

  0x000001c33de1d668: ; ImmutableOopMap {[120]=Oop [136]=Oop [128]=Oop [152]=Oop rdx=Oop }
                      ;*invokevirtual toString {reexecute=0 rethrow=0 return_oop=0}
                      ; - java.lang.ClassLoader::defineClassSourceLocation@22 (line 917)
                      ; - java.lang.ClassLoader::defineClass@12 (line 1016)
                      ;   {metadata({method} {0x000001c354069960} 'toString' '()Ljava/lang/String;' in 'java/net/URL')}
  0x000001c33de1d668: 76a5 0649 | ba58 9906 | 54c3 0100 | 004c 8954 | 2408 48c7 | 0424 ffff 

  0x000001c33de1d680: ;   {runtime_call counter_overflow Runtime1 stub}
  0x000001c33de1d680: ffff e8f9 

  0x000001c33de1d684: ; ImmutableOopMap {[120]=Oop [136]=Oop [128]=Oop [152]=Oop rdx=Oop }
                      ;*synchronization entry
                      ; - java.net.URL::toString@-1 (line 1025)
                      ; - java.lang.ClassLoader::defineClassSourceLocation@22 (line 917)
                      ; - java.lang.ClassLoader::defineClass@12 (line 1016)
  0x000001c33de1d684: c6a5 06e9 | f3fd ffff 

  0x000001c33de1d68c: ;   {metadata({method} {0x000001c35406a1f8} 'toExternalForm' '()Ljava/lang/String;' in 'java/net/URL')}
  0x000001c33de1d68c: 49ba f0a1 | 0654 c301 | 0000 4c89 | 5424 0848 | c704 24ff 

  0x000001c33de1d6a0: ;   {runtime_call counter_overflow Runtime1 stub}
  0x000001c33de1d6a0: ffff ffe8 

  0x000001c33de1d6a4: ; ImmutableOopMap {[120]=Oop [136]=Oop [128]=Oop [152]=Oop rdx=Oop }
                      ;*synchronization entry
                      ; - java.net.URL::toExternalForm@-1 (line 1039)
                      ; - java.net.URL::toString@1 (line 1025)
                      ; - java.lang.ClassLoader::defineClassSourceLocation@22 (line 917)
                      ; - java.lang.ClassLoader::defineClass@12 (line 1016)
  0x000001c33de1d6a4: d8c6 a506 | e911 feff 

  0x000001c33de1d6ac: ;   {runtime_call throw_null_pointer_exception Runtime1 stub}
  0x000001c33de1d6ac: ffe8 ee75 

  0x000001c33de1d6b0: ; ImmutableOopMap {[120]=Oop [136]=Oop [128]=Oop [152]=Oop rdx=Oop rsi=Oop }
                      ;*invokevirtual toExternalForm {reexecute=0 rethrow=0 return_oop=0}
                      ; - java.net.URL::toExternalForm@5 (line 1039)
                      ; - java.net.URL::toString@1 (line 1025)
                      ; - java.lang.ClassLoader::defineClassSourceLocation@22 (line 917)
                      ; - java.lang.ClassLoader::defineClass@12 (line 1016)
                      ;   {internal_word}
  0x000001c33de1d6b0: a506 49ba | 0cd6 e13d | c301 0000 | 4d89 9768 

  0x000001c33de1d6c0: ;   {runtime_call SafepointBlob}
  0x000001c33de1d6c0: 0300 00e9 | 38a3 9b06 | 9090 498b | 87e0 0300 | 0049 c787 | e003 0000 | 0000 0000 | 49c7 87e8 
  0x000001c33de1d6e0: 0300 0000 | 0000 0048 | 81c4 b000 

  0x000001c33de1d6ec: ;   {runtime_call unwind_exception Runtime1 stub}
  0x000001c33de1d6ec: 0000 5de9 | 0c96 9c06 | f4f4 f4f4 | f4f4 f4f4 | f4f4 f4f4 
[Stub Code]
  0x000001c33de1d700: ;   {no_reloc}
  0x000001c33de1d700: 0f1f 4400 

  0x000001c33de1d704: ;   {static_stub}
  0x000001c33de1d704: 0048 bb70 | 0e01 54c3 

  0x000001c33de1d70c: ;   {runtime_call I2C/C2I adapters}
  0x000001c33de1d70c: 0100 00e9 | cd02 9b06 

  0x000001c33de1d714: ;   {static_stub}
  0x000001c33de1d714: 9048 bb00 | 0000 0000 

  0x000001c33de1d71c: ;   {runtime_call}
  0x000001c33de1d71c: 0000 00e9 | fbff ffff 

  0x000001c33de1d724: ;   {static_stub}
  0x000001c33de1d724: 9048 bb00 | 0000 0000 

  0x000001c33de1d72c: ;   {runtime_call}
  0x000001c33de1d72c: 0000 00e9 | fbff ffff 

  0x000001c33de1d734: ;   {static_stub}
  0x000001c33de1d734: 9048 bb88 | 0f01 54c3 

  0x000001c33de1d73c: ;   {runtime_call I2C/C2I adapters}
  0x000001c33de1d73c: 0100 00e9 | 9d02 9b06 
[Exception Handler]
  0x000001c33de1d744: ;   {runtime_call handle_exception_from_callee Runtime1 stub}
  0x000001c33de1d744: e837 93a5 

  0x000001c33de1d748: ;   {external_word}
  0x000001c33de1d748: 0648 b920 | 3abe d7ff | 7f00 0048 

  0x000001c33de1d754: ;   {runtime_call}
  0x000001c33de1d754: 83e4 f049 | ba50 c886 | d7ff 7f00 | 0041 ffd2 

  0x000001c33de1d764: ;   {section_word}
  0x000001c33de1d764: f449 ba65 | d7e1 3dc3 | 0100 0041 

  0x000001c33de1d770: ;   {runtime_call DeoptimizationBlob}
  0x000001c33de1d770: 52e9 2a95 | 9b06 f4f4 
[/MachCode]


Compiled method (c2)   43359 5069       4       java.security.SecureClassLoader::defineClass (16 bytes)
 total in heap  [0x000001c344da5c10,0x000001c344da6300] = 1776
 relocation     [0x000001c344da5d68,0x000001c344da5db8] = 80
 main code      [0x000001c344da5dc0,0x000001c344da6060] = 672
 stub code      [0x000001c344da6060,0x000001c344da6098] = 56
 metadata       [0x000001c344da6098,0x000001c344da60c8] = 48
 scopes data    [0x000001c344da60c8,0x000001c344da61d0] = 264
 scopes pcs     [0x000001c344da61d0,0x000001c344da6280] = 176
 dependencies   [0x000001c344da6280,0x000001c344da6288] = 8
 handler table  [0x000001c344da6288,0x000001c344da62e8] = 96
 nul chk table  [0x000001c344da62e8,0x000001c344da6300] = 24

[Constant Pool (empty)]

[MachCode]
[Entry Point]
  # {method} {0x000001c354434f48} 'defineClass' '(Ljava/lang/String;[BIILjava/security/CodeSource;)Ljava/lang/Class;' in 'java/security/SecureClassLoader'
  # this:     rdx:rdx   = 'java/security/SecureClassLoader'
  # parm0:    r8:r8     = 'java/lang/String'
  # parm1:    r9:r9     = '[B'
  # parm2:    rdi       = int
  # parm3:    rsi       = int
  # parm4:    rcx:rcx   = 'java/security/CodeSource'
  #           [sp+0x60]  (sp of caller)
  0x000001c344da5dc0: 448b 5208 | 49bb 0000 | 0054 c301 | 0000 4d03 | d349 3bc2 

  0x000001c344da5dd4: ;   {runtime_call ic_miss_stub}
  0x000001c344da5dd4: 0f85 a6b2 | a2ff 6690 | 0f1f 4000 
[Verified Entry Point]
  0x000001c344da5de0: 8984 2400 | 90ff ff55 | 4883 ec50 | 8974 2424 | 897c 2420 | 4c89 4c24 | 104c 8944 | 2408 4889 
  0x000001c344da5e00: 5424 1848 | 894c 2438 | 4885 c90f | 848f 0100 | 004d 8b87 | 0801 0000 | 4d8b d049 | 83c2 1090 
  0x000001c344da5e20: 4d3b 9718 | 0100 000f | 8311 0100 | 004d 8997 | 0801 0000 | 410f 0d8a | c000 0000 | 49c7 0001 
  0x000001c344da5e40: ;   {metadata('java/security/SecureClassLoader$CodeSourceKey')}
  0x000001c344da5e40: 0000 0041 | c740 08c8 | b614 004c | 8b54 2438 | 4d8b da45 | 8958 0c4d | 8b8f 0801 | 0000 4c8b 
  0x000001c344da5e60: 5424 1841 | 8b6a 504d | 8bd1 4983 | c218 4d3b | 9718 0100 | 000f 838c | 0000 004d | 8997 0801 
  0x000001c344da5e80: 0000 410f | 0d8a c000 | 0000 49c7 | 0101 0000 

  0x000001c344da5e90: ;   {metadata('java/security/SecureClassLoader$1')}
  0x000001c344da5e90: 0041 c741 | 08d8 b814 | 0045 8961 | 1445 8959 | 0c4c 8b54 | 2418 4589 | 5110 448b 

  0x000001c344da5eac: ;   {metadata('java/util/concurrent/ConcurrentHashMap')}
  0x000001c344da5eac: 5508 4181 | fa48 e400 | 000f 85a1 | 0000 0048 

  0x000001c344da5ebc: ;   {optimized virtual_call}
  0x000001c344da5ebc: 8bd5 90e8 

  0x000001c344da5ec0: ; ImmutableOopMap {[8]=Oop [16]=Oop [24]=Oop }
                      ;*invokeinterface computeIfAbsent {reexecute=0 rethrow=0 return_oop=1}
                      ; - java.security.SecureClassLoader::getProtectionDomain@29 (line 222)
                      ; - java.security.SecureClassLoader::defineClass@9 (line 150)
  0x000001c344da5ec0: fc1b 80f8 

  0x000001c344da5ec4: ; implicit exception: dispatches to 0x000001c344da6004
  0x000001c344da5ec4: 448b 5808 

  0x000001c344da5ec8: ;   {metadata('java/security/ProtectionDomain')}
  0x000001c344da5ec8: 4181 fb90 | ec00 000f | 85f3 0000 | 0048 8bc8 | 488b 5424 | 184c 8b44 | 2408 4c8b | 4c24 108b 
  0x000001c344da5ee8: 7c24 208b 

  0x000001c344da5eec: ;   {optimized virtual_call}
  0x000001c344da5eec: 7424 24e8 

  0x000001c344da5ef0: ; ImmutableOopMap {}
                      ;*invokevirtual defineClass {reexecute=0 rethrow=0 return_oop=1}
                      ; - java.security.SecureClassLoader::defineClass@12 (line 150)
  0x000001c344da5ef0: ac73 07f9 | 4883 c450 

  0x000001c344da5ef8: ;   {poll_return}
  0x000001c344da5ef8: 5d49 3ba7 | 5003 0000 | 0f87 3801 | 0000 c344 | 895c 2430 | 4c89 4424 

  0x000001c344da5f10: ;   {metadata('java/security/SecureClassLoader$1')}
  0x000001c344da5f10: 2848 bad8 | b814 54c3 | 0100 0048 | ff74 2438 | 488f 0424 

  0x000001c344da5f24: ;   {runtime_call _new_instance_Java}
  0x000001c344da5f24: 6666 90e8 

  0x000001c344da5f28: ; ImmutableOopMap {rbp=NarrowOop [0]=Oop [8]=Oop [16]=Oop [24]=Oop [40]=Oop [48]=NarrowOop }
                      ;*new {reexecute=0 rethrow=0 return_oop=1}
                      ; - java.security.SecureClassLoader::getProtectionDomain@20 (line 222)
                      ; - java.security.SecureClassLoader::defineClass@9 (line 150)
  0x000001c344da5f28: d480 adff | 4c8b 4424 | 2844 8b5c | 2430 4c8b | c8e9 5fff 

  0x000001c344da5f3c: ;   {metadata('java/security/SecureClassLoader$CodeSourceKey')}
  0x000001c344da5f3c: ffff 48ba | c8b6 1454 | c301 0000 | 488b 6c24 

  0x000001c344da5f4c: ;   {runtime_call _new_instance_Java}
  0x000001c344da5f4c: 1866 90e8 

  0x000001c344da5f50: ; ImmutableOopMap {rbp=Oop [8]=Oop [16]=Oop [24]=Oop [56]=Oop }
                      ;*new {reexecute=0 rethrow=0 return_oop=1}
                      ; - java.security.SecureClassLoader::getProtectionDomain@6 (line 221)
                      ; - java.security.SecureClassLoader::defineClass@9 (line 150)
  0x000001c344da5f50: ac80 adff | 4c8b c0e9 | effe ffff | bade ffff | ff48 ff74 | 2418 488f | 0424 4889 | 4424 f88b 
  0x000001c344da5f70: 4424 2089 | 4424 1848 | 8b44 24f8 | 4889 4424 | f88b 4424 | 2489 4424 | 1c48 8b44 | 24f8 4c89 
  0x000001c344da5f90: 4424 204c | 894c 2428 

  0x000001c344da5f98: ;   {runtime_call UncommonTrapBlob}
  0x000001c344da5f98: 6666 90e8 

  0x000001c344da5f9c: ; ImmutableOopMap {rbp=NarrowOop [0]=Oop [8]=Oop [16]=Oop [32]=Oop [40]=Oop }
                      ;*invokeinterface computeIfAbsent {reexecute=0 rethrow=0 return_oop=0}
                      ; - java.security.SecureClassLoader::getProtectionDomain@29 (line 222)
                      ; - java.security.SecureClassLoader::defineClass@9 (line 150)
  0x000001c344da5f9c: 6009 a3ff | ba45 ffff | ff48 8b6c | 2418 4c89 | 0424 4c89 | 4c24 0889 | 7c24 1089 | 7424 1448 
  0x000001c344da5fbc: 894c 2428 

  0x000001c344da5fc0: ;   {runtime_call UncommonTrapBlob}
  0x000001c344da5fc0: 6666 90e8 

  0x000001c344da5fc4: ; ImmutableOopMap {rbp=Oop [0]=Oop [8]=Oop [40]=Oop [56]=Oop }
                      ;*ifnonnull {reexecute=1 rethrow=0 return_oop=0}
                      ; - (reexecute) java.security.SecureClassLoader::getProtectionDomain@1 (line 213)
                      ; - java.security.SecureClassLoader::defineClass@9 (line 150)
  0x000001c344da5fc4: 3809 a3ff | bade ffff | ff48 8b6c | 2418 4c8b | 5424 084c | 8914 244c | 8b54 2410 | 4c89 5424 
  0x000001c344da5fe4: 0848 8944 

  0x000001c344da5fe8: ;   {runtime_call UncommonTrapBlob}
  0x000001c344da5fe8: 2418 90e8 

  0x000001c344da5fec: ; ImmutableOopMap {rbp=Oop [0]=Oop [8]=Oop [24]=Oop }
                      ;*checkcast {reexecute=0 rethrow=0 return_oop=0}
                      ; - java.security.SecureClassLoader::getProtectionDomain@34 (line 222)
                      ; - java.security.SecureClassLoader::defineClass@9 (line 150)
  0x000001c344da5fec: 1009 a3ff | baf6 ffff | ff49 8be8 | 4c89 0c24 

  0x000001c344da5ffc: ;   {runtime_call UncommonTrapBlob}
  0x000001c344da5ffc: 6666 90e8 

  0x000001c344da6000: ; ImmutableOopMap {rbp=Oop [0]=Oop }
                      ;*invokeinterface computeIfAbsent {reexecute=0 rethrow=0 return_oop=0}
                      ; - java.security.SecureClassLoader::getProtectionDomain@29 (line 222)
                      ; - java.security.SecureClassLoader::defineClass@9 (line 150)
  0x000001c344da6000: fc08 a3ff | baf4 ffff | ff48 8b6c | 2418 4c8b | 5424 084c | 8914 244c | 8b54 2410 | 4c89 5424 
  0x000001c344da6020: ;   {runtime_call UncommonTrapBlob}
  0x000001c344da6020: 0866 90e8 

  0x000001c344da6024: ; ImmutableOopMap {rbp=Oop [0]=Oop [8]=Oop }
                      ;*checkcast {reexecute=0 rethrow=0 return_oop=0}
                      ; - java.security.SecureClassLoader::getProtectionDomain@34 (line 222)
                      ; - java.security.SecureClassLoader::defineClass@9 (line 150)
  0x000001c344da6024: d808 a3ff | eb02 eb00 | 488b d0eb | 0348 8bd0 | 4883 c450 

  0x000001c344da6038: ;   {runtime_call _rethrow_Java}
  0x000001c344da6038: 5de9 4256 

  0x000001c344da603c: ;   {internal_word}
  0x000001c344da603c: adff 49ba | f95e da44 | c301 0000 | 4d89 9768 

  0x000001c344da604c: ;   {runtime_call SafepointBlob}
  0x000001c344da604c: 0300 00e9 | ac19 a3ff | f4f4 f4f4 | f4f4 f4f4 | f4f4 f4f4 
[Stub Code]
  0x000001c344da6060: ;   {no_reloc}
  0x000001c344da6060: 48bb 0000 | 0000 0000 

  0x000001c344da6068: ;   {runtime_call}
  0x000001c344da6068: 0000 e9fb 

  0x000001c344da606c: ;   {static_stub}
  0x000001c344da606c: ffff ff48 | bbb8 0c01 | 54c3 0100 

  0x000001c344da6078: ;   {runtime_call I2C/C2I adapters}
  0x000001c344da6078: 00e9 6d16 

  0x000001c344da607c: ;   {runtime_call ExceptionBlob}
  0x000001c344da607c: a2ff e97d | 12a4 ffe8 | 0000 0000 | 4883 2c24 

  0x000001c344da608c: ;   {runtime_call DeoptimizationBlob}
  0x000001c344da608c: 05e9 0e0c | a3ff f4f4 | f4f4 f4f4 
[/MachCode]


---------------  P R O C E S S  ---------------

Threads class SMR info:
_java_thread_list=0x000001c377916680, length=91, elements={
0x000001c335713100, 0x000001c3532f5300, 0x000001c3532f6830, 0x000001c35330d090,
0x000001c35330de20, 0x000001c353311870, 0x000001c353312140, 0x000001c353312d40,
0x000001c353313df0, 0x000001c353392850, 0x000001c35341a0c0, 0x000001c353475370,
0x000001c374141720, 0x000001c35386d180, 0x000001c374114f40, 0x000001c374181090,
0x000001c3742829f0, 0x000001c373cf6240, 0x000001c373cf5d30, 0x000001c373cf7680,
0x000001c373cf5820, 0x000001c373cf6750, 0x000001c373cf6c60, 0x000001c373cf7170,
0x000001c373cf5310, 0x000001c374ceac00, 0x000001c374cea6f0, 0x000001c374ce92b0,
0x000001c374cee8c0, 0x000001c374ce8380, 0x000001c374ce8890, 0x000001c374ceca60,
0x000001c374cec550, 0x000001c374cea1e0, 0x000001c374ce9cd0, 0x000001c374ced990,
0x000001c374cebb30, 0x000001c374cec040, 0x000001c374ced480, 0x000001c374ce7450,
0x000001c374cedea0, 0x000001c374ceedd0, 0x000001c374ce7e70, 0x000001c3735627e0,
0x000001c373562cf0, 0x000001c37355dbf0, 0x000001c37355f030, 0x000001c373561dc0,
0x000001c373563200, 0x000001c37355ccc0, 0x000001c373560980, 0x000001c3735622d0,
0x000001c37355bd90, 0x000001c373560470, 0x000001c37355c2a0, 0x000001c37355ff60,
0x000001c37355d1d0, 0x000001c37355d6e0, 0x000001c37355e100, 0x000001c37355eb20,
0x000001c37355f540, 0x000001c37355fa50, 0x000001c3735613a0, 0x000001c3735618b0,
0x000001c37730eb40, 0x000001c3773122f0, 0x000001c377311de0, 0x000001c37730fa70,
0x000001c3773118d0, 0x000001c37730f050, 0x000001c3773109a0, 0x000001c377310eb0,
0x000001c37730f560, 0x000001c37730ff80, 0x000001c3773113c0, 0x000001c377310490,
0x000001c3779b3df0, 0x000001c3779b4300, 0x000001c3779b4d20, 0x000001c3779b1570,
0x000001c3779b0130, 0x000001c3779b5230, 0x000001c3779aecf0, 0x000001c3779b1a80,
0x000001c3779b33d0, 0x000001c3779b4810, 0x000001c3779af200, 0x000001c3779b5740,
0x000001c3779b6670, 0x000001c3779b38e0, 0x000001c3779b29b0
}

Java Threads: ( => current thread )
  0x000001c335713100 JavaThread "main" [_thread_blocked, id=800, stack(0x000000a547100000,0x000000a547200000)]
  0x000001c3532f5300 JavaThread "Reference Handler" daemon [_thread_blocked, id=11544, stack(0x000000a547800000,0x000000a547900000)]
  0x000001c3532f6830 JavaThread "Finalizer" daemon [_thread_blocked, id=15280, stack(0x000000a547900000,0x000000a547a00000)]
  0x000001c35330d090 JavaThread "Signal Dispatcher" daemon [_thread_blocked, id=13580, stack(0x000000a547a00000,0x000000a547b00000)]
  0x000001c35330de20 JavaThread "Attach Listener" daemon [_thread_blocked, id=2900, stack(0x000000a547b00000,0x000000a547c00000)]
  0x000001c353311870 JavaThread "Service Thread" daemon [_thread_blocked, id=14992, stack(0x000000a547c00000,0x000000a547d00000)]
  0x000001c353312140 JavaThread "Monitor Deflation Thread" daemon [_thread_blocked, id=4300, stack(0x000000a547d00000,0x000000a547e00000)]
  0x000001c353312d40 JavaThread "C2 CompilerThread0" daemon [_thread_blocked, id=15224, stack(0x000000a547e00000,0x000000a547f00000)]
  0x000001c353313df0 JavaThread "C1 CompilerThread0" daemon [_thread_blocked, id=1248, stack(0x000000a547f00000,0x000000a548000000)]
  0x000001c353392850 JavaThread "Sweeper thread" daemon [_thread_blocked, id=1628, stack(0x000000a548000000,0x000000a548100000)]
  0x000001c35341a0c0 JavaThread "Common-Cleaner" daemon [_thread_blocked, id=14940, stack(0x000000a548100000,0x000000a548200000)]
  0x000001c353475370 JavaThread "Notification Thread" daemon [_thread_blocked, id=3292, stack(0x000000a548200000,0x000000a548300000)]
  0x000001c374141720 JavaThread "Daemon health stats" [_thread_blocked, id=4068, stack(0x000000a548800000,0x000000a548900000)]
  0x000001c35386d180 JavaThread "Incoming local TCP Connector on port 54978" [_thread_in_native, id=13724, stack(0x000000a548900000,0x000000a548a00000)]
  0x000001c374114f40 JavaThread "Daemon periodic checks" [_thread_blocked, id=9980, stack(0x000000a548a00000,0x000000a548b00000)]
  0x000001c374181090 JavaThread "Daemon" [_thread_blocked, id=11328, stack(0x000000a548b00000,0x000000a548c00000)]
  0x000001c3742829f0 JavaThread "Handler for socket connection from /127.0.0.1:54978 to /127.0.0.1:54980" [_thread_in_native, id=11272, stack(0x000000a548c00000,0x000000a548d00000)]
  0x000001c373cf6240 JavaThread "Cancel handler" [_thread_blocked, id=14976, stack(0x000000a548d00000,0x000000a548e00000)]
=>0x000001c373cf5d30 JavaThread "Daemon worker" [_thread_in_vm, id=5596, stack(0x000000a548e00000,0x000000a548f00000)]
  0x000001c373cf7680 JavaThread "Asynchronous log dispatcher for DefaultDaemonConnection: socket connection from /127.0.0.1:54978 to /127.0.0.1:54980" [_thread_blocked, id=9596, stack(0x000000a548f00000,0x000000a549000000)]
  0x000001c373cf5820 JavaThread "Stdin handler" [_thread_blocked, id=14316, stack(0x000000a549000000,0x000000a549100000)]
  0x000001c373cf6750 JavaThread "Daemon client event forwarder" [_thread_blocked, id=13472, stack(0x000000a549100000,0x000000a549200000)]
  0x000001c373cf6c60 JavaThread "Cache worker for journal cache (C:\Users\aliah\.gradle\caches\journal-1)" [_thread_blocked, id=2972, stack(0x000000a549200000,0x000000a549300000)]
  0x000001c373cf7170 JavaThread "File lock request listener" [_thread_in_native, id=7656, stack(0x000000a548700000,0x000000a548800000)]
  0x000001c373cf5310 JavaThread "Cache worker for file hash cache (C:\Users\aliah\.gradle\caches\8.11.1\fileHashes)" [_thread_blocked, id=5392, stack(0x000000a549300000,0x000000a549400000)]
  0x000001c374ceac00 JavaThread "Cache worker for file content cache (C:\Users\aliah\.gradle\caches\8.11.1\fileContent)" [_thread_blocked, id=2548, stack(0x000000a549500000,0x000000a549600000)]
  0x000001c374cea6f0 JavaThread "Cache worker for file hash cache (D:\React Native\MyProject\android\.gradle\8.11.1\fileHashes)" [_thread_blocked, id=1744, stack(0x000000a549600000,0x000000a549700000)]
  0x000001c374ce92b0 JavaThread "Cache worker for Build Output Cleanup Cache (D:\React Native\MyProject\android\.gradle\buildOutputCleanup)" [_thread_blocked, id=2172, stack(0x000000a549700000,0x000000a549800000)]
  0x000001c374cee8c0 JavaThread "File watcher server" daemon [_thread_in_native, id=1848, stack(0x000000a549800000,0x000000a549900000)]
  0x000001c374ce8380 JavaThread "File watcher consumer" daemon [_thread_blocked, id=9008, stack(0x000000a549900000,0x000000a549a00000)]
  0x000001c374ce8890 JavaThread "Cache worker for checksums cache (D:\React Native\MyProject\android\.gradle\8.11.1\checksums)" [_thread_blocked, id=1156, stack(0x000000a549a00000,0x000000a549b00000)]
  0x000001c374ceca60 JavaThread "Cache worker for cache directory md-rule (C:\Users\aliah\.gradle\caches\8.11.1\md-rule)" [_thread_blocked, id=14592, stack(0x000000a549b00000,0x000000a549c00000)]
  0x000001c374cec550 JavaThread "Cache worker for cache directory md-supplier (C:\Users\aliah\.gradle\caches\8.11.1\md-supplier)" [_thread_blocked, id=14544, stack(0x000000a549c00000,0x000000a549d00000)]
  0x000001c374cea1e0 JavaThread "File lock release action executor" [_thread_blocked, id=13536, stack(0x000000a549f00000,0x000000a54a000000)]
  0x000001c374ce9cd0 JavaThread "jar transforms" [_thread_blocked, id=1420, stack(0x000000a54a000000,0x000000a54a100000)]
  0x000001c374ced990 JavaThread "Cache worker for Build Output Cleanup Cache (D:\React Native\MyProject\node_modules\@react-native\gradle-plugin\.gradle\buildOutputCleanup)" [_thread_blocked, id=5620, stack(0x000000a549400000,0x000000a549500000)]
  0x000001c374cebb30 JavaThread "Unconstrained build operations" [_thread_blocked, id=4524, stack(0x000000a54a100000,0x000000a54a200000)]
  0x000001c374cec040 JavaThread "Unconstrained build operations Thread 2" [_thread_blocked, id=1996, stack(0x000000a54a200000,0x000000a54a300000)]
  0x000001c374ced480 JavaThread "Unconstrained build operations Thread 3" [_thread_blocked, id=4280, stack(0x000000a54a400000,0x000000a54a500000)]
  0x000001c374ce7450 JavaThread "Unconstrained build operations Thread 4" [_thread_blocked, id=13152, stack(0x000000a54a500000,0x000000a54a600000)]
  0x000001c374cedea0 JavaThread "Unconstrained build operations Thread 5" [_thread_blocked, id=7316, stack(0x000000a54a600000,0x000000a54a700000)]
  0x000001c374ceedd0 JavaThread "Unconstrained build operations Thread 6" [_thread_blocked, id=7556, stack(0x000000a54a700000,0x000000a54a800000)]
  0x000001c374ce7e70 JavaThread "File lock release action executor Thread 2" [_thread_blocked, id=7252, stack(0x000000a54a800000,0x000000a54a900000)]
  0x000001c3735627e0 JavaThread "Unconstrained build operations Thread 7" [_thread_blocked, id=13076, stack(0x000000a54a900000,0x000000a54aa00000)]
  0x000001c373562cf0 JavaThread "Unconstrained build operations Thread 8" [_thread_blocked, id=8704, stack(0x000000a54aa00000,0x000000a54ab00000)]
  0x000001c37355dbf0 JavaThread "Unconstrained build operations Thread 9" [_thread_blocked, id=14860, stack(0x000000a54ab00000,0x000000a54ac00000)]
  0x000001c37355f030 JavaThread "Unconstrained build operations Thread 10" [_thread_blocked, id=9592, stack(0x000000a54ac00000,0x000000a54ad00000)]
  0x000001c373561dc0 JavaThread "Unconstrained build operations Thread 11" [_thread_blocked, id=11092, stack(0x000000a54ad00000,0x000000a54ae00000)]
  0x000001c373563200 JavaThread "Unconstrained build operations Thread 12" [_thread_blocked, id=8732, stack(0x000000a54ae00000,0x000000a54af00000)]
  0x000001c37355ccc0 JavaThread "Unconstrained build operations Thread 13" [_thread_blocked, id=5144, stack(0x000000a54af00000,0x000000a54b000000)]
  0x000001c373560980 JavaThread "Unconstrained build operations Thread 14" [_thread_blocked, id=13124, stack(0x000000a54b000000,0x000000a54b100000)]
  0x000001c3735622d0 JavaThread "Unconstrained build operations Thread 15" [_thread_blocked, id=10820, stack(0x000000a54b100000,0x000000a54b200000)]
  0x000001c37355bd90 JavaThread "Memory manager" [_thread_blocked, id=1624, stack(0x000000a54b200000,0x000000a54b300000)]
  0x000001c373560470 JavaThread "build event listener" [_thread_blocked, id=11576, stack(0x000000a54b300000,0x000000a54b400000)]
  0x000001c37355c2a0 JavaThread "ForkJoinPool.commonPool-worker-1" daemon [_thread_blocked, id=14348, stack(0x000000a54b400000,0x000000a54b500000)]
  0x000001c37355ff60 JavaThread "ForkJoinPool.commonPool-worker-2" daemon [_thread_blocked, id=4120, stack(0x000000a54b500000,0x000000a54b600000)]
  0x000001c37355d1d0 JavaThread "ForkJoinPool.commonPool-worker-3" daemon [_thread_blocked, id=1492, stack(0x000000a54b600000,0x000000a54b700000)]
  0x000001c37355d6e0 JavaThread "included builds" [_thread_blocked, id=6556, stack(0x000000a54b700000,0x000000a54b800000)]
  0x000001c37355e100 JavaThread "Execution worker" [_thread_blocked, id=9456, stack(0x000000a54b800000,0x000000a54b900000)]
  0x000001c37355eb20 JavaThread "Execution worker Thread 2" [_thread_blocked, id=11856, stack(0x000000a54b900000,0x000000a54ba00000)]
  0x000001c37355f540 JavaThread "Execution worker Thread 3" [_thread_blocked, id=720, stack(0x000000a54ba00000,0x000000a54bb00000)]
  0x000001c37355fa50 JavaThread "Cache worker for execution history cache (D:\React Native\MyProject\node_modules\@react-native\gradle-plugin\.gradle\8.11.1\executionHistory)" [_thread_blocked, id=14512, stack(0x000000a54bb00000,0x000000a54bc00000)]
  0x000001c3735613a0 JavaThread "Unconstrained build operations Thread 16" [_thread_blocked, id=8800, stack(0x000000a54bc00000,0x000000a54bd00000)]
  0x000001c3735618b0 JavaThread "Unconstrained build operations Thread 17" [_thread_blocked, id=11596, stack(0x000000a54bd00000,0x000000a54be00000)]
  0x000001c37730eb40 JavaThread "Unconstrained build operations Thread 18" [_thread_blocked, id=13020, stack(0x000000a54be00000,0x000000a54bf00000)]
  0x000001c3773122f0 JavaThread "Unconstrained build operations Thread 19" [_thread_blocked, id=11220, stack(0x000000a54a300000,0x000000a54a400000)]
  0x000001c377311de0 JavaThread "Unconstrained build operations Thread 20" [_thread_blocked, id=11620, stack(0x000000a54bf00000,0x000000a54c000000)]
  0x000001c37730fa70 JavaThread "Unconstrained build operations Thread 21" [_thread_blocked, id=3244, stack(0x000000a54c000000,0x000000a54c100000)]
  0x000001c3773118d0 JavaThread "Unconstrained build operations Thread 22" [_thread_blocked, id=14896, stack(0x000000a54c100000,0x000000a54c200000)]
  0x000001c37730f050 JavaThread "Unconstrained build operations Thread 23" [_thread_blocked, id=8444, stack(0x000000a54c200000,0x000000a54c300000)]
  0x000001c3773109a0 JavaThread "Unconstrained build operations Thread 24" [_thread_blocked, id=15200, stack(0x000000a54c300000,0x000000a54c400000)]
  0x000001c377310eb0 JavaThread "Unconstrained build operations Thread 25" [_thread_blocked, id=2616, stack(0x000000a54c400000,0x000000a54c500000)]
  0x000001c37730f560 JavaThread "Unconstrained build operations Thread 26" [_thread_blocked, id=4360, stack(0x000000a54c500000,0x000000a54c600000)]
  0x000001c37730ff80 JavaThread "Unconstrained build operations Thread 27" [_thread_blocked, id=5332, stack(0x000000a54c600000,0x000000a54c700000)]
  0x000001c3773113c0 JavaThread "Unconstrained build operations Thread 28" [_thread_blocked, id=11408, stack(0x000000a54c700000,0x000000a54c800000)]
  0x000001c377310490 JavaThread "Unconstrained build operations Thread 29" [_thread_blocked, id=8076, stack(0x000000a54c800000,0x000000a54c900000)]
  0x000001c3779b3df0 JavaThread "Unconstrained build operations Thread 30" [_thread_blocked, id=3404, stack(0x000000a54c900000,0x000000a54ca00000)]
  0x000001c3779b4300 JavaThread "Unconstrained build operations Thread 31" [_thread_blocked, id=14008, stack(0x000000a54ca00000,0x000000a54cb00000)]
  0x000001c3779b4d20 JavaThread "Unconstrained build operations Thread 32" [_thread_blocked, id=1596, stack(0x000000a54cb00000,0x000000a54cc00000)]
  0x000001c3779b1570 JavaThread "Unconstrained build operations Thread 33" [_thread_blocked, id=6040, stack(0x000000a54cc00000,0x000000a54cd00000)]
  0x000001c3779b0130 JavaThread "Unconstrained build operations Thread 34" [_thread_blocked, id=12336, stack(0x000000a54cd00000,0x000000a54ce00000)]
  0x000001c3779b5230 JavaThread "Unconstrained build operations Thread 35" [_thread_blocked, id=12712, stack(0x000000a54ce00000,0x000000a54cf00000)]
  0x000001c3779aecf0 JavaThread "Unconstrained build operations Thread 36" [_thread_blocked, id=7356, stack(0x000000a54cf00000,0x000000a54d000000)]
  0x000001c3779b1a80 JavaThread "jar transforms Thread 2" [_thread_blocked, id=13868, stack(0x000000a54d000000,0x000000a54d100000)]
  0x000001c3779b33d0 JavaThread "jar transforms Thread 3" [_thread_blocked, id=4356, stack(0x000000a54d200000,0x000000a54d300000)]
  0x000001c3779b4810 JavaThread "Unconstrained build operations Thread 37" [_thread_blocked, id=13340, stack(0x000000a54d300000,0x000000a54d400000)]
  0x000001c3779af200 JavaThread "Unconstrained build operations Thread 38" [_thread_blocked, id=7340, stack(0x000000a54d400000,0x000000a54d500000)]
  0x000001c3779b5740 JavaThread "Unconstrained build operations Thread 39" [_thread_blocked, id=15328, stack(0x000000a54d500000,0x000000a54d600000)]
  0x000001c3779b6670 JavaThread "Unconstrained build operations Thread 40" [_thread_blocked, id=7800, stack(0x000000a54d800000,0x000000a54d900000)]
  0x000001c3779b38e0 JavaThread "jar transforms Thread 4" [_thread_blocked, id=10008, stack(0x000000a54d900000,0x000000a54da00000)]
  0x000001c3779b29b0 JavaThread "build event listener" [_thread_blocked, id=11784, stack(0x000000a54da00000,0x000000a54db00000)]

Other Threads:
  0x000001c3532ebcc0 VMThread "VM Thread" [stack: 0x000000a547700000,0x000000a547800000] [id=6720]
  0x000001c35349e340 WatcherThread [stack: 0x000000a548300000,0x000000a548400000] [id=1908]
  0x000001c33576f3e0 GCTaskThread "GC Thread#0" [stack: 0x000000a547200000,0x000000a547300000] [id=1020]
  0x000001c3536fdc90 GCTaskThread "GC Thread#1" [stack: 0x000000a548500000,0x000000a548600000] [id=10532]
  0x000001c353753e80 GCTaskThread "GC Thread#2" [stack: 0x000000a548600000,0x000000a548700000] [id=7632]
  0x000001c373196d70 GCTaskThread "GC Thread#3" [stack: 0x000000a548400000,0x000000a548500000] [id=11528]
  0x000001c335780240 ConcurrentGCThread "G1 Main Marker" [stack: 0x000000a547300000,0x000000a547400000] [id=6452]
  0x000001c335780b70 ConcurrentGCThread "G1 Conc#0" [stack: 0x000000a547400000,0x000000a547500000] [id=10804]
  0x000001c3357c39e0 ConcurrentGCThread "G1 Refine#0" [stack: 0x000000a547500000,0x000000a547600000] [id=11920]
  0x000001c375c864e0 ConcurrentGCThread "G1 Refine#1" [stack: 0x000000a549d00000,0x000000a549e00000] [id=8540]
  0x000001c375fe9290 ConcurrentGCThread "G1 Refine#2" [stack: 0x000000a549e00000,0x000000a549f00000] [id=12496]
  0x000001c3357c4320 ConcurrentGCThread "G1 Service" [stack: 0x000000a547600000,0x000000a547700000] [id=7360]

Threads with active compile tasks:

VM state: not at safepoint (normal execution)

VM Mutex/Monitor currently owned by a thread:  ([mutex/lock_event])
[0x000001c33357b4e0] Metaspace_lock - owner thread: 0x000001c373cf5d30

Heap address: 0x0000000080000000, size: 2048 MB, Compressed Oops mode: 32-bit

CDS archive(s) mapped at: [0x000001c354000000-0x000001c354bb0000-0x000001c354bb0000), size 12255232, SharedBaseAddress: 0x000001c354000000, ArchiveRelocationMode: 1.
Compressed class space mapped at: 0x000001c355000000-0x000001c36f000000, reserved size: 436207616
Narrow klass base: 0x000001c354000000, Narrow klass shift: 0, Narrow klass range: 0x100000000

GC Precious Log:
 CPUs: 4 total, 4 available
 Memory: 8042M
 Large Page Support: Disabled
 NUMA Support: Disabled
 Compressed Oops: Enabled (32-bit)
 Heap Region Size: 1M
 Heap Min Capacity: 8M
 Heap Initial Capacity: 126M
 Heap Max Capacity: 2G
 Pre-touch: Disabled
 Parallel Workers: 4
 Concurrent Workers: 1
 Concurrent Refinement Workers: 4
 Periodic GC: Disabled

Heap:
 garbage-first heap   total 183296K, used 129036K [0x0000000080000000, 0x0000000100000000)
  region size 1024K, 32 young (32768K), 1 survivors (1024K)
 Metaspace       used 84061K, committed 84928K, reserved 557056K
  class space    used 11670K, committed 12096K, reserved 425984K

Heap Regions: E=young(eden), S=young(survivor), O=old, HS=humongous(starts), HC=humongous(continues), CS=collection set, F=free, OA=open archive, CA=closed archive, TAMS=top-at-mark-start (previous, next)
|   0|0x0000000080000000, 0x0000000080100000, 0x0000000080100000|100%|HS|  |TAMS 0x0000000080100000, 0x0000000080000000| Complete 
|   1|0x0000000080100000, 0x0000000080200000, 0x0000000080200000|100%|HC|  |TAMS 0x0000000080200000, 0x0000000080100000| Complete 
|   2|0x0000000080200000, 0x0000000080300000, 0x0000000080300000|100%|HC|  |TAMS 0x0000000080300000, 0x0000000080200000| Complete 
|   3|0x0000000080300000, 0x0000000080400000, 0x0000000080400000|100%| O|  |TAMS 0x0000000080400000, 0x0000000080300000| Untracked 
|   4|0x0000000080400000, 0x0000000080500000, 0x0000000080500000|100%| O|  |TAMS 0x0000000080500000, 0x0000000080400000| Untracked 
|   5|0x0000000080500000, 0x0000000080600000, 0x0000000080600000|100%| O|  |TAMS 0x0000000080600000, 0x0000000080500000| Untracked 
|   6|0x0000000080600000, 0x0000000080700000, 0x0000000080700000|100%| O|  |TAMS 0x0000000080700000, 0x0000000080600000| Untracked 
|   7|0x0000000080700000, 0x0000000080800000, 0x0000000080800000|100%|HS|  |TAMS 0x0000000080800000, 0x0000000080700000| Complete 
|   8|0x0000000080800000, 0x0000000080900000, 0x0000000080900000|100%| O|  |TAMS 0x0000000080900000, 0x0000000080800000| Untracked 
|   9|0x0000000080900000, 0x0000000080a00000, 0x0000000080a00000|100%| O|  |TAMS 0x0000000080a00000, 0x0000000080900000| Untracked 
|  10|0x0000000080a00000, 0x0000000080b00000, 0x0000000080b00000|100%| O|  |TAMS 0x0000000080b00000, 0x0000000080a00000| Untracked 
|  11|0x0000000080b00000, 0x0000000080c00000, 0x0000000080c00000|100%| O|  |TAMS 0x0000000080c00000, 0x0000000080b00000| Untracked 
|  12|0x0000000080c00000, 0x0000000080d00000, 0x0000000080d00000|100%| O|  |TAMS 0x0000000080d00000, 0x0000000080c00000| Untracked 
|  13|0x0000000080d00000, 0x0000000080e00000, 0x0000000080e00000|100%| O|  |TAMS 0x0000000080e00000, 0x0000000080d00000| Untracked 
|  14|0x0000000080e00000, 0x0000000080f00000, 0x0000000080f00000|100%| O|  |TAMS 0x0000000080f00000, 0x0000000080e00000| Untracked 
|  15|0x0000000080f00000, 0x0000000080fee200, 0x0000000081000000| 93%| O|  |TAMS 0x0000000080fee200, 0x0000000080f00000| Untracked 
|  16|0x0000000081000000, 0x0000000081100000, 0x0000000081100000|100%| O|  |TAMS 0x0000000081100000, 0x0000000081000000| Untracked 
|  17|0x0000000081100000, 0x0000000081200000, 0x0000000081200000|100%| O|  |TAMS 0x0000000081200000, 0x0000000081100000| Untracked 
|  18|0x0000000081200000, 0x0000000081300000, 0x0000000081300000|100%| O|  |TAMS 0x0000000081300000, 0x0000000081200000| Untracked 
|  19|0x0000000081300000, 0x0000000081400000, 0x0000000081400000|100%| O|  |TAMS 0x0000000081400000, 0x0000000081300000| Untracked 
|  20|0x0000000081400000, 0x0000000081500000, 0x0000000081500000|100%| O|  |TAMS 0x0000000081500000, 0x0000000081400000| Untracked 
|  21|0x0000000081500000, 0x0000000081600000, 0x0000000081600000|100%| O|  |TAMS 0x0000000081600000, 0x0000000081500000| Untracked 
|  22|0x0000000081600000, 0x0000000081700000, 0x0000000081700000|100%| O|  |TAMS 0x0000000081700000, 0x0000000081600000| Untracked 
|  23|0x0000000081700000, 0x0000000081800000, 0x0000000081800000|100%| O|  |TAMS 0x0000000081800000, 0x0000000081700000| Untracked 
|  24|0x0000000081800000, 0x0000000081900000, 0x0000000081900000|100%| O|  |TAMS 0x0000000081900000, 0x0000000081800000| Untracked 
|  25|0x0000000081900000, 0x0000000081a00000, 0x0000000081a00000|100%| O|  |TAMS 0x0000000081a00000, 0x0000000081900000| Untracked 
|  26|0x0000000081a00000, 0x0000000081b00000, 0x0000000081b00000|100%| O|  |TAMS 0x0000000081b00000, 0x0000000081a00000| Untracked 
|  27|0x0000000081b00000, 0x0000000081c00000, 0x0000000081c00000|100%| O|  |TAMS 0x0000000081c00000, 0x0000000081b00000| Untracked 
|  28|0x0000000081c00000, 0x0000000081d00000, 0x0000000081d00000|100%| O|  |TAMS 0x0000000081d00000, 0x0000000081c00000| Untracked 
|  29|0x0000000081d00000, 0x0000000081e00000, 0x0000000081e00000|100%| O|  |TAMS 0x0000000081e00000, 0x0000000081d00000| Untracked 
|  30|0x0000000081e00000, 0x0000000081f00000, 0x0000000081f00000|100%| O|  |TAMS 0x0000000081f00000, 0x0000000081e00000| Untracked 
|  31|0x0000000081f00000, 0x0000000082000000, 0x0000000082000000|100%| O|  |TAMS 0x0000000082000000, 0x0000000081f00000| Untracked 
|  32|0x0000000082000000, 0x0000000082100000, 0x0000000082100000|100%| O|  |TAMS 0x0000000082100000, 0x0000000082000000| Untracked 
|  33|0x0000000082100000, 0x0000000082200000, 0x0000000082200000|100%| O|  |TAMS 0x0000000082200000, 0x0000000082100000| Untracked 
|  34|0x0000000082200000, 0x0000000082300000, 0x0000000082300000|100%|HS|  |TAMS 0x0000000082300000, 0x0000000082200000| Complete 
|  35|0x0000000082300000, 0x0000000082400000, 0x0000000082400000|100%|HC|  |TAMS 0x0000000082400000, 0x0000000082300000| Complete 
|  36|0x0000000082400000, 0x0000000082500000, 0x0000000082500000|100%|HS|  |TAMS 0x0000000082500000, 0x0000000082400000| Complete 
|  37|0x0000000082500000, 0x0000000082600000, 0x0000000082600000|100%|HC|  |TAMS 0x0000000082600000, 0x0000000082500000| Complete 
|  38|0x0000000082600000, 0x0000000082700000, 0x0000000082700000|100%|HS|  |TAMS 0x0000000082700000, 0x0000000082600000| Complete 
|  39|0x0000000082700000, 0x0000000082800000, 0x0000000082800000|100%|HC|  |TAMS 0x0000000082800000, 0x0000000082700000| Complete 
|  40|0x0000000082800000, 0x0000000082900000, 0x0000000082900000|100%|HC|  |TAMS 0x0000000082900000, 0x0000000082800000| Complete 
|  41|0x0000000082900000, 0x0000000082a00000, 0x0000000082a00000|100%|HC|  |TAMS 0x0000000082a00000, 0x0000000082900000| Complete 
|  42|0x0000000082a00000, 0x0000000082b00000, 0x0000000082b00000|100%|HS|  |TAMS 0x0000000082b00000, 0x0000000082a00000| Complete 
|  43|0x0000000082b00000, 0x0000000082c00000, 0x0000000082c00000|100%|HC|  |TAMS 0x0000000082c00000, 0x0000000082b00000| Complete 
|  44|0x0000000082c00000, 0x0000000082d00000, 0x0000000082d00000|100%|HC|  |TAMS 0x0000000082d00000, 0x0000000082c00000| Complete 
|  45|0x0000000082d00000, 0x0000000082e00000, 0x0000000082e00000|100%|HC|  |TAMS 0x0000000082e00000, 0x0000000082d00000| Complete 
|  46|0x0000000082e00000, 0x0000000082f00000, 0x0000000082f00000|100%| O|  |TAMS 0x0000000082f00000, 0x0000000082e00000| Untracked 
|  47|0x0000000082f00000, 0x0000000083000000, 0x0000000083000000|100%| O|  |TAMS 0x0000000083000000, 0x0000000082f00000| Untracked 
|  48|0x0000000083000000, 0x0000000083100000, 0x0000000083100000|100%| O|  |TAMS 0x0000000083100000, 0x0000000083000000| Untracked 
|  49|0x0000000083100000, 0x0000000083200000, 0x0000000083200000|100%| O|  |TAMS 0x0000000083200000, 0x0000000083100000| Untracked 
|  50|0x0000000083200000, 0x0000000083300000, 0x0000000083300000|100%| O|  |TAMS 0x0000000083300000, 0x0000000083200000| Untracked 
|  51|0x0000000083300000, 0x0000000083400000, 0x0000000083400000|100%| O|  |TAMS 0x0000000083400000, 0x0000000083300000| Untracked 
|  52|0x0000000083400000, 0x0000000083500000, 0x0000000083500000|100%| O|  |TAMS 0x0000000083500000, 0x0000000083400000| Untracked 
|  53|0x0000000083500000, 0x0000000083600000, 0x0000000083600000|100%| O|  |TAMS 0x0000000083600000, 0x0000000083500000| Untracked 
|  54|0x0000000083600000, 0x0000000083700000, 0x0000000083700000|100%| O|  |TAMS 0x0000000083700000, 0x0000000083600000| Untracked 
|  55|0x0000000083700000, 0x0000000083800000, 0x0000000083800000|100%| O|  |TAMS 0x0000000083800000, 0x0000000083700000| Untracked 
|  56|0x0000000083800000, 0x0000000083900000, 0x0000000083900000|100%| O|  |TAMS 0x0000000083900000, 0x0000000083800000| Untracked 
|  57|0x0000000083900000, 0x0000000083a00000, 0x0000000083a00000|100%| O|  |TAMS 0x0000000083a00000, 0x0000000083900000| Untracked 
|  58|0x0000000083a00000, 0x0000000083b00000, 0x0000000083b00000|100%| O|  |TAMS 0x0000000083b00000, 0x0000000083a00000| Untracked 
|  59|0x0000000083b00000, 0x0000000083c00000, 0x0000000083c00000|100%| O|  |TAMS 0x0000000083c00000, 0x0000000083b00000| Untracked 
|  60|0x0000000083c00000, 0x0000000083d00000, 0x0000000083d00000|100%| O|  |TAMS 0x0000000083d00000, 0x0000000083c00000| Untracked 
|  61|0x0000000083d00000, 0x0000000083e00000, 0x0000000083e00000|100%| O|  |TAMS 0x0000000083e00000, 0x0000000083d00000| Untracked 
|  62|0x0000000083e00000, 0x0000000083f00000, 0x0000000083f00000|100%| O|  |TAMS 0x0000000083f00000, 0x0000000083e00000| Untracked 
|  63|0x0000000083f00000, 0x0000000084000000, 0x0000000084000000|100%| O|  |TAMS 0x0000000084000000, 0x0000000083f00000| Complete 
|  64|0x0000000084000000, 0x0000000084100000, 0x0000000084100000|100%| O|  |TAMS 0x0000000084100000, 0x0000000084000000| Untracked 
|  65|0x0000000084100000, 0x0000000084200000, 0x0000000084200000|100%| O|  |TAMS 0x0000000084200000, 0x0000000084100000| Untracked 
|  66|0x0000000084200000, 0x0000000084300000, 0x0000000084300000|100%| O|  |TAMS 0x0000000084300000, 0x0000000084200000| Untracked 
|  67|0x0000000084300000, 0x0000000084400000, 0x0000000084400000|100%| O|  |TAMS 0x0000000084400000, 0x0000000084300000| Untracked 
|  68|0x0000000084400000, 0x0000000084500000, 0x0000000084500000|100%| O|  |TAMS 0x0000000084500000, 0x0000000084400000| Untracked 
|  69|0x0000000084500000, 0x0000000084600000, 0x0000000084600000|100%| O|  |TAMS 0x0000000084600000, 0x0000000084500000| Untracked 
|  70|0x0000000084600000, 0x0000000084700000, 0x0000000084700000|100%| O|  |TAMS 0x0000000084700000, 0x0000000084600000| Untracked 
|  71|0x0000000084700000, 0x0000000084700000, 0x0000000084800000|  0%| F|  |TAMS 0x0000000084700000, 0x0000000084700000| Untracked 
|  72|0x0000000084800000, 0x0000000084900000, 0x0000000084900000|100%|HS|  |TAMS 0x0000000084900000, 0x0000000084800000| Complete 
|  73|0x0000000084900000, 0x0000000084a00000, 0x0000000084a00000|100%|HS|  |TAMS 0x0000000084a00000, 0x0000000084900000| Complete 
|  74|0x0000000084a00000, 0x0000000084b00000, 0x0000000084b00000|100%|HS|  |TAMS 0x0000000084b00000, 0x0000000084a00000| Complete 
|  75|0x0000000084b00000, 0x0000000084c00000, 0x0000000084c00000|100%|HS|  |TAMS 0x0000000084c00000, 0x0000000084b00000| Complete 
|  76|0x0000000084c00000, 0x0000000084d00000, 0x0000000084d00000|100%|HS|  |TAMS 0x0000000084d00000, 0x0000000084c00000| Complete 
|  77|0x0000000084d00000, 0x0000000084e00000, 0x0000000084e00000|100%|HS|  |TAMS 0x0000000084e00000, 0x0000000084d00000| Complete 
|  78|0x0000000084e00000, 0x0000000084f00000, 0x0000000084f00000|100%| O|  |TAMS 0x0000000084f00000, 0x0000000084e00000| Untracked 
|  79|0x0000000084f00000, 0x0000000085000000, 0x0000000085000000|100%| O|  |TAMS 0x0000000085000000, 0x0000000084f00000| Untracked 
|  80|0x0000000085000000, 0x0000000085100000, 0x0000000085100000|100%| O|  |TAMS 0x0000000085100000, 0x0000000085000000| Untracked 
|  81|0x0000000085100000, 0x0000000085200000, 0x0000000085200000|100%| O|  |TAMS 0x0000000085200000, 0x0000000085100000| Untracked 
|  82|0x0000000085200000, 0x0000000085300000, 0x0000000085300000|100%| O|  |TAMS 0x0000000085300000, 0x0000000085200000| Untracked 
|  83|0x0000000085300000, 0x0000000085400000, 0x0000000085400000|100%| O|  |TAMS 0x0000000085400000, 0x0000000085300000| Untracked 
|  84|0x0000000085400000, 0x0000000085500000, 0x0000000085500000|100%| O|  |TAMS 0x0000000085500000, 0x0000000085400000| Untracked 
|  85|0x0000000085500000, 0x0000000085600000, 0x0000000085600000|100%| O|  |TAMS 0x0000000085600000, 0x0000000085500000| Untracked 
|  86|0x0000000085600000, 0x0000000085700000, 0x0000000085700000|100%| O|  |TAMS 0x0000000085700000, 0x0000000085600000| Untracked 
|  87|0x0000000085700000, 0x0000000085800000, 0x0000000085800000|100%| O|  |TAMS 0x0000000085800000, 0x0000000085700000| Untracked 
|  88|0x0000000085800000, 0x0000000085900000, 0x0000000085900000|100%| O|  |TAMS 0x0000000085900000, 0x0000000085800000| Untracked 
|  89|0x0000000085900000, 0x0000000085a00000, 0x0000000085a00000|100%| O|  |TAMS 0x0000000085a00000, 0x0000000085900000| Untracked 
|  90|0x0000000085a00000, 0x0000000085b00000, 0x0000000085b00000|100%| O|  |TAMS 0x0000000085b00000, 0x0000000085a00000| Untracked 
|  91|0x0000000085b00000, 0x0000000085c00000, 0x0000000085c00000|100%|HS|  |TAMS 0x0000000085c00000, 0x0000000085b00000| Complete 
|  92|0x0000000085c00000, 0x0000000085d00000, 0x0000000085d00000|100%| O|  |TAMS 0x0000000085d00000, 0x0000000085c00000| Untracked 
|  93|0x0000000085d00000, 0x0000000085e00000, 0x0000000085e00000|100%| O|  |TAMS 0x0000000085e00000, 0x0000000085d00000| Untracked 
|  94|0x0000000085e00000, 0x0000000085e77600, 0x0000000085f00000| 46%| O|  |TAMS 0x0000000085e77600, 0x0000000085e00000| Untracked 
|  95|0x0000000085f00000, 0x0000000086000000, 0x0000000086000000|100%|HS|  |TAMS 0x0000000085f00000, 0x0000000085f00000| Complete 
|  96|0x0000000086000000, 0x0000000086100000, 0x0000000086100000|100%|HC|  |TAMS 0x0000000086000000, 0x0000000086000000| Complete 
|  97|0x0000000086100000, 0x0000000086100000, 0x0000000086200000|  0%| F|  |TAMS 0x0000000086100000, 0x0000000086100000| Untracked 
|  98|0x0000000086200000, 0x0000000086200000, 0x0000000086300000|  0%| F|  |TAMS 0x0000000086200000, 0x0000000086200000| Untracked 
|  99|0x0000000086300000, 0x0000000086300000, 0x0000000086400000|  0%| F|  |TAMS 0x0000000086300000, 0x0000000086300000| Untracked 
| 100|0x0000000086400000, 0x0000000086400000, 0x0000000086500000|  0%| F|  |TAMS 0x0000000086400000, 0x0000000086400000| Untracked 
| 101|0x0000000086500000, 0x0000000086500000, 0x0000000086600000|  0%| F|  |TAMS 0x0000000086500000, 0x0000000086500000| Untracked 
| 102|0x0000000086600000, 0x0000000086600000, 0x0000000086700000|  0%| F|  |TAMS 0x0000000086600000, 0x0000000086600000| Untracked 
| 103|0x0000000086700000, 0x0000000086700000, 0x0000000086800000|  0%| F|  |TAMS 0x0000000086700000, 0x0000000086700000| Untracked 
| 104|0x0000000086800000, 0x0000000086800000, 0x0000000086900000|  0%| F|  |TAMS 0x0000000086800000, 0x0000000086800000| Untracked 
| 105|0x0000000086900000, 0x0000000086900000, 0x0000000086a00000|  0%| F|  |TAMS 0x0000000086900000, 0x0000000086900000| Untracked 
| 106|0x0000000086a00000, 0x0000000086a00000, 0x0000000086b00000|  0%| F|  |TAMS 0x0000000086a00000, 0x0000000086a00000| Untracked 
| 107|0x0000000086b00000, 0x0000000086b00000, 0x0000000086c00000|  0%| F|  |TAMS 0x0000000086b00000, 0x0000000086b00000| Untracked 
| 108|0x0000000086c00000, 0x0000000086c00000, 0x0000000086d00000|  0%| F|  |TAMS 0x0000000086c00000, 0x0000000086c00000| Untracked 
| 109|0x0000000086d00000, 0x0000000086d00000, 0x0000000086e00000|  0%| F|  |TAMS 0x0000000086d00000, 0x0000000086d00000| Untracked 
| 110|0x0000000086e00000, 0x0000000086e00000, 0x0000000086f00000|  0%| F|  |TAMS 0x0000000086e00000, 0x0000000086e00000| Untracked 
| 111|0x0000000086f00000, 0x0000000086f00000, 0x0000000087000000|  0%| F|  |TAMS 0x0000000086f00000, 0x0000000086f00000| Untracked 
| 112|0x0000000087000000, 0x0000000087000000, 0x0000000087100000|  0%| F|  |TAMS 0x0000000087000000, 0x0000000087000000| Untracked 
| 113|0x0000000087100000, 0x0000000087100000, 0x0000000087200000|  0%| F|  |TAMS 0x0000000087100000, 0x0000000087100000| Untracked 
| 114|0x0000000087200000, 0x0000000087200000, 0x0000000087300000|  0%| F|  |TAMS 0x0000000087200000, 0x0000000087200000| Untracked 
| 115|0x0000000087300000, 0x0000000087300000, 0x0000000087400000|  0%| F|  |TAMS 0x0000000087300000, 0x0000000087300000| Untracked 
| 116|0x0000000087400000, 0x0000000087400000, 0x0000000087500000|  0%| F|  |TAMS 0x0000000087400000, 0x0000000087400000| Untracked 
| 117|0x0000000087500000, 0x0000000087500000, 0x0000000087600000|  0%| F|  |TAMS 0x0000000087500000, 0x0000000087500000| Untracked 
| 118|0x0000000087600000, 0x0000000087600000, 0x0000000087700000|  0%| F|  |TAMS 0x0000000087600000, 0x0000000087600000| Untracked 
| 119|0x0000000087700000, 0x0000000087700000, 0x0000000087800000|  0%| F|  |TAMS 0x0000000087700000, 0x0000000087700000| Untracked 
| 120|0x0000000087800000, 0x0000000087800000, 0x0000000087900000|  0%| F|  |TAMS 0x0000000087800000, 0x0000000087800000| Untracked 
| 121|0x0000000087900000, 0x0000000087900000, 0x0000000087a00000|  0%| F|  |TAMS 0x0000000087900000, 0x0000000087900000| Untracked 
| 122|0x0000000087a00000, 0x0000000087a00000, 0x0000000087b00000|  0%| F|  |TAMS 0x0000000087a00000, 0x0000000087a00000| Untracked 
| 123|0x0000000087b00000, 0x0000000087b00000, 0x0000000087c00000|  0%| F|  |TAMS 0x0000000087b00000, 0x0000000087b00000| Untracked 
| 124|0x0000000087c00000, 0x0000000087c00000, 0x0000000087d00000|  0%| F|  |TAMS 0x0000000087c00000, 0x0000000087c00000| Untracked 
| 125|0x0000000087d00000, 0x0000000087d00000, 0x0000000087e00000|  0%| F|  |TAMS 0x0000000087d00000, 0x0000000087d00000| Untracked 
| 126|0x0000000087e00000, 0x0000000087e00000, 0x0000000087f00000|  0%| F|  |TAMS 0x0000000087e00000, 0x0000000087e00000| Untracked 
| 127|0x0000000087f00000, 0x0000000087f00000, 0x0000000088000000|  0%| F|  |TAMS 0x0000000087f00000, 0x0000000087f00000| Untracked 
| 128|0x0000000088000000, 0x0000000088000000, 0x0000000088100000|  0%| F|  |TAMS 0x0000000088000000, 0x0000000088000000| Untracked 
| 129|0x0000000088100000, 0x0000000088100000, 0x0000000088200000|  0%| F|  |TAMS 0x0000000088100000, 0x0000000088100000| Untracked 
| 130|0x0000000088200000, 0x0000000088200000, 0x0000000088300000|  0%| F|  |TAMS 0x0000000088200000, 0x0000000088200000| Untracked 
| 131|0x0000000088300000, 0x0000000088300000, 0x0000000088400000|  0%| F|  |TAMS 0x0000000088300000, 0x0000000088300000| Untracked 
| 132|0x0000000088400000, 0x0000000088400000, 0x0000000088500000|  0%| F|  |TAMS 0x0000000088400000, 0x0000000088400000| Untracked 
| 133|0x0000000088500000, 0x0000000088500000, 0x0000000088600000|  0%| F|  |TAMS 0x0000000088500000, 0x0000000088500000| Untracked 
| 134|0x0000000088600000, 0x0000000088600000, 0x0000000088700000|  0%| F|  |TAMS 0x0000000088600000, 0x0000000088600000| Untracked 
| 135|0x0000000088700000, 0x0000000088700000, 0x0000000088800000|  0%| F|  |TAMS 0x0000000088700000, 0x0000000088700000| Untracked 
| 136|0x0000000088800000, 0x0000000088800000, 0x0000000088900000|  0%| F|  |TAMS 0x0000000088800000, 0x0000000088800000| Untracked 
| 137|0x0000000088900000, 0x0000000088900000, 0x0000000088a00000|  0%| F|  |TAMS 0x0000000088900000, 0x0000000088900000| Untracked 
| 138|0x0000000088a00000, 0x0000000088a00000, 0x0000000088b00000|  0%| F|  |TAMS 0x0000000088a00000, 0x0000000088a00000| Untracked 
| 139|0x0000000088b00000, 0x0000000088b00000, 0x0000000088c00000|  0%| F|  |TAMS 0x0000000088b00000, 0x0000000088b00000| Untracked 
| 140|0x0000000088c00000, 0x0000000088c00000, 0x0000000088d00000|  0%| F|  |TAMS 0x0000000088c00000, 0x0000000088c00000| Untracked 
| 141|0x0000000088d00000, 0x0000000088d00000, 0x0000000088e00000|  0%| F|  |TAMS 0x0000000088d00000, 0x0000000088d00000| Untracked 
| 142|0x0000000088e00000, 0x0000000088e00000, 0x0000000088f00000|  0%| F|  |TAMS 0x0000000088e00000, 0x0000000088e00000| Untracked 
| 143|0x0000000088f00000, 0x0000000088f00000, 0x0000000089000000|  0%| F|  |TAMS 0x0000000088f00000, 0x0000000088f00000| Untracked 
| 144|0x0000000089000000, 0x0000000089000000, 0x0000000089100000|  0%| F|  |TAMS 0x0000000089000000, 0x0000000089000000| Untracked 
| 145|0x0000000089100000, 0x0000000089100000, 0x0000000089200000|  0%| F|  |TAMS 0x0000000089100000, 0x0000000089100000| Untracked 
| 146|0x0000000089200000, 0x0000000089200000, 0x0000000089300000|  0%| F|  |TAMS 0x0000000089200000, 0x0000000089200000| Untracked 
| 147|0x0000000089300000, 0x0000000089400000, 0x0000000089400000|100%| E|  |TAMS 0x0000000089300000, 0x0000000089300000| Complete 
| 148|0x0000000089400000, 0x0000000089500000, 0x0000000089500000|100%| E|CS|TAMS 0x0000000089400000, 0x0000000089400000| Complete 
| 149|0x0000000089500000, 0x0000000089600000, 0x0000000089600000|100%| E|CS|TAMS 0x0000000089500000, 0x0000000089500000| Complete 
| 150|0x0000000089600000, 0x0000000089700000, 0x0000000089700000|100%| E|CS|TAMS 0x0000000089600000, 0x0000000089600000| Complete 
| 151|0x0000000089700000, 0x0000000089800000, 0x0000000089800000|100%| E|CS|TAMS 0x0000000089700000, 0x0000000089700000| Complete 
| 152|0x0000000089800000, 0x0000000089900000, 0x0000000089900000|100%| E|CS|TAMS 0x0000000089800000, 0x0000000089800000| Complete 
| 153|0x0000000089900000, 0x0000000089a00000, 0x0000000089a00000|100%| E|CS|TAMS 0x0000000089900000, 0x0000000089900000| Complete 
| 154|0x0000000089a00000, 0x0000000089b00000, 0x0000000089b00000|100%| E|CS|TAMS 0x0000000089a00000, 0x0000000089a00000| Complete 
| 155|0x0000000089b00000, 0x0000000089c00000, 0x0000000089c00000|100%| E|CS|TAMS 0x0000000089b00000, 0x0000000089b00000| Complete 
| 156|0x0000000089c00000, 0x0000000089d00000, 0x0000000089d00000|100%| E|CS|TAMS 0x0000000089c00000, 0x0000000089c00000| Complete 
| 157|0x0000000089d00000, 0x0000000089e00000, 0x0000000089e00000|100%| E|CS|TAMS 0x0000000089d00000, 0x0000000089d00000| Complete 
| 158|0x0000000089e00000, 0x0000000089f00000, 0x0000000089f00000|100%| E|CS|TAMS 0x0000000089e00000, 0x0000000089e00000| Complete 
| 159|0x0000000089f00000, 0x000000008a000000, 0x000000008a000000|100%| E|CS|TAMS 0x0000000089f00000, 0x0000000089f00000| Complete 
| 160|0x000000008a000000, 0x000000008a100000, 0x000000008a100000|100%| E|CS|TAMS 0x000000008a000000, 0x000000008a000000| Complete 
| 161|0x000000008a100000, 0x000000008a200000, 0x000000008a200000|100%| E|CS|TAMS 0x000000008a100000, 0x000000008a100000| Complete 
| 162|0x000000008a200000, 0x000000008a300000, 0x000000008a300000|100%| E|CS|TAMS 0x000000008a200000, 0x000000008a200000| Complete 
| 163|0x000000008a300000, 0x000000008a400000, 0x000000008a400000|100%| E|CS|TAMS 0x000000008a300000, 0x000000008a300000| Complete 
| 164|0x000000008a400000, 0x000000008a500000, 0x000000008a500000|100%| E|CS|TAMS 0x000000008a400000, 0x000000008a400000| Complete 
| 165|0x000000008a500000, 0x000000008a600000, 0x000000008a600000|100%| E|CS|TAMS 0x000000008a500000, 0x000000008a500000| Complete 
| 166|0x000000008a600000, 0x000000008a700000, 0x000000008a700000|100%| E|CS|TAMS 0x000000008a600000, 0x000000008a600000| Complete 
| 167|0x000000008a700000, 0x000000008a79db80, 0x000000008a800000| 61%| S|CS|TAMS 0x000000008a700000, 0x000000008a700000| Complete 
| 168|0x000000008a800000, 0x000000008a900000, 0x000000008a900000|100%| E|CS|TAMS 0x000000008a800000, 0x000000008a800000| Complete 
| 169|0x000000008a900000, 0x000000008aa00000, 0x000000008aa00000|100%| E|CS|TAMS 0x000000008a900000, 0x000000008a900000| Complete 
| 170|0x000000008aa00000, 0x000000008ab00000, 0x000000008ab00000|100%| E|CS|TAMS 0x000000008aa00000, 0x000000008aa00000| Complete 
| 171|0x000000008ab00000, 0x000000008ac00000, 0x000000008ac00000|100%| E|CS|TAMS 0x000000008ab00000, 0x000000008ab00000| Complete 
| 172|0x000000008ac00000, 0x000000008ad00000, 0x000000008ad00000|100%| E|CS|TAMS 0x000000008ac00000, 0x000000008ac00000| Complete 
| 173|0x000000008ad00000, 0x000000008ae00000, 0x000000008ae00000|100%| E|CS|TAMS 0x000000008ad00000, 0x000000008ad00000| Complete 
| 174|0x000000008ae00000, 0x000000008af00000, 0x000000008af00000|100%| E|CS|TAMS 0x000000008ae00000, 0x000000008ae00000| Complete 
| 175|0x000000008af00000, 0x000000008b000000, 0x000000008b000000|100%| E|CS|TAMS 0x000000008af00000, 0x000000008af00000| Complete 
| 176|0x000000008b000000, 0x000000008b100000, 0x000000008b100000|100%| E|CS|TAMS 0x000000008b000000, 0x000000008b000000| Complete 
| 177|0x000000008b100000, 0x000000008b200000, 0x000000008b200000|100%| E|CS|TAMS 0x000000008b100000, 0x000000008b100000| Complete 
| 178|0x000000008b200000, 0x000000008b300000, 0x000000008b300000|100%| E|CS|TAMS 0x000000008b200000, 0x000000008b200000| Complete 

Card table byte_map: [0x000001c34c650000,0x000001c34ca50000] _byte_map_base: 0x000001c34c250000

Marking Bits (Prev, Next): (CMBitMap*) 0x000001c33576f950, (CMBitMap*) 0x000001c33576f910
 Prev Bits: [0x000001c34ee50000, 0x000001c350e50000)
 Next Bits: [0x000001c34ce50000, 0x000001c34ee50000)

Polling page: 0x000001c3336f0000

Metaspace:

Usage:
  Non-class:     70.69 MB used.
      Class:     11.40 MB used.
       Both:     82.09 MB used.

Virtual space:
  Non-class space:      128.00 MB reserved,      71.12 MB ( 56%) committed,  2 nodes.
      Class space:      416.00 MB reserved,      11.81 MB (  3%) committed,  1 nodes.
             Both:      544.00 MB reserved,      82.94 MB ( 15%) committed. 

Chunk freelists:
   Non-Class:  8.80 MB
       Class:  4.14 MB
        Both:  12.94 MB

MaxMetaspaceSize: 512.00 MB
CompressedClassSpaceSize: 416.00 MB
Initial GC threshold: 21.00 MB
Current GC threshold: 134.94 MB
CDS: on
MetaspaceReclaimPolicy: balanced
 - commit_granule_bytes: 65536.
 - commit_granule_words: 8192.
 - virtual_space_node_default_size: 8388608.
 - enlarge_chunks_in_place: 1.
 - new_chunks_are_fully_committed: 0.
 - uncommit_free_chunks: 1.
 - use_allocation_guard: 0.
 - handle_deallocations: 1.


Internal statistics:

num_allocs_failed_limit: 9.
num_arena_births: 1160.
num_arena_deaths: 0.
num_vsnodes_births: 3.
num_vsnodes_deaths: 0.
num_space_committed: 1327.
num_space_uncommitted: 0.
num_chunks_returned_to_freelist: 9.
num_chunks_taken_from_freelist: 4852.
num_chunk_merges: 9.
num_chunk_splits: 3119.
num_chunks_enlarged: 1974.
num_inconsistent_stats: 0.

CodeHeap 'non-profiled nmethods': size=120000Kb used=6512Kb max_used=6512Kb free=113487Kb
 bounds [0x000001c344d20000, 0x000001c345380000, 0x000001c34c250000]
CodeHeap 'profiled nmethods': size=120000Kb used=19170Kb max_used=19630Kb free=100829Kb
 bounds [0x000001c33d250000, 0x000001c33e590000, 0x000001c344780000]
CodeHeap 'non-nmethods': size=5760Kb used=2393Kb max_used=2465Kb free=3366Kb
 bounds [0x000001c344780000, 0x000001c344a00000, 0x000001c344d20000]
 total_blobs=11106 nmethods=10181 adapters=837
 compilation: enabled
              stopped_count=0, restarted_count=0
 full_count=0

Compilation events (20 events):
Event: 43.121 Thread 0x000001c353313df0 nmethod 11809 0x000001c33db27a10 code [0x000001c33db27c20, 0x000001c33db28458]
Event: 43.121 Thread 0x000001c353313df0 11804       3       org.gradle.api.internal.artifacts.configurations.DefaultConfigurationContainer_Decorated::getEventRegister (39 bytes)
Event: 43.121 Thread 0x000001c353313df0 nmethod 11804 0x000001c33d3b2910 code [0x000001c33d3b2ae0, 0x000001c33d3b2e58]
Event: 43.121 Thread 0x000001c353313df0 11808       3       org.gradle.api.internal.artifacts.configurations.DefaultConfiguration::getHierarchy (37 bytes)
Event: 43.122 Thread 0x000001c353313df0 nmethod 11808 0x000001c33dc71690 code [0x000001c33dc718e0, 0x000001c33dc721d8]
Event: 43.122 Thread 0x000001c353313df0 11810       1       org.gradle.api.internal.DefaultNamedDomainObjectCollection$UnfilteredIndex::asMap (5 bytes)
Event: 43.123 Thread 0x000001c353313df0 nmethod 11810 0x000001c345379690 code [0x000001c345379820, 0x000001c3453798f8]
Event: 43.123 Thread 0x000001c353313df0 11811       1       org.gradle.api.internal.artifacts.configurations.DefaultConfiguration::access$2400 (5 bytes)
Event: 43.123 Thread 0x000001c353313df0 nmethod 11811 0x000001c345379990 code [0x000001c345379b20, 0x000001c345379bd8]
Event: 43.123 Thread 0x000001c353313df0 11812       1       org.gradle.api.internal.DefaultNamedDomainObjectCollection$UnfilteredIndex::getPendingAsMap (5 bytes)
Event: 43.123 Thread 0x000001c353313df0 nmethod 11812 0x000001c345379c90 code [0x000001c345379e20, 0x000001c345379ef8]
Event: 43.124 Thread 0x000001c353313df0 11814       3       org.jetbrains.kotlin.gradle.plugin.sources.DefaultKotlinSourceSet_Decorated::getName (40 bytes)
Event: 43.124 Thread 0x000001c353313df0 nmethod 11814 0x000001c33db27390 code [0x000001c33db27560, 0x000001c33db278b8]
Event: 43.124 Thread 0x000001c353313df0 11815       3       org.gradle.api.internal.provider.DefaultValueSourceProviderFactory$LazilyObtainedValue::<init> (10 bytes)
Event: 43.125 Thread 0x000001c353313df0 nmethod 11815 0x000001c33d841090 code [0x000001c33d841220, 0x000001c33d841368]
Event: 43.125 Thread 0x000001c353313df0 11816       3       org.gradle.api.internal.artifacts.configurations.DefaultUnlockedConfiguration_Decorated::getHierarchy (40 bytes)
Event: 43.126 Thread 0x000001c353313df0 nmethod 11816 0x000001c33dc70f10 code [0x000001c33dc71100, 0x000001c33dc714d8]
Event: 43.143 Thread 0x000001c353312d40 nmethod 11801 0x000001c345379f90 code [0x000001c34537a2a0, 0x000001c34537b218]
Event: 43.143 Thread 0x000001c353312d40 11813       4       org.gradle.api.internal.artifacts.configurations.DefaultUnlockedConfiguration_Decorated::getName (40 bytes)
Event: 43.144 Thread 0x000001c353312d40 nmethod 11813 0x000001c34537be90 code [0x000001c34537c000, 0x000001c34537c098]

GC Heap History (20 events):
Event: 25.813 GC heap before
{Heap before GC invocations=15 (full 0):
 garbage-first heap   total 178176K, used 121636K [0x0000000080000000, 0x0000000100000000)
  region size 1024K, 78 young (79872K), 9 survivors (9216K)
 Metaspace       used 60360K, committed 60928K, reserved 491520K
  class space    used 8548K, committed 8832K, reserved 425984K
}
Event: 25.839 GC heap after
{Heap after GC invocations=16 (full 0):
 garbage-first heap   total 178176K, used 57362K [0x0000000080000000, 0x0000000100000000)
  region size 1024K, 12 young (12288K), 12 survivors (12288K)
 Metaspace       used 60360K, committed 60928K, reserved 491520K
  class space    used 8548K, committed 8832K, reserved 425984K
}
Event: 29.355 GC heap before
{Heap before GC invocations=17 (full 0):
 garbage-first heap   total 178176K, used 143378K [0x0000000080000000, 0x0000000100000000)
  region size 1024K, 96 young (98304K), 12 survivors (12288K)
 Metaspace       used 64489K, committed 65216K, reserved 491520K
  class space    used 9121K, committed 9472K, reserved 425984K
}
Event: 29.383 GC heap after
{Heap after GC invocations=18 (full 0):
 garbage-first heap   total 178176K, used 61893K [0x0000000080000000, 0x0000000100000000)
  region size 1024K, 10 young (10240K), 10 survivors (10240K)
 Metaspace       used 64489K, committed 65216K, reserved 491520K
  class space    used 9121K, committed 9472K, reserved 425984K
}
Event: 32.840 GC heap before
{Heap before GC invocations=18 (full 0):
 garbage-first heap   total 178176K, used 143813K [0x0000000080000000, 0x0000000100000000)
  region size 1024K, 91 young (93184K), 10 survivors (10240K)
 Metaspace       used 69994K, committed 70784K, reserved 491520K
  class space    used 9966K, committed 10368K, reserved 425984K
}
Event: 32.870 GC heap after
{Heap after GC invocations=19 (full 0):
 garbage-first heap   total 178176K, used 68048K [0x0000000080000000, 0x0000000100000000)
  region size 1024K, 11 young (11264K), 11 survivors (11264K)
 Metaspace       used 69994K, committed 70784K, reserved 491520K
  class space    used 9966K, committed 10368K, reserved 425984K
}
Event: 35.487 GC heap before
{Heap before GC invocations=19 (full 0):
 garbage-first heap   total 178176K, used 143824K [0x0000000080000000, 0x0000000100000000)
  region size 1024K, 86 young (88064K), 11 survivors (11264K)
 Metaspace       used 71795K, committed 72704K, reserved 491520K
  class space    used 10139K, committed 10560K, reserved 425984K
}
Event: 35.522 GC heap after
{Heap after GC invocations=20 (full 0):
 garbage-first heap   total 178176K, used 73537K [0x0000000080000000, 0x0000000100000000)
  region size 1024K, 7 young (7168K), 7 survivors (7168K)
 Metaspace       used 71795K, committed 72704K, reserved 491520K
  class space    used 10139K, committed 10560K, reserved 425984K
}
Event: 37.290 GC heap before
{Heap before GC invocations=20 (full 0):
 garbage-first heap   total 178176K, used 143169K [0x0000000080000000, 0x0000000100000000)
  region size 1024K, 76 young (77824K), 7 survivors (7168K)
 Metaspace       used 71809K, committed 72704K, reserved 491520K
  class space    used 10139K, committed 10560K, reserved 425984K
}
Event: 37.308 GC heap after
{Heap after GC invocations=21 (full 0):
 garbage-first heap   total 178176K, used 76195K [0x0000000080000000, 0x0000000100000000)
  region size 1024K, 3 young (3072K), 3 survivors (3072K)
 Metaspace       used 71809K, committed 72704K, reserved 491520K
  class space    used 10139K, committed 10560K, reserved 425984K
}
Event: 37.918 GC heap before
{Heap before GC invocations=21 (full 0):
 garbage-first heap   total 178176K, used 108963K [0x0000000080000000, 0x0000000100000000)
  region size 1024K, 31 young (31744K), 3 survivors (3072K)
 Metaspace       used 72816K, committed 73728K, reserved 491520K
  class space    used 10261K, committed 10688K, reserved 425984K
}
Event: 37.934 GC heap after
{Heap after GC invocations=22 (full 0):
 garbage-first heap   total 178176K, used 87272K [0x0000000080000000, 0x0000000100000000)
  region size 1024K, 9 young (9216K), 9 survivors (9216K)
 Metaspace       used 72816K, committed 73728K, reserved 491520K
  class space    used 10261K, committed 10688K, reserved 425984K
}
Event: 39.665 GC heap before
{Heap before GC invocations=22 (full 0):
 garbage-first heap   total 178176K, used 138472K [0x0000000080000000, 0x0000000100000000)
  region size 1024K, 59 young (60416K), 9 survivors (9216K)
 Metaspace       used 77947K, committed 78848K, reserved 557056K
  class space    used 10832K, committed 11264K, reserved 425984K
}
Event: 39.676 GC heap after
{Heap after GC invocations=23 (full 0):
 garbage-first heap   total 178176K, used 91543K [0x0000000080000000, 0x0000000100000000)
  region size 1024K, 4 young (4096K), 4 survivors (4096K)
 Metaspace       used 77947K, committed 78848K, reserved 557056K
  class space    used 10832K, committed 11264K, reserved 425984K
}
Event: 41.653 GC heap before
{Heap before GC invocations=24 (full 0):
 garbage-first heap   total 183296K, used 149911K [0x0000000080000000, 0x0000000100000000)
  region size 1024K, 56 young (57344K), 4 survivors (4096K)
 Metaspace       used 80910K, committed 81792K, reserved 557056K
  class space    used 11242K, committed 11648K, reserved 425984K
}
Event: 41.665 GC heap after
{Heap after GC invocations=25 (full 0):
 garbage-first heap   total 183296K, used 96365K [0x0000000080000000, 0x0000000100000000)
  region size 1024K, 7 young (7168K), 7 survivors (7168K)
 Metaspace       used 80910K, committed 81792K, reserved 557056K
  class space    used 11242K, committed 11648K, reserved 425984K
}
Event: 41.707 GC heap before
{Heap before GC invocations=25 (full 0):
 garbage-first heap   total 183296K, used 96365K [0x0000000080000000, 0x0000000100000000)
  region size 1024K, 8 young (8192K), 7 survivors (7168K)
 Metaspace       used 80946K, committed 81920K, reserved 557056K
  class space    used 11247K, committed 11712K, reserved 425984K
}
Event: 41.719 GC heap after
{Heap after GC invocations=26 (full 0):
 garbage-first heap   total 183296K, used 96582K [0x0000000080000000, 0x0000000100000000)
  region size 1024K, 1 young (1024K), 1 survivors (1024K)
 Metaspace       used 80946K, committed 81920K, reserved 557056K
  class space    used 11247K, committed 11712K, reserved 425984K
}
Event: 42.175 GC heap before
{Heap before GC invocations=26 (full 0):
 garbage-first heap   total 183296K, used 105798K [0x0000000080000000, 0x0000000100000000)
  region size 1024K, 11 young (11264K), 1 survivors (1024K)
 Metaspace       used 81673K, committed 82560K, reserved 557056K
  class space    used 11340K, committed 11776K, reserved 425984K
}
Event: 42.178 GC heap after
{Heap after GC invocations=27 (full 0):
 garbage-first heap   total 183296K, used 96268K [0x0000000080000000, 0x0000000100000000)
  region size 1024K, 1 young (1024K), 1 survivors (1024K)
 Metaspace       used 81673K, committed 82560K, reserved 557056K
  class space    used 11340K, committed 11776K, reserved 425984K
}

Dll operation events (15 events):
Event: 0.033 Loaded shared library C:\Program Files\Microsoft\jdk-17.0.13.11-hotspot\bin\java.dll
Event: 0.074 Loaded shared library C:\Program Files\Microsoft\jdk-17.0.13.11-hotspot\bin\jsvml.dll
Event: 0.161 Loaded shared library C:\Program Files\Microsoft\jdk-17.0.13.11-hotspot\bin\zip.dll
Event: 0.166 Loaded shared library C:\Program Files\Microsoft\jdk-17.0.13.11-hotspot\bin\instrument.dll
Event: 0.171 Loaded shared library C:\Program Files\Microsoft\jdk-17.0.13.11-hotspot\bin\net.dll
Event: 0.174 Loaded shared library C:\Program Files\Microsoft\jdk-17.0.13.11-hotspot\bin\nio.dll
Event: 0.178 Loaded shared library C:\Program Files\Microsoft\jdk-17.0.13.11-hotspot\bin\zip.dll
Event: 0.653 Loaded shared library C:\Program Files\Microsoft\jdk-17.0.13.11-hotspot\bin\jimage.dll
Event: 1.061 Loaded shared library C:\Program Files\Microsoft\jdk-17.0.13.11-hotspot\bin\verify.dll
Event: 1.650 Loaded shared library C:\Users\aliah\.gradle\native\c067742578af261105cb4f569cf0c3c89f3d7b1fecec35dd04571415982c5e48\windows-amd64\native-platform.dll
Event: 1.978 Loaded shared library C:\Users\aliah\.gradle\native\100fb08df4bc3b14c8652ba06237920a3bd2aa13389f12d3474272988ae205f9\windows-amd64\native-platform-file-events.dll
Event: 3.790 Loaded shared library C:\Program Files\Microsoft\jdk-17.0.13.11-hotspot\bin\management.dll
Event: 3.793 Loaded shared library C:\Program Files\Microsoft\jdk-17.0.13.11-hotspot\bin\management_ext.dll
Event: 4.090 Loaded shared library C:\Program Files\Microsoft\jdk-17.0.13.11-hotspot\bin\extnet.dll
Event: 4.408 Loaded shared library C:\Program Files\Microsoft\jdk-17.0.13.11-hotspot\bin\sunmscapi.dll

Deoptimization events (20 events):
Event: 41.866 Thread 0x000001c373cf5d30 DEOPT PACKING pc=0x000001c344d41c0c sp=0x000000a548ef5d40
Event: 41.866 Thread 0x000001c373cf5d30 DEOPT UNPACKING pc=0x000001c3447d69a3 sp=0x000000a548ef5cd0 mode 2
Event: 42.292 Thread 0x000001c373cf5d30 DEOPT PACKING pc=0x000001c33dace334 sp=0x000000a548ef82c0
Event: 42.292 Thread 0x000001c373cf5d30 DEOPT UNPACKING pc=0x000001c3447d7143 sp=0x000000a548ef7860 mode 0
Event: 43.087 Thread 0x000001c373cf5d30 Uncommon trap: trap_request=0xffffffde fr.pc=0x000001c344d9a06c relative=0x0000000000000cac
Event: 43.087 Thread 0x000001c373cf5d30 Uncommon trap: reason=class_check action=maybe_recompile pc=0x000001c344d9a06c method=org.gradle.internal.snapshot.impl.AbstractValueProcessor.processValue(Ljava/lang/Object;Lorg/gradle/internal/snapshot/impl/AbstractValueProcessor$ValueVisitor;)Ljava/lan
Event: 43.087 Thread 0x000001c373cf5d30 DEOPT PACKING pc=0x000001c344d9a06c sp=0x000000a548ef6fd0
Event: 43.087 Thread 0x000001c373cf5d30 DEOPT UNPACKING pc=0x000001c3447d69a3 sp=0x000000a548ef6f78 mode 2
Event: 43.088 Thread 0x000001c373cf5d30 Uncommon trap: trap_request=0xffffffde fr.pc=0x000001c344d9a06c relative=0x0000000000000cac
Event: 43.088 Thread 0x000001c373cf5d30 Uncommon trap: reason=class_check action=maybe_recompile pc=0x000001c344d9a06c method=org.gradle.internal.snapshot.impl.AbstractValueProcessor.processValue(Ljava/lang/Object;Lorg/gradle/internal/snapshot/impl/AbstractValueProcessor$ValueVisitor;)Ljava/lan
Event: 43.088 Thread 0x000001c373cf5d30 DEOPT PACKING pc=0x000001c344d9a06c sp=0x000000a548ef6fd0
Event: 43.089 Thread 0x000001c373cf5d30 DEOPT UNPACKING pc=0x000001c3447d69a3 sp=0x000000a548ef6f78 mode 2
Event: 43.089 Thread 0x000001c373cf5d30 Uncommon trap: trap_request=0xffffffde fr.pc=0x000001c344d9a06c relative=0x0000000000000cac
Event: 43.089 Thread 0x000001c373cf5d30 Uncommon trap: reason=class_check action=maybe_recompile pc=0x000001c344d9a06c method=org.gradle.internal.snapshot.impl.AbstractValueProcessor.processValue(Ljava/lang/Object;Lorg/gradle/internal/snapshot/impl/AbstractValueProcessor$ValueVisitor;)Ljava/lan
Event: 43.089 Thread 0x000001c373cf5d30 DEOPT PACKING pc=0x000001c344d9a06c sp=0x000000a548ef6fd0
Event: 43.089 Thread 0x000001c373cf5d30 DEOPT UNPACKING pc=0x000001c3447d69a3 sp=0x000000a548ef6f78 mode 2
Event: 43.089 Thread 0x000001c373cf5d30 Uncommon trap: trap_request=0xffffffde fr.pc=0x000001c344d9a06c relative=0x0000000000000cac
Event: 43.089 Thread 0x000001c373cf5d30 Uncommon trap: reason=class_check action=maybe_recompile pc=0x000001c344d9a06c method=org.gradle.internal.snapshot.impl.AbstractValueProcessor.processValue(Ljava/lang/Object;Lorg/gradle/internal/snapshot/impl/AbstractValueProcessor$ValueVisitor;)Ljava/lan
Event: 43.089 Thread 0x000001c373cf5d30 DEOPT PACKING pc=0x000001c344d9a06c sp=0x000000a548ef6fd0
Event: 43.089 Thread 0x000001c373cf5d30 DEOPT UNPACKING pc=0x000001c3447d69a3 sp=0x000000a548ef6f78 mode 2

Classes loaded (20 events):
Event: 39.607 Loading class javax/crypto/SecretKey
Event: 39.607 Loading class javax/crypto/SecretKey done
Event: 39.609 Loading class java/util/Base64
Event: 39.609 Loading class java/util/Base64 done
Event: 39.609 Loading class java/util/Base64$Decoder
Event: 39.610 Loading class java/util/Base64$Decoder done
Event: 39.610 Loading class java/util/Base64$Encoder
Event: 39.610 Loading class java/util/Base64$Encoder done
Event: 39.614 Loading class java/util/jar/JarVerifier$VerifierStream
Event: 39.615 Loading class java/util/jar/JarVerifier$VerifierStream done
Event: 39.615 Loading class sun/security/util/ManifestEntryVerifier$SunProviderHolder
Event: 39.615 Loading class sun/security/util/ManifestEntryVerifier$SunProviderHolder done
Event: 39.956 Loading class java/security/KeyStore$ProtectionParameter
Event: 39.957 Loading class java/security/KeyStore$ProtectionParameter done
Event: 41.133 Loading class java/security/KeyStore
Event: 41.135 Loading class java/security/KeyStore done
Event: 41.135 Loading class java/security/KeyStore$1
Event: 41.136 Loading class java/security/KeyStore$1 done
Event: 41.725 Loading class javax/xml/stream/XMLStreamException
Event: 41.725 Loading class javax/xml/stream/XMLStreamException done

Classes unloaded (0 events):
No events

Classes redefined (0 events):
No events

Internal exceptions (20 events):
Event: 37.452 Thread 0x000001c373cf5d30 Exception <a 'java/lang/ClassNotFoundException'{0x000000008a868c80}: build_y4khev8a6w39xsonmyszzc9nCustomizer> (0x000000008a868c80) 
thrown [s\src\hotspot\share\classfile\systemDictionary.cpp, line 256]
Event: 37.621 Thread 0x000001c373cf5d30 Exception <a 'java/lang/ClassNotFoundException'{0x000000008a1a25b0}: org/gradle/api/internal/plugins/DefaultObjectConfigurationActionBeanInfo> (0x000000008a1a25b0) 
thrown [s\src\hotspot\share\classfile\systemDictionary.cpp, line 256]
Event: 37.625 Thread 0x000001c373cf5d30 Exception <a 'java/lang/ClassNotFoundException'{0x000000008a1b6cd8}: org/gradle/api/internal/plugins/DefaultObjectConfigurationActionCustomizer> (0x000000008a1b6cd8) 
thrown [s\src\hotspot\share\classfile\systemDictionary.cpp, line 256]
Event: 37.691 Thread 0x000001c373cf5d30 Exception <a 'java/lang/ClassNotFoundException'{0x0000000089f32048}: build_355onqq6xzvp62zsbq3zgea6uBeanInfo> (0x0000000089f32048) 
thrown [s\src\hotspot\share\classfile\systemDictionary.cpp, line 256]
Event: 37.692 Thread 0x000001c373cf5d30 Exception <a 'java/lang/ClassNotFoundException'{0x0000000089f39330}: build_355onqq6xzvp62zsbq3zgea6uCustomizer> (0x0000000089f39330) 
thrown [s\src\hotspot\share\classfile\systemDictionary.cpp, line 256]
Event: 39.420 Thread 0x000001c373cf5d30 Implicit null exception at 0x000001c344f3ad0c to 0x000001c344f3ae42
Event: 39.958 Thread 0x000001c373cf5d30 Exception <a 'sun/nio/fs/WindowsException'{0x000000008a384bd8}> (0x000000008a384bd8) 
thrown [s\src\hotspot\share\prims\jni.cpp, line 516]
Event: 41.865 Thread 0x000001c373cf5d30 Implicit null exception at 0x000001c344ef4b49 to 0x000001c344ef4c1c
Event: 42.403 Thread 0x000001c373cf5d30 Exception <a 'java/lang/NoSuchMethodError'{0x000000008af48110}: static Lorg/jetbrains/kotlin/gradle/plugin/internal/DefaultConfigurationTimePropertiesAccessorVariantFactory;.<clinit>()V> (0x000000008af48110) 
thrown [s\src\hotspot\share\prims\jni.cpp, line 1112]
Event: 42.406 Thread 0x000001c373cf5d30 Exception <a 'java/lang/NoSuchMethodError'{0x000000008af61a00}: static Lorg/jetbrains/kotlin/gradle/plugin/internal/DefaultProjectIsolationStartParameterAccessorVariantFactory;.<clinit>()V> (0x000000008af61a00) 
thrown [s\src\hotspot\share\prims\jni.cpp, line 1112]
Event: 42.421 Thread 0x000001c373cf5d30 Exception <a 'java/lang/NoSuchMethodError'{0x000000008af83548}: static Lorg/jetbrains/kotlin/gradle/plugin/internal/DefaultArtifactTypeAttributeAccessorVariantFactory;.<clinit>()V> (0x000000008af83548) 
thrown [s\src\hotspot\share\prims\jni.cpp, line 1112]
Event: 42.429 Thread 0x000001c373cf5d30 Exception <a 'java/lang/NoSuchMethodError'{0x000000008afa4b50}: static Lorg/jetbrains/kotlin/gradle/plugin/internal/DefaultCompatibilityConventionRegistrar$Factory;.<clinit>()V> (0x000000008afa4b50) 
thrown [s\src\hotspot\share\prims\jni.cpp, line 1112]
Event: 42.436 Thread 0x000001c373cf5d30 Exception <a 'java/lang/NoSuchMethodError'{0x000000008afbf020}: static Lorg/jetbrains/kotlin/gradle/plugin/internal/DefaultJavaSourceSetsAccessorVariantFactory;.<clinit>()V> (0x000000008afbf020) 
thrown [s\src\hotspot\share\prims\jni.cpp, line 1112]
Event: 42.438 Thread 0x000001c373cf5d30 Exception <a 'java/lang/NoSuchMethodError'{0x000000008afd8bb8}: static Lorg/jetbrains/kotlin/gradle/plugin/internal/DefaultIdeaSyncDetectorVariantFactory;.<clinit>()V> (0x000000008afd8bb8) 
thrown [s\src\hotspot\share\prims\jni.cpp, line 1112]
Event: 42.439 Thread 0x000001c373cf5d30 Exception <a 'java/lang/NoSuchMethodError'{0x000000008aff3bc0}: static Lorg/jetbrains/kotlin/gradle/plugin/internal/DefaultKotlinTestReportCompatibilityHelperVariantFactory;.<clinit>()V> (0x000000008aff3bc0) 
thrown [s\src\hotspot\share\prims\jni.cpp, line 1112]
Event: 42.441 Thread 0x000001c373cf5d30 Exception <a 'java/lang/NoSuchMethodError'{0x000000008ae0e8d0}: static Lorg/jetbrains/kotlin/gradle/plugin/internal/DefaultMppTestReportHelperVariantFactory;.<clinit>()V> (0x000000008ae0e8d0) 
thrown [s\src\hotspot\share\prims\jni.cpp, line 1112]
Event: 42.443 Thread 0x000001c373cf5d30 Exception <a 'java/lang/NoSuchMethodError'{0x000000008ae32390}: static Lorg/jetbrains/kotlin/gradle/plugin/internal/DefaultConfigurationCacheStartParameterAccessorVariantFactory;.<clinit>()V> (0x000000008ae32390) 
thrown [s\src\hotspot\share\prims\jni.cpp, line 1112]
Event: 42.449 Thread 0x000001c373cf5d30 Exception <a 'java/lang/NoSuchMethodError'{0x000000008ae4da58}: static Lorg/jetbrains/kotlin/gradle/plugin/internal/MavenPluginConfigurator$DefaultMavenPluginConfiguratorVariantFactory;.<clinit>()V> (0x000000008ae4da58) 
thrown [s\src\hotspot\share\prims\jni.cpp, line 1112]
Event: 42.451 Thread 0x000001c373cf5d30 Exception <a 'java/lang/NoSuchMethodError'{0x000000008ae67648}: static Lorg/jetbrains/kotlin/gradle/targets/js/nodejs/DefaultUnameExecutorVariantFactory;.<clinit>()V> (0x000000008ae67648) 
thrown [s\src\hotspot\share\prims\jni.cpp, line 1112]
Event: 42.453 Thread 0x000001c373cf5d30 Exception <a 'java/lang/NoSuchMethodError'{0x000000008ae81eb8}: static Lorg/jetbrains/kotlin/gradle/plugin/internal/DefaultBasePluginConfigurationVariantFactory;.<clinit>()V> (0x000000008ae81eb8) 
thrown [s\src\hotspot\share\prims\jni.cpp, line 1112]

VM Operations (20 events):
Event: 39.442 Executing VM operation: HandshakeAllThreads
Event: 39.442 Executing VM operation: HandshakeAllThreads done
Event: 39.665 Executing VM operation: G1TryInitiateConcMark
Event: 39.676 Executing VM operation: G1TryInitiateConcMark done
Event: 39.935 Executing VM operation: G1PauseRemark
Event: 39.946 Executing VM operation: G1PauseRemark done
Event: 40.043 Executing VM operation: G1PauseCleanup
Event: 40.043 Executing VM operation: G1PauseCleanup done
Event: 41.058 Executing VM operation: Cleanup
Event: 41.070 Executing VM operation: Cleanup done
Event: 41.653 Executing VM operation: G1CollectForAllocation
Event: 41.665 Executing VM operation: G1CollectForAllocation done
Event: 41.707 Executing VM operation: G1CollectForAllocation
Event: 41.720 Executing VM operation: G1CollectForAllocation done
Event: 42.175 Executing VM operation: G1TryInitiateConcMark
Event: 42.178 Executing VM operation: G1TryInitiateConcMark done
Event: 42.407 Executing VM operation: G1PauseRemark
Event: 42.420 Executing VM operation: G1PauseRemark done
Event: 42.518 Executing VM operation: G1PauseCleanup
Event: 42.518 Executing VM operation: G1PauseCleanup done

Memory protections (0 events):
No events

Nmethod flushes (20 events):
Event: 35.557 Thread 0x000001c353392850 flushing  nmethod 0x000001c33e0e0310
Event: 35.557 Thread 0x000001c353392850 flushing  nmethod 0x000001c33e0e0990
Event: 35.557 Thread 0x000001c353392850 flushing  nmethod 0x000001c33e0e9810
Event: 35.557 Thread 0x000001c353392850 flushing  nmethod 0x000001c33e12e490
Event: 35.557 Thread 0x000001c353392850 flushing  nmethod 0x000001c33e14df90
Event: 35.557 Thread 0x000001c353392850 flushing  nmethod 0x000001c33e155990
Event: 35.557 Thread 0x000001c353392850 flushing  nmethod 0x000001c33e15ba10
Event: 35.557 Thread 0x000001c353392850 flushing  nmethod 0x000001c33e168e90
Event: 35.558 Thread 0x000001c353392850 flushing  nmethod 0x000001c33e1cb290
Event: 35.558 Thread 0x000001c353392850 flushing  nmethod 0x000001c33e1ccd90
Event: 35.558 Thread 0x000001c353392850 flushing  nmethod 0x000001c33e1df110
Event: 35.558 Thread 0x000001c353392850 flushing  nmethod 0x000001c33e1e0f10
Event: 35.558 Thread 0x000001c353392850 flushing  nmethod 0x000001c33e1e1890
Event: 35.558 Thread 0x000001c353392850 flushing  nmethod 0x000001c33e210e10
Event: 35.558 Thread 0x000001c353392850 flushing  nmethod 0x000001c33e268690
Event: 35.558 Thread 0x000001c353392850 flushing  nmethod 0x000001c33e277290
Event: 35.558 Thread 0x000001c353392850 flushing  nmethod 0x000001c33e2ac590
Event: 35.559 Thread 0x000001c353392850 flushing  nmethod 0x000001c33e332f10
Event: 35.559 Thread 0x000001c353392850 flushing  nmethod 0x000001c33e336890
Event: 35.559 Thread 0x000001c353392850 flushing  nmethod 0x000001c33e41e110

Events (20 events):
Event: 32.935 Thread 0x000001c373cf5d30 Thread added: 0x000001c3779b1a80
Event: 32.979 Thread 0x000001c353313df0 Thread added: 0x000001c3741dc0f0
Event: 33.225 Thread 0x000001c373cf5d30 Thread added: 0x000001c3779b33d0
Event: 33.454 Thread 0x000001c3741dc0f0 Thread exited: 0x000001c3741dc0f0
Event: 33.707 Thread 0x000001c353313df0 Thread added: 0x000001c3741dc0f0
Event: 34.041 Thread 0x000001c37355f540 Thread added: 0x000001c3779b4810
Event: 34.042 Thread 0x000001c37355f540 Thread added: 0x000001c3779af200
Event: 34.042 Thread 0x000001c37355f540 Thread added: 0x000001c3779b5740
Event: 34.076 Thread 0x000001c37355f540 Thread added: 0x000001c3779b6670
Event: 35.184 Thread 0x000001c3741dc0f0 Thread exited: 0x000001c3741dc0f0
Event: 35.796 Thread 0x000001c353312d40 Thread added: 0x000001c37490dfd0
Event: 36.049 Thread 0x000001c37490dfd0 Thread exited: 0x000001c37490dfd0
Event: 36.702 Thread 0x000001c353313df0 Thread added: 0x000001c37490dfd0
Event: 37.434 Thread 0x000001c373cf5d30 Thread added: 0x000001c3779b38e0
Event: 38.072 Thread 0x000001c37490dfd0 Thread exited: 0x000001c37490dfd0
Event: 39.448 Thread 0x000001c353313df0 Thread added: 0x000001c3741dc0f0
Event: 40.069 Thread 0x000001c3741dc0f0 Thread exited: 0x000001c3741dc0f0
Event: 41.842 Thread 0x000001c353313df0 Thread added: 0x000001c375e81330
Event: 42.474 Thread 0x000001c373cf5d30 Thread added: 0x000001c3779b29b0
Event: 42.922 Thread 0x000001c375e81330 Thread exited: 0x000001c375e81330


Dynamic libraries:
0x00007ff787340000 - 0x00007ff78734e000 	C:\Program Files\Microsoft\jdk-17.0.13.11-hotspot\bin\java.exe
0x00007ff8479f0000 - 0x00007ff847be8000 	C:\WINDOWS\SYSTEM32\ntdll.dll
0x00007ff8476e0000 - 0x00007ff8477a2000 	C:\WINDOWS\System32\KERNEL32.DLL
0x00007ff8456a0000 - 0x00007ff84599e000 	C:\WINDOWS\System32\KERNELBASE.dll
0x00007ff845200000 - 0x00007ff845300000 	C:\WINDOWS\System32\ucrtbase.dll
0x00007ff81d080000 - 0x00007ff81d097000 	C:\Program Files\Microsoft\jdk-17.0.13.11-hotspot\bin\jli.dll
0x00007ff847000000 - 0x00007ff84719d000 	C:\WINDOWS\System32\USER32.dll
0x00007ff845540000 - 0x00007ff845562000 	C:\WINDOWS\System32\win32u.dll
0x00007ff846bf0000 - 0x00007ff846c1b000 	C:\WINDOWS\System32\GDI32.dll
0x00007ff845090000 - 0x00007ff8451a7000 	C:\WINDOWS\System32\gdi32full.dll
0x00007ff845600000 - 0x00007ff84569d000 	C:\WINDOWS\System32\msvcp_win.dll
0x00007ff81beb0000 - 0x00007ff81becd000 	C:\Program Files\Microsoft\jdk-17.0.13.11-hotspot\bin\VCRUNTIME140.dll
0x00007ff82c400000 - 0x00007ff82c69a000 	C:\WINDOWS\WinSxS\amd64_microsoft.windows.common-controls_6595b64144ccf1df_6.0.19041.4355_none_60b8b9eb71f62e16\COMCTL32.dll
0x00007ff8477b0000 - 0x00007ff84784e000 	C:\WINDOWS\System32\msvcrt.dll
0x00007ff846a20000 - 0x00007ff846a4f000 	C:\WINDOWS\System32\IMM32.DLL
0x00007ff823310000 - 0x00007ff82331c000 	C:\Program Files\Microsoft\jdk-17.0.13.11-hotspot\bin\vcruntime140_1.dll
0x00007ffff8750000 - 0x00007ffff87dd000 	C:\Program Files\Microsoft\jdk-17.0.13.11-hotspot\bin\msvcp140.dll
0x00007fffd72b0000 - 0x00007fffd7f21000 	C:\Program Files\Microsoft\jdk-17.0.13.11-hotspot\bin\server\jvm.dll
0x00007ff8466a0000 - 0x00007ff846751000 	C:\WINDOWS\System32\ADVAPI32.dll
0x00007ff846f60000 - 0x00007ff846fff000 	C:\WINDOWS\System32\sechost.dll
0x00007ff846760000 - 0x00007ff846883000 	C:\WINDOWS\System32\RPCRT4.dll
0x00007ff8453b0000 - 0x00007ff8453d7000 	C:\WINDOWS\System32\bcrypt.dll
0x00007ff846890000 - 0x00007ff8468fb000 	C:\WINDOWS\System32\WS2_32.dll
0x00007ff8445d0000 - 0x00007ff84461b000 	C:\WINDOWS\SYSTEM32\POWRPROF.dll
0x00007ff8301f0000 - 0x00007ff830217000 	C:\WINDOWS\SYSTEM32\WINMM.dll
0x00007ff83abf0000 - 0x00007ff83abfa000 	C:\WINDOWS\SYSTEM32\VERSION.dll
0x00007ff844490000 - 0x00007ff8444a2000 	C:\WINDOWS\SYSTEM32\UMPDC.dll
0x00007ff843900000 - 0x00007ff843912000 	C:\WINDOWS\SYSTEM32\kernel.appcore.dll
0x00007ff822f20000 - 0x00007ff822f2a000 	C:\Program Files\Microsoft\jdk-17.0.13.11-hotspot\bin\jimage.dll
0x00007ff841bd0000 - 0x00007ff841db4000 	C:\WINDOWS\SYSTEM32\DBGHELP.DLL
0x00007ff829990000 - 0x00007ff8299c4000 	C:\WINDOWS\SYSTEM32\dbgcore.DLL
0x00007ff845570000 - 0x00007ff8455f2000 	C:\WINDOWS\System32\bcryptPrimitives.dll
0x00007ff840fc0000 - 0x00007ff840fce000 	C:\Program Files\Microsoft\jdk-17.0.13.11-hotspot\bin\instrument.dll
0x00007ff81b480000 - 0x00007ff81b4a5000 	C:\Program Files\Microsoft\jdk-17.0.13.11-hotspot\bin\java.dll
0x00007fffe4050000 - 0x00007fffe4127000 	C:\Program Files\Microsoft\jdk-17.0.13.11-hotspot\bin\jsvml.dll
0x00007ff845f20000 - 0x00007ff84668d000 	C:\WINDOWS\System32\SHELL32.dll
0x00007ff8430c0000 - 0x00007ff843864000 	C:\WINDOWS\SYSTEM32\windows.storage.dll
0x00007ff845bc0000 - 0x00007ff845f13000 	C:\WINDOWS\System32\combase.dll
0x00007ff844ac0000 - 0x00007ff844aee000 	C:\WINDOWS\SYSTEM32\Wldp.dll
0x00007ff847610000 - 0x00007ff8476dd000 	C:\WINDOWS\System32\OLEAUT32.dll
0x00007ff846eb0000 - 0x00007ff846f5d000 	C:\WINDOWS\System32\SHCORE.dll
0x00007ff846d60000 - 0x00007ff846db5000 	C:\WINDOWS\System32\shlwapi.dll
0x00007ff844fc0000 - 0x00007ff844fe4000 	C:\WINDOWS\SYSTEM32\profapi.dll
0x00007ff8011c0000 - 0x00007ff8011d8000 	C:\Program Files\Microsoft\jdk-17.0.13.11-hotspot\bin\zip.dll
0x00007ff81a630000 - 0x00007ff81a64a000 	C:\Program Files\Microsoft\jdk-17.0.13.11-hotspot\bin\net.dll
0x00007ff8423b0000 - 0x00007ff8424bd000 	C:\WINDOWS\SYSTEM32\WINHTTP.dll
0x00007ff844820000 - 0x00007ff84488a000 	C:\WINDOWS\system32\mswsock.dll
0x00007ff802e70000 - 0x00007ff802e86000 	C:\Program Files\Microsoft\jdk-17.0.13.11-hotspot\bin\nio.dll
0x00007ff8224e0000 - 0x00007ff8224f0000 	C:\Program Files\Microsoft\jdk-17.0.13.11-hotspot\bin\verify.dll
0x00007ff840810000 - 0x00007ff840837000 	C:\Users\aliah\.gradle\native\c067742578af261105cb4f569cf0c3c89f3d7b1fecec35dd04571415982c5e48\windows-amd64\native-platform.dll
0x00007ff83ca70000 - 0x00007ff83cbb4000 	C:\Users\aliah\.gradle\native\100fb08df4bc3b14c8652ba06237920a3bd2aa13389f12d3474272988ae205f9\windows-amd64\native-platform-file-events.dll
0x00007ff841960000 - 0x00007ff84196a000 	C:\Program Files\Microsoft\jdk-17.0.13.11-hotspot\bin\management.dll
0x00007ff841950000 - 0x00007ff84195b000 	C:\Program Files\Microsoft\jdk-17.0.13.11-hotspot\bin\management_ext.dll
0x00007ff847870000 - 0x00007ff847878000 	C:\WINDOWS\System32\PSAPI.DLL
0x00007ff844a20000 - 0x00007ff844a38000 	C:\WINDOWS\SYSTEM32\CRYPTSP.dll
0x00007ff8440d0000 - 0x00007ff844104000 	C:\WINDOWS\system32\rsaenh.dll
0x00007ff844f80000 - 0x00007ff844fae000 	C:\WINDOWS\SYSTEM32\USERENV.dll
0x00007ff844a10000 - 0x00007ff844a1c000 	C:\WINDOWS\SYSTEM32\CRYPTBASE.dll
0x00007ff8444b0000 - 0x00007ff8444eb000 	C:\WINDOWS\SYSTEM32\IPHLPAPI.DLL
0x00007ff846690000 - 0x00007ff846698000 	C:\WINDOWS\System32\NSI.dll
0x00007ff83bd00000 - 0x00007ff83bd17000 	C:\WINDOWS\SYSTEM32\dhcpcsvc6.DLL
0x00007ff83c0a0000 - 0x00007ff83c0bd000 	C:\WINDOWS\SYSTEM32\dhcpcsvc.DLL
0x00007ff8444f0000 - 0x00007ff8445ba000 	C:\WINDOWS\SYSTEM32\DNSAPI.dll
0x00007ff8220e0000 - 0x00007ff8220e9000 	C:\Program Files\Microsoft\jdk-17.0.13.11-hotspot\bin\extnet.dll
0x00007ff8222d0000 - 0x00007ff8222de000 	C:\Program Files\Microsoft\jdk-17.0.13.11-hotspot\bin\sunmscapi.dll
0x00007ff8453e0000 - 0x00007ff84553c000 	C:\WINDOWS\System32\CRYPT32.dll
0x00007ff844b30000 - 0x00007ff844b57000 	C:\WINDOWS\SYSTEM32\ncrypt.dll
0x00007ff844af0000 - 0x00007ff844b2b000 	C:\WINDOWS\SYSTEM32\NTASN1.dll
0x00007ff840800000 - 0x00007ff840807000 	C:\WINDOWS\system32\wshunix.dll
0x00007ff82cbc0000 - 0x00007ff82cbd7000 	C:\WINDOWS\system32\napinsp.dll
0x00007ff82cba0000 - 0x00007ff82cbbb000 	C:\WINDOWS\system32\pnrpnsp.dll
0x00007ff840160000 - 0x00007ff840175000 	C:\WINDOWS\system32\wshbth.dll
0x00007ff83fdc0000 - 0x00007ff83fddd000 	C:\WINDOWS\system32\NLAapi.dll
0x00007ff82c7e0000 - 0x00007ff82c7f2000 	C:\WINDOWS\System32\winrnr.dll
0x00000000705d0000 - 0x00000000705f6000 	C:\Program Files\Bonjour\mdnsNSP.dll
0x00007ff834ea0000 - 0x00007ff834eaa000 	C:\Windows\System32\rasadhlp.dll
0x00007ff838970000 - 0x00007ff8389f0000 	C:\WINDOWS\System32\fwpuclnt.dll

dbghelp: loaded successfully - version: 4.0.5 - missing functions: none
symbol engine: initialized successfully - sym options: 0x614 - pdb path: .;C:\Program Files\Microsoft\jdk-17.0.13.11-hotspot\bin;C:\WINDOWS\SYSTEM32;C:\WINDOWS\WinSxS\amd64_microsoft.windows.common-controls_6595b64144ccf1df_6.0.19041.4355_none_60b8b9eb71f62e16;C:\Program Files\Microsoft\jdk-17.0.13.11-hotspot\bin\server;C:\Users\aliah\.gradle\native\c067742578af261105cb4f569cf0c3c89f3d7b1fecec35dd04571415982c5e48\windows-amd64;C:\Users\aliah\.gradle\native\100fb08df4bc3b14c8652ba06237920a3bd2aa13389f12d3474272988ae205f9\windows-amd64;C:\Program Files\Bonjour

VM Arguments:
jvm_args: --add-opens=java.base/java.lang=ALL-UNNAMED --add-opens=java.base/java.lang.invoke=ALL-UNNAMED --add-opens=java.base/java.util=ALL-UNNAMED --add-opens=java.prefs/java.util.prefs=ALL-UNNAMED --add-exports=jdk.compiler/com.sun.tools.javac.api=ALL-UNNAMED --add-exports=jdk.compiler/com.sun.tools.javac.util=ALL-UNNAMED --add-opens=java.base/java.util=ALL-UNNAMED --add-opens=java.prefs/java.util.prefs=ALL-UNNAMED --add-opens=java.base/java.nio.charset=ALL-UNNAMED --add-opens=java.base/java.net=ALL-UNNAMED --add-opens=java.base/java.util.concurrent.atomic=ALL-UNNAMED --add-opens=java.xml/javax.xml.namespace=ALL-UNNAMED -XX:MaxMetaspaceSize=512m -Xmx2048m -Dfile.encoding=windows-1252 -Duser.country=US -Duser.language=en -Duser.variant -javaagent:C:\Users\aliah\.gradle\wrapper\dists\gradle-8.11.1-bin\bpt9gzteqjrbo1mjrsomdt32c\gradle-8.11.1\lib\agents\gradle-instrumentation-agent-8.11.1.jar 
java_command: org.gradle.launcher.daemon.bootstrap.GradleDaemon 8.11.1
java_class_path (initial): C:\Users\aliah\.gradle\wrapper\dists\gradle-8.11.1-bin\bpt9gzteqjrbo1mjrsomdt32c\gradle-8.11.1\lib\gradle-daemon-main-8.11.1.jar
Launcher Type: SUN_STANDARD

[Global flags]
     intx CICompilerCount                          = 3                                         {product} {ergonomic}
   size_t CompressedClassSpaceSize                 = 436207616                                 {product} {ergonomic}
     uint ConcGCThreads                            = 1                                         {product} {ergonomic}
     uint G1ConcRefinementThreads                  = 4                                         {product} {ergonomic}
   size_t G1HeapRegionSize                         = 1048576                                   {product} {ergonomic}
    uintx GCDrainStackTargetSize                   = 64                                        {product} {ergonomic}
   size_t InitialHeapSize                          = 132120576                                 {product} {ergonomic}
   size_t MarkStackSize                            = 4194304                                   {product} {ergonomic}
   size_t MaxHeapSize                              = 2147483648                                {product} {command line}
   size_t MaxMetaspaceSize                         = 536870912                                 {product} {command line}
   size_t MaxNewSize                               = 1287651328                                {product} {ergonomic}
   size_t MinHeapDeltaBytes                        = 1048576                                   {product} {ergonomic}
   size_t MinHeapSize                              = 8388608                                   {product} {ergonomic}
    uintx NonNMethodCodeHeapSize                   = 5832780                                {pd product} {ergonomic}
    uintx NonProfiledCodeHeapSize                  = 122912730                              {pd product} {ergonomic}
    uintx ProfiledCodeHeapSize                     = 122912730                              {pd product} {ergonomic}
    uintx ReservedCodeCacheSize                    = 251658240                              {pd product} {ergonomic}
     bool SegmentedCodeCache                       = true                                      {product} {ergonomic}
   size_t SoftMaxHeapSize                          = 2147483648                             {manageable} {ergonomic}
     bool UseCompressedClassPointers               = true                           {product lp64_product} {ergonomic}
     bool UseCompressedOops                        = true                           {product lp64_product} {ergonomic}
     bool UseG1GC                                  = true                                      {product} {ergonomic}
     bool UseLargePagesIndividualAllocation        = false                                  {pd product} {ergonomic}

Logging:
Log output configuration:
 #0: stdout all=warning uptime,level,tags
 #1: stderr all=off uptime,level,tags

Environment Variables:
JAVA_HOME=C:\Program Files\Microsoft\jdk-17.0.13.11-hotspot\
CLASSPATH=D:\React Native\MyProject\android\\gradle\wrapper\gradle-wrapper.jar
PATH=D:\React Native\MyProject\node_modules\.bin;D:\React Native\MyProject\node_modules\.bin;D:\React Native\node_modules\.bin;D:\node_modules\.bin;C:\Users\aliah\AppData\Roaming\npm\node_modules\npm\node_modules\@npmcli\run-script\lib\node-gyp-bin;D:\React Native\MyProject\node_modules\.bin;D:\React Native\MyProject\android\node_modules\.bin;D:\React Native\MyProject\node_modules\.bin;D:\React Native\node_modules\.bin;D:\node_modules\.bin;C:\Users\aliah\AppData\Roaming\npm\node_modules\npm\node_modules\@npmcli\run-script\lib\node-gyp-bin;C:\Program Files\Microsoft\jdk-17.0.13.11-hotspot\bin;C:\WINDOWS\system32;C:\WINDOWS;C:\WINDOWS\System32\Wbem;C:\WINDOWS\System32\WindowsPowerShell\v1.0\;C:\WINDOWS\System32\OpenSSH\;C:\Program Files\nodejs\;C:\Program Files\Git\cmd;C:\Users\aliah\AppData\Local\Android\Sdk\emulator;C:\Users\aliah\AppData\Local\Android\Sdk;C:\Users\aliah\AppData\Local\Android\Sdk\platform-tools;C:\ProgramData\chocolatey\bin;D:\React Native\MyProject\android\gradle-8.11.1\bin;C:\Users\aliah\AppData\Local\Microsoft\WindowsApps;C:\Users\aliah\AppData\Local\Programs\Microsoft VS Code\bin;C:\Users\aliah\AppData\Roaming\npm;C:\Program Files\Microsoft\jdk-17.0.13.11-hotspot\bin;D:\React Native\MyProject\android\gradle-8.11.1\bin;
USERNAME=aliah
OS=Windows_NT
PROCESSOR_IDENTIFIER=Intel64 Family 6 Model 142 Stepping 9, GenuineIntel
TMP=C:\Users\aliah\AppData\Local\Temp
TEMP=C:\Users\aliah\AppData\Local\Temp



Periodic native trim disabled


---------------  S Y S T E M  ---------------

OS:
 Windows 10 , 64 bit Build 19041 (10.0.19041.5198)
OS uptime: 0 days 5:42 hours

CPU: total 4 (initial active 4) (2 cores per cpu, 2 threads per core) family 6 model 142 stepping 9 microcode 0xf0, cx8, cmov, fxsr, ht, mmx, 3dnowpref, sse, sse2, sse3, ssse3, sse4.1, sse4.2, popcnt, lzcnt, tsc, tscinvbit, avx, avx2, aes, erms, clmul, bmi1, bmi2, adx, fma, vzeroupper, clflush, clflushopt
Processor Information for processor 0
  Max Mhz: 2904, Current Mhz: 1502, Mhz Limit: 2700
Processor Information for processor 1
  Max Mhz: 2904, Current Mhz: 1502, Mhz Limit: 2700
Processor Information for processor 2
  Max Mhz: 2904, Current Mhz: 2703, Mhz Limit: 2700
Processor Information for processor 3
  Max Mhz: 2904, Current Mhz: 1502, Mhz Limit: 2700

Memory: 4k page, system-wide physical 8042M (642M free)
TotalPageFile size 12138M (AvailPageFile size 163M)
current process WorkingSet (physical memory assigned to process): 416M, peak: 416M
current process commit charge ("private bytes"): 450M, peak: 450M

vm_info: OpenJDK 64-Bit Server VM (17.0.13+11-LTS) for windows-amd64 JRE (17.0.13+11-LTS), built on Oct 11 2024 23:25:05 by "MicrosoftCorporation" with unknown MS VC++:1939

END.
