#
# There is insufficient memory for the Java Runtime Environment to continue.
# Native memory allocation (malloc) failed to allocate 1096976 bytes. Error detail: Chunk::new
# Possible reasons:
#   The system is out of physical RAM or swap space
#   This process is running with CompressedOops enabled, and the Java Heap may be blocking the growth of the native heap
# Possible solutions:
#   Reduce memory load on the system
#   Increase physical memory or swap space
#   Check if swap backing store is full
#   Decrease Java heap size (-Xmx/-Xms)
#   Decrease number of Java threads
#   Decrease Java thread stack sizes (-Xss)
#   Set larger code cache with -XX:ReservedCodeCacheSize=
#   JVM is running with Unscaled Compressed Oops mode in which the Java heap is
#     placed in the first 4GB address space. The Java Heap base address is the
#     maximum limit for the native heap growth. Please use -XX:HeapBaseMinAddress
#     to set the Java Heap base and to place the Java Heap above 4GB virtual address.
# This output file may be truncated or incomplete.
#
#  Out of Memory Error (arena.cpp:191), pid=1180, tid=18456
#
# JRE version: OpenJDK Runtime Environment Microsoft-10376486 (17.0.13+11) (build 17.0.13+11-LTS)
# Java VM: OpenJDK 64-Bit Server VM Microsoft-10376486 (17.0.13+11-LTS, mixed mode, sharing, tiered, compressed oops, compressed class ptrs, g1 gc, windows-amd64)
# No core dump will be written. Minidumps are not enabled by default on client versions of Windows
#

---------------  S U M M A R Y ------------

Command Line: --add-opens=java.base/java.lang=ALL-UNNAMED --add-opens=java.base/java.lang.invoke=ALL-UNNAMED --add-opens=java.base/java.util=ALL-UNNAMED --add-opens=java.prefs/java.util.prefs=ALL-UNNAMED --add-exports=jdk.compiler/com.sun.tools.javac.api=ALL-UNNAMED --add-exports=jdk.compiler/com.sun.tools.javac.util=ALL-UNNAMED --add-opens=java.base/java.util=ALL-UNNAMED --add-opens=java.prefs/java.util.prefs=ALL-UNNAMED --add-opens=java.base/java.nio.charset=ALL-UNNAMED --add-opens=java.base/java.net=ALL-UNNAMED --add-opens=java.base/java.util.concurrent.atomic=ALL-UNNAMED --add-opens=java.xml/javax.xml.namespace=ALL-UNNAMED -XX:MaxMetaspaceSize=512m -Xmx2048m -Dfile.encoding=windows-1252 -Duser.country=US -Duser.language=en -Duser.variant -javaagent:C:\Users\aliah\.gradle\wrapper\dists\gradle-8.11.1-bin\bpt9gzteqjrbo1mjrsomdt32c\gradle-8.11.1\lib\agents\gradle-instrumentation-agent-8.11.1.jar org.gradle.launcher.daemon.bootstrap.GradleDaemon 8.11.1

Host: Intel(R) Core(TM) i7-7500U CPU @ 2.70GHz, 4 cores, 7G,  Windows 10 , 64 bit Build 19041 (10.0.19041.5198)
Time: Fri Jan 17 20:14:11 2025 Pakistan Standard Time elapsed time: 52.114124 seconds (0d 0h 0m 52s)

---------------  T H R E A D  ---------------

Current thread (0x000001ea3608e440):  JavaThread "C2 CompilerThread0" daemon [_thread_in_native, id=18456, stack(0x000000d026900000,0x000000d026a00000)]


Current CompileTask:
C2:  52114 19709       4       com.sun.tools.javac.code.Symtab::lookupPackage (259 bytes)

Stack: [0x000000d026900000,0x000000d026a00000]
Native frames: (J=compiled Java code, j=interpreted, Vv=VM code, C=native code)
V  [jvm.dll+0x687fc9]
V  [jvm.dll+0x83eeb8]
V  [jvm.dll+0x840963]
V  [jvm.dll+0x840fd3]
V  [jvm.dll+0x24951f]
V  [jvm.dll+0xad0c4]
V  [jvm.dll+0xad75c]
V  [jvm.dll+0x2b0c2f]
V  [jvm.dll+0x58e059]
V  [jvm.dll+0x2237a2]
V  [jvm.dll+0x223b9f]
V  [jvm.dll+0x21c950]
V  [jvm.dll+0x219a7b]
V  [jvm.dll+0x1a5506]
V  [jvm.dll+0x22a1ca]
V  [jvm.dll+0x22830b]
V  [jvm.dll+0x7f4708]
V  [jvm.dll+0x7eea6c]
V  [jvm.dll+0x686ea7]
C  [ucrtbase.dll+0x21bb2]
C  [KERNEL32.DLL+0x17374]
C  [ntdll.dll+0x4cc91]


---------------  P R O C E S S  ---------------

Threads class SMR info:
_java_thread_list=0x000001ea62a89bd0, length=96, elements={
0x000001ea184809e0, 0x000001ea36065940, 0x000001ea360667c0, 0x000001ea36080370,
0x000001ea360811f0, 0x000001ea36084cd0, 0x000001ea36085690, 0x000001ea3608e440,
0x000001ea360923f0, 0x000001ea36094e00, 0x000001ea1853dfd0, 0x000001ea36228bf0,
0x000001ea56132bf0, 0x000001ea5736d7d0, 0x000001ea57227dd0, 0x000001ea57312660,
0x000001ea563244b0, 0x000001ea570410a0, 0x000001ea57041fd0, 0x000001ea57041ac0,
0x000001ea570415b0, 0x000001ea570424e0, 0x000001ea570429f0, 0x000001ea57a70b50,
0x000001ea57a71060, 0x000001ea57a71f90, 0x000001ea57a729b0, 0x000001ea57a72ec0,
0x000001ea57a6f200, 0x000001ea57a73df0, 0x000001ea57a6e2d0, 0x000001ea57a724a0,
0x000001ea57a74300, 0x000001ea57a71a80, 0x000001ea57a733d0, 0x000001ea57a74810,
0x000001ea57a6f710, 0x000001ea57a74d20, 0x000001ea57a75230, 0x000001ea57a75c50,
0x000001ea57a6ecf0, 0x000001ea5672eff0, 0x000001ea56730430, 0x000001ea56731870,
0x000001ea5672fa10, 0x000001ea5672f500, 0x000001ea5672ff20, 0x000001ea56730940,
0x000001ea56730e50, 0x000001ea56731360, 0x000001ea56731d80, 0x000001ea56732290,
0x000001ea59fa39b0, 0x000001ea59fa2f90, 0x000001ea59fa5300, 0x000001ea59fa3ec0,
0x000001ea59fa5810, 0x000001ea59fa2a80, 0x000001ea59fa34a0, 0x000001ea59fa2060,
0x000001ea59fa43d0, 0x000001ea59fa48e0, 0x000001ea5b025060, 0x000001ea5b023c20,
0x000001ea5b025a80, 0x000001ea5b025570, 0x000001ea5b0264a0, 0x000001ea5b020980,
0x000001ea5b021dc0, 0x000001ea5b020e90, 0x000001ea5b0213a0, 0x000001ea5b024130,
0x000001ea5b024640, 0x000001ea5b0227e0, 0x000001ea5b023710, 0x000001ea5b022cf0,
0x000001ea5b020470, 0x000001ea5b0222d0, 0x000001ea5b024b50, 0x000001ea5b025f90,
0x000001ea5b0269b0, 0x000001ea5b026ec0, 0x000001ea5b0218b0, 0x000001ea5b023200,
0x000001ea5b0273d0, 0x000001ea5b01ff60, 0x000001ea5b0278e0, 0x000001ea589ded80,
0x000001ea589dd430, 0x000001ea5a4cae30, 0x000001ea5672eae0, 0x000001ea619fd270,
0x000001ea619fb920, 0x000001ea619fe6b0, 0x000001ea619fd780, 0x000001ea619fe1a0
}

Java Threads: ( => current thread )
  0x000001ea184809e0 JavaThread "main" [_thread_blocked, id=11476, stack(0x000000d025c00000,0x000000d025d00000)]
  0x000001ea36065940 JavaThread "Reference Handler" daemon [_thread_blocked, id=6464, stack(0x000000d026300000,0x000000d026400000)]
  0x000001ea360667c0 JavaThread "Finalizer" daemon [_thread_blocked, id=16696, stack(0x000000d026400000,0x000000d026500000)]
  0x000001ea36080370 JavaThread "Signal Dispatcher" daemon [_thread_blocked, id=9592, stack(0x000000d026500000,0x000000d026600000)]
  0x000001ea360811f0 JavaThread "Attach Listener" daemon [_thread_blocked, id=8512, stack(0x000000d026600000,0x000000d026700000)]
  0x000001ea36084cd0 JavaThread "Service Thread" daemon [_thread_blocked, id=9692, stack(0x000000d026700000,0x000000d026800000)]
  0x000001ea36085690 JavaThread "Monitor Deflation Thread" daemon [_thread_blocked, id=8680, stack(0x000000d026800000,0x000000d026900000)]
=>0x000001ea3608e440 JavaThread "C2 CompilerThread0" daemon [_thread_in_native, id=18456, stack(0x000000d026900000,0x000000d026a00000)]
  0x000001ea360923f0 JavaThread "C1 CompilerThread0" daemon [_thread_in_vm, id=8348, stack(0x000000d026a00000,0x000000d026b00000)]
  0x000001ea36094e00 JavaThread "Sweeper thread" daemon [_thread_blocked, id=17836, stack(0x000000d026b00000,0x000000d026c00000)]
  0x000001ea1853dfd0 JavaThread "Common-Cleaner" daemon [_thread_blocked, id=19836, stack(0x000000d026c00000,0x000000d026d00000)]
  0x000001ea36228bf0 JavaThread "Notification Thread" daemon [_thread_blocked, id=3604, stack(0x000000d026d00000,0x000000d026e00000)]
  0x000001ea56132bf0 JavaThread "Daemon health stats" [_thread_blocked, id=20456, stack(0x000000d027300000,0x000000d027400000)]
  0x000001ea5736d7d0 JavaThread "Incoming local TCP Connector on port 55402" [_thread_in_native, id=18700, stack(0x000000d027400000,0x000000d027500000)]
  0x000001ea57227dd0 JavaThread "Daemon periodic checks" [_thread_blocked, id=16820, stack(0x000000d027500000,0x000000d027600000)]
  0x000001ea57312660 JavaThread "Daemon" [_thread_blocked, id=16620, stack(0x000000d027600000,0x000000d027700000)]
  0x000001ea563244b0 JavaThread "Handler for socket connection from /127.0.0.1:55402 to /127.0.0.1:55403" [_thread_in_native, id=9148, stack(0x000000d027700000,0x000000d027800000)]
  0x000001ea570410a0 JavaThread "Cancel handler" [_thread_blocked, id=8584, stack(0x000000d027800000,0x000000d027900000)]
  0x000001ea57041fd0 JavaThread "Daemon worker" [_thread_blocked, id=11212, stack(0x000000d027900000,0x000000d027a00000)]
  0x000001ea57041ac0 JavaThread "Asynchronous log dispatcher for DefaultDaemonConnection: socket connection from /127.0.0.1:55402 to /127.0.0.1:55403" [_thread_blocked, id=15160, stack(0x000000d027a00000,0x000000d027b00000)]
  0x000001ea570415b0 JavaThread "Stdin handler" [_thread_blocked, id=1036, stack(0x000000d027b00000,0x000000d027c00000)]
  0x000001ea570424e0 JavaThread "Daemon client event forwarder" [_thread_blocked, id=6140, stack(0x000000d027c00000,0x000000d027d00000)]
  0x000001ea570429f0 JavaThread "Cache worker for journal cache (C:\Users\aliah\.gradle\caches\journal-1)" [_thread_blocked, id=15644, stack(0x000000d027d00000,0x000000d027e00000)]
  0x000001ea57a70b50 JavaThread "File lock request listener" [_thread_in_native, id=18588, stack(0x000000d027e00000,0x000000d027f00000)]
  0x000001ea57a71060 JavaThread "Cache worker for file hash cache (C:\Users\aliah\.gradle\caches\8.11.1\fileHashes)" [_thread_blocked, id=3028, stack(0x000000d027f00000,0x000000d028000000)]
  0x000001ea57a71f90 JavaThread "Cache worker for file content cache (C:\Users\aliah\.gradle\caches\8.11.1\fileContent)" [_thread_blocked, id=6736, stack(0x000000d028000000,0x000000d028100000)]
  0x000001ea57a729b0 JavaThread "Cache worker for file hash cache (D:\React Native\MyProject\android\.gradle\8.11.1\fileHashes)" [_thread_blocked, id=9804, stack(0x000000d028100000,0x000000d028200000)]
  0x000001ea57a72ec0 JavaThread "Cache worker for Build Output Cleanup Cache (D:\React Native\MyProject\android\.gradle\buildOutputCleanup)" [_thread_blocked, id=10760, stack(0x000000d028200000,0x000000d028300000)]
  0x000001ea57a6f200 JavaThread "File watcher server" daemon [_thread_in_native, id=4884, stack(0x000000d028300000,0x000000d028400000)]
  0x000001ea57a73df0 JavaThread "File watcher consumer" daemon [_thread_blocked, id=2016, stack(0x000000d028400000,0x000000d028500000)]
  0x000001ea57a6e2d0 JavaThread "Cache worker for checksums cache (D:\React Native\MyProject\android\.gradle\8.11.1\checksums)" [_thread_blocked, id=16624, stack(0x000000d028500000,0x000000d028600000)]
  0x000001ea57a724a0 JavaThread "Cache worker for cache directory md-rule (C:\Users\aliah\.gradle\caches\8.11.1\md-rule)" [_thread_blocked, id=13928, stack(0x000000d028600000,0x000000d028700000)]
  0x000001ea57a74300 JavaThread "Cache worker for cache directory md-supplier (C:\Users\aliah\.gradle\caches\8.11.1\md-supplier)" [_thread_blocked, id=7236, stack(0x000000d028700000,0x000000d028800000)]
  0x000001ea57a71a80 JavaThread "jar transforms" [_thread_blocked, id=3236, stack(0x000000d028a00000,0x000000d028b00000)]
  0x000001ea57a733d0 JavaThread "Cache worker for Build Output Cleanup Cache (D:\React Native\MyProject\node_modules\@react-native\gradle-plugin\.gradle\buildOutputCleanup)" [_thread_blocked, id=12352, stack(0x000000d028b00000,0x000000d028c00000)]
  0x000001ea57a74810 JavaThread "Unconstrained build operations" [_thread_blocked, id=15616, stack(0x000000d028c00000,0x000000d028d00000)]
  0x000001ea57a6f710 JavaThread "Unconstrained build operations Thread 2" [_thread_blocked, id=17620, stack(0x000000d028d00000,0x000000d028e00000)]
  0x000001ea57a74d20 JavaThread "Unconstrained build operations Thread 3" [_thread_blocked, id=3980, stack(0x000000d028e00000,0x000000d028f00000)]
  0x000001ea57a75230 JavaThread "Unconstrained build operations Thread 4" [_thread_blocked, id=11884, stack(0x000000d028f00000,0x000000d029000000)]
  0x000001ea57a75c50 JavaThread "Unconstrained build operations Thread 5" [_thread_blocked, id=1252, stack(0x000000d029000000,0x000000d029100000)]
  0x000001ea57a6ecf0 JavaThread "Unconstrained build operations Thread 6" [_thread_blocked, id=2584, stack(0x000000d029100000,0x000000d029200000)]
  0x000001ea5672eff0 JavaThread "Unconstrained build operations Thread 7" [_thread_blocked, id=6396, stack(0x000000d029200000,0x000000d029300000)]
  0x000001ea56730430 JavaThread "Unconstrained build operations Thread 8" [_thread_blocked, id=12004, stack(0x000000d029300000,0x000000d029400000)]
  0x000001ea56731870 JavaThread "Unconstrained build operations Thread 9" [_thread_blocked, id=8244, stack(0x000000d029400000,0x000000d029500000)]
  0x000001ea5672fa10 JavaThread "Unconstrained build operations Thread 10" [_thread_blocked, id=13204, stack(0x000000d029500000,0x000000d029600000)]
  0x000001ea5672f500 JavaThread "Unconstrained build operations Thread 11" [_thread_blocked, id=18980, stack(0x000000d029600000,0x000000d029700000)]
  0x000001ea5672ff20 JavaThread "Unconstrained build operations Thread 12" [_thread_blocked, id=9068, stack(0x000000d029700000,0x000000d029800000)]
  0x000001ea56730940 JavaThread "Unconstrained build operations Thread 13" [_thread_blocked, id=18872, stack(0x000000d029800000,0x000000d029900000)]
  0x000001ea56730e50 JavaThread "Unconstrained build operations Thread 14" [_thread_blocked, id=1732, stack(0x000000d029900000,0x000000d029a00000)]
  0x000001ea56731360 JavaThread "Unconstrained build operations Thread 15" [_thread_blocked, id=20156, stack(0x000000d029a00000,0x000000d029b00000)]
  0x000001ea56731d80 JavaThread "Memory manager" [_thread_blocked, id=17336, stack(0x000000d029b00000,0x000000d029c00000)]
  0x000001ea56732290 JavaThread "build event listener" [_thread_blocked, id=1812, stack(0x000000d029c00000,0x000000d029d00000)]
  0x000001ea59fa39b0 JavaThread "ForkJoinPool.commonPool-worker-1" daemon [_thread_blocked, id=14952, stack(0x000000d029d00000,0x000000d029e00000)]
  0x000001ea59fa2f90 JavaThread "ForkJoinPool.commonPool-worker-2" daemon [_thread_blocked, id=15084, stack(0x000000d029e00000,0x000000d029f00000)]
  0x000001ea59fa5300 JavaThread "ForkJoinPool.commonPool-worker-3" daemon [_thread_blocked, id=6408, stack(0x000000d029f00000,0x000000d02a000000)]
  0x000001ea59fa3ec0 JavaThread "included builds" [_thread_in_Java, id=9064, stack(0x000000d02a000000,0x000000d02a100000)]
  0x000001ea59fa5810 JavaThread "Execution worker" [_thread_blocked, id=17072, stack(0x000000d02a100000,0x000000d02a200000)]
  0x000001ea59fa2a80 JavaThread "Execution worker Thread 2" [_thread_blocked, id=9860, stack(0x000000d02a200000,0x000000d02a300000)]
  0x000001ea59fa34a0 JavaThread "Execution worker Thread 3" [_thread_blocked, id=9504, stack(0x000000d02a300000,0x000000d02a400000)]
  0x000001ea59fa2060 JavaThread "Cache worker for execution history cache (D:\React Native\MyProject\node_modules\@react-native\gradle-plugin\.gradle\8.11.1\executionHistory)" [_thread_blocked, id=1508, stack(0x000000d02a400000,0x000000d02a500000)]
  0x000001ea59fa43d0 JavaThread "Unconstrained build operations Thread 16" [_thread_blocked, id=9760, stack(0x000000d02a500000,0x000000d02a600000)]
  0x000001ea59fa48e0 JavaThread "Unconstrained build operations Thread 17" [_thread_blocked, id=15612, stack(0x000000d02a600000,0x000000d02a700000)]
  0x000001ea5b025060 JavaThread "Unconstrained build operations Thread 18" [_thread_blocked, id=15384, stack(0x000000d02a700000,0x000000d02a800000)]
  0x000001ea5b023c20 JavaThread "Unconstrained build operations Thread 19" [_thread_blocked, id=16760, stack(0x000000d02a800000,0x000000d02a900000)]
  0x000001ea5b025a80 JavaThread "Unconstrained build operations Thread 20" [_thread_blocked, id=3768, stack(0x000000d02a900000,0x000000d02aa00000)]
  0x000001ea5b025570 JavaThread "Unconstrained build operations Thread 21" [_thread_blocked, id=15336, stack(0x000000d02aa00000,0x000000d02ab00000)]
  0x000001ea5b0264a0 JavaThread "Unconstrained build operations Thread 22" [_thread_blocked, id=17532, stack(0x000000d02ab00000,0x000000d02ac00000)]
  0x000001ea5b020980 JavaThread "Unconstrained build operations Thread 23" [_thread_blocked, id=8768, stack(0x000000d02ac00000,0x000000d02ad00000)]
  0x000001ea5b021dc0 JavaThread "Unconstrained build operations Thread 24" [_thread_blocked, id=17876, stack(0x000000d02ad00000,0x000000d02ae00000)]
  0x000001ea5b020e90 JavaThread "Unconstrained build operations Thread 25" [_thread_blocked, id=8480, stack(0x000000d02ae00000,0x000000d02af00000)]
  0x000001ea5b0213a0 JavaThread "Unconstrained build operations Thread 26" [_thread_blocked, id=272, stack(0x000000d02af00000,0x000000d02b000000)]
  0x000001ea5b024130 JavaThread "Unconstrained build operations Thread 27" [_thread_blocked, id=14020, stack(0x000000d02b000000,0x000000d02b100000)]
  0x000001ea5b024640 JavaThread "Unconstrained build operations Thread 28" [_thread_blocked, id=7684, stack(0x000000d02b100000,0x000000d02b200000)]
  0x000001ea5b0227e0 JavaThread "Unconstrained build operations Thread 29" [_thread_blocked, id=6936, stack(0x000000d02b200000,0x000000d02b300000)]
  0x000001ea5b023710 JavaThread "Unconstrained build operations Thread 30" [_thread_blocked, id=12208, stack(0x000000d02b300000,0x000000d02b400000)]
  0x000001ea5b022cf0 JavaThread "Unconstrained build operations Thread 31" [_thread_blocked, id=16792, stack(0x000000d02b400000,0x000000d02b500000)]
  0x000001ea5b020470 JavaThread "Unconstrained build operations Thread 32" [_thread_blocked, id=18812, stack(0x000000d02b500000,0x000000d02b600000)]
  0x000001ea5b0222d0 JavaThread "Unconstrained build operations Thread 33" [_thread_blocked, id=10312, stack(0x000000d02b600000,0x000000d02b700000)]
  0x000001ea5b024b50 JavaThread "Unconstrained build operations Thread 34" [_thread_blocked, id=8188, stack(0x000000d02b700000,0x000000d02b800000)]
  0x000001ea5b025f90 JavaThread "Unconstrained build operations Thread 35" [_thread_blocked, id=20076, stack(0x000000d02b800000,0x000000d02b900000)]
  0x000001ea5b0269b0 JavaThread "Unconstrained build operations Thread 36" [_thread_blocked, id=7192, stack(0x000000d02b900000,0x000000d02ba00000)]
  0x000001ea5b026ec0 JavaThread "jar transforms Thread 2" [_thread_blocked, id=13812, stack(0x000000d02ba00000,0x000000d02bb00000)]
  0x000001ea5b0218b0 JavaThread "jar transforms Thread 3" [_thread_blocked, id=7620, stack(0x000000d02bb00000,0x000000d02bc00000)]
  0x000001ea5b023200 JavaThread "Unconstrained build operations Thread 37" [_thread_blocked, id=824, stack(0x000000d02bc00000,0x000000d02bd00000)]
  0x000001ea5b0273d0 JavaThread "Unconstrained build operations Thread 38" [_thread_blocked, id=10328, stack(0x000000d02bd00000,0x000000d02be00000)]
  0x000001ea5b01ff60 JavaThread "Unconstrained build operations Thread 39" [_thread_blocked, id=18648, stack(0x000000d02be00000,0x000000d02bf00000)]
  0x000001ea5b0278e0 JavaThread "Unconstrained build operations Thread 40" [_thread_blocked, id=11324, stack(0x000000d02bf00000,0x000000d02c000000)]
  0x000001ea589ded80 JavaThread "jar transforms Thread 4" [_thread_blocked, id=5408, stack(0x000000d02c000000,0x000000d02c100000)]
  0x000001ea589dd430 JavaThread "build event listener" [_thread_blocked, id=14328, stack(0x000000d02c100000,0x000000d02c200000)]
  0x000001ea5a4cae30 JavaThread "C2 CompilerThread1" daemon [_thread_in_native, id=16888, stack(0x000000d026f00000,0x000000d027000000)]
  0x000001ea5672eae0 JavaThread "Cache worker for execution history cache (D:\React Native\MyProject\android\.gradle\8.11.1\executionHistory)" [_thread_blocked, id=516, stack(0x000000d02c500000,0x000000d02c600000)]
  0x000001ea619fd270 JavaThread "WorkerExecutor Queue" [_thread_blocked, id=13656, stack(0x000000d02c600000,0x000000d02c700000)]
  0x000001ea619fb920 JavaThread "WorkerExecutor Queue Thread 2" [_thread_blocked, id=3700, stack(0x000000d02c700000,0x000000d02c800000)]
  0x000001ea619fe6b0 JavaThread "WorkerExecutor Queue Thread 3" [_thread_blocked, id=17840, stack(0x000000d02c800000,0x000000d02c900000)]
  0x000001ea619fd780 JavaThread "WorkerExecutor Queue Thread 4" [_thread_blocked, id=13420, stack(0x000000d02c900000,0x000000d02ca00000)]
  0x000001ea619fe1a0 JavaThread "Cache worker for Java compile cache (C:\Users\aliah\.gradle\caches\8.11.1\javaCompile)" [_thread_blocked, id=9696, stack(0x000000d02ca00000,0x000000d02cb00000)]

Other Threads:
  0x000001ea3605f280 VMThread "VM Thread" [stack: 0x000000d026200000,0x000000d026300000] [id=11616]
  0x000001ea362290d0 WatcherThread [stack: 0x000000d026e00000,0x000000d026f00000] [id=2560]
  0x000001ea184dee60 GCTaskThread "GC Thread#0" [stack: 0x000000d025d00000,0x000000d025e00000] [id=18524]
  0x000001ea364de790 GCTaskThread "GC Thread#1" [stack: 0x000000d027000000,0x000000d027100000] [id=18392]
  0x000001ea364dea50 GCTaskThread "GC Thread#2" [stack: 0x000000d027100000,0x000000d027200000] [id=11176]
  0x000001ea3690bb90 GCTaskThread "GC Thread#3" [stack: 0x000000d027200000,0x000000d027300000] [id=1076]
  0x000001ea184efdb0 ConcurrentGCThread "G1 Main Marker" [stack: 0x000000d025e00000,0x000000d025f00000] [id=17424]
  0x000001ea184f1f80 ConcurrentGCThread "G1 Conc#0" [stack: 0x000000d025f00000,0x000000d026000000] [id=4036]
  0x000001ea35f220c0 ConcurrentGCThread "G1 Refine#0" [stack: 0x000000d026000000,0x000000d026100000] [id=19132]
  0x000001ea58e85be0 ConcurrentGCThread "G1 Refine#1" [stack: 0x000000d028800000,0x000000d028900000] [id=16592]
  0x000001ea588fff20 ConcurrentGCThread "G1 Refine#2" [stack: 0x000000d028900000,0x000000d028a00000] [id=9476]
  0x000001ea35f22af0 ConcurrentGCThread "G1 Service" [stack: 0x000000d026100000,0x000000d026200000] [id=2856]

Threads with active compile tasks:
C2 CompilerThread0    52172 19709       4       com.sun.tools.javac.code.Symtab::lookupPackage (259 bytes)
C2 CompilerThread1    52172 19272       4       com.sun.tools.javac.code.Symtab::enterClass (71 bytes)

VM state: not at safepoint (normal execution)

VM Mutex/Monitor currently owned by a thread: None

Heap address: 0x0000000080000000, size: 2048 MB, Compressed Oops mode: 32-bit

CDS archive(s) mapped at: [0x000001ea37000000-0x000001ea37bb0000-0x000001ea37bb0000), size 12255232, SharedBaseAddress: 0x000001ea37000000, ArchiveRelocationMode: 1.
Compressed class space mapped at: 0x000001ea38000000-0x000001ea52000000, reserved size: 436207616
Narrow klass base: 0x000001ea37000000, Narrow klass shift: 0, Narrow klass range: 0x100000000

GC Precious Log:
 CPUs: 4 total, 4 available
 Memory: 8042M
 Large Page Support: Disabled
 NUMA Support: Disabled
 Compressed Oops: Enabled (32-bit)
 Heap Region Size: 1M
 Heap Min Capacity: 8M
 Heap Initial Capacity: 126M
 Heap Max Capacity: 2G
 Pre-touch: Disabled
 Parallel Workers: 4
 Concurrent Workers: 1
 Concurrent Refinement Workers: 4
 Periodic GC: Disabled

Heap:
 garbage-first heap   total 634880K, used 413692K [0x0000000080000000, 0x0000000100000000)
  region size 1024K, 202 young (206848K), 9 survivors (9216K)
 Metaspace       used 130224K, committed 131712K, reserved 557056K
  class space    used 17695K, committed 18368K, reserved 425984K

Heap Regions: E=young(eden), S=young(survivor), O=old, HS=humongous(starts), HC=humongous(continues), CS=collection set, F=free, OA=open archive, CA=closed archive, TAMS=top-at-mark-start (previous, next)
|   0|0x0000000080000000, 0x0000000080100000, 0x0000000080100000|100%|HS|  |TAMS 0x0000000080100000, 0x0000000080000000| Complete 
|   1|0x0000000080100000, 0x0000000080200000, 0x0000000080200000|100%|HC|  |TAMS 0x0000000080200000, 0x0000000080100000| Complete 
|   2|0x0000000080200000, 0x0000000080300000, 0x0000000080300000|100%|HC|  |TAMS 0x0000000080300000, 0x0000000080200000| Complete 
|   3|0x0000000080300000, 0x0000000080400000, 0x0000000080400000|100%| O|  |TAMS 0x0000000080400000, 0x0000000080300000| Untracked 
|   4|0x0000000080400000, 0x0000000080500000, 0x0000000080500000|100%| O|  |TAMS 0x0000000080500000, 0x0000000080400000| Untracked 
|   5|0x0000000080500000, 0x0000000080600000, 0x0000000080600000|100%| O|  |TAMS 0x0000000080600000, 0x0000000080500000| Untracked 
|   6|0x0000000080600000, 0x0000000080700000, 0x0000000080700000|100%| O|  |TAMS 0x0000000080700000, 0x0000000080600000| Untracked 
|   7|0x0000000080700000, 0x0000000080800000, 0x0000000080800000|100%|HS|  |TAMS 0x0000000080800000, 0x0000000080700000| Complete 
|   8|0x0000000080800000, 0x0000000080900000, 0x0000000080900000|100%| O|  |TAMS 0x0000000080900000, 0x0000000080800000| Untracked 
|   9|0x0000000080900000, 0x0000000080a00000, 0x0000000080a00000|100%| O|  |TAMS 0x0000000080a00000, 0x0000000080900000| Untracked 
|  10|0x0000000080a00000, 0x0000000080b00000, 0x0000000080b00000|100%| O|  |TAMS 0x0000000080b00000, 0x0000000080a00000| Untracked 
|  11|0x0000000080b00000, 0x0000000080c00000, 0x0000000080c00000|100%| O|  |TAMS 0x0000000080c00000, 0x0000000080b00000| Untracked 
|  12|0x0000000080c00000, 0x0000000080d00000, 0x0000000080d00000|100%| O|  |TAMS 0x0000000080d00000, 0x0000000080c00000| Untracked 
|  13|0x0000000080d00000, 0x0000000080e00000, 0x0000000080e00000|100%| O|  |TAMS 0x0000000080e00000, 0x0000000080d00000| Untracked 
|  14|0x0000000080e00000, 0x0000000080f00000, 0x0000000080f00000|100%| O|  |TAMS 0x0000000080f00000, 0x0000000080e00000| Untracked 
|  15|0x0000000080f00000, 0x0000000081000000, 0x0000000081000000|100%| O|  |TAMS 0x0000000081000000, 0x0000000080f00000| Untracked 
|  16|0x0000000081000000, 0x0000000081100000, 0x0000000081100000|100%| O|  |TAMS 0x0000000081100000, 0x0000000081000000| Untracked 
|  17|0x0000000081100000, 0x0000000081200000, 0x0000000081200000|100%| O|  |TAMS 0x0000000081200000, 0x0000000081100000| Untracked 
|  18|0x0000000081200000, 0x0000000081300000, 0x0000000081300000|100%| O|  |TAMS 0x0000000081300000, 0x0000000081200000| Untracked 
|  19|0x0000000081300000, 0x0000000081400000, 0x0000000081400000|100%| O|  |TAMS 0x0000000081400000, 0x0000000081300000| Untracked 
|  20|0x0000000081400000, 0x0000000081500000, 0x0000000081500000|100%| O|  |TAMS 0x0000000081500000, 0x0000000081400000| Untracked 
|  21|0x0000000081500000, 0x0000000081600000, 0x0000000081600000|100%| O|  |TAMS 0x0000000081600000, 0x0000000081500000| Untracked 
|  22|0x0000000081600000, 0x0000000081700000, 0x0000000081700000|100%| O|  |TAMS 0x0000000081700000, 0x0000000081600000| Untracked 
|  23|0x0000000081700000, 0x0000000081800000, 0x0000000081800000|100%| O|  |TAMS 0x0000000081800000, 0x0000000081700000| Untracked 
|  24|0x0000000081800000, 0x0000000081900000, 0x0000000081900000|100%| O|  |TAMS 0x0000000081900000, 0x0000000081800000| Untracked 
|  25|0x0000000081900000, 0x0000000081a00000, 0x0000000081a00000|100%| O|  |TAMS 0x0000000081a00000, 0x0000000081900000| Untracked 
|  26|0x0000000081a00000, 0x0000000081b00000, 0x0000000081b00000|100%| O|  |TAMS 0x0000000081b00000, 0x0000000081a00000| Untracked 
|  27|0x0000000081b00000, 0x0000000081bfd600, 0x0000000081c00000| 98%| O|  |TAMS 0x0000000081bfd600, 0x0000000081b00000| Untracked 
|  28|0x0000000081c00000, 0x0000000081d00000, 0x0000000081d00000|100%|HS|  |TAMS 0x0000000081d00000, 0x0000000081c00000| Complete 
|  29|0x0000000081d00000, 0x0000000081e00000, 0x0000000081e00000|100%|HC|  |TAMS 0x0000000081e00000, 0x0000000081d00000| Complete 
|  30|0x0000000081e00000, 0x0000000081f00000, 0x0000000081f00000|100%| O|  |TAMS 0x0000000081f00000, 0x0000000081e00000| Untracked 
|  31|0x0000000081f00000, 0x0000000082000000, 0x0000000082000000|100%| O|  |TAMS 0x0000000082000000, 0x0000000081f00000| Untracked 
|  32|0x0000000082000000, 0x0000000082100000, 0x0000000082100000|100%| O|  |TAMS 0x0000000082100000, 0x0000000082000000| Untracked 
|  33|0x0000000082100000, 0x0000000082200000, 0x0000000082200000|100%| O|  |TAMS 0x0000000082200000, 0x0000000082100000| Untracked 
|  34|0x0000000082200000, 0x0000000082300000, 0x0000000082300000|100%|HS|  |TAMS 0x0000000082300000, 0x0000000082200000| Complete 
|  35|0x0000000082300000, 0x0000000082400000, 0x0000000082400000|100%|HC|  |TAMS 0x0000000082400000, 0x0000000082300000| Complete 
|  36|0x0000000082400000, 0x0000000082500000, 0x0000000082500000|100%|HS|  |TAMS 0x0000000082500000, 0x0000000082400000| Complete 
|  37|0x0000000082500000, 0x0000000082600000, 0x0000000082600000|100%|HC|  |TAMS 0x0000000082600000, 0x0000000082500000| Complete 
|  38|0x0000000082600000, 0x0000000082700000, 0x0000000082700000|100%|HC|  |TAMS 0x0000000082700000, 0x0000000082600000| Complete 
|  39|0x0000000082700000, 0x0000000082800000, 0x0000000082800000|100%|HC|  |TAMS 0x0000000082800000, 0x0000000082700000| Complete 
|  40|0x0000000082800000, 0x0000000082900000, 0x0000000082900000|100%|HS|  |TAMS 0x0000000082900000, 0x0000000082800000| Complete 
|  41|0x0000000082900000, 0x0000000082a00000, 0x0000000082a00000|100%|HC|  |TAMS 0x0000000082a00000, 0x0000000082900000| Complete 
|  42|0x0000000082a00000, 0x0000000082b00000, 0x0000000082b00000|100%|HC|  |TAMS 0x0000000082b00000, 0x0000000082a00000| Complete 
|  43|0x0000000082b00000, 0x0000000082c00000, 0x0000000082c00000|100%|HC|  |TAMS 0x0000000082c00000, 0x0000000082b00000| Complete 
|  44|0x0000000082c00000, 0x0000000082d00000, 0x0000000082d00000|100%| O|  |TAMS 0x0000000082d00000, 0x0000000082c00000| Untracked 
|  45|0x0000000082d00000, 0x0000000082e00000, 0x0000000082e00000|100%| O|  |TAMS 0x0000000082e00000, 0x0000000082d00000| Untracked 
|  46|0x0000000082e00000, 0x0000000082f00000, 0x0000000082f00000|100%| O|  |TAMS 0x0000000082f00000, 0x0000000082e00000| Untracked 
|  47|0x0000000082f00000, 0x0000000083000000, 0x0000000083000000|100%| O|  |TAMS 0x0000000083000000, 0x0000000082f00000| Untracked 
|  48|0x0000000083000000, 0x0000000083100000, 0x0000000083100000|100%| O|  |TAMS 0x0000000083100000, 0x0000000083000000| Untracked 
|  49|0x0000000083100000, 0x0000000083200000, 0x0000000083200000|100%| O|  |TAMS 0x0000000083200000, 0x0000000083100000| Untracked 
|  50|0x0000000083200000, 0x0000000083300000, 0x0000000083300000|100%| O|  |TAMS 0x0000000083300000, 0x0000000083200000| Untracked 
|  51|0x0000000083300000, 0x0000000083400000, 0x0000000083400000|100%| O|  |TAMS 0x0000000083400000, 0x0000000083300000| Untracked 
|  52|0x0000000083400000, 0x0000000083500000, 0x0000000083500000|100%| O|  |TAMS 0x0000000083500000, 0x0000000083400000| Untracked 
|  53|0x0000000083500000, 0x0000000083600000, 0x0000000083600000|100%| O|  |TAMS 0x0000000083600000, 0x0000000083500000| Untracked 
|  54|0x0000000083600000, 0x0000000083700000, 0x0000000083700000|100%| O|  |TAMS 0x0000000083700000, 0x0000000083600000| Untracked 
|  55|0x0000000083700000, 0x0000000083800000, 0x0000000083800000|100%| O|  |TAMS 0x0000000083800000, 0x0000000083700000| Untracked 
|  56|0x0000000083800000, 0x0000000083900000, 0x0000000083900000|100%| O|  |TAMS 0x0000000083900000, 0x0000000083800000| Untracked 
|  57|0x0000000083900000, 0x0000000083a00000, 0x0000000083a00000|100%| O|  |TAMS 0x0000000083a00000, 0x0000000083900000| Untracked 
|  58|0x0000000083a00000, 0x0000000083b00000, 0x0000000083b00000|100%| O|  |TAMS 0x0000000083b00000, 0x0000000083a00000| Untracked 
|  59|0x0000000083b00000, 0x0000000083c00000, 0x0000000083c00000|100%| O|  |TAMS 0x0000000083c00000, 0x0000000083b00000| Untracked 
|  60|0x0000000083c00000, 0x0000000083d00000, 0x0000000083d00000|100%| O|  |TAMS 0x0000000083d00000, 0x0000000083c00000| Complete 
|  61|0x0000000083d00000, 0x0000000083e00000, 0x0000000083e00000|100%| O|  |TAMS 0x0000000083e00000, 0x0000000083d00000| Untracked 
|  62|0x0000000083e00000, 0x0000000083f00000, 0x0000000083f00000|100%| O|  |TAMS 0x0000000083f00000, 0x0000000083e00000| Untracked 
|  63|0x0000000083f00000, 0x0000000084000000, 0x0000000084000000|100%| O|  |TAMS 0x0000000084000000, 0x0000000083f00000| Untracked 
|  64|0x0000000084000000, 0x0000000084100000, 0x0000000084100000|100%| O|  |TAMS 0x0000000084100000, 0x0000000084000000| Untracked 
|  65|0x0000000084100000, 0x0000000084200000, 0x0000000084200000|100%| O|  |TAMS 0x0000000084200000, 0x0000000084100000| Untracked 
|  66|0x0000000084200000, 0x0000000084300000, 0x0000000084300000|100%| O|  |TAMS 0x0000000084300000, 0x0000000084200000| Untracked 
|  67|0x0000000084300000, 0x0000000084400000, 0x0000000084400000|100%| O|  |TAMS 0x0000000084400000, 0x0000000084300000| Untracked 
|  68|0x0000000084400000, 0x0000000084500000, 0x0000000084500000|100%| O|  |TAMS 0x0000000084500000, 0x0000000084400000| Untracked 
|  69|0x0000000084500000, 0x0000000084600000, 0x0000000084600000|100%| O|  |TAMS 0x0000000084600000, 0x0000000084500000| Untracked 
|  70|0x0000000084600000, 0x0000000084700000, 0x0000000084700000|100%| O|  |TAMS 0x0000000084700000, 0x0000000084600000| Untracked 
|  71|0x0000000084700000, 0x0000000084800000, 0x0000000084800000|100%| O|  |TAMS 0x0000000084800000, 0x0000000084700000| Untracked 
|  72|0x0000000084800000, 0x0000000084900000, 0x0000000084900000|100%| O|  |TAMS 0x0000000084900000, 0x0000000084800000| Untracked 
|  73|0x0000000084900000, 0x0000000084a00000, 0x0000000084a00000|100%|HS|  |TAMS 0x0000000084a00000, 0x0000000084900000| Complete 
|  74|0x0000000084a00000, 0x0000000084b00000, 0x0000000084b00000|100%| O|  |TAMS 0x0000000084b00000, 0x0000000084a00000| Untracked 
|  75|0x0000000084b00000, 0x0000000084c00000, 0x0000000084c00000|100%| O|  |TAMS 0x0000000084c00000, 0x0000000084b00000| Untracked 
|  76|0x0000000084c00000, 0x0000000084d00000, 0x0000000084d00000|100%|HS|  |TAMS 0x0000000084d00000, 0x0000000084c00000| Complete 
|  77|0x0000000084d00000, 0x0000000084e00000, 0x0000000084e00000|100%|HS|  |TAMS 0x0000000084e00000, 0x0000000084d00000| Complete 
|  78|0x0000000084e00000, 0x0000000084f00000, 0x0000000084f00000|100%|HS|  |TAMS 0x0000000084f00000, 0x0000000084e00000| Complete 
|  79|0x0000000084f00000, 0x0000000085000000, 0x0000000085000000|100%|HS|  |TAMS 0x0000000085000000, 0x0000000084f00000| Complete 
|  80|0x0000000085000000, 0x0000000085100000, 0x0000000085100000|100%| O|  |TAMS 0x0000000085100000, 0x0000000085000000| Untracked 
|  81|0x0000000085100000, 0x0000000085200000, 0x0000000085200000|100%|HS|  |TAMS 0x0000000085200000, 0x0000000085100000| Complete 
|  82|0x0000000085200000, 0x0000000085300000, 0x0000000085300000|100%| O|  |TAMS 0x0000000085300000, 0x0000000085200000| Untracked 
|  83|0x0000000085300000, 0x0000000085400000, 0x0000000085400000|100%| O|  |TAMS 0x0000000085400000, 0x0000000085300000| Untracked 
|  84|0x0000000085400000, 0x0000000085500000, 0x0000000085500000|100%| O|  |TAMS 0x0000000085500000, 0x0000000085400000| Untracked 
|  85|0x0000000085500000, 0x0000000085600000, 0x0000000085600000|100%| O|  |TAMS 0x0000000085600000, 0x0000000085500000| Untracked 
|  86|0x0000000085600000, 0x0000000085700000, 0x0000000085700000|100%| O|  |TAMS 0x0000000085700000, 0x0000000085600000| Untracked 
|  87|0x0000000085700000, 0x0000000085800000, 0x0000000085800000|100%| O|  |TAMS 0x0000000085800000, 0x0000000085700000| Untracked 
|  88|0x0000000085800000, 0x0000000085900000, 0x0000000085900000|100%| O|  |TAMS 0x0000000085900000, 0x0000000085800000| Untracked 
|  89|0x0000000085900000, 0x0000000085a00000, 0x0000000085a00000|100%| O|  |TAMS 0x0000000085a00000, 0x0000000085900000| Untracked 
|  90|0x0000000085a00000, 0x0000000085b00000, 0x0000000085b00000|100%| O|  |TAMS 0x0000000085b00000, 0x0000000085a00000| Untracked 
|  91|0x0000000085b00000, 0x0000000085c00000, 0x0000000085c00000|100%| O|  |TAMS 0x0000000085c00000, 0x0000000085b00000| Untracked 
|  92|0x0000000085c00000, 0x0000000085d00000, 0x0000000085d00000|100%| O|  |TAMS 0x0000000085d00000, 0x0000000085c00000| Untracked 
|  93|0x0000000085d00000, 0x0000000085e00000, 0x0000000085e00000|100%| O|  |TAMS 0x0000000085e00000, 0x0000000085d00000| Untracked 
|  94|0x0000000085e00000, 0x0000000085f00000, 0x0000000085f00000|100%| O|  |TAMS 0x0000000085f00000, 0x0000000085e00000| Untracked 
|  95|0x0000000085f00000, 0x0000000086000000, 0x0000000086000000|100%| O|  |TAMS 0x0000000086000000, 0x0000000085f00000| Untracked 
|  96|0x0000000086000000, 0x0000000086100000, 0x0000000086100000|100%| O|  |TAMS 0x0000000086100000, 0x0000000086000000| Untracked 
|  97|0x0000000086100000, 0x0000000086200000, 0x0000000086200000|100%|HS|  |TAMS 0x0000000086200000, 0x0000000086100000| Complete 
|  98|0x0000000086200000, 0x0000000086300000, 0x0000000086300000|100%|HS|  |TAMS 0x0000000086300000, 0x0000000086200000| Complete 
|  99|0x0000000086300000, 0x0000000086400000, 0x0000000086400000|100%|HC|  |TAMS 0x0000000086400000, 0x0000000086300000| Complete 
| 100|0x0000000086400000, 0x0000000086500000, 0x0000000086500000|100%| O|  |TAMS 0x0000000086500000, 0x0000000086400000| Untracked 
| 101|0x0000000086500000, 0x0000000086600000, 0x0000000086600000|100%| O|  |TAMS 0x0000000086600000, 0x0000000086500000| Untracked 
| 102|0x0000000086600000, 0x0000000086700000, 0x0000000086700000|100%| O|  |TAMS 0x0000000086700000, 0x0000000086600000| Untracked 
| 103|0x0000000086700000, 0x0000000086800000, 0x0000000086800000|100%| O|  |TAMS 0x0000000086800000, 0x0000000086700000| Untracked 
| 104|0x0000000086800000, 0x0000000086900000, 0x0000000086900000|100%| O|  |TAMS 0x0000000086900000, 0x0000000086800000| Untracked 
| 105|0x0000000086900000, 0x0000000086a00000, 0x0000000086a00000|100%|HS|  |TAMS 0x0000000086a00000, 0x0000000086900000| Complete 
| 106|0x0000000086a00000, 0x0000000086b00000, 0x0000000086b00000|100%|HC|  |TAMS 0x0000000086b00000, 0x0000000086a00000| Complete 
| 107|0x0000000086b00000, 0x0000000086c00000, 0x0000000086c00000|100%| O|  |TAMS 0x0000000086c00000, 0x0000000086b00000| Untracked 
| 108|0x0000000086c00000, 0x0000000086d00000, 0x0000000086d00000|100%| O|  |TAMS 0x0000000086d00000, 0x0000000086c00000| Untracked 
| 109|0x0000000086d00000, 0x0000000086e00000, 0x0000000086e00000|100%| O|  |TAMS 0x0000000086e00000, 0x0000000086d00000| Untracked 
| 110|0x0000000086e00000, 0x0000000086f00000, 0x0000000086f00000|100%| O|  |TAMS 0x0000000086f00000, 0x0000000086e00000| Untracked 
| 111|0x0000000086f00000, 0x0000000087000000, 0x0000000087000000|100%| O|  |TAMS 0x0000000087000000, 0x0000000086f00000| Untracked 
| 112|0x0000000087000000, 0x0000000087100000, 0x0000000087100000|100%| O|  |TAMS 0x0000000087100000, 0x0000000087000000| Untracked 
| 113|0x0000000087100000, 0x0000000087200000, 0x0000000087200000|100%| O|  |TAMS 0x0000000087200000, 0x0000000087100000| Untracked 
| 114|0x0000000087200000, 0x0000000087300000, 0x0000000087300000|100%| O|  |TAMS 0x0000000087300000, 0x0000000087200000| Untracked 
| 115|0x0000000087300000, 0x0000000087400000, 0x0000000087400000|100%| O|  |TAMS 0x0000000087400000, 0x0000000087300000| Untracked 
| 116|0x0000000087400000, 0x0000000087500000, 0x0000000087500000|100%| O|  |TAMS 0x0000000087500000, 0x0000000087400000| Untracked 
| 117|0x0000000087500000, 0x0000000087600000, 0x0000000087600000|100%| O|  |TAMS 0x0000000087600000, 0x0000000087500000| Untracked 
| 118|0x0000000087600000, 0x0000000087700000, 0x0000000087700000|100%| O|  |TAMS 0x0000000087700000, 0x0000000087600000| Untracked 
| 119|0x0000000087700000, 0x0000000087800000, 0x0000000087800000|100%| O|  |TAMS 0x0000000087800000, 0x0000000087700000| Untracked 
| 120|0x0000000087800000, 0x0000000087900000, 0x0000000087900000|100%| O|  |TAMS 0x0000000087900000, 0x0000000087800000| Untracked 
| 121|0x0000000087900000, 0x0000000087a00000, 0x0000000087a00000|100%| O|  |TAMS 0x0000000087a00000, 0x0000000087900000| Untracked 
| 122|0x0000000087a00000, 0x0000000087b00000, 0x0000000087b00000|100%| O|  |TAMS 0x0000000087b00000, 0x0000000087a00000| Untracked 
| 123|0x0000000087b00000, 0x0000000087c00000, 0x0000000087c00000|100%| O|  |TAMS 0x0000000087c00000, 0x0000000087b00000| Untracked 
| 124|0x0000000087c00000, 0x0000000087d00000, 0x0000000087d00000|100%| O|  |TAMS 0x0000000087d00000, 0x0000000087c00000| Untracked 
| 125|0x0000000087d00000, 0x0000000087e00000, 0x0000000087e00000|100%| O|  |TAMS 0x0000000087e00000, 0x0000000087d00000| Untracked 
| 126|0x0000000087e00000, 0x0000000087f00000, 0x0000000087f00000|100%| O|  |TAMS 0x0000000087f00000, 0x0000000087e00000| Untracked 
| 127|0x0000000087f00000, 0x0000000088000000, 0x0000000088000000|100%| O|  |TAMS 0x0000000088000000, 0x0000000087f00000| Untracked 
| 128|0x0000000088000000, 0x0000000088100000, 0x0000000088100000|100%| O|  |TAMS 0x0000000088100000, 0x0000000088000000| Untracked 
| 129|0x0000000088100000, 0x0000000088200000, 0x0000000088200000|100%| O|  |TAMS 0x0000000088200000, 0x0000000088100000| Untracked 
| 130|0x0000000088200000, 0x0000000088300000, 0x0000000088300000|100%| O|  |TAMS 0x0000000088300000, 0x0000000088200000| Untracked 
| 131|0x0000000088300000, 0x0000000088400000, 0x0000000088400000|100%| O|  |TAMS 0x0000000088400000, 0x0000000088300000| Untracked 
| 132|0x0000000088400000, 0x0000000088500000, 0x0000000088500000|100%| O|  |TAMS 0x0000000088500000, 0x0000000088400000| Untracked 
| 133|0x0000000088500000, 0x0000000088600000, 0x0000000088600000|100%|HS|  |TAMS 0x0000000088600000, 0x0000000088500000| Complete 
| 134|0x0000000088600000, 0x0000000088700000, 0x0000000088700000|100%|HS|  |TAMS 0x0000000088700000, 0x0000000088600000| Complete 
| 135|0x0000000088700000, 0x0000000088800000, 0x0000000088800000|100%| O|  |TAMS 0x0000000088800000, 0x0000000088700000| Untracked 
| 136|0x0000000088800000, 0x0000000088900000, 0x0000000088900000|100%|HS|  |TAMS 0x0000000088900000, 0x0000000088800000| Complete 
| 137|0x0000000088900000, 0x0000000088a00000, 0x0000000088a00000|100%|HC|  |TAMS 0x0000000088a00000, 0x0000000088900000| Complete 
| 138|0x0000000088a00000, 0x0000000088b00000, 0x0000000088b00000|100%| O|  |TAMS 0x0000000088b00000, 0x0000000088a00000| Untracked 
| 139|0x0000000088b00000, 0x0000000088c00000, 0x0000000088c00000|100%| O|  |TAMS 0x0000000088c00000, 0x0000000088b00000| Untracked 
| 140|0x0000000088c00000, 0x0000000088d00000, 0x0000000088d00000|100%| O|  |TAMS 0x0000000088d00000, 0x0000000088c00000| Untracked 
| 141|0x0000000088d00000, 0x0000000088e00000, 0x0000000088e00000|100%| O|  |TAMS 0x0000000088e00000, 0x0000000088d00000| Untracked 
| 142|0x0000000088e00000, 0x0000000088f00000, 0x0000000088f00000|100%| O|  |TAMS 0x0000000088f00000, 0x0000000088e00000| Untracked 
| 143|0x0000000088f00000, 0x0000000089000000, 0x0000000089000000|100%| O|  |TAMS 0x0000000089000000, 0x0000000088f00000| Untracked 
| 144|0x0000000089000000, 0x0000000089100000, 0x0000000089100000|100%| O|  |TAMS 0x0000000089100000, 0x0000000089000000| Untracked 
| 145|0x0000000089100000, 0x0000000089200000, 0x0000000089200000|100%| O|  |TAMS 0x0000000089200000, 0x0000000089100000| Untracked 
| 146|0x0000000089200000, 0x0000000089300000, 0x0000000089300000|100%| O|  |TAMS 0x0000000089300000, 0x0000000089200000| Untracked 
| 147|0x0000000089300000, 0x0000000089400000, 0x0000000089400000|100%| O|  |TAMS 0x0000000089400000, 0x0000000089300000| Complete 
| 148|0x0000000089400000, 0x0000000089500000, 0x0000000089500000|100%| O|  |TAMS 0x0000000089500000, 0x0000000089400000| Untracked 
| 149|0x0000000089500000, 0x0000000089600000, 0x0000000089600000|100%| O|  |TAMS 0x0000000089600000, 0x0000000089500000| Untracked 
| 150|0x0000000089600000, 0x0000000089700000, 0x0000000089700000|100%| O|  |TAMS 0x0000000089700000, 0x0000000089600000| Untracked 
| 151|0x0000000089700000, 0x0000000089800000, 0x0000000089800000|100%| O|  |TAMS 0x0000000089800000, 0x0000000089700000| Untracked 
| 152|0x0000000089800000, 0x0000000089900000, 0x0000000089900000|100%| O|  |TAMS 0x0000000089900000, 0x0000000089800000| Untracked 
| 153|0x0000000089900000, 0x0000000089a00000, 0x0000000089a00000|100%| O|  |TAMS 0x0000000089a00000, 0x0000000089900000| Untracked 
| 154|0x0000000089a00000, 0x0000000089b00000, 0x0000000089b00000|100%| O|  |TAMS 0x0000000089b00000, 0x0000000089a00000| Untracked 
| 155|0x0000000089b00000, 0x0000000089c00000, 0x0000000089c00000|100%| O|  |TAMS 0x0000000089c00000, 0x0000000089b00000| Untracked 
| 156|0x0000000089c00000, 0x0000000089d00000, 0x0000000089d00000|100%| O|  |TAMS 0x0000000089d00000, 0x0000000089c00000| Untracked 
| 157|0x0000000089d00000, 0x0000000089e00000, 0x0000000089e00000|100%| O|  |TAMS 0x0000000089e00000, 0x0000000089d00000| Untracked 
| 158|0x0000000089e00000, 0x0000000089f00000, 0x0000000089f00000|100%| O|  |TAMS 0x0000000089f00000, 0x0000000089e00000| Complete 
| 159|0x0000000089f00000, 0x000000008a000000, 0x000000008a000000|100%|HS|  |TAMS 0x000000008a000000, 0x0000000089f00000| Complete 
| 160|0x000000008a000000, 0x000000008a000000, 0x000000008a100000|  0%| F|  |TAMS 0x000000008a000000, 0x000000008a000000| Untracked 
| 161|0x000000008a100000, 0x000000008a200000, 0x000000008a200000|100%| O|  |TAMS 0x000000008a200000, 0x000000008a100000| Complete 
| 162|0x000000008a200000, 0x000000008a300000, 0x000000008a300000|100%| O|  |TAMS 0x000000008a300000, 0x000000008a200000| Complete 
| 163|0x000000008a300000, 0x000000008a400000, 0x000000008a400000|100%| O|  |TAMS 0x000000008a300000, 0x000000008a300000| Untracked 
| 164|0x000000008a400000, 0x000000008a500000, 0x000000008a500000|100%| O|  |TAMS 0x000000008a400000, 0x000000008a400000| Untracked 
| 165|0x000000008a500000, 0x000000008a600000, 0x000000008a600000|100%| O|  |TAMS 0x000000008a500000, 0x000000008a500000| Untracked 
| 166|0x000000008a600000, 0x000000008a700000, 0x000000008a700000|100%| O|  |TAMS 0x000000008a600000, 0x000000008a600000| Untracked 
| 167|0x000000008a700000, 0x000000008a800000, 0x000000008a800000|100%| O|  |TAMS 0x000000008a700000, 0x000000008a700000| Untracked 
| 168|0x000000008a800000, 0x000000008a900000, 0x000000008a900000|100%| O|  |TAMS 0x000000008a8c0400, 0x000000008a800000| Untracked 
| 169|0x000000008a900000, 0x000000008aa00000, 0x000000008aa00000|100%| O|  |TAMS 0x000000008a900000, 0x000000008a900000| Untracked 
| 170|0x000000008aa00000, 0x000000008ab00000, 0x000000008ab00000|100%| O|  |TAMS 0x000000008aa00000, 0x000000008aa00000| Untracked 
| 171|0x000000008ab00000, 0x000000008ac00000, 0x000000008ac00000|100%| O|  |TAMS 0x000000008ab00000, 0x000000008ab00000| Untracked 
| 172|0x000000008ac00000, 0x000000008ad00000, 0x000000008ad00000|100%| O|  |TAMS 0x000000008ac00000, 0x000000008ac00000| Untracked 
| 173|0x000000008ad00000, 0x000000008ae00000, 0x000000008ae00000|100%| O|  |TAMS 0x000000008ad00000, 0x000000008ad00000| Untracked 
| 174|0x000000008ae00000, 0x000000008af00000, 0x000000008af00000|100%| O|  |TAMS 0x000000008ae00000, 0x000000008ae00000| Untracked 
| 175|0x000000008af00000, 0x000000008b000000, 0x000000008b000000|100%| O|  |TAMS 0x000000008af00000, 0x000000008af00000| Untracked 
| 176|0x000000008b000000, 0x000000008b100000, 0x000000008b100000|100%| O|  |TAMS 0x000000008b000000, 0x000000008b000000| Untracked 
| 177|0x000000008b100000, 0x000000008b200000, 0x000000008b200000|100%| O|  |TAMS 0x000000008b100000, 0x000000008b100000| Untracked 
| 178|0x000000008b200000, 0x000000008b300000, 0x000000008b300000|100%| O|  |TAMS 0x000000008b200000, 0x000000008b200000| Untracked 
| 179|0x000000008b300000, 0x000000008b400000, 0x000000008b400000|100%| O|  |TAMS 0x000000008b300000, 0x000000008b300000| Untracked 
| 180|0x000000008b400000, 0x000000008b500000, 0x000000008b500000|100%| O|  |TAMS 0x000000008b400000, 0x000000008b400000| Untracked 
| 181|0x000000008b500000, 0x000000008b600000, 0x000000008b600000|100%| O|  |TAMS 0x000000008b500000, 0x000000008b500000| Untracked 
| 182|0x000000008b600000, 0x000000008b700000, 0x000000008b700000|100%| O|  |TAMS 0x000000008b600000, 0x000000008b600000| Untracked 
| 183|0x000000008b700000, 0x000000008b800000, 0x000000008b800000|100%| O|  |TAMS 0x000000008b700000, 0x000000008b700000| Untracked 
| 184|0x000000008b800000, 0x000000008b900000, 0x000000008b900000|100%| O|  |TAMS 0x000000008b800000, 0x000000008b800000| Untracked 
| 185|0x000000008b900000, 0x000000008ba00000, 0x000000008ba00000|100%| O|  |TAMS 0x000000008b900000, 0x000000008b900000| Untracked 
| 186|0x000000008ba00000, 0x000000008bb00000, 0x000000008bb00000|100%| O|  |TAMS 0x000000008ba00000, 0x000000008ba00000| Untracked 
| 187|0x000000008bb00000, 0x000000008bc00000, 0x000000008bc00000|100%| O|  |TAMS 0x000000008bb00000, 0x000000008bb00000| Untracked 
| 188|0x000000008bc00000, 0x000000008bd00000, 0x000000008bd00000|100%| O|  |TAMS 0x000000008bc00000, 0x000000008bc00000| Untracked 
| 189|0x000000008bd00000, 0x000000008be00000, 0x000000008be00000|100%| O|  |TAMS 0x000000008bd00000, 0x000000008bd00000| Untracked 
| 190|0x000000008be00000, 0x000000008bf00000, 0x000000008bf00000|100%| O|  |TAMS 0x000000008be00000, 0x000000008be00000| Untracked 
| 191|0x000000008bf00000, 0x000000008c000000, 0x000000008c000000|100%| O|  |TAMS 0x000000008bf00000, 0x000000008bf00000| Untracked 
| 192|0x000000008c000000, 0x000000008c100000, 0x000000008c100000|100%| O|  |TAMS 0x000000008c000000, 0x000000008c000000| Untracked 
| 193|0x000000008c100000, 0x000000008c200000, 0x000000008c200000|100%| O|  |TAMS 0x000000008c100000, 0x000000008c100000| Untracked 
| 194|0x000000008c200000, 0x000000008c300000, 0x000000008c300000|100%| O|  |TAMS 0x000000008c200000, 0x000000008c200000| Untracked 
| 195|0x000000008c300000, 0x000000008c400000, 0x000000008c400000|100%| O|  |TAMS 0x000000008c300000, 0x000000008c300000| Untracked 
| 196|0x000000008c400000, 0x000000008c500000, 0x000000008c500000|100%| O|  |TAMS 0x000000008c400000, 0x000000008c400000| Untracked 
| 197|0x000000008c500000, 0x000000008c600000, 0x000000008c600000|100%| O|  |TAMS 0x000000008c500000, 0x000000008c500000| Untracked 
| 198|0x000000008c600000, 0x000000008c700000, 0x000000008c700000|100%| O|  |TAMS 0x000000008c600000, 0x000000008c600000| Untracked 
| 199|0x000000008c700000, 0x000000008c781c00, 0x000000008c800000| 50%| O|  |TAMS 0x000000008c700000, 0x000000008c700000| Untracked 
| 200|0x000000008c800000, 0x000000008c900000, 0x000000008c900000|100%|HS|  |TAMS 0x000000008c800000, 0x000000008c800000| Complete 
| 201|0x000000008c900000, 0x000000008ca00000, 0x000000008ca00000|100%|HC|  |TAMS 0x000000008c900000, 0x000000008c900000| Complete 
| 202|0x000000008ca00000, 0x000000008cb00000, 0x000000008cb00000|100%|HS|  |TAMS 0x000000008ca00000, 0x000000008ca00000| Complete 
| 203|0x000000008cb00000, 0x000000008cc00000, 0x000000008cc00000|100%|HC|  |TAMS 0x000000008cb00000, 0x000000008cb00000| Complete 
| 204|0x000000008cc00000, 0x000000008cd00000, 0x000000008cd00000|100%|HS|  |TAMS 0x000000008cc00000, 0x000000008cc00000| Complete 
| 205|0x000000008cd00000, 0x000000008ce00000, 0x000000008ce00000|100%|HC|  |TAMS 0x000000008cd00000, 0x000000008cd00000| Complete 
| 206|0x000000008ce00000, 0x000000008ce00000, 0x000000008cf00000|  0%| F|  |TAMS 0x000000008ce00000, 0x000000008ce00000| Untracked 
| 207|0x000000008cf00000, 0x000000008cf00000, 0x000000008d000000|  0%| F|  |TAMS 0x000000008cf00000, 0x000000008cf00000| Untracked 
| 208|0x000000008d000000, 0x000000008d000000, 0x000000008d100000|  0%| F|  |TAMS 0x000000008d000000, 0x000000008d000000| Untracked 
| 209|0x000000008d100000, 0x000000008d100000, 0x000000008d200000|  0%| F|  |TAMS 0x000000008d100000, 0x000000008d100000| Untracked 
| 210|0x000000008d200000, 0x000000008d200000, 0x000000008d300000|  0%| F|  |TAMS 0x000000008d200000, 0x000000008d200000| Untracked 
| 211|0x000000008d300000, 0x000000008d300000, 0x000000008d400000|  0%| F|  |TAMS 0x000000008d300000, 0x000000008d300000| Untracked 
| 212|0x000000008d400000, 0x000000008d400000, 0x000000008d500000|  0%| F|  |TAMS 0x000000008d400000, 0x000000008d400000| Untracked 
| 213|0x000000008d500000, 0x000000008d500000, 0x000000008d600000|  0%| F|  |TAMS 0x000000008d500000, 0x000000008d500000| Untracked 
| 214|0x000000008d600000, 0x000000008d600000, 0x000000008d700000|  0%| F|  |TAMS 0x000000008d600000, 0x000000008d600000| Untracked 
| 215|0x000000008d700000, 0x000000008d700000, 0x000000008d800000|  0%| F|  |TAMS 0x000000008d700000, 0x000000008d700000| Untracked 
| 216|0x000000008d800000, 0x000000008d800000, 0x000000008d900000|  0%| F|  |TAMS 0x000000008d800000, 0x000000008d800000| Untracked 
| 217|0x000000008d900000, 0x000000008d900000, 0x000000008da00000|  0%| F|  |TAMS 0x000000008d900000, 0x000000008d900000| Untracked 
| 218|0x000000008da00000, 0x000000008da00000, 0x000000008db00000|  0%| F|  |TAMS 0x000000008da00000, 0x000000008da00000| Untracked 
| 219|0x000000008db00000, 0x000000008db00000, 0x000000008dc00000|  0%| F|  |TAMS 0x000000008db00000, 0x000000008db00000| Untracked 
| 220|0x000000008dc00000, 0x000000008dc00000, 0x000000008dd00000|  0%| F|  |TAMS 0x000000008dc00000, 0x000000008dc00000| Untracked 
| 221|0x000000008dd00000, 0x000000008dd00000, 0x000000008de00000|  0%| F|  |TAMS 0x000000008dd00000, 0x000000008dd00000| Untracked 
| 222|0x000000008de00000, 0x000000008de00000, 0x000000008df00000|  0%| F|  |TAMS 0x000000008de00000, 0x000000008de00000| Untracked 
| 223|0x000000008df00000, 0x000000008df00000, 0x000000008e000000|  0%| F|  |TAMS 0x000000008df00000, 0x000000008df00000| Untracked 
| 224|0x000000008e000000, 0x000000008e000000, 0x000000008e100000|  0%| F|  |TAMS 0x000000008e000000, 0x000000008e000000| Untracked 
| 225|0x000000008e100000, 0x000000008e100000, 0x000000008e200000|  0%| F|  |TAMS 0x000000008e100000, 0x000000008e100000| Untracked 
| 226|0x000000008e200000, 0x000000008e200000, 0x000000008e300000|  0%| F|  |TAMS 0x000000008e200000, 0x000000008e200000| Untracked 
| 227|0x000000008e300000, 0x000000008e300000, 0x000000008e400000|  0%| F|  |TAMS 0x000000008e300000, 0x000000008e300000| Untracked 
| 228|0x000000008e400000, 0x000000008e400000, 0x000000008e500000|  0%| F|  |TAMS 0x000000008e400000, 0x000000008e400000| Untracked 
| 229|0x000000008e500000, 0x000000008e500000, 0x000000008e600000|  0%| F|  |TAMS 0x000000008e500000, 0x000000008e500000| Untracked 
| 230|0x000000008e600000, 0x000000008e600000, 0x000000008e700000|  0%| F|  |TAMS 0x000000008e600000, 0x000000008e600000| Untracked 
| 231|0x000000008e700000, 0x000000008e700000, 0x000000008e800000|  0%| F|  |TAMS 0x000000008e700000, 0x000000008e700000| Untracked 
| 232|0x000000008e800000, 0x000000008e800000, 0x000000008e900000|  0%| F|  |TAMS 0x000000008e800000, 0x000000008e800000| Untracked 
| 233|0x000000008e900000, 0x000000008e900000, 0x000000008ea00000|  0%| F|  |TAMS 0x000000008e900000, 0x000000008e900000| Untracked 
| 234|0x000000008ea00000, 0x000000008ea00000, 0x000000008eb00000|  0%| F|  |TAMS 0x000000008ea00000, 0x000000008ea00000| Untracked 
| 235|0x000000008eb00000, 0x000000008eb00000, 0x000000008ec00000|  0%| F|  |TAMS 0x000000008eb00000, 0x000000008eb00000| Untracked 
| 236|0x000000008ec00000, 0x000000008ec00000, 0x000000008ed00000|  0%| F|  |TAMS 0x000000008ec00000, 0x000000008ec00000| Untracked 
| 237|0x000000008ed00000, 0x000000008ed00000, 0x000000008ee00000|  0%| F|  |TAMS 0x000000008ed00000, 0x000000008ed00000| Untracked 
| 238|0x000000008ee00000, 0x000000008ee00000, 0x000000008ef00000|  0%| F|  |TAMS 0x000000008ee00000, 0x000000008ee00000| Untracked 
| 239|0x000000008ef00000, 0x000000008ef00000, 0x000000008f000000|  0%| F|  |TAMS 0x000000008ef00000, 0x000000008ef00000| Untracked 
| 240|0x000000008f000000, 0x000000008f000000, 0x000000008f100000|  0%| F|  |TAMS 0x000000008f000000, 0x000000008f000000| Untracked 
| 241|0x000000008f100000, 0x000000008f100000, 0x000000008f200000|  0%| F|  |TAMS 0x000000008f100000, 0x000000008f100000| Untracked 
| 242|0x000000008f200000, 0x000000008f200000, 0x000000008f300000|  0%| F|  |TAMS 0x000000008f200000, 0x000000008f200000| Untracked 
| 243|0x000000008f300000, 0x000000008f300000, 0x000000008f400000|  0%| F|  |TAMS 0x000000008f300000, 0x000000008f300000| Untracked 
| 244|0x000000008f400000, 0x000000008f400000, 0x000000008f500000|  0%| F|  |TAMS 0x000000008f400000, 0x000000008f400000| Untracked 
| 245|0x000000008f500000, 0x000000008f500000, 0x000000008f600000|  0%| F|  |TAMS 0x000000008f500000, 0x000000008f500000| Untracked 
| 246|0x000000008f600000, 0x000000008f600000, 0x000000008f700000|  0%| F|  |TAMS 0x000000008f600000, 0x000000008f600000| Untracked 
| 247|0x000000008f700000, 0x000000008f700000, 0x000000008f800000|  0%| F|  |TAMS 0x000000008f700000, 0x000000008f700000| Untracked 
| 248|0x000000008f800000, 0x000000008f800000, 0x000000008f900000|  0%| F|  |TAMS 0x000000008f800000, 0x000000008f800000| Untracked 
| 249|0x000000008f900000, 0x000000008f900000, 0x000000008fa00000|  0%| F|  |TAMS 0x000000008f900000, 0x000000008f900000| Untracked 
| 250|0x000000008fa00000, 0x000000008fa00000, 0x000000008fb00000|  0%| F|  |TAMS 0x000000008fa00000, 0x000000008fa00000| Untracked 
| 251|0x000000008fb00000, 0x000000008fb00000, 0x000000008fc00000|  0%| F|  |TAMS 0x000000008fb00000, 0x000000008fb00000| Untracked 
| 252|0x000000008fc00000, 0x000000008fc00000, 0x000000008fd00000|  0%| F|  |TAMS 0x000000008fc00000, 0x000000008fc00000| Untracked 
| 253|0x000000008fd00000, 0x000000008fd00000, 0x000000008fe00000|  0%| F|  |TAMS 0x000000008fd00000, 0x000000008fd00000| Untracked 
| 254|0x000000008fe00000, 0x000000008fe00000, 0x000000008ff00000|  0%| F|  |TAMS 0x000000008fe00000, 0x000000008fe00000| Untracked 
| 255|0x000000008ff00000, 0x000000008ff00000, 0x0000000090000000|  0%| F|  |TAMS 0x000000008ff00000, 0x000000008ff00000| Untracked 
| 256|0x0000000090000000, 0x0000000090000000, 0x0000000090100000|  0%| F|  |TAMS 0x0000000090000000, 0x0000000090000000| Untracked 
| 257|0x0000000090100000, 0x0000000090100000, 0x0000000090200000|  0%| F|  |TAMS 0x0000000090100000, 0x0000000090100000| Untracked 
| 258|0x0000000090200000, 0x0000000090200000, 0x0000000090300000|  0%| F|  |TAMS 0x0000000090200000, 0x0000000090200000| Untracked 
| 259|0x0000000090300000, 0x0000000090300000, 0x0000000090400000|  0%| F|  |TAMS 0x0000000090300000, 0x0000000090300000| Untracked 
| 260|0x0000000090400000, 0x0000000090400000, 0x0000000090500000|  0%| F|  |TAMS 0x0000000090400000, 0x0000000090400000| Untracked 
| 261|0x0000000090500000, 0x0000000090500000, 0x0000000090600000|  0%| F|  |TAMS 0x0000000090500000, 0x0000000090500000| Untracked 
| 262|0x0000000090600000, 0x0000000090600000, 0x0000000090700000|  0%| F|  |TAMS 0x0000000090600000, 0x0000000090600000| Untracked 
| 263|0x0000000090700000, 0x0000000090700000, 0x0000000090800000|  0%| F|  |TAMS 0x0000000090700000, 0x0000000090700000| Untracked 
| 264|0x0000000090800000, 0x0000000090800000, 0x0000000090900000|  0%| F|  |TAMS 0x0000000090800000, 0x0000000090800000| Untracked 
| 265|0x0000000090900000, 0x0000000090900000, 0x0000000090a00000|  0%| F|  |TAMS 0x0000000090900000, 0x0000000090900000| Untracked 
| 266|0x0000000090a00000, 0x0000000090a00000, 0x0000000090b00000|  0%| F|  |TAMS 0x0000000090a00000, 0x0000000090a00000| Untracked 
| 267|0x0000000090b00000, 0x0000000090b00000, 0x0000000090c00000|  0%| F|  |TAMS 0x0000000090b00000, 0x0000000090b00000| Untracked 
| 268|0x0000000090c00000, 0x0000000090c00000, 0x0000000090d00000|  0%| F|  |TAMS 0x0000000090c00000, 0x0000000090c00000| Untracked 
| 269|0x0000000090d00000, 0x0000000090d00000, 0x0000000090e00000|  0%| F|  |TAMS 0x0000000090d00000, 0x0000000090d00000| Untracked 
| 270|0x0000000090e00000, 0x0000000090e00000, 0x0000000090f00000|  0%| F|  |TAMS 0x0000000090e00000, 0x0000000090e00000| Untracked 
| 271|0x0000000090f00000, 0x0000000090f00000, 0x0000000091000000|  0%| F|  |TAMS 0x0000000090f00000, 0x0000000090f00000| Untracked 
| 272|0x0000000091000000, 0x0000000091000000, 0x0000000091100000|  0%| F|  |TAMS 0x0000000091000000, 0x0000000091000000| Untracked 
| 273|0x0000000091100000, 0x0000000091100000, 0x0000000091200000|  0%| F|  |TAMS 0x0000000091100000, 0x0000000091100000| Untracked 
| 274|0x0000000091200000, 0x0000000091200000, 0x0000000091300000|  0%| F|  |TAMS 0x0000000091200000, 0x0000000091200000| Untracked 
| 275|0x0000000091300000, 0x0000000091300000, 0x0000000091400000|  0%| F|  |TAMS 0x0000000091300000, 0x0000000091300000| Untracked 
| 276|0x0000000091400000, 0x0000000091400000, 0x0000000091500000|  0%| F|  |TAMS 0x0000000091400000, 0x0000000091400000| Untracked 
| 277|0x0000000091500000, 0x0000000091500000, 0x0000000091600000|  0%| F|  |TAMS 0x0000000091500000, 0x0000000091500000| Untracked 
| 278|0x0000000091600000, 0x0000000091600000, 0x0000000091700000|  0%| F|  |TAMS 0x0000000091600000, 0x0000000091600000| Untracked 
| 279|0x0000000091700000, 0x0000000091700000, 0x0000000091800000|  0%| F|  |TAMS 0x0000000091700000, 0x0000000091700000| Untracked 
| 280|0x0000000091800000, 0x0000000091800000, 0x0000000091900000|  0%| F|  |TAMS 0x0000000091800000, 0x0000000091800000| Untracked 
| 281|0x0000000091900000, 0x0000000091900000, 0x0000000091a00000|  0%| F|  |TAMS 0x0000000091900000, 0x0000000091900000| Untracked 
| 282|0x0000000091a00000, 0x0000000091a00000, 0x0000000091b00000|  0%| F|  |TAMS 0x0000000091a00000, 0x0000000091a00000| Untracked 
| 283|0x0000000091b00000, 0x0000000091b00000, 0x0000000091c00000|  0%| F|  |TAMS 0x0000000091b00000, 0x0000000091b00000| Untracked 
| 284|0x0000000091c00000, 0x0000000091c00000, 0x0000000091d00000|  0%| F|  |TAMS 0x0000000091c00000, 0x0000000091c00000| Untracked 
| 285|0x0000000091d00000, 0x0000000091d00000, 0x0000000091e00000|  0%| F|  |TAMS 0x0000000091d00000, 0x0000000091d00000| Untracked 
| 286|0x0000000091e00000, 0x0000000091e00000, 0x0000000091f00000|  0%| F|  |TAMS 0x0000000091e00000, 0x0000000091e00000| Untracked 
| 287|0x0000000091f00000, 0x0000000091f00000, 0x0000000092000000|  0%| F|  |TAMS 0x0000000091f00000, 0x0000000091f00000| Untracked 
| 288|0x0000000092000000, 0x0000000092000000, 0x0000000092100000|  0%| F|  |TAMS 0x0000000092000000, 0x0000000092000000| Untracked 
| 289|0x0000000092100000, 0x0000000092100000, 0x0000000092200000|  0%| F|  |TAMS 0x0000000092100000, 0x0000000092100000| Untracked 
| 290|0x0000000092200000, 0x0000000092200000, 0x0000000092300000|  0%| F|  |TAMS 0x0000000092200000, 0x0000000092200000| Untracked 
| 291|0x0000000092300000, 0x0000000092300000, 0x0000000092400000|  0%| F|  |TAMS 0x0000000092300000, 0x0000000092300000| Untracked 
| 292|0x0000000092400000, 0x0000000092400000, 0x0000000092500000|  0%| F|  |TAMS 0x0000000092400000, 0x0000000092400000| Untracked 
| 293|0x0000000092500000, 0x0000000092500000, 0x0000000092600000|  0%| F|  |TAMS 0x0000000092500000, 0x0000000092500000| Untracked 
| 294|0x0000000092600000, 0x0000000092600000, 0x0000000092700000|  0%| F|  |TAMS 0x0000000092600000, 0x0000000092600000| Untracked 
| 295|0x0000000092700000, 0x0000000092700000, 0x0000000092800000|  0%| F|  |TAMS 0x0000000092700000, 0x0000000092700000| Untracked 
| 296|0x0000000092800000, 0x0000000092800000, 0x0000000092900000|  0%| F|  |TAMS 0x0000000092800000, 0x0000000092800000| Untracked 
| 297|0x0000000092900000, 0x0000000092900000, 0x0000000092a00000|  0%| F|  |TAMS 0x0000000092900000, 0x0000000092900000| Untracked 
| 298|0x0000000092a00000, 0x0000000092a00000, 0x0000000092b00000|  0%| F|  |TAMS 0x0000000092a00000, 0x0000000092a00000| Untracked 
| 299|0x0000000092b00000, 0x0000000092b00000, 0x0000000092c00000|  0%| F|  |TAMS 0x0000000092b00000, 0x0000000092b00000| Untracked 
| 300|0x0000000092c00000, 0x0000000092c00000, 0x0000000092d00000|  0%| F|  |TAMS 0x0000000092c00000, 0x0000000092c00000| Untracked 
| 301|0x0000000092d00000, 0x0000000092d00000, 0x0000000092e00000|  0%| F|  |TAMS 0x0000000092d00000, 0x0000000092d00000| Untracked 
| 302|0x0000000092e00000, 0x0000000092e00000, 0x0000000092f00000|  0%| F|  |TAMS 0x0000000092e00000, 0x0000000092e00000| Untracked 
| 303|0x0000000092f00000, 0x0000000092f00000, 0x0000000093000000|  0%| F|  |TAMS 0x0000000092f00000, 0x0000000092f00000| Untracked 
| 304|0x0000000093000000, 0x0000000093000000, 0x0000000093100000|  0%| F|  |TAMS 0x0000000093000000, 0x0000000093000000| Untracked 
| 305|0x0000000093100000, 0x0000000093100000, 0x0000000093200000|  0%| F|  |TAMS 0x0000000093100000, 0x0000000093100000| Untracked 
| 306|0x0000000093200000, 0x0000000093200000, 0x0000000093300000|  0%| F|  |TAMS 0x0000000093200000, 0x0000000093200000| Untracked 
| 307|0x0000000093300000, 0x0000000093300000, 0x0000000093400000|  0%| F|  |TAMS 0x0000000093300000, 0x0000000093300000| Untracked 
| 308|0x0000000093400000, 0x0000000093400000, 0x0000000093500000|  0%| F|  |TAMS 0x0000000093400000, 0x0000000093400000| Untracked 
| 309|0x0000000093500000, 0x0000000093500000, 0x0000000093600000|  0%| F|  |TAMS 0x0000000093500000, 0x0000000093500000| Untracked 
| 310|0x0000000093600000, 0x0000000093600000, 0x0000000093700000|  0%| F|  |TAMS 0x0000000093600000, 0x0000000093600000| Untracked 
| 311|0x0000000093700000, 0x0000000093700000, 0x0000000093800000|  0%| F|  |TAMS 0x0000000093700000, 0x0000000093700000| Untracked 
| 312|0x0000000093800000, 0x0000000093800000, 0x0000000093900000|  0%| F|  |TAMS 0x0000000093800000, 0x0000000093800000| Untracked 
| 313|0x0000000093900000, 0x0000000093900000, 0x0000000093a00000|  0%| F|  |TAMS 0x0000000093900000, 0x0000000093900000| Untracked 
| 314|0x0000000093a00000, 0x0000000093a00000, 0x0000000093b00000|  0%| F|  |TAMS 0x0000000093a00000, 0x0000000093a00000| Untracked 
| 315|0x0000000093b00000, 0x0000000093b00000, 0x0000000093c00000|  0%| F|  |TAMS 0x0000000093b00000, 0x0000000093b00000| Untracked 
| 316|0x0000000093c00000, 0x0000000093c00000, 0x0000000093d00000|  0%| F|  |TAMS 0x0000000093c00000, 0x0000000093c00000| Untracked 
| 317|0x0000000093d00000, 0x0000000093d00000, 0x0000000093e00000|  0%| F|  |TAMS 0x0000000093d00000, 0x0000000093d00000| Untracked 
| 318|0x0000000093e00000, 0x0000000093e00000, 0x0000000093f00000|  0%| F|  |TAMS 0x0000000093e00000, 0x0000000093e00000| Untracked 
| 319|0x0000000093f00000, 0x0000000093f00000, 0x0000000094000000|  0%| F|  |TAMS 0x0000000093f00000, 0x0000000093f00000| Untracked 
| 320|0x0000000094000000, 0x0000000094000000, 0x0000000094100000|  0%| F|  |TAMS 0x0000000094000000, 0x0000000094000000| Untracked 
| 321|0x0000000094100000, 0x0000000094100000, 0x0000000094200000|  0%| F|  |TAMS 0x0000000094100000, 0x0000000094100000| Untracked 
| 322|0x0000000094200000, 0x0000000094200000, 0x0000000094300000|  0%| F|  |TAMS 0x0000000094200000, 0x0000000094200000| Untracked 
| 323|0x0000000094300000, 0x0000000094300000, 0x0000000094400000|  0%| F|  |TAMS 0x0000000094300000, 0x0000000094300000| Untracked 
| 324|0x0000000094400000, 0x0000000094400000, 0x0000000094500000|  0%| F|  |TAMS 0x0000000094400000, 0x0000000094400000| Untracked 
| 325|0x0000000094500000, 0x0000000094500000, 0x0000000094600000|  0%| F|  |TAMS 0x0000000094500000, 0x0000000094500000| Untracked 
| 326|0x0000000094600000, 0x0000000094600000, 0x0000000094700000|  0%| F|  |TAMS 0x0000000094600000, 0x0000000094600000| Untracked 
| 327|0x0000000094700000, 0x0000000094700000, 0x0000000094800000|  0%| F|  |TAMS 0x0000000094700000, 0x0000000094700000| Untracked 
| 328|0x0000000094800000, 0x0000000094800000, 0x0000000094900000|  0%| F|  |TAMS 0x0000000094800000, 0x0000000094800000| Untracked 
| 329|0x0000000094900000, 0x0000000094900000, 0x0000000094a00000|  0%| F|  |TAMS 0x0000000094900000, 0x0000000094900000| Untracked 
| 330|0x0000000094a00000, 0x0000000094a00000, 0x0000000094b00000|  0%| F|  |TAMS 0x0000000094a00000, 0x0000000094a00000| Untracked 
| 331|0x0000000094b00000, 0x0000000094b00000, 0x0000000094c00000|  0%| F|  |TAMS 0x0000000094b00000, 0x0000000094b00000| Untracked 
| 332|0x0000000094c00000, 0x0000000094c00000, 0x0000000094d00000|  0%| F|  |TAMS 0x0000000094c00000, 0x0000000094c00000| Untracked 
| 333|0x0000000094d00000, 0x0000000094d00000, 0x0000000094e00000|  0%| F|  |TAMS 0x0000000094d00000, 0x0000000094d00000| Untracked 
| 334|0x0000000094e00000, 0x0000000094e00000, 0x0000000094f00000|  0%| F|  |TAMS 0x0000000094e00000, 0x0000000094e00000| Untracked 
| 335|0x0000000094f00000, 0x0000000094f00000, 0x0000000095000000|  0%| F|  |TAMS 0x0000000094f00000, 0x0000000094f00000| Untracked 
| 336|0x0000000095000000, 0x0000000095000000, 0x0000000095100000|  0%| F|  |TAMS 0x0000000095000000, 0x0000000095000000| Untracked 
| 337|0x0000000095100000, 0x0000000095100000, 0x0000000095200000|  0%| F|  |TAMS 0x0000000095100000, 0x0000000095100000| Untracked 
| 338|0x0000000095200000, 0x0000000095200000, 0x0000000095300000|  0%| F|  |TAMS 0x0000000095200000, 0x0000000095200000| Untracked 
| 339|0x0000000095300000, 0x0000000095300000, 0x0000000095400000|  0%| F|  |TAMS 0x0000000095300000, 0x0000000095300000| Untracked 
| 340|0x0000000095400000, 0x0000000095400000, 0x0000000095500000|  0%| F|  |TAMS 0x0000000095400000, 0x0000000095400000| Untracked 
| 341|0x0000000095500000, 0x0000000095500000, 0x0000000095600000|  0%| F|  |TAMS 0x0000000095500000, 0x0000000095500000| Untracked 
| 342|0x0000000095600000, 0x0000000095600000, 0x0000000095700000|  0%| F|  |TAMS 0x0000000095600000, 0x0000000095600000| Untracked 
| 343|0x0000000095700000, 0x0000000095700000, 0x0000000095800000|  0%| F|  |TAMS 0x0000000095700000, 0x0000000095700000| Untracked 
| 344|0x0000000095800000, 0x0000000095800000, 0x0000000095900000|  0%| F|  |TAMS 0x0000000095800000, 0x0000000095800000| Untracked 
| 345|0x0000000095900000, 0x0000000095900000, 0x0000000095a00000|  0%| F|  |TAMS 0x0000000095900000, 0x0000000095900000| Untracked 
| 346|0x0000000095a00000, 0x0000000095a00000, 0x0000000095b00000|  0%| F|  |TAMS 0x0000000095a00000, 0x0000000095a00000| Untracked 
| 347|0x0000000095b00000, 0x0000000095b00000, 0x0000000095c00000|  0%| F|  |TAMS 0x0000000095b00000, 0x0000000095b00000| Untracked 
| 348|0x0000000095c00000, 0x0000000095c00000, 0x0000000095d00000|  0%| F|  |TAMS 0x0000000095c00000, 0x0000000095c00000| Untracked 
| 349|0x0000000095d00000, 0x0000000095d00000, 0x0000000095e00000|  0%| F|  |TAMS 0x0000000095d00000, 0x0000000095d00000| Untracked 
| 350|0x0000000095e00000, 0x0000000095e00000, 0x0000000095f00000|  0%| F|  |TAMS 0x0000000095e00000, 0x0000000095e00000| Untracked 
| 351|0x0000000095f00000, 0x0000000095f00000, 0x0000000096000000|  0%| F|  |TAMS 0x0000000095f00000, 0x0000000095f00000| Untracked 
| 352|0x0000000096000000, 0x0000000096000000, 0x0000000096100000|  0%| F|  |TAMS 0x0000000096000000, 0x0000000096000000| Untracked 
| 353|0x0000000096100000, 0x0000000096100000, 0x0000000096200000|  0%| F|  |TAMS 0x0000000096100000, 0x0000000096100000| Untracked 
| 354|0x0000000096200000, 0x0000000096200000, 0x0000000096300000|  0%| F|  |TAMS 0x0000000096200000, 0x0000000096200000| Untracked 
| 355|0x0000000096300000, 0x0000000096300000, 0x0000000096400000|  0%| F|  |TAMS 0x0000000096300000, 0x0000000096300000| Untracked 
| 356|0x0000000096400000, 0x0000000096400000, 0x0000000096500000|  0%| F|  |TAMS 0x0000000096400000, 0x0000000096400000| Untracked 
| 357|0x0000000096500000, 0x0000000096500000, 0x0000000096600000|  0%| F|  |TAMS 0x0000000096500000, 0x0000000096500000| Untracked 
| 358|0x0000000096600000, 0x0000000096600000, 0x0000000096700000|  0%| F|  |TAMS 0x0000000096600000, 0x0000000096600000| Untracked 
| 359|0x0000000096700000, 0x0000000096700000, 0x0000000096800000|  0%| F|  |TAMS 0x0000000096700000, 0x0000000096700000| Untracked 
| 360|0x0000000096800000, 0x0000000096800000, 0x0000000096900000|  0%| F|  |TAMS 0x0000000096800000, 0x0000000096800000| Untracked 
| 361|0x0000000096900000, 0x0000000096900000, 0x0000000096a00000|  0%| F|  |TAMS 0x0000000096900000, 0x0000000096900000| Untracked 
| 362|0x0000000096a00000, 0x0000000096a00000, 0x0000000096b00000|  0%| F|  |TAMS 0x0000000096a00000, 0x0000000096a00000| Untracked 
| 363|0x0000000096b00000, 0x0000000096b00000, 0x0000000096c00000|  0%| F|  |TAMS 0x0000000096b00000, 0x0000000096b00000| Untracked 
| 364|0x0000000096c00000, 0x0000000096c00000, 0x0000000096d00000|  0%| F|  |TAMS 0x0000000096c00000, 0x0000000096c00000| Untracked 
| 365|0x0000000096d00000, 0x0000000096d00000, 0x0000000096e00000|  0%| F|  |TAMS 0x0000000096d00000, 0x0000000096d00000| Untracked 
| 366|0x0000000096e00000, 0x0000000096e00000, 0x0000000096f00000|  0%| F|  |TAMS 0x0000000096e00000, 0x0000000096e00000| Untracked 
| 367|0x0000000096f00000, 0x0000000096f00000, 0x0000000097000000|  0%| F|  |TAMS 0x0000000096f00000, 0x0000000096f00000| Untracked 
| 368|0x0000000097000000, 0x0000000097000000, 0x0000000097100000|  0%| F|  |TAMS 0x0000000097000000, 0x0000000097000000| Untracked 
| 369|0x0000000097100000, 0x0000000097100000, 0x0000000097200000|  0%| F|  |TAMS 0x0000000097100000, 0x0000000097100000| Untracked 
| 370|0x0000000097200000, 0x0000000097200000, 0x0000000097300000|  0%| F|  |TAMS 0x0000000097200000, 0x0000000097200000| Untracked 
| 371|0x0000000097300000, 0x0000000097300000, 0x0000000097400000|  0%| F|  |TAMS 0x0000000097300000, 0x0000000097300000| Untracked 
| 372|0x0000000097400000, 0x0000000097400000, 0x0000000097500000|  0%| F|  |TAMS 0x0000000097400000, 0x0000000097400000| Untracked 
| 373|0x0000000097500000, 0x0000000097500000, 0x0000000097600000|  0%| F|  |TAMS 0x0000000097500000, 0x0000000097500000| Untracked 
| 374|0x0000000097600000, 0x0000000097600000, 0x0000000097700000|  0%| F|  |TAMS 0x0000000097600000, 0x0000000097600000| Untracked 
| 375|0x0000000097700000, 0x0000000097700000, 0x0000000097800000|  0%| F|  |TAMS 0x0000000097700000, 0x0000000097700000| Untracked 
| 376|0x0000000097800000, 0x0000000097800000, 0x0000000097900000|  0%| F|  |TAMS 0x0000000097800000, 0x0000000097800000| Untracked 
| 377|0x0000000097900000, 0x0000000097900000, 0x0000000097a00000|  0%| F|  |TAMS 0x0000000097900000, 0x0000000097900000| Untracked 
| 378|0x0000000097a00000, 0x0000000097a00000, 0x0000000097b00000|  0%| F|  |TAMS 0x0000000097a00000, 0x0000000097a00000| Untracked 
| 379|0x0000000097b00000, 0x0000000097b00000, 0x0000000097c00000|  0%| F|  |TAMS 0x0000000097b00000, 0x0000000097b00000| Untracked 
| 380|0x0000000097c00000, 0x0000000097c00000, 0x0000000097d00000|  0%| F|  |TAMS 0x0000000097c00000, 0x0000000097c00000| Untracked 
| 381|0x0000000097d00000, 0x0000000097d00000, 0x0000000097e00000|  0%| F|  |TAMS 0x0000000097d00000, 0x0000000097d00000| Untracked 
| 382|0x0000000097e00000, 0x0000000097e00000, 0x0000000097f00000|  0%| F|  |TAMS 0x0000000097e00000, 0x0000000097e00000| Untracked 
| 383|0x0000000097f00000, 0x0000000097f00000, 0x0000000098000000|  0%| F|  |TAMS 0x0000000097f00000, 0x0000000097f00000| Untracked 
| 384|0x0000000098000000, 0x0000000098000000, 0x0000000098100000|  0%| F|  |TAMS 0x0000000098000000, 0x0000000098000000| Untracked 
| 385|0x0000000098100000, 0x0000000098100000, 0x0000000098200000|  0%| F|  |TAMS 0x0000000098100000, 0x0000000098100000| Untracked 
| 386|0x0000000098200000, 0x0000000098200000, 0x0000000098300000|  0%| F|  |TAMS 0x0000000098200000, 0x0000000098200000| Untracked 
| 387|0x0000000098300000, 0x0000000098300000, 0x0000000098400000|  0%| F|  |TAMS 0x0000000098300000, 0x0000000098300000| Untracked 
| 388|0x0000000098400000, 0x0000000098400000, 0x0000000098500000|  0%| F|  |TAMS 0x0000000098400000, 0x0000000098400000| Untracked 
| 389|0x0000000098500000, 0x0000000098500000, 0x0000000098600000|  0%| F|  |TAMS 0x0000000098500000, 0x0000000098500000| Untracked 
| 390|0x0000000098600000, 0x0000000098600000, 0x0000000098700000|  0%| F|  |TAMS 0x0000000098600000, 0x0000000098600000| Untracked 
| 391|0x0000000098700000, 0x0000000098700000, 0x0000000098800000|  0%| F|  |TAMS 0x0000000098700000, 0x0000000098700000| Untracked 
| 392|0x0000000098800000, 0x0000000098800000, 0x0000000098900000|  0%| F|  |TAMS 0x0000000098800000, 0x0000000098800000| Untracked 
| 393|0x0000000098900000, 0x0000000098900000, 0x0000000098a00000|  0%| F|  |TAMS 0x0000000098900000, 0x0000000098900000| Untracked 
| 394|0x0000000098a00000, 0x0000000098a00000, 0x0000000098b00000|  0%| F|  |TAMS 0x0000000098a00000, 0x0000000098a00000| Untracked 
| 395|0x0000000098b00000, 0x0000000098b00000, 0x0000000098c00000|  0%| F|  |TAMS 0x0000000098b00000, 0x0000000098b00000| Untracked 
| 396|0x0000000098c00000, 0x0000000098c00000, 0x0000000098d00000|  0%| F|  |TAMS 0x0000000098c00000, 0x0000000098c00000| Untracked 
| 397|0x0000000098d00000, 0x0000000098d00000, 0x0000000098e00000|  0%| F|  |TAMS 0x0000000098d00000, 0x0000000098d00000| Untracked 
| 398|0x0000000098e00000, 0x0000000098e00000, 0x0000000098f00000|  0%| F|  |TAMS 0x0000000098e00000, 0x0000000098e00000| Untracked 
| 399|0x0000000098f00000, 0x0000000098f00000, 0x0000000099000000|  0%| F|  |TAMS 0x0000000098f00000, 0x0000000098f00000| Untracked 
| 400|0x0000000099000000, 0x0000000099000000, 0x0000000099100000|  0%| F|  |TAMS 0x0000000099000000, 0x0000000099000000| Untracked 
| 401|0x0000000099100000, 0x0000000099100000, 0x0000000099200000|  0%| F|  |TAMS 0x0000000099100000, 0x0000000099100000| Untracked 
| 402|0x0000000099200000, 0x0000000099200000, 0x0000000099300000|  0%| F|  |TAMS 0x0000000099200000, 0x0000000099200000| Untracked 
| 403|0x0000000099300000, 0x0000000099300000, 0x0000000099400000|  0%| F|  |TAMS 0x0000000099300000, 0x0000000099300000| Untracked 
| 404|0x0000000099400000, 0x0000000099400000, 0x0000000099500000|  0%| F|  |TAMS 0x0000000099400000, 0x0000000099400000| Untracked 
| 405|0x0000000099500000, 0x0000000099500000, 0x0000000099600000|  0%| F|  |TAMS 0x0000000099500000, 0x0000000099500000| Untracked 
| 406|0x0000000099600000, 0x0000000099600000, 0x0000000099700000|  0%| F|  |TAMS 0x0000000099600000, 0x0000000099600000| Untracked 
| 407|0x0000000099700000, 0x0000000099700000, 0x0000000099800000|  0%| F|  |TAMS 0x0000000099700000, 0x0000000099700000| Untracked 
| 408|0x0000000099800000, 0x0000000099800000, 0x0000000099900000|  0%| F|  |TAMS 0x0000000099800000, 0x0000000099800000| Untracked 
| 409|0x0000000099900000, 0x0000000099900000, 0x0000000099a00000|  0%| F|  |TAMS 0x0000000099900000, 0x0000000099900000| Untracked 
| 410|0x0000000099a00000, 0x0000000099a00000, 0x0000000099b00000|  0%| F|  |TAMS 0x0000000099a00000, 0x0000000099a00000| Untracked 
| 411|0x0000000099b00000, 0x0000000099b00000, 0x0000000099c00000|  0%| F|  |TAMS 0x0000000099b00000, 0x0000000099b00000| Untracked 
| 412|0x0000000099c00000, 0x0000000099c00000, 0x0000000099d00000|  0%| F|  |TAMS 0x0000000099c00000, 0x0000000099c00000| Untracked 
| 413|0x0000000099d00000, 0x0000000099d80000, 0x0000000099e00000| 50%| S|CS|TAMS 0x0000000099d00000, 0x0000000099d00000| Complete 
| 414|0x0000000099e00000, 0x0000000099f00000, 0x0000000099f00000|100%| S|CS|TAMS 0x0000000099e00000, 0x0000000099e00000| Complete 
| 415|0x0000000099f00000, 0x000000009a000000, 0x000000009a000000|100%| S|CS|TAMS 0x0000000099f00000, 0x0000000099f00000| Complete 
| 416|0x000000009a000000, 0x000000009a100000, 0x000000009a100000|100%| S|CS|TAMS 0x000000009a000000, 0x000000009a000000| Complete 
| 417|0x000000009a100000, 0x000000009a200000, 0x000000009a200000|100%| S|CS|TAMS 0x000000009a100000, 0x000000009a100000| Complete 
| 418|0x000000009a200000, 0x000000009a300000, 0x000000009a300000|100%| S|CS|TAMS 0x000000009a200000, 0x000000009a200000| Complete 
| 419|0x000000009a300000, 0x000000009a400000, 0x000000009a400000|100%| S|CS|TAMS 0x000000009a300000, 0x000000009a300000| Complete 
| 420|0x000000009a400000, 0x000000009a500000, 0x000000009a500000|100%| S|CS|TAMS 0x000000009a400000, 0x000000009a400000| Complete 
| 421|0x000000009a500000, 0x000000009a600000, 0x000000009a600000|100%| S|CS|TAMS 0x000000009a500000, 0x000000009a500000| Complete 
| 422|0x000000009a600000, 0x000000009a600000, 0x000000009a700000|  0%| F|  |TAMS 0x000000009a600000, 0x000000009a600000| Untracked 
| 423|0x000000009a700000, 0x000000009a700000, 0x000000009a800000|  0%| F|  |TAMS 0x000000009a700000, 0x000000009a700000| Untracked 
| 424|0x000000009a800000, 0x000000009a800000, 0x000000009a900000|  0%| F|  |TAMS 0x000000009a800000, 0x000000009a800000| Untracked 
| 425|0x000000009a900000, 0x000000009a900000, 0x000000009aa00000|  0%| F|  |TAMS 0x000000009a900000, 0x000000009a900000| Untracked 
| 426|0x000000009aa00000, 0x000000009aa00000, 0x000000009ab00000|  0%| F|  |TAMS 0x000000009aa00000, 0x000000009aa00000| Untracked 
| 427|0x000000009ab00000, 0x000000009abfb498, 0x000000009ac00000| 98%| E|  |TAMS 0x000000009ab00000, 0x000000009ab00000| Complete 
| 428|0x000000009ac00000, 0x000000009ad00000, 0x000000009ad00000|100%| E|CS|TAMS 0x000000009ac00000, 0x000000009ac00000| Complete 
| 429|0x000000009ad00000, 0x000000009ae00000, 0x000000009ae00000|100%| E|CS|TAMS 0x000000009ad00000, 0x000000009ad00000| Complete 
| 430|0x000000009ae00000, 0x000000009af00000, 0x000000009af00000|100%| E|CS|TAMS 0x000000009ae00000, 0x000000009ae00000| Complete 
| 431|0x000000009af00000, 0x000000009b000000, 0x000000009b000000|100%| E|CS|TAMS 0x000000009af00000, 0x000000009af00000| Complete 
| 432|0x000000009b000000, 0x000000009b100000, 0x000000009b100000|100%| E|CS|TAMS 0x000000009b000000, 0x000000009b000000| Complete 
| 433|0x000000009b100000, 0x000000009b200000, 0x000000009b200000|100%| E|CS|TAMS 0x000000009b100000, 0x000000009b100000| Complete 
| 434|0x000000009b200000, 0x000000009b300000, 0x000000009b300000|100%| E|CS|TAMS 0x000000009b200000, 0x000000009b200000| Complete 
| 435|0x000000009b300000, 0x000000009b400000, 0x000000009b400000|100%| E|CS|TAMS 0x000000009b300000, 0x000000009b300000| Complete 
| 436|0x000000009b400000, 0x000000009b500000, 0x000000009b500000|100%| E|CS|TAMS 0x000000009b400000, 0x000000009b400000| Complete 
| 437|0x000000009b500000, 0x000000009b600000, 0x000000009b600000|100%| E|CS|TAMS 0x000000009b500000, 0x000000009b500000| Complete 
| 438|0x000000009b600000, 0x000000009b700000, 0x000000009b700000|100%| E|CS|TAMS 0x000000009b600000, 0x000000009b600000| Complete 
| 439|0x000000009b700000, 0x000000009b800000, 0x000000009b800000|100%| E|CS|TAMS 0x000000009b700000, 0x000000009b700000| Complete 
| 440|0x000000009b800000, 0x000000009b900000, 0x000000009b900000|100%| E|CS|TAMS 0x000000009b800000, 0x000000009b800000| Complete 
| 441|0x000000009b900000, 0x000000009ba00000, 0x000000009ba00000|100%| E|CS|TAMS 0x000000009b900000, 0x000000009b900000| Complete 
| 442|0x000000009ba00000, 0x000000009bb00000, 0x000000009bb00000|100%| E|CS|TAMS 0x000000009ba00000, 0x000000009ba00000| Complete 
| 443|0x000000009bb00000, 0x000000009bc00000, 0x000000009bc00000|100%| E|CS|TAMS 0x000000009bb00000, 0x000000009bb00000| Complete 
| 444|0x000000009bc00000, 0x000000009bd00000, 0x000000009bd00000|100%| E|CS|TAMS 0x000000009bc00000, 0x000000009bc00000| Complete 
| 445|0x000000009bd00000, 0x000000009be00000, 0x000000009be00000|100%| E|CS|TAMS 0x000000009bd00000, 0x000000009bd00000| Complete 
| 446|0x000000009be00000, 0x000000009bf00000, 0x000000009bf00000|100%| E|CS|TAMS 0x000000009be00000, 0x000000009be00000| Complete 
| 447|0x000000009bf00000, 0x000000009c000000, 0x000000009c000000|100%| E|CS|TAMS 0x000000009bf00000, 0x000000009bf00000| Complete 
| 448|0x000000009c000000, 0x000000009c100000, 0x000000009c100000|100%| E|CS|TAMS 0x000000009c000000, 0x000000009c000000| Complete 
| 449|0x000000009c100000, 0x000000009c200000, 0x000000009c200000|100%| E|CS|TAMS 0x000000009c100000, 0x000000009c100000| Complete 
| 450|0x000000009c200000, 0x000000009c300000, 0x000000009c300000|100%| E|CS|TAMS 0x000000009c200000, 0x000000009c200000| Complete 
| 451|0x000000009c300000, 0x000000009c400000, 0x000000009c400000|100%| E|CS|TAMS 0x000000009c300000, 0x000000009c300000| Complete 
| 452|0x000000009c400000, 0x000000009c500000, 0x000000009c500000|100%| E|CS|TAMS 0x000000009c400000, 0x000000009c400000| Complete 
| 453|0x000000009c500000, 0x000000009c600000, 0x000000009c600000|100%| E|CS|TAMS 0x000000009c500000, 0x000000009c500000| Complete 
| 454|0x000000009c600000, 0x000000009c700000, 0x000000009c700000|100%| E|CS|TAMS 0x000000009c600000, 0x000000009c600000| Complete 
| 455|0x000000009c700000, 0x000000009c800000, 0x000000009c800000|100%| E|CS|TAMS 0x000000009c700000, 0x000000009c700000| Complete 
| 456|0x000000009c800000, 0x000000009c900000, 0x000000009c900000|100%| E|CS|TAMS 0x000000009c800000, 0x000000009c800000| Complete 
| 457|0x000000009c900000, 0x000000009ca00000, 0x000000009ca00000|100%| E|CS|TAMS 0x000000009c900000, 0x000000009c900000| Complete 
| 458|0x000000009ca00000, 0x000000009cb00000, 0x000000009cb00000|100%| E|CS|TAMS 0x000000009ca00000, 0x000000009ca00000| Complete 
| 459|0x000000009cb00000, 0x000000009cc00000, 0x000000009cc00000|100%| E|CS|TAMS 0x000000009cb00000, 0x000000009cb00000| Complete 
| 460|0x000000009cc00000, 0x000000009cd00000, 0x000000009cd00000|100%| E|CS|TAMS 0x000000009cc00000, 0x000000009cc00000| Complete 
| 461|0x000000009cd00000, 0x000000009ce00000, 0x000000009ce00000|100%| E|CS|TAMS 0x000000009cd00000, 0x000000009cd00000| Complete 
| 462|0x000000009ce00000, 0x000000009cf00000, 0x000000009cf00000|100%| E|CS|TAMS 0x000000009ce00000, 0x000000009ce00000| Complete 
| 463|0x000000009cf00000, 0x000000009d000000, 0x000000009d000000|100%| E|CS|TAMS 0x000000009cf00000, 0x000000009cf00000| Complete 
| 464|0x000000009d000000, 0x000000009d100000, 0x000000009d100000|100%| E|CS|TAMS 0x000000009d000000, 0x000000009d000000| Complete 
| 465|0x000000009d100000, 0x000000009d200000, 0x000000009d200000|100%| E|CS|TAMS 0x000000009d100000, 0x000000009d100000| Complete 
| 466|0x000000009d200000, 0x000000009d300000, 0x000000009d300000|100%| E|CS|TAMS 0x000000009d200000, 0x000000009d200000| Complete 
| 467|0x000000009d300000, 0x000000009d400000, 0x000000009d400000|100%| E|CS|TAMS 0x000000009d300000, 0x000000009d300000| Complete 
| 468|0x000000009d400000, 0x000000009d500000, 0x000000009d500000|100%| E|CS|TAMS 0x000000009d400000, 0x000000009d400000| Complete 
| 469|0x000000009d500000, 0x000000009d600000, 0x000000009d600000|100%| E|CS|TAMS 0x000000009d500000, 0x000000009d500000| Complete 
| 470|0x000000009d600000, 0x000000009d700000, 0x000000009d700000|100%| E|CS|TAMS 0x000000009d600000, 0x000000009d600000| Complete 
| 471|0x000000009d700000, 0x000000009d800000, 0x000000009d800000|100%| E|CS|TAMS 0x000000009d700000, 0x000000009d700000| Complete 
| 472|0x000000009d800000, 0x000000009d900000, 0x000000009d900000|100%| E|CS|TAMS 0x000000009d800000, 0x000000009d800000| Complete 
| 473|0x000000009d900000, 0x000000009da00000, 0x000000009da00000|100%| E|CS|TAMS 0x000000009d900000, 0x000000009d900000| Complete 
| 474|0x000000009da00000, 0x000000009db00000, 0x000000009db00000|100%| E|CS|TAMS 0x000000009da00000, 0x000000009da00000| Complete 
| 475|0x000000009db00000, 0x000000009dc00000, 0x000000009dc00000|100%| E|CS|TAMS 0x000000009db00000, 0x000000009db00000| Complete 
| 476|0x000000009dc00000, 0x000000009dd00000, 0x000000009dd00000|100%| E|CS|TAMS 0x000000009dc00000, 0x000000009dc00000| Complete 
| 477|0x000000009dd00000, 0x000000009de00000, 0x000000009de00000|100%| E|CS|TAMS 0x000000009dd00000, 0x000000009dd00000| Complete 
| 478|0x000000009de00000, 0x000000009df00000, 0x000000009df00000|100%| E|CS|TAMS 0x000000009de00000, 0x000000009de00000| Complete 
| 479|0x000000009df00000, 0x000000009e000000, 0x000000009e000000|100%| E|CS|TAMS 0x000000009df00000, 0x000000009df00000| Complete 
| 480|0x000000009e000000, 0x000000009e100000, 0x000000009e100000|100%| E|CS|TAMS 0x000000009e000000, 0x000000009e000000| Complete 
| 481|0x000000009e100000, 0x000000009e200000, 0x000000009e200000|100%| E|CS|TAMS 0x000000009e100000, 0x000000009e100000| Complete 
| 482|0x000000009e200000, 0x000000009e300000, 0x000000009e300000|100%| E|CS|TAMS 0x000000009e200000, 0x000000009e200000| Complete 
| 483|0x000000009e300000, 0x000000009e400000, 0x000000009e400000|100%| E|CS|TAMS 0x000000009e300000, 0x000000009e300000| Complete 
| 484|0x000000009e400000, 0x000000009e500000, 0x000000009e500000|100%| E|CS|TAMS 0x000000009e400000, 0x000000009e400000| Complete 
| 485|0x000000009e500000, 0x000000009e600000, 0x000000009e600000|100%| E|CS|TAMS 0x000000009e500000, 0x000000009e500000| Complete 
| 486|0x000000009e600000, 0x000000009e700000, 0x000000009e700000|100%| E|CS|TAMS 0x000000009e600000, 0x000000009e600000| Complete 
| 487|0x000000009e700000, 0x000000009e800000, 0x000000009e800000|100%| E|CS|TAMS 0x000000009e700000, 0x000000009e700000| Complete 
| 488|0x000000009e800000, 0x000000009e900000, 0x000000009e900000|100%| E|  |TAMS 0x000000009e800000, 0x000000009e800000| Complete 
| 489|0x000000009e900000, 0x000000009ea00000, 0x000000009ea00000|100%| E|CS|TAMS 0x000000009e900000, 0x000000009e900000| Complete 
| 490|0x000000009ea00000, 0x000000009eb00000, 0x000000009eb00000|100%| E|CS|TAMS 0x000000009ea00000, 0x000000009ea00000| Complete 
| 491|0x000000009eb00000, 0x000000009ec00000, 0x000000009ec00000|100%| E|CS|TAMS 0x000000009eb00000, 0x000000009eb00000| Complete 
| 492|0x000000009ec00000, 0x000000009ed00000, 0x000000009ed00000|100%| E|CS|TAMS 0x000000009ec00000, 0x000000009ec00000| Complete 
| 493|0x000000009ed00000, 0x000000009ee00000, 0x000000009ee00000|100%| E|CS|TAMS 0x000000009ed00000, 0x000000009ed00000| Complete 
| 494|0x000000009ee00000, 0x000000009ef00000, 0x000000009ef00000|100%| E|CS|TAMS 0x000000009ee00000, 0x000000009ee00000| Complete 
| 495|0x000000009ef00000, 0x000000009f000000, 0x000000009f000000|100%| E|CS|TAMS 0x000000009ef00000, 0x000000009ef00000| Complete 
| 496|0x000000009f000000, 0x000000009f100000, 0x000000009f100000|100%| E|CS|TAMS 0x000000009f000000, 0x000000009f000000| Complete 
| 497|0x000000009f100000, 0x000000009f200000, 0x000000009f200000|100%| E|CS|TAMS 0x000000009f100000, 0x000000009f100000| Complete 
| 498|0x000000009f200000, 0x000000009f300000, 0x000000009f300000|100%| E|CS|TAMS 0x000000009f200000, 0x000000009f200000| Complete 
| 499|0x000000009f300000, 0x000000009f400000, 0x000000009f400000|100%| E|CS|TAMS 0x000000009f300000, 0x000000009f300000| Complete 
| 500|0x000000009f400000, 0x000000009f500000, 0x000000009f500000|100%| E|CS|TAMS 0x000000009f400000, 0x000000009f400000| Complete 
| 501|0x000000009f500000, 0x000000009f600000, 0x000000009f600000|100%| E|CS|TAMS 0x000000009f500000, 0x000000009f500000| Complete 
| 502|0x000000009f600000, 0x000000009f700000, 0x000000009f700000|100%| E|CS|TAMS 0x000000009f600000, 0x000000009f600000| Complete 
| 503|0x000000009f700000, 0x000000009f800000, 0x000000009f800000|100%| E|CS|TAMS 0x000000009f700000, 0x000000009f700000| Complete 
| 504|0x000000009f800000, 0x000000009f900000, 0x000000009f900000|100%| E|CS|TAMS 0x000000009f800000, 0x000000009f800000| Complete 
| 505|0x000000009f900000, 0x000000009fa00000, 0x000000009fa00000|100%| E|CS|TAMS 0x000000009f900000, 0x000000009f900000| Complete 
| 506|0x000000009fa00000, 0x000000009fb00000, 0x000000009fb00000|100%| E|CS|TAMS 0x000000009fa00000, 0x000000009fa00000| Complete 
| 507|0x000000009fb00000, 0x000000009fc00000, 0x000000009fc00000|100%| E|CS|TAMS 0x000000009fb00000, 0x000000009fb00000| Complete 
| 508|0x000000009fc00000, 0x000000009fd00000, 0x000000009fd00000|100%| E|CS|TAMS 0x000000009fc00000, 0x000000009fc00000| Complete 
| 509|0x000000009fd00000, 0x000000009fe00000, 0x000000009fe00000|100%| E|CS|TAMS 0x000000009fd00000, 0x000000009fd00000| Complete 
| 510|0x000000009fe00000, 0x000000009ff00000, 0x000000009ff00000|100%| E|CS|TAMS 0x000000009fe00000, 0x000000009fe00000| Complete 
| 511|0x000000009ff00000, 0x000000009ffffff8, 0x00000000a0000000| 99%| E|CS|TAMS 0x000000009ff00000, 0x000000009ff00000| Complete 
| 512|0x00000000a0000000, 0x00000000a0100000, 0x00000000a0100000|100%| E|CS|TAMS 0x00000000a0000000, 0x00000000a0000000| Complete 
| 513|0x00000000a0100000, 0x00000000a0200000, 0x00000000a0200000|100%| E|CS|TAMS 0x00000000a0100000, 0x00000000a0100000| Complete 
| 514|0x00000000a0200000, 0x00000000a0300000, 0x00000000a0300000|100%| E|CS|TAMS 0x00000000a0200000, 0x00000000a0200000| Complete 
| 515|0x00000000a0300000, 0x00000000a0400000, 0x00000000a0400000|100%| E|CS|TAMS 0x00000000a0300000, 0x00000000a0300000| Complete 
| 516|0x00000000a0400000, 0x00000000a0500000, 0x00000000a0500000|100%| E|CS|TAMS 0x00000000a0400000, 0x00000000a0400000| Complete 
| 517|0x00000000a0500000, 0x00000000a0600000, 0x00000000a0600000|100%| E|CS|TAMS 0x00000000a0500000, 0x00000000a0500000| Complete 
| 518|0x00000000a0600000, 0x00000000a0700000, 0x00000000a0700000|100%| E|CS|TAMS 0x00000000a0600000, 0x00000000a0600000| Complete 
| 519|0x00000000a0700000, 0x00000000a0800000, 0x00000000a0800000|100%| E|CS|TAMS 0x00000000a0700000, 0x00000000a0700000| Complete 
| 520|0x00000000a0800000, 0x00000000a0900000, 0x00000000a0900000|100%| E|CS|TAMS 0x00000000a0800000, 0x00000000a0800000| Complete 
| 521|0x00000000a0900000, 0x00000000a0a00000, 0x00000000a0a00000|100%| E|CS|TAMS 0x00000000a0900000, 0x00000000a0900000| Complete 
| 522|0x00000000a0a00000, 0x00000000a0b00000, 0x00000000a0b00000|100%| E|CS|TAMS 0x00000000a0a00000, 0x00000000a0a00000| Complete 
| 523|0x00000000a0b00000, 0x00000000a0c00000, 0x00000000a0c00000|100%| E|CS|TAMS 0x00000000a0b00000, 0x00000000a0b00000| Complete 
| 524|0x00000000a0c00000, 0x00000000a0d00000, 0x00000000a0d00000|100%| E|CS|TAMS 0x00000000a0c00000, 0x00000000a0c00000| Complete 
| 525|0x00000000a0d00000, 0x00000000a0e00000, 0x00000000a0e00000|100%| E|CS|TAMS 0x00000000a0d00000, 0x00000000a0d00000| Complete 
| 526|0x00000000a0e00000, 0x00000000a0f00000, 0x00000000a0f00000|100%| E|CS|TAMS 0x00000000a0e00000, 0x00000000a0e00000| Complete 
| 527|0x00000000a0f00000, 0x00000000a1000000, 0x00000000a1000000|100%| E|CS|TAMS 0x00000000a0f00000, 0x00000000a0f00000| Complete 
| 528|0x00000000a1000000, 0x00000000a1100000, 0x00000000a1100000|100%| E|CS|TAMS 0x00000000a1000000, 0x00000000a1000000| Complete 
| 529|0x00000000a1100000, 0x00000000a1200000, 0x00000000a1200000|100%| E|CS|TAMS 0x00000000a1100000, 0x00000000a1100000| Complete 
| 530|0x00000000a1200000, 0x00000000a1300000, 0x00000000a1300000|100%| E|CS|TAMS 0x00000000a1200000, 0x00000000a1200000| Complete 
| 531|0x00000000a1300000, 0x00000000a1400000, 0x00000000a1400000|100%| E|CS|TAMS 0x00000000a1300000, 0x00000000a1300000| Complete 
| 532|0x00000000a1400000, 0x00000000a1500000, 0x00000000a1500000|100%| E|CS|TAMS 0x00000000a1400000, 0x00000000a1400000| Complete 
| 533|0x00000000a1500000, 0x00000000a1600000, 0x00000000a1600000|100%| E|CS|TAMS 0x00000000a1500000, 0x00000000a1500000| Complete 
| 534|0x00000000a1600000, 0x00000000a1700000, 0x00000000a1700000|100%| E|CS|TAMS 0x00000000a1600000, 0x00000000a1600000| Complete 
| 535|0x00000000a1700000, 0x00000000a1800000, 0x00000000a1800000|100%| E|CS|TAMS 0x00000000a1700000, 0x00000000a1700000| Complete 
| 536|0x00000000a1800000, 0x00000000a1900000, 0x00000000a1900000|100%| E|CS|TAMS 0x00000000a1800000, 0x00000000a1800000| Complete 
| 537|0x00000000a1900000, 0x00000000a1a00000, 0x00000000a1a00000|100%| E|CS|TAMS 0x00000000a1900000, 0x00000000a1900000| Complete 
| 538|0x00000000a1a00000, 0x00000000a1b00000, 0x00000000a1b00000|100%| E|CS|TAMS 0x00000000a1a00000, 0x00000000a1a00000| Complete 
| 539|0x00000000a1b00000, 0x00000000a1c00000, 0x00000000a1c00000|100%| E|CS|TAMS 0x00000000a1b00000, 0x00000000a1b00000| Complete 
| 540|0x00000000a1c00000, 0x00000000a1d00000, 0x00000000a1d00000|100%| E|CS|TAMS 0x00000000a1c00000, 0x00000000a1c00000| Complete 
| 541|0x00000000a1d00000, 0x00000000a1e00000, 0x00000000a1e00000|100%| E|CS|TAMS 0x00000000a1d00000, 0x00000000a1d00000| Complete 
| 542|0x00000000a1e00000, 0x00000000a1f00000, 0x00000000a1f00000|100%| E|CS|TAMS 0x00000000a1e00000, 0x00000000a1e00000| Complete 
| 543|0x00000000a1f00000, 0x00000000a2000000, 0x00000000a2000000|100%| E|CS|TAMS 0x00000000a1f00000, 0x00000000a1f00000| Complete 
| 544|0x00000000a2000000, 0x00000000a2100000, 0x00000000a2100000|100%| E|CS|TAMS 0x00000000a2000000, 0x00000000a2000000| Complete 
| 545|0x00000000a2100000, 0x00000000a2200000, 0x00000000a2200000|100%| E|CS|TAMS 0x00000000a2100000, 0x00000000a2100000| Complete 
| 546|0x00000000a2200000, 0x00000000a2300000, 0x00000000a2300000|100%| E|CS|TAMS 0x00000000a2200000, 0x00000000a2200000| Complete 
| 547|0x00000000a2300000, 0x00000000a2400000, 0x00000000a2400000|100%| E|CS|TAMS 0x00000000a2300000, 0x00000000a2300000| Complete 
| 548|0x00000000a2400000, 0x00000000a2500000, 0x00000000a2500000|100%| E|CS|TAMS 0x00000000a2400000, 0x00000000a2400000| Complete 
| 549|0x00000000a2500000, 0x00000000a2600000, 0x00000000a2600000|100%| E|CS|TAMS 0x00000000a2500000, 0x00000000a2500000| Complete 
| 550|0x00000000a2600000, 0x00000000a2700000, 0x00000000a2700000|100%| E|CS|TAMS 0x00000000a2600000, 0x00000000a2600000| Complete 
| 551|0x00000000a2700000, 0x00000000a2800000, 0x00000000a2800000|100%| E|CS|TAMS 0x00000000a2700000, 0x00000000a2700000| Complete 
| 552|0x00000000a2800000, 0x00000000a2900000, 0x00000000a2900000|100%| E|CS|TAMS 0x00000000a2800000, 0x00000000a2800000| Complete 
| 553|0x00000000a2900000, 0x00000000a2a00000, 0x00000000a2a00000|100%| E|CS|TAMS 0x00000000a2900000, 0x00000000a2900000| Complete 
| 554|0x00000000a2a00000, 0x00000000a2b00000, 0x00000000a2b00000|100%| E|CS|TAMS 0x00000000a2a00000, 0x00000000a2a00000| Complete 
| 555|0x00000000a2b00000, 0x00000000a2c00000, 0x00000000a2c00000|100%| E|CS|TAMS 0x00000000a2b00000, 0x00000000a2b00000| Complete 
| 556|0x00000000a2c00000, 0x00000000a2d00000, 0x00000000a2d00000|100%| E|CS|TAMS 0x00000000a2c00000, 0x00000000a2c00000| Complete 
| 557|0x00000000a2d00000, 0x00000000a2e00000, 0x00000000a2e00000|100%| E|CS|TAMS 0x00000000a2d00000, 0x00000000a2d00000| Complete 
| 558|0x00000000a2e00000, 0x00000000a2f00000, 0x00000000a2f00000|100%| E|CS|TAMS 0x00000000a2e00000, 0x00000000a2e00000| Complete 
| 559|0x00000000a2f00000, 0x00000000a3000000, 0x00000000a3000000|100%| E|CS|TAMS 0x00000000a2f00000, 0x00000000a2f00000| Complete 
| 560|0x00000000a3000000, 0x00000000a3100000, 0x00000000a3100000|100%| E|CS|TAMS 0x00000000a3000000, 0x00000000a3000000| Complete 
| 561|0x00000000a3100000, 0x00000000a3200000, 0x00000000a3200000|100%| E|CS|TAMS 0x00000000a3100000, 0x00000000a3100000| Complete 
| 562|0x00000000a3200000, 0x00000000a3300000, 0x00000000a3300000|100%| E|CS|TAMS 0x00000000a3200000, 0x00000000a3200000| Complete 
| 563|0x00000000a3300000, 0x00000000a3400000, 0x00000000a3400000|100%| E|CS|TAMS 0x00000000a3300000, 0x00000000a3300000| Complete 
| 564|0x00000000a3400000, 0x00000000a3500000, 0x00000000a3500000|100%| E|CS|TAMS 0x00000000a3400000, 0x00000000a3400000| Complete 
| 565|0x00000000a3500000, 0x00000000a3600000, 0x00000000a3600000|100%| E|CS|TAMS 0x00000000a3500000, 0x00000000a3500000| Complete 
| 566|0x00000000a3600000, 0x00000000a3700000, 0x00000000a3700000|100%| E|CS|TAMS 0x00000000a3600000, 0x00000000a3600000| Complete 
| 567|0x00000000a3700000, 0x00000000a3800000, 0x00000000a3800000|100%| E|CS|TAMS 0x00000000a3700000, 0x00000000a3700000| Complete 
| 568|0x00000000a3800000, 0x00000000a3900000, 0x00000000a3900000|100%| E|CS|TAMS 0x00000000a3800000, 0x00000000a3800000| Complete 
| 569|0x00000000a3900000, 0x00000000a3a00000, 0x00000000a3a00000|100%| E|CS|TAMS 0x00000000a3900000, 0x00000000a3900000| Complete 
| 570|0x00000000a3a00000, 0x00000000a3b00000, 0x00000000a3b00000|100%| E|CS|TAMS 0x00000000a3a00000, 0x00000000a3a00000| Complete 
| 571|0x00000000a3b00000, 0x00000000a3c00000, 0x00000000a3c00000|100%| E|CS|TAMS 0x00000000a3b00000, 0x00000000a3b00000| Complete 
| 572|0x00000000a3c00000, 0x00000000a3d00000, 0x00000000a3d00000|100%| E|CS|TAMS 0x00000000a3c00000, 0x00000000a3c00000| Complete 
| 573|0x00000000a3d00000, 0x00000000a3e00000, 0x00000000a3e00000|100%| E|CS|TAMS 0x00000000a3d00000, 0x00000000a3d00000| Complete 
| 574|0x00000000a3e00000, 0x00000000a3f00000, 0x00000000a3f00000|100%| E|CS|TAMS 0x00000000a3e00000, 0x00000000a3e00000| Complete 
| 575|0x00000000a3f00000, 0x00000000a4000000, 0x00000000a4000000|100%| E|CS|TAMS 0x00000000a3f00000, 0x00000000a3f00000| Complete 
| 576|0x00000000a4000000, 0x00000000a4100000, 0x00000000a4100000|100%| E|CS|TAMS 0x00000000a4000000, 0x00000000a4000000| Complete 
| 577|0x00000000a4100000, 0x00000000a4200000, 0x00000000a4200000|100%| E|CS|TAMS 0x00000000a4100000, 0x00000000a4100000| Complete 
| 578|0x00000000a4200000, 0x00000000a4300000, 0x00000000a4300000|100%| E|CS|TAMS 0x00000000a4200000, 0x00000000a4200000| Complete 
| 579|0x00000000a4300000, 0x00000000a4400000, 0x00000000a4400000|100%| E|CS|TAMS 0x00000000a4300000, 0x00000000a4300000| Complete 
| 580|0x00000000a4400000, 0x00000000a4500000, 0x00000000a4500000|100%| E|CS|TAMS 0x00000000a4400000, 0x00000000a4400000| Complete 
| 581|0x00000000a4500000, 0x00000000a4600000, 0x00000000a4600000|100%| E|CS|TAMS 0x00000000a4500000, 0x00000000a4500000| Complete 
| 582|0x00000000a4600000, 0x00000000a4700000, 0x00000000a4700000|100%| E|CS|TAMS 0x00000000a4600000, 0x00000000a4600000| Complete 
| 583|0x00000000a4700000, 0x00000000a4800000, 0x00000000a4800000|100%| E|CS|TAMS 0x00000000a4700000, 0x00000000a4700000| Complete 
| 584|0x00000000a4800000, 0x00000000a4900000, 0x00000000a4900000|100%| E|CS|TAMS 0x00000000a4800000, 0x00000000a4800000| Complete 
| 585|0x00000000a4900000, 0x00000000a4a00000, 0x00000000a4a00000|100%| E|CS|TAMS 0x00000000a4900000, 0x00000000a4900000| Complete 
| 586|0x00000000a4a00000, 0x00000000a4b00000, 0x00000000a4b00000|100%| E|CS|TAMS 0x00000000a4a00000, 0x00000000a4a00000| Complete 
| 587|0x00000000a4b00000, 0x00000000a4c00000, 0x00000000a4c00000|100%| E|CS|TAMS 0x00000000a4b00000, 0x00000000a4b00000| Complete 
| 588|0x00000000a4c00000, 0x00000000a4d00000, 0x00000000a4d00000|100%| E|CS|TAMS 0x00000000a4c00000, 0x00000000a4c00000| Complete 
| 589|0x00000000a4d00000, 0x00000000a4e00000, 0x00000000a4e00000|100%| E|CS|TAMS 0x00000000a4d00000, 0x00000000a4d00000| Complete 
| 590|0x00000000a4e00000, 0x00000000a4f00000, 0x00000000a4f00000|100%| E|CS|TAMS 0x00000000a4e00000, 0x00000000a4e00000| Complete 
| 591|0x00000000a4f00000, 0x00000000a5000000, 0x00000000a5000000|100%| E|CS|TAMS 0x00000000a4f00000, 0x00000000a4f00000| Complete 
| 592|0x00000000a5000000, 0x00000000a5100000, 0x00000000a5100000|100%| E|CS|TAMS 0x00000000a5000000, 0x00000000a5000000| Complete 
| 593|0x00000000a5100000, 0x00000000a5200000, 0x00000000a5200000|100%| E|CS|TAMS 0x00000000a5100000, 0x00000000a5100000| Complete 
| 594|0x00000000a5200000, 0x00000000a5300000, 0x00000000a5300000|100%| E|CS|TAMS 0x00000000a5200000, 0x00000000a5200000| Complete 
| 595|0x00000000a5300000, 0x00000000a5400000, 0x00000000a5400000|100%| E|CS|TAMS 0x00000000a5300000, 0x00000000a5300000| Complete 
| 596|0x00000000a5400000, 0x00000000a5500000, 0x00000000a5500000|100%| E|CS|TAMS 0x00000000a5400000, 0x00000000a5400000| Complete 
| 597|0x00000000a5500000, 0x00000000a5600000, 0x00000000a5600000|100%| E|CS|TAMS 0x00000000a5500000, 0x00000000a5500000| Complete 
| 598|0x00000000a5600000, 0x00000000a5700000, 0x00000000a5700000|100%| E|CS|TAMS 0x00000000a5600000, 0x00000000a5600000| Complete 
| 599|0x00000000a5700000, 0x00000000a5800000, 0x00000000a5800000|100%| E|CS|TAMS 0x00000000a5700000, 0x00000000a5700000| Complete 
| 600|0x00000000a5800000, 0x00000000a5900000, 0x00000000a5900000|100%| E|CS|TAMS 0x00000000a5800000, 0x00000000a5800000| Complete 
| 601|0x00000000a5900000, 0x00000000a5a00000, 0x00000000a5a00000|100%| E|CS|TAMS 0x00000000a5900000, 0x00000000a5900000| Complete 
| 602|0x00000000a5a00000, 0x00000000a5b00000, 0x00000000a5b00000|100%| E|CS|TAMS 0x00000000a5a00000, 0x00000000a5a00000| Complete 
| 603|0x00000000a5b00000, 0x00000000a5c00000, 0x00000000a5c00000|100%| E|CS|TAMS 0x00000000a5b00000, 0x00000000a5b00000| Complete 
| 604|0x00000000a5c00000, 0x00000000a5d00000, 0x00000000a5d00000|100%| E|CS|TAMS 0x00000000a5c00000, 0x00000000a5c00000| Complete 
| 605|0x00000000a5d00000, 0x00000000a5e00000, 0x00000000a5e00000|100%| E|CS|TAMS 0x00000000a5d00000, 0x00000000a5d00000| Complete 
| 606|0x00000000a5e00000, 0x00000000a5f00000, 0x00000000a5f00000|100%| E|CS|TAMS 0x00000000a5e00000, 0x00000000a5e00000| Complete 
| 607|0x00000000a5f00000, 0x00000000a6000000, 0x00000000a6000000|100%| E|CS|TAMS 0x00000000a5f00000, 0x00000000a5f00000| Complete 
| 608|0x00000000a6000000, 0x00000000a6100000, 0x00000000a6100000|100%| E|CS|TAMS 0x00000000a6000000, 0x00000000a6000000| Complete 
| 609|0x00000000a6100000, 0x00000000a6200000, 0x00000000a6200000|100%| E|CS|TAMS 0x00000000a6100000, 0x00000000a6100000| Complete 
| 610|0x00000000a6200000, 0x00000000a6300000, 0x00000000a6300000|100%| E|CS|TAMS 0x00000000a6200000, 0x00000000a6200000| Complete 
| 611|0x00000000a6300000, 0x00000000a6400000, 0x00000000a6400000|100%| E|CS|TAMS 0x00000000a6300000, 0x00000000a6300000| Complete 
| 612|0x00000000a6400000, 0x00000000a6500000, 0x00000000a6500000|100%| E|CS|TAMS 0x00000000a6400000, 0x00000000a6400000| Complete 
| 613|0x00000000a6500000, 0x00000000a6600000, 0x00000000a6600000|100%| E|CS|TAMS 0x00000000a6500000, 0x00000000a6500000| Complete 
| 614|0x00000000a6600000, 0x00000000a6700000, 0x00000000a6700000|100%| E|CS|TAMS 0x00000000a6600000, 0x00000000a6600000| Complete 
| 615|0x00000000a6700000, 0x00000000a6800000, 0x00000000a6800000|100%| E|CS|TAMS 0x00000000a6700000, 0x00000000a6700000| Complete 
| 616|0x00000000a6800000, 0x00000000a6900000, 0x00000000a6900000|100%| E|CS|TAMS 0x00000000a6800000, 0x00000000a6800000| Complete 
| 617|0x00000000a6900000, 0x00000000a6a00000, 0x00000000a6a00000|100%| E|CS|TAMS 0x00000000a6900000, 0x00000000a6900000| Complete 
| 618|0x00000000a6a00000, 0x00000000a6b00000, 0x00000000a6b00000|100%| E|CS|TAMS 0x00000000a6a00000, 0x00000000a6a00000| Complete 
| 619|0x00000000a6b00000, 0x00000000a6c00000, 0x00000000a6c00000|100%| E|CS|TAMS 0x00000000a6b00000, 0x00000000a6b00000| Complete 

Card table byte_map: [0x000001ea2f3c0000,0x000001ea2f7c0000] _byte_map_base: 0x000001ea2efc0000

Marking Bits (Prev, Next): (CMBitMap*) 0x000001ea184df480, (CMBitMap*) 0x000001ea184df4c0
 Prev Bits: [0x000001ea2fbc0000, 0x000001ea31bc0000)
 Next Bits: [0x000001ea31bc0000, 0x000001ea33bc0000)

Polling page: 0x000001ea16330000

Metaspace:

Usage:
  Non-class:    109.91 MB used.
      Class:     17.28 MB used.
       Both:    127.19 MB used.

Virtual space:
  Non-class space:      128.00 MB reserved,     110.69 MB ( 86%) committed,  2 nodes.
      Class space:      416.00 MB reserved,      17.94 MB (  4%) committed,  1 nodes.
             Both:      544.00 MB reserved,     128.62 MB ( 24%) committed. 

Chunk freelists:
   Non-Class:  1.25 MB
       Class:  13.94 MB
        Both:  15.19 MB

MaxMetaspaceSize: 512.00 MB
CompressedClassSpaceSize: 416.00 MB
Initial GC threshold: 21.00 MB
Current GC threshold: 197.44 MB
CDS: on
MetaspaceReclaimPolicy: balanced
 - commit_granule_bytes: 65536.
 - commit_granule_words: 8192.
 - virtual_space_node_default_size: 8388608.
 - enlarge_chunks_in_place: 1.
 - new_chunks_are_fully_committed: 0.
 - uncommit_free_chunks: 1.
 - use_allocation_guard: 0.
 - handle_deallocations: 1.


Internal statistics:

num_allocs_failed_limit: 15.
num_arena_births: 1998.
num_arena_deaths: 0.
num_vsnodes_births: 3.
num_vsnodes_deaths: 0.
num_space_committed: 2057.
num_space_uncommitted: 0.
num_chunks_returned_to_freelist: 15.
num_chunks_taken_from_freelist: 7853.
num_chunk_merges: 12.
num_chunk_splits: 4992.
num_chunks_enlarged: 3056.
num_inconsistent_stats: 0.

CodeHeap 'non-profiled nmethods': size=120000Kb used=10728Kb max_used=10728Kb free=109271Kb
 bounds [0x000001ea27a90000, 0x000001ea28510000, 0x000001ea2efc0000]
CodeHeap 'profiled nmethods': size=120000Kb used=33730Kb max_used=33730Kb free=86269Kb
 bounds [0x000001ea1ffc0000, 0x000001ea220c0000, 0x000001ea274f0000]
CodeHeap 'non-nmethods': size=5760Kb used=2583Kb max_used=2613Kb free=3176Kb
 bounds [0x000001ea274f0000, 0x000001ea277a0000, 0x000001ea27a90000]
 total_blobs=18188 nmethods=17124 adapters=972
 compilation: enabled
              stopped_count=0, restarted_count=0
 full_count=0

Compilation events (20 events):
Event: 52.107 Thread 0x000001ea360923f0 nmethod 20127 0x000001ea22068c90 code [0x000001ea22068e80, 0x000001ea22069688]
Event: 52.107 Thread 0x000001ea360923f0 20129       3       com.sun.tools.javac.tree.TreeInfo::symbolForImpl (292 bytes)
Event: 52.108 Thread 0x000001ea360923f0 nmethod 20129 0x000001ea22069810 code [0x000001ea22069c60, 0x000001ea2206c078]
Event: 52.108 Thread 0x000001ea360923f0 20122       3       com.sun.tools.javac.util.Bits::sizeTo (22 bytes)
Event: 52.109 Thread 0x000001ea360923f0 nmethod 20122 0x000001ea2206c890 code [0x000001ea2206ca40, 0x000001ea2206cc08]
Event: 52.109 Thread 0x000001ea360923f0 20117       2       com.sun.tools.javac.comp.Flow$BaseAnalyzer$PendingExit::<init> (10 bytes)
Event: 52.109 Thread 0x000001ea360923f0 nmethod 20117 0x000001ea2206cd10 code [0x000001ea2206cea0, 0x000001ea2206cff8]
Event: 52.109 Thread 0x000001ea360923f0 20118       2       com.sun.tools.javac.comp.Flow$BaseAnalyzer::recordExit (14 bytes)
Event: 52.109 Thread 0x000001ea360923f0 nmethod 20118 0x000001ea2206d090 code [0x000001ea2206d240, 0x000001ea2206d398]
Event: 52.109 Thread 0x000001ea360923f0 20119       2       com.sun.tools.javac.util.Bits::reset (5 bytes)
Event: 52.109 Thread 0x000001ea360923f0 nmethod 20119 0x000001ea2206d490 code [0x000001ea2206d620, 0x000001ea2206d7b8]
Event: 52.109 Thread 0x000001ea360923f0 20131       3       com.sun.tools.javac.comp.TransTypes::erasure (9 bytes)
Event: 52.110 Thread 0x000001ea360923f0 nmethod 20131 0x000001ea2206d890 code [0x000001ea2206daa0, 0x000001ea2206e268]
Event: 52.110 Thread 0x000001ea360923f0 20120       2       com.sun.tools.javac.util.Bits::internalReset (13 bytes)
Event: 52.110 Thread 0x000001ea360923f0 nmethod 20120 0x000001ea2206e510 code [0x000001ea2206e6a0, 0x000001ea2206e838]
Event: 52.110 Thread 0x000001ea360923f0 20116       2       com.sun.tools.javac.comp.Attr$TypeAnnotationsValidator::visitVarDef (71 bytes)
Event: 52.110 Thread 0x000001ea360923f0 nmethod 20116 0x000001ea2206e910 code [0x000001ea2206eae0, 0x000001ea2206ed58]
Event: 52.111 Thread 0x000001ea360923f0 20121       2       com.sun.tools.javac.comp.Flow$AssignAnalyzer::visitApply (17 bytes)
Event: 52.111 Thread 0x000001ea360923f0 nmethod 20121 0x000001ea2206ef10 code [0x000001ea2206f0e0, 0x000001ea2206f478]
Event: 52.111 Thread 0x000001ea360923f0 20132       2       com.sun.tools.javac.comp.TransTypes::visitApply (254 bytes)

GC Heap History (20 events):
Event: 27.394 GC heap before
{Heap before GC invocations=28 (full 0):
 garbage-first heap   total 317440K, used 251111K [0x0000000080000000, 0x0000000100000000)
  region size 1024K, 146 young (149504K), 2 survivors (2048K)
 Metaspace       used 82736K, committed 83712K, reserved 557056K
  class space    used 11508K, committed 11968K, reserved 425984K
}
Event: 27.403 GC heap after
{Heap after GC invocations=29 (full 0):
 garbage-first heap   total 317440K, used 106863K [0x0000000080000000, 0x0000000100000000)
  region size 1024K, 9 young (9216K), 9 survivors (9216K)
 Metaspace       used 82736K, committed 83712K, reserved 557056K
  class space    used 11508K, committed 11968K, reserved 425984K
}
Event: 28.997 GC heap before
{Heap before GC invocations=29 (full 0):
 garbage-first heap   total 317440K, used 249199K [0x0000000080000000, 0x0000000100000000)
  region size 1024K, 147 young (150528K), 9 survivors (9216K)
 Metaspace       used 89236K, committed 90240K, reserved 557056K
  class space    used 12469K, committed 12928K, reserved 425984K
}
Event: 29.013 GC heap after
{Heap after GC invocations=30 (full 0):
 garbage-first heap   total 317440K, used 113436K [0x0000000080000000, 0x0000000100000000)
  region size 1024K, 15 young (15360K), 15 survivors (15360K)
 Metaspace       used 89236K, committed 90240K, reserved 557056K
  class space    used 12469K, committed 12928K, reserved 425984K
}
Event: 30.882 GC heap before
{Heap before GC invocations=30 (full 0):
 garbage-first heap   total 317440K, used 251676K [0x0000000080000000, 0x0000000100000000)
  region size 1024K, 151 young (154624K), 15 survivors (15360K)
 Metaspace       used 95511K, committed 96576K, reserved 557056K
  class space    used 13404K, committed 13888K, reserved 425984K
}
Event: 30.905 GC heap after
{Heap after GC invocations=31 (full 0):
 garbage-first heap   total 317440K, used 121760K [0x0000000080000000, 0x0000000100000000)
  region size 1024K, 15 young (15360K), 15 survivors (15360K)
 Metaspace       used 95511K, committed 96576K, reserved 557056K
  class space    used 13404K, committed 13888K, reserved 425984K
}
Event: 32.422 GC heap before
{Heap before GC invocations=31 (full 0):
 garbage-first heap   total 317440K, used 255904K [0x0000000080000000, 0x0000000100000000)
  region size 1024K, 145 young (148480K), 15 survivors (15360K)
 Metaspace       used 97977K, committed 99072K, reserved 557056K
  class space    used 13806K, committed 14336K, reserved 425984K
}
Event: 32.452 GC heap after
{Heap after GC invocations=32 (full 0):
 garbage-first heap   total 317440K, used 136442K [0x0000000080000000, 0x0000000100000000)
  region size 1024K, 19 young (19456K), 19 survivors (19456K)
 Metaspace       used 97977K, committed 99072K, reserved 557056K
  class space    used 13806K, committed 14336K, reserved 425984K
}
Event: 33.811 GC heap before
{Heap before GC invocations=32 (full 0):
 garbage-first heap   total 317440K, used 250106K [0x0000000080000000, 0x0000000100000000)
  region size 1024K, 131 young (134144K), 19 survivors (19456K)
 Metaspace       used 99911K, committed 101120K, reserved 557056K
  class space    used 13982K, committed 14528K, reserved 425984K
}
Event: 33.844 GC heap after
{Heap after GC invocations=33 (full 0):
 garbage-first heap   total 317440K, used 149322K [0x0000000080000000, 0x0000000100000000)
  region size 1024K, 14 young (14336K), 14 survivors (14336K)
 Metaspace       used 99911K, committed 101120K, reserved 557056K
  class space    used 13982K, committed 14528K, reserved 425984K
}
Event: 35.751 GC heap before
{Heap before GC invocations=33 (full 0):
 garbage-first heap   total 317440K, used 255818K [0x0000000080000000, 0x0000000100000000)
  region size 1024K, 114 young (116736K), 14 survivors (14336K)
 Metaspace       used 100485K, committed 101760K, reserved 557056K
  class space    used 14060K, committed 14656K, reserved 425984K
}
Event: 35.780 GC heap after
{Heap after GC invocations=34 (full 0):
 garbage-first heap   total 317440K, used 164853K [0x0000000080000000, 0x0000000100000000)
  region size 1024K, 14 young (14336K), 14 survivors (14336K)
 Metaspace       used 100485K, committed 101760K, reserved 557056K
  class space    used 14060K, committed 14656K, reserved 425984K
}
Event: 36.369 GC heap before
{Heap before GC invocations=34 (full 0):
 garbage-first heap   total 317440K, used 251893K [0x0000000080000000, 0x0000000100000000)
  region size 1024K, 100 young (102400K), 14 survivors (14336K)
 Metaspace       used 100491K, committed 101760K, reserved 557056K
  class space    used 14060K, committed 14656K, reserved 425984K
}
Event: 36.384 GC heap after
{Heap after GC invocations=35 (full 0):
 garbage-first heap   total 317440K, used 167925K [0x0000000080000000, 0x0000000100000000)
  region size 1024K, 5 young (5120K), 5 survivors (5120K)
 Metaspace       used 100491K, committed 101760K, reserved 557056K
  class space    used 14060K, committed 14656K, reserved 425984K
}
Event: 37.594 GC heap before
{Heap before GC invocations=35 (full 0):
 garbage-first heap   total 317440K, used 258037K [0x0000000080000000, 0x0000000100000000)
  region size 1024K, 93 young (95232K), 5 survivors (5120K)
 Metaspace       used 102102K, committed 103424K, reserved 557056K
  class space    used 14267K, committed 14912K, reserved 425984K
}
Event: 37.620 GC heap after
{Heap after GC invocations=36 (full 0):
 garbage-first heap   total 634880K, used 179091K [0x0000000080000000, 0x0000000100000000)
  region size 1024K, 12 young (12288K), 12 survivors (12288K)
 Metaspace       used 102102K, committed 103424K, reserved 557056K
  class space    used 14267K, committed 14912K, reserved 425984K
}
Event: 45.951 GC heap before
{Heap before GC invocations=36 (full 0):
 garbage-first heap   total 634880K, used 482195K [0x0000000080000000, 0x0000000100000000)
  region size 1024K, 304 young (311296K), 12 survivors (12288K)
 Metaspace       used 117062K, committed 118528K, reserved 557056K
  class space    used 16112K, committed 16832K, reserved 425984K
}
Event: 46.010 GC heap after
{Heap after GC invocations=37 (full 0):
 garbage-first heap   total 634880K, used 206582K [0x0000000080000000, 0x0000000100000000)
  region size 1024K, 38 young (38912K), 38 survivors (38912K)
 Metaspace       used 117062K, committed 118528K, reserved 557056K
  class space    used 16112K, committed 16832K, reserved 425984K
}
Event: 48.272 GC heap before
{Heap before GC invocations=37 (full 0):
 garbage-first heap   total 634880K, used 407286K [0x0000000080000000, 0x0000000100000000)
  region size 1024K, 236 young (241664K), 38 survivors (38912K)
 Metaspace       used 119493K, committed 120896K, reserved 557056K
  class space    used 16405K, committed 17088K, reserved 425984K
}
Event: 48.338 GC heap after
{Heap after GC invocations=38 (full 0):
 garbage-first heap   total 634880K, used 212988K [0x0000000080000000, 0x0000000100000000)
  region size 1024K, 9 young (9216K), 9 survivors (9216K)
 Metaspace       used 119493K, committed 120896K, reserved 557056K
  class space    used 16405K, committed 17088K, reserved 425984K
}

Dll operation events (15 events):
Event: 0.008 Loaded shared library C:\Program Files\Microsoft\jdk-17.0.13.11-hotspot\bin\java.dll
Event: 0.025 Loaded shared library C:\Program Files\Microsoft\jdk-17.0.13.11-hotspot\bin\jsvml.dll
Event: 0.081 Loaded shared library C:\Program Files\Microsoft\jdk-17.0.13.11-hotspot\bin\zip.dll
Event: 0.084 Loaded shared library C:\Program Files\Microsoft\jdk-17.0.13.11-hotspot\bin\instrument.dll
Event: 0.087 Loaded shared library C:\Program Files\Microsoft\jdk-17.0.13.11-hotspot\bin\net.dll
Event: 0.089 Loaded shared library C:\Program Files\Microsoft\jdk-17.0.13.11-hotspot\bin\nio.dll
Event: 0.091 Loaded shared library C:\Program Files\Microsoft\jdk-17.0.13.11-hotspot\bin\zip.dll
Event: 0.361 Loaded shared library C:\Program Files\Microsoft\jdk-17.0.13.11-hotspot\bin\jimage.dll
Event: 0.527 Loaded shared library C:\Program Files\Microsoft\jdk-17.0.13.11-hotspot\bin\verify.dll
Event: 0.700 Loaded shared library C:\Users\aliah\.gradle\native\c067742578af261105cb4f569cf0c3c89f3d7b1fecec35dd04571415982c5e48\windows-amd64\native-platform.dll
Event: 0.708 Loaded shared library C:\Users\aliah\.gradle\native\100fb08df4bc3b14c8652ba06237920a3bd2aa13389f12d3474272988ae205f9\windows-amd64\native-platform-file-events.dll
Event: 2.589 Loaded shared library C:\Program Files\Microsoft\jdk-17.0.13.11-hotspot\bin\management.dll
Event: 2.591 Loaded shared library C:\Program Files\Microsoft\jdk-17.0.13.11-hotspot\bin\management_ext.dll
Event: 2.790 Loaded shared library C:\Program Files\Microsoft\jdk-17.0.13.11-hotspot\bin\extnet.dll
Event: 3.092 Loaded shared library C:\Program Files\Microsoft\jdk-17.0.13.11-hotspot\bin\sunmscapi.dll

Deoptimization events (20 events):
Event: 51.871 Thread 0x000001ea59fa3ec0 DEOPT PACKING pc=0x000001ea27bbc5c8 sp=0x000000d02a0f8280
Event: 51.871 Thread 0x000001ea59fa3ec0 DEOPT UNPACKING pc=0x000001ea275469a3 sp=0x000000d02a0f81b8 mode 2
Event: 51.871 Thread 0x000001ea59fa3ec0 Uncommon trap: trap_request=0xffffff45 fr.pc=0x000001ea283fc754 relative=0x0000000000000294
Event: 51.871 Thread 0x000001ea59fa3ec0 Uncommon trap: reason=unstable_if action=reinterpret pc=0x000001ea283fc754 method=java.util.Spliterators$IteratorSpliterator.tryAdvance(Ljava/util/function/Consumer;)Z @ 16 c2
Event: 51.871 Thread 0x000001ea59fa3ec0 DEOPT PACKING pc=0x000001ea283fc754 sp=0x000000d02a0f80a0
Event: 51.871 Thread 0x000001ea59fa3ec0 DEOPT UNPACKING pc=0x000001ea275469a3 sp=0x000000d02a0f8040 mode 2
Event: 51.892 Thread 0x000001ea59fa3ec0 Uncommon trap: trap_request=0xffffffc6 fr.pc=0x000001ea27bbc5c8 relative=0x00000000000007e8
Event: 51.892 Thread 0x000001ea59fa3ec0 Uncommon trap: reason=bimorphic_or_optimized_type_check action=maybe_recompile pc=0x000001ea27bbc5c8 method=java.util.stream.MatchOps$MatchOp.evaluateSequential(Ljava/util/stream/PipelineHelper;Ljava/util/Spliterator;)Ljava/lang/Boolean; @ 14 c2
Event: 51.892 Thread 0x000001ea59fa3ec0 DEOPT PACKING pc=0x000001ea27bbc5c8 sp=0x000000d02a0f84c0
Event: 51.892 Thread 0x000001ea59fa3ec0 DEOPT UNPACKING pc=0x000001ea275469a3 sp=0x000000d02a0f83f8 mode 2
Event: 51.901 Thread 0x000001ea59fa3ec0 Uncommon trap: trap_request=0xffffff45 fr.pc=0x000001ea28488a8c relative=0x00000000000003cc
Event: 51.901 Thread 0x000001ea59fa3ec0 Uncommon trap: reason=unstable_if action=reinterpret pc=0x000001ea28488a8c method=com.sun.tools.javac.util.IntHashTable.lookup(Ljava/lang/Object;)I @ 73 c2
Event: 51.901 Thread 0x000001ea59fa3ec0 DEOPT PACKING pc=0x000001ea28488a8c sp=0x000000d02a0f8460
Event: 51.901 Thread 0x000001ea59fa3ec0 DEOPT UNPACKING pc=0x000001ea275469a3 sp=0x000000d02a0f8370 mode 2
Event: 52.023 Thread 0x000001ea59fa3ec0 DEOPT PACKING pc=0x000001ea21eb6599 sp=0x000000d02a0f85d0
Event: 52.023 Thread 0x000001ea59fa3ec0 DEOPT UNPACKING pc=0x000001ea27547143 sp=0x000000d02a0f7a48 mode 0
Event: 52.105 Thread 0x000001ea59fa3ec0 Uncommon trap: trap_request=0xffffff45 fr.pc=0x000001ea284fff9c relative=0x0000000000000afc
Event: 52.105 Thread 0x000001ea59fa3ec0 Uncommon trap: reason=unstable_if action=reinterpret pc=0x000001ea284fff9c method=com.sun.tools.javac.code.Types$15.visitClassType(Lcom/sun/tools/javac/code/Type$ClassType;Ljava/lang/Void;)Lcom/sun/tools/javac/code/Type; @ 43 c2
Event: 52.105 Thread 0x000001ea59fa3ec0 DEOPT PACKING pc=0x000001ea284fff9c sp=0x000000d02a0f7b30
Event: 52.105 Thread 0x000001ea59fa3ec0 DEOPT UNPACKING pc=0x000001ea275469a3 sp=0x000000d02a0f7af0 mode 2

Classes loaded (20 events):
Event: 50.741 Loading class sun/nio/ch/Util$4
Event: 50.741 Loading class sun/nio/ch/Util$4 done
Event: 50.744 Loading class java/io/UTFDataFormatException
Event: 50.744 Loading class java/io/UTFDataFormatException done
Event: 50.753 Loading class java/util/regex/Pattern$Bound
Event: 50.753 Loading class java/util/regex/Pattern$Bound done
Event: 51.142 Loading class java/nio/file/Files$2
Event: 51.142 Loading class java/nio/file/Files$2 done
Event: 51.142 Loading class java/util/ImmutableCollections$Access
Event: 51.144 Loading class java/util/ImmutableCollections$Access done
Event: 51.144 Loading class java/util/ImmutableCollections$Access$1
Event: 51.144 Loading class jdk/internal/access/JavaUtilCollectionAccess
Event: 51.144 Loading class jdk/internal/access/JavaUtilCollectionAccess done
Event: 51.144 Loading class java/util/ImmutableCollections$Access$1 done
Event: 51.581 Loading class java/text/BreakIterator
Event: 51.581 Loading class java/text/BreakIterator done
Event: 51.630 Loading class java/util/function/ToIntBiFunction
Event: 51.630 Loading class java/util/function/ToIntBiFunction done
Event: 51.649 Loading class java/nio/file/Path$1
Event: 51.649 Loading class java/nio/file/Path$1 done

Classes unloaded (0 events):
No events

Classes redefined (0 events):
No events

Internal exceptions (20 events):
Event: 51.685 Thread 0x000001ea59fa3ec0 Exception <a 'sun/nio/fs/WindowsException'{0x000000009b986bf0}> (0x000000009b986bf0) 
thrown [s\src\hotspot\share\prims\jni.cpp, line 516]
Event: 51.694 Thread 0x000001ea59fa3ec0 Exception <a 'sun/nio/fs/WindowsException'{0x000000009b9a1988}> (0x000000009b9a1988) 
thrown [s\src\hotspot\share\prims\jni.cpp, line 516]
Event: 51.694 Thread 0x000001ea59fa3ec0 Exception <a 'sun/nio/fs/WindowsException'{0x000000009b9a2ef8}> (0x000000009b9a2ef8) 
thrown [s\src\hotspot\share\prims\jni.cpp, line 516]
Event: 51.713 Thread 0x000001ea59fa3ec0 Exception <a 'sun/nio/fs/WindowsException'{0x000000009b9ed630}> (0x000000009b9ed630) 
thrown [s\src\hotspot\share\prims\jni.cpp, line 516]
Event: 51.715 Thread 0x000001ea59fa3ec0 Exception <a 'sun/nio/fs/WindowsException'{0x000000009b9f8430}> (0x000000009b9f8430) 
thrown [s\src\hotspot\share\prims\jni.cpp, line 516]
Event: 51.777 Thread 0x000001ea59fa3ec0 Exception <a 'sun/nio/fs/WindowsException'{0x000000009b7951d8}> (0x000000009b7951d8) 
thrown [s\src\hotspot\share\prims\jni.cpp, line 516]
Event: 51.788 Thread 0x000001ea59fa3ec0 Exception <a 'sun/nio/fs/WindowsException'{0x000000009b7aefe0}> (0x000000009b7aefe0) 
thrown [s\src\hotspot\share\prims\jni.cpp, line 516]
Event: 51.797 Thread 0x000001ea59fa3ec0 Exception <a 'sun/nio/fs/WindowsException'{0x000000009b7bc190}> (0x000000009b7bc190) 
thrown [s\src\hotspot\share\prims\jni.cpp, line 516]
Event: 51.797 Thread 0x000001ea59fa3ec0 Exception <a 'sun/nio/fs/WindowsException'{0x000000009b7bd710}> (0x000000009b7bd710) 
thrown [s\src\hotspot\share\prims\jni.cpp, line 516]
Event: 51.811 Thread 0x000001ea59fa3ec0 Exception <a 'sun/nio/fs/WindowsException'{0x000000009b7eb968}> (0x000000009b7eb968) 
thrown [s\src\hotspot\share\prims\jni.cpp, line 516]
Event: 51.828 Thread 0x000001ea59fa3ec0 Exception <a 'sun/nio/fs/WindowsException'{0x000000009b60a0c8}> (0x000000009b60a0c8) 
thrown [s\src\hotspot\share\prims\jni.cpp, line 516]
Event: 51.832 Thread 0x000001ea59fa3ec0 Exception <a 'sun/nio/fs/WindowsException'{0x000000009b615728}> (0x000000009b615728) 
thrown [s\src\hotspot\share\prims\jni.cpp, line 516]
Event: 51.871 Thread 0x000001ea59fa3ec0 Implicit null exception at 0x000001ea283fc500 to 0x000001ea283fc740
Event: 51.909 Thread 0x000001ea59fa3ec0 Exception <a 'sun/nio/fs/WindowsException'{0x000000009b4373c0}> (0x000000009b4373c0) 
thrown [s\src\hotspot\share\prims\jni.cpp, line 516]
Event: 51.916 Thread 0x000001ea59fa3ec0 Exception <a 'sun/nio/fs/WindowsException'{0x000000009b451c78}> (0x000000009b451c78) 
thrown [s\src\hotspot\share\prims\jni.cpp, line 516]
Event: 51.922 Thread 0x000001ea59fa3ec0 Exception <a 'sun/nio/fs/WindowsException'{0x000000009b45c7b0}> (0x000000009b45c7b0) 
thrown [s\src\hotspot\share\prims\jni.cpp, line 516]
Event: 51.978 Thread 0x000001ea59fa3ec0 Exception <a 'sun/nio/fs/WindowsException'{0x000000009b3a17e0}> (0x000000009b3a17e0) 
thrown [s\src\hotspot\share\prims\jni.cpp, line 516]
Event: 51.998 Thread 0x000001ea59fa3ec0 Exception <a 'sun/nio/fs/WindowsException'{0x000000009b3fa770}> (0x000000009b3fa770) 
thrown [s\src\hotspot\share\prims\jni.cpp, line 516]
Event: 52.022 Thread 0x000001ea59fa3ec0 Exception <a 'sun/nio/fs/WindowsException'{0x000000009b25a078}> (0x000000009b25a078) 
thrown [s\src\hotspot\share\prims\jni.cpp, line 516]
Event: 52.035 Thread 0x000001ea59fa3ec0 Exception <a 'sun/nio/fs/WindowsException'{0x000000009b299da0}> (0x000000009b299da0) 
thrown [s\src\hotspot\share\prims\jni.cpp, line 516]

VM Operations (20 events):
Event: 51.478 Executing VM operation: HandshakeAllThreads
Event: 51.479 Executing VM operation: HandshakeAllThreads done
Event: 51.506 Executing VM operation: HandshakeAllThreads
Event: 51.506 Executing VM operation: HandshakeAllThreads done
Event: 51.540 Executing VM operation: ICBufferFull
Event: 51.540 Executing VM operation: ICBufferFull done
Event: 51.591 Executing VM operation: HandshakeAllThreads
Event: 51.591 Executing VM operation: HandshakeAllThreads done
Event: 51.703 Executing VM operation: ICBufferFull
Event: 51.703 Executing VM operation: ICBufferFull done
Event: 51.801 Executing VM operation: ICBufferFull
Event: 51.801 Executing VM operation: ICBufferFull done
Event: 51.820 Executing VM operation: HandshakeAllThreads
Event: 51.820 Executing VM operation: HandshakeAllThreads done
Event: 51.823 Executing VM operation: HandshakeAllThreads
Event: 51.823 Executing VM operation: HandshakeAllThreads done
Event: 51.887 Executing VM operation: ICBufferFull
Event: 51.887 Executing VM operation: ICBufferFull done
Event: 51.982 Executing VM operation: ICBufferFull
Event: 51.982 Executing VM operation: ICBufferFull done

Memory protections (0 events):
No events

Nmethod flushes (20 events):
Event: 47.273 Thread 0x000001ea36094e00 flushing  nmethod 0x000001ea21a49310
Event: 47.273 Thread 0x000001ea36094e00 flushing  nmethod 0x000001ea21a49a90
Event: 47.273 Thread 0x000001ea36094e00 flushing  nmethod 0x000001ea21a4af10
Event: 47.273 Thread 0x000001ea36094e00 flushing  nmethod 0x000001ea21a51b90
Event: 47.273 Thread 0x000001ea36094e00 flushing  nmethod 0x000001ea21a55310
Event: 47.273 Thread 0x000001ea36094e00 flushing  nmethod 0x000001ea21a55710
Event: 47.273 Thread 0x000001ea36094e00 flushing  nmethod 0x000001ea21a60590
Event: 47.273 Thread 0x000001ea36094e00 flushing  nmethod 0x000001ea21a68310
Event: 47.273 Thread 0x000001ea36094e00 flushing  nmethod 0x000001ea21a7b210
Event: 47.273 Thread 0x000001ea36094e00 flushing  nmethod 0x000001ea21a7cb10
Event: 47.273 Thread 0x000001ea36094e00 flushing  nmethod 0x000001ea21a7db10
Event: 47.273 Thread 0x000001ea36094e00 flushing  nmethod 0x000001ea21a7e590
Event: 47.273 Thread 0x000001ea36094e00 flushing  nmethod 0x000001ea21a89a10
Event: 47.273 Thread 0x000001ea36094e00 flushing  nmethod 0x000001ea21a8f110
Event: 47.273 Thread 0x000001ea36094e00 flushing  nmethod 0x000001ea21aa3b90
Event: 47.273 Thread 0x000001ea36094e00 flushing  nmethod 0x000001ea21af7510
Event: 47.274 Thread 0x000001ea36094e00 flushing  nmethod 0x000001ea21c40710
Event: 51.224 Thread 0x000001ea36094e00 flushing  nmethod 0x000001ea280c5590
Event: 51.226 Thread 0x000001ea36094e00 flushing  nmethod 0x000001ea282aa410
Event: 51.235 Thread 0x000001ea36094e00 flushing  nmethod 0x000001ea209c5790

Events (20 events):
Event: 34.721 Thread 0x000001ea5a4d0880 Thread exited: 0x000001ea5a4d0880
Event: 35.411 Thread 0x000001ea360923f0 Thread added: 0x000001ea5a4cde00
Event: 39.348 Thread 0x000001ea5a4cde00 Thread exited: 0x000001ea5a4cde00
Event: 39.362 Thread 0x000001ea360923f0 Thread added: 0x000001ea5a4cbe20
Event: 39.862 Thread 0x000001ea5a4cbe20 Thread exited: 0x000001ea5a4cbe20
Event: 39.979 Thread 0x000001ea360923f0 Thread added: 0x000001ea5a4cae30
Event: 40.281 Thread 0x000001ea5a4cae30 Thread exited: 0x000001ea5a4cae30
Event: 40.883 Thread 0x000001ea360923f0 Thread added: 0x000001ea5a4cae30
Event: 41.088 Thread 0x000001ea5a4cae30 Thread exited: 0x000001ea5a4cae30
Event: 41.125 Thread 0x000001ea360923f0 Thread added: 0x000001ea5a4cc8c0
Event: 41.470 Thread 0x000001ea5a4cc8c0 Thread exited: 0x000001ea5a4cc8c0
Event: 41.919 Thread 0x000001ea360923f0 Thread added: 0x000001ea5a4cae30
Event: 42.423 Thread 0x000001ea5a4cae30 Thread exited: 0x000001ea5a4cae30
Event: 42.645 Thread 0x000001ea360923f0 Thread added: 0x000001ea5a4cae30
Event: 44.794 Thread 0x000001ea59fa5810 Thread added: 0x000001ea5672eae0
Event: 45.009 Thread 0x000001ea59fa2a80 Thread added: 0x000001ea619fd270
Event: 45.030 Thread 0x000001ea59fa34a0 Thread added: 0x000001ea619fb920
Event: 47.833 Thread 0x000001ea59fa2a80 Thread added: 0x000001ea619fe6b0
Event: 47.867 Thread 0x000001ea59fa34a0 Thread added: 0x000001ea619fd780
Event: 49.853 Thread 0x000001ea59fa3ec0 Thread added: 0x000001ea619fe1a0


Dynamic libraries:
0x00007ff71eda0000 - 0x00007ff71edae000 	C:\Program Files\Microsoft\jdk-17.0.13.11-hotspot\bin\java.exe
0x00007ffd1f0d0000 - 0x00007ffd1f2c8000 	C:\WINDOWS\SYSTEM32\ntdll.dll
0x00007ffd1dd80000 - 0x00007ffd1de42000 	C:\WINDOWS\System32\KERNEL32.DLL
0x00007ffd1c840000 - 0x00007ffd1cb3e000 	C:\WINDOWS\System32\KERNELBASE.dll
0x00007ffd1cc80000 - 0x00007ffd1cd80000 	C:\WINDOWS\System32\ucrtbase.dll
0x00007ffd06140000 - 0x00007ffd0615d000 	C:\Program Files\Microsoft\jdk-17.0.13.11-hotspot\bin\VCRUNTIME140.dll
0x00007ffd11060000 - 0x00007ffd11077000 	C:\Program Files\Microsoft\jdk-17.0.13.11-hotspot\bin\jli.dll
0x00007ffd1e690000 - 0x00007ffd1e82d000 	C:\WINDOWS\System32\USER32.dll
0x00007ffd01fe0000 - 0x00007ffd0227a000 	C:\WINDOWS\WinSxS\amd64_microsoft.windows.common-controls_6595b64144ccf1df_6.0.19041.4355_none_60b8b9eb71f62e16\COMCTL32.dll
0x00007ffd1c810000 - 0x00007ffd1c832000 	C:\WINDOWS\System32\win32u.dll
0x00007ffd1d870000 - 0x00007ffd1d90e000 	C:\WINDOWS\System32\msvcrt.dll
0x00007ffd1e1b0000 - 0x00007ffd1e1db000 	C:\WINDOWS\System32\GDI32.dll
0x00007ffd1cee0000 - 0x00007ffd1cff7000 	C:\WINDOWS\System32\gdi32full.dll
0x00007ffd1d050000 - 0x00007ffd1d0ed000 	C:\WINDOWS\System32\msvcp_win.dll
0x00007ffd1de50000 - 0x00007ffd1de7f000 	C:\WINDOWS\System32\IMM32.DLL
0x00007ffd13af0000 - 0x00007ffd13afc000 	C:\Program Files\Microsoft\jdk-17.0.13.11-hotspot\bin\vcruntime140_1.dll
0x00007ffceff00000 - 0x00007ffceff8d000 	C:\Program Files\Microsoft\jdk-17.0.13.11-hotspot\bin\msvcp140.dll
0x00007ffcd1120000 - 0x00007ffcd1d91000 	C:\Program Files\Microsoft\jdk-17.0.13.11-hotspot\bin\server\jvm.dll
0x00007ffd1e090000 - 0x00007ffd1e141000 	C:\WINDOWS\System32\ADVAPI32.dll
0x00007ffd1ef90000 - 0x00007ffd1f02f000 	C:\WINDOWS\System32\sechost.dll
0x00007ffd1e430000 - 0x00007ffd1e553000 	C:\WINDOWS\System32\RPCRT4.dll
0x00007ffd1c7e0000 - 0x00007ffd1c807000 	C:\WINDOWS\System32\bcrypt.dll
0x00007ffd1e830000 - 0x00007ffd1e89b000 	C:\WINDOWS\System32\WS2_32.dll
0x00007ffd1bcb0000 - 0x00007ffd1bcfb000 	C:\WINDOWS\SYSTEM32\POWRPROF.dll
0x00007ffd062e0000 - 0x00007ffd06307000 	C:\WINDOWS\SYSTEM32\WINMM.dll
0x00007ffd0f560000 - 0x00007ffd0f56a000 	C:\WINDOWS\SYSTEM32\VERSION.dll
0x00007ffd1bb70000 - 0x00007ffd1bb82000 	C:\WINDOWS\SYSTEM32\UMPDC.dll
0x00007ffd1afe0000 - 0x00007ffd1aff2000 	C:\WINDOWS\SYSTEM32\kernel.appcore.dll
0x00007ffd11a10000 - 0x00007ffd11a1a000 	C:\Program Files\Microsoft\jdk-17.0.13.11-hotspot\bin\jimage.dll
0x00007ffd193a0000 - 0x00007ffd19584000 	C:\WINDOWS\SYSTEM32\DBGHELP.DLL
0x00007ffcfea80000 - 0x00007ffcfeab4000 	C:\WINDOWS\SYSTEM32\dbgcore.DLL
0x00007ffd1cb40000 - 0x00007ffd1cbc2000 	C:\WINDOWS\System32\bcryptPrimitives.dll
0x00007ffd17130000 - 0x00007ffd1713e000 	C:\Program Files\Microsoft\jdk-17.0.13.11-hotspot\bin\instrument.dll
0x00007ffcfee00000 - 0x00007ffcfee25000 	C:\Program Files\Microsoft\jdk-17.0.13.11-hotspot\bin\java.dll
0x00007ffceec00000 - 0x00007ffceecd7000 	C:\Program Files\Microsoft\jdk-17.0.13.11-hotspot\bin\jsvml.dll
0x00007ffd1d0f0000 - 0x00007ffd1d85d000 	C:\WINDOWS\System32\SHELL32.dll
0x00007ffd1a7a0000 - 0x00007ffd1af44000 	C:\WINDOWS\SYSTEM32\windows.storage.dll
0x00007ffd1eae0000 - 0x00007ffd1ee33000 	C:\WINDOWS\System32\combase.dll
0x00007ffd1c1a0000 - 0x00007ffd1c1ce000 	C:\WINDOWS\SYSTEM32\Wldp.dll
0x00007ffd1eec0000 - 0x00007ffd1ef8d000 	C:\WINDOWS\System32\OLEAUT32.dll
0x00007ffd1e900000 - 0x00007ffd1e9ad000 	C:\WINDOWS\System32\SHCORE.dll
0x00007ffd1e150000 - 0x00007ffd1e1a5000 	C:\WINDOWS\System32\shlwapi.dll
0x00007ffd1c6a0000 - 0x00007ffd1c6c4000 	C:\WINDOWS\SYSTEM32\profapi.dll
0x00007ffcff6f0000 - 0x00007ffcff708000 	C:\Program Files\Microsoft\jdk-17.0.13.11-hotspot\bin\zip.dll
0x00007ffd04bc0000 - 0x00007ffd04bda000 	C:\Program Files\Microsoft\jdk-17.0.13.11-hotspot\bin\net.dll
0x00007ffd19ad0000 - 0x00007ffd19bdd000 	C:\WINDOWS\SYSTEM32\WINHTTP.dll
0x00007ffd1bf00000 - 0x00007ffd1bf6a000 	C:\WINDOWS\system32\mswsock.dll
0x00007ffd029f0000 - 0x00007ffd02a06000 	C:\Program Files\Microsoft\jdk-17.0.13.11-hotspot\bin\nio.dll
0x00007ffd17ef0000 - 0x00007ffd17f00000 	C:\Program Files\Microsoft\jdk-17.0.13.11-hotspot\bin\verify.dll
0x00007ffd16ff0000 - 0x00007ffd17017000 	C:\Users\aliah\.gradle\native\c067742578af261105cb4f569cf0c3c89f3d7b1fecec35dd04571415982c5e48\windows-amd64\native-platform.dll
0x00007ffce39a0000 - 0x00007ffce3ae4000 	C:\Users\aliah\.gradle\native\100fb08df4bc3b14c8652ba06237920a3bd2aa13389f12d3474272988ae205f9\windows-amd64\native-platform-file-events.dll
0x00007ffd10db0000 - 0x00007ffd10dba000 	C:\Program Files\Microsoft\jdk-17.0.13.11-hotspot\bin\management.dll
0x00007ffd10cf0000 - 0x00007ffd10cfb000 	C:\Program Files\Microsoft\jdk-17.0.13.11-hotspot\bin\management_ext.dll
0x00007ffd1d860000 - 0x00007ffd1d868000 	C:\WINDOWS\System32\PSAPI.DLL
0x00007ffd1c0f0000 - 0x00007ffd1c108000 	C:\WINDOWS\SYSTEM32\CRYPTSP.dll
0x00007ffd1b7b0000 - 0x00007ffd1b7e4000 	C:\WINDOWS\system32\rsaenh.dll
0x00007ffd1c660000 - 0x00007ffd1c68e000 	C:\WINDOWS\SYSTEM32\USERENV.dll
0x00007ffd1c110000 - 0x00007ffd1c11c000 	C:\WINDOWS\SYSTEM32\CRYPTBASE.dll
0x00007ffd1bb90000 - 0x00007ffd1bbcb000 	C:\WINDOWS\SYSTEM32\IPHLPAPI.DLL
0x00007ffd1e680000 - 0x00007ffd1e688000 	C:\WINDOWS\System32\NSI.dll
0x00007ffd13500000 - 0x00007ffd13517000 	C:\WINDOWS\SYSTEM32\dhcpcsvc6.DLL
0x00007ffd136b0000 - 0x00007ffd136cd000 	C:\WINDOWS\SYSTEM32\dhcpcsvc.DLL
0x00007ffd1bbd0000 - 0x00007ffd1bc9a000 	C:\WINDOWS\SYSTEM32\DNSAPI.dll
0x00007ffd05d80000 - 0x00007ffd05d89000 	C:\Program Files\Microsoft\jdk-17.0.13.11-hotspot\bin\extnet.dll
0x00007ffd08530000 - 0x00007ffd0853e000 	C:\Program Files\Microsoft\jdk-17.0.13.11-hotspot\bin\sunmscapi.dll
0x00007ffd1cd80000 - 0x00007ffd1cedc000 	C:\WINDOWS\System32\CRYPT32.dll
0x00007ffd1c210000 - 0x00007ffd1c237000 	C:\WINDOWS\SYSTEM32\ncrypt.dll
0x00007ffd1c1d0000 - 0x00007ffd1c20b000 	C:\WINDOWS\SYSTEM32\NTASN1.dll
0x00007ffd00d00000 - 0x00007ffd00d07000 	C:\WINDOWS\system32\wshunix.dll
0x00007ffd01930000 - 0x00007ffd01947000 	C:\WINDOWS\system32\napinsp.dll
0x00007ffd024a0000 - 0x00007ffd024bb000 	C:\WINDOWS\system32\pnrpnsp.dll
0x00007ffd16ab0000 - 0x00007ffd16ac5000 	C:\WINDOWS\system32\wshbth.dll
0x00007ffd17340000 - 0x00007ffd1735d000 	C:\WINDOWS\system32\NLAapi.dll
0x00007ffd02910000 - 0x00007ffd02922000 	C:\WINDOWS\System32\winrnr.dll
0x000000005ece0000 - 0x000000005ed06000 	C:\Program Files\Bonjour\mdnsNSP.dll
0x00007ffd0a860000 - 0x00007ffd0a86a000 	C:\Windows\System32\rasadhlp.dll
0x00007ffd0e990000 - 0x00007ffd0ea10000 	C:\WINDOWS\System32\fwpuclnt.dll

dbghelp: loaded successfully - version: 4.0.5 - missing functions: none
symbol engine: initialized successfully - sym options: 0x614 - pdb path: .;C:\Program Files\Microsoft\jdk-17.0.13.11-hotspot\bin;C:\WINDOWS\SYSTEM32;C:\WINDOWS\WinSxS\amd64_microsoft.windows.common-controls_6595b64144ccf1df_6.0.19041.4355_none_60b8b9eb71f62e16;C:\Program Files\Microsoft\jdk-17.0.13.11-hotspot\bin\server;C:\Users\aliah\.gradle\native\c067742578af261105cb4f569cf0c3c89f3d7b1fecec35dd04571415982c5e48\windows-amd64;C:\Users\aliah\.gradle\native\100fb08df4bc3b14c8652ba06237920a3bd2aa13389f12d3474272988ae205f9\windows-amd64;C:\Program Files\Bonjour

VM Arguments:
jvm_args: --add-opens=java.base/java.lang=ALL-UNNAMED --add-opens=java.base/java.lang.invoke=ALL-UNNAMED --add-opens=java.base/java.util=ALL-UNNAMED --add-opens=java.prefs/java.util.prefs=ALL-UNNAMED --add-exports=jdk.compiler/com.sun.tools.javac.api=ALL-UNNAMED --add-exports=jdk.compiler/com.sun.tools.javac.util=ALL-UNNAMED --add-opens=java.base/java.util=ALL-UNNAMED --add-opens=java.prefs/java.util.prefs=ALL-UNNAMED --add-opens=java.base/java.nio.charset=ALL-UNNAMED --add-opens=java.base/java.net=ALL-UNNAMED --add-opens=java.base/java.util.concurrent.atomic=ALL-UNNAMED --add-opens=java.xml/javax.xml.namespace=ALL-UNNAMED -XX:MaxMetaspaceSize=512m -Xmx2048m -Dfile.encoding=windows-1252 -Duser.country=US -Duser.language=en -Duser.variant -javaagent:C:\Users\aliah\.gradle\wrapper\dists\gradle-8.11.1-bin\bpt9gzteqjrbo1mjrsomdt32c\gradle-8.11.1\lib\agents\gradle-instrumentation-agent-8.11.1.jar 
java_command: org.gradle.launcher.daemon.bootstrap.GradleDaemon 8.11.1
java_class_path (initial): C:\Users\aliah\.gradle\wrapper\dists\gradle-8.11.1-bin\bpt9gzteqjrbo1mjrsomdt32c\gradle-8.11.1\lib\gradle-daemon-main-8.11.1.jar
Launcher Type: SUN_STANDARD

[Global flags]
     intx CICompilerCount                          = 3                                         {product} {ergonomic}
   size_t CompressedClassSpaceSize                 = 436207616                                 {product} {ergonomic}
     uint ConcGCThreads                            = 1                                         {product} {ergonomic}
     uint G1ConcRefinementThreads                  = 4                                         {product} {ergonomic}
   size_t G1HeapRegionSize                         = 1048576                                   {product} {ergonomic}
    uintx GCDrainStackTargetSize                   = 64                                        {product} {ergonomic}
   size_t InitialHeapSize                          = 132120576                                 {product} {ergonomic}
   size_t MarkStackSize                            = 4194304                                   {product} {ergonomic}
   size_t MaxHeapSize                              = 2147483648                                {product} {command line}
   size_t MaxMetaspaceSize                         = 536870912                                 {product} {command line}
   size_t MaxNewSize                               = 1287651328                                {product} {ergonomic}
   size_t MinHeapDeltaBytes                        = 1048576                                   {product} {ergonomic}
   size_t MinHeapSize                              = 8388608                                   {product} {ergonomic}
    uintx NonNMethodCodeHeapSize                   = 5832780                                {pd product} {ergonomic}
    uintx NonProfiledCodeHeapSize                  = 122912730                              {pd product} {ergonomic}
    uintx ProfiledCodeHeapSize                     = 122912730                              {pd product} {ergonomic}
    uintx ReservedCodeCacheSize                    = 251658240                              {pd product} {ergonomic}
     bool SegmentedCodeCache                       = true                                      {product} {ergonomic}
   size_t SoftMaxHeapSize                          = 2147483648                             {manageable} {ergonomic}
     bool UseCompressedClassPointers               = true                           {product lp64_product} {ergonomic}
     bool UseCompressedOops                        = true                           {product lp64_product} {ergonomic}
     bool UseG1GC                                  = true                                      {product} {ergonomic}
     bool UseLargePagesIndividualAllocation        = false                                  {pd product} {ergonomic}

Logging:
Log output configuration:
 #0: stdout all=warning uptime,level,tags
 #1: stderr all=off uptime,level,tags

Environment Variables:
JAVA_HOME=C:\Program Files\Microsoft\jdk-17.0.13.11-hotspot\
CLASSPATH=D:\React Native\MyProject\android\\gradle\wrapper\gradle-wrapper.jar
PATH=D:\React Native\MyProject\node_modules\.bin;D:\React Native\MyProject\node_modules\.bin;D:\React Native\node_modules\.bin;D:\node_modules\.bin;C:\Users\aliah\AppData\Roaming\npm\node_modules\npm\node_modules\@npmcli\run-script\lib\node-gyp-bin;C:\Program Files\Microsoft\jdk-17.0.13.11-hotspot\bin;C:\WINDOWS\system32;C:\WINDOWS;C:\WINDOWS\System32\Wbem;C:\WINDOWS\System32\WindowsPowerShell\v1.0\;C:\WINDOWS\System32\OpenSSH\;C:\Program Files\nodejs\;C:\Program Files\Git\cmd;C:\Users\aliah\AppData\Local\Android\Sdk\emulator;C:\Users\aliah\AppData\Local\Android\Sdk;C:\Users\aliah\AppData\Local\Android\Sdk\platform-tools;C:\ProgramData\chocolatey\bin;D:\React Native\MyProject\android\gradle-8.11.1\bin;C:\Users\aliah\AppData\Local\Microsoft\WindowsApps;C:\Users\aliah\AppData\Local\Programs\Microsoft VS Code\bin;C:\Users\aliah\AppData\Roaming\npm;C:\Program Files\Microsoft\jdk-17.0.13.11-hotspot\bin;D:\React Native\MyProject\android\gradle-8.11.1\bin;
USERNAME=aliah
OS=Windows_NT
PROCESSOR_IDENTIFIER=Intel64 Family 6 Model 142 Stepping 9, GenuineIntel
TMP=C:\Users\aliah\AppData\Local\Temp
TEMP=C:\Users\aliah\AppData\Local\Temp



Periodic native trim disabled


---------------  S Y S T E M  ---------------

OS:
 Windows 10 , 64 bit Build 19041 (10.0.19041.5198)
OS uptime: 8 days 10:03 hours

CPU: total 4 (initial active 4) (2 cores per cpu, 2 threads per core) family 6 model 142 stepping 9 microcode 0xf0, cx8, cmov, fxsr, ht, mmx, 3dnowpref, sse, sse2, sse3, ssse3, sse4.1, sse4.2, popcnt, lzcnt, tsc, tscinvbit, avx, avx2, aes, erms, clmul, bmi1, bmi2, adx, fma, vzeroupper, clflush, clflushopt
Processor Information for processor 0
  Max Mhz: 2904, Current Mhz: 2703, Mhz Limit: 2700
Processor Information for processor 1
  Max Mhz: 2904, Current Mhz: 2703, Mhz Limit: 2700
Processor Information for processor 2
  Max Mhz: 2904, Current Mhz: 2703, Mhz Limit: 2700
Processor Information for processor 3
  Max Mhz: 2904, Current Mhz: 1502, Mhz Limit: 2700

Memory: 4k page, system-wide physical 8042M (443M free)
TotalPageFile size 12138M (AvailPageFile size 8M)
current process WorkingSet (physical memory assigned to process): 987M, peak: 989M
current process commit charge ("private bytes"): 1028M, peak: 1031M

vm_info: OpenJDK 64-Bit Server VM (17.0.13+11-LTS) for windows-amd64 JRE (17.0.13+11-LTS), built on Oct 11 2024 23:25:05 by "MicrosoftCorporation" with unknown MS VC++:1939

END.
