#
# There is insufficient memory for the Java Runtime Environment to continue.
# Native memory allocation (malloc) failed to allocate 126576 bytes. Error detail: Chunk::new
# Possible reasons:
#   The system is out of physical RAM or swap space
#   This process is running with CompressedOops enabled, and the Java Heap may be blocking the growth of the native heap
# Possible solutions:
#   Reduce memory load on the system
#   Increase physical memory or swap space
#   Check if swap backing store is full
#   Decrease Java heap size (-Xmx/-Xms)
#   Decrease number of Java threads
#   Decrease Java thread stack sizes (-Xss)
#   Set larger code cache with -XX:ReservedCodeCacheSize=
#   JVM is running with Zero Based Compressed Oops mode in which the Java heap is
#     placed in the first 32GB address space. The Java Heap base address is the
#     maximum limit for the native heap growth. Please use -XX:HeapBaseMinAddress
#     to set the Java Heap base and to place the Java Heap above 32GB virtual address.
# This output file may be truncated or incomplete.
#
#  Out of Memory Error (arena.cpp:191), pid=15800, tid=444
#
# JRE version: OpenJDK Runtime Environment Microsoft-10376486 (17.0.13+11) (build 17.0.13+11-LTS)
# Java VM: OpenJDK 64-Bit Server VM Microsoft-10376486 (17.0.13+11-LTS, mixed mode, sharing, tiered, compressed oops, compressed class ptrs, g1 gc, windows-amd64)
# No core dump will be written. Minidumps are not enabled by default on client versions of Windows
#

---------------  S U M M A R Y ------------

Command Line: --add-opens=java.base/java.lang=ALL-UNNAMED --add-opens=java.base/java.lang.invoke=ALL-UNNAMED --add-opens=java.base/java.util=ALL-UNNAMED --add-opens=java.prefs/java.util.prefs=ALL-UNNAMED --add-exports=jdk.compiler/com.sun.tools.javac.api=ALL-UNNAMED --add-exports=jdk.compiler/com.sun.tools.javac.util=ALL-UNNAMED --add-opens=java.base/java.util=ALL-UNNAMED --add-opens=java.prefs/java.util.prefs=ALL-UNNAMED --add-opens=java.base/java.nio.charset=ALL-UNNAMED --add-opens=java.base/java.net=ALL-UNNAMED --add-opens=java.base/java.util.concurrent.atomic=ALL-UNNAMED --add-opens=java.xml/javax.xml.namespace=ALL-UNNAMED -XX:MaxMetaspaceSize=512m -Xmx4g -Dfile.encoding=windows-1252 -Duser.country=US -Duser.language=en -Duser.variant -javaagent:C:\Users\aliah\.gradle\wrapper\dists\gradle-8.11.1-bin\bpt9gzteqjrbo1mjrsomdt32c\gradle-8.11.1\lib\agents\gradle-instrumentation-agent-8.11.1.jar org.gradle.launcher.daemon.bootstrap.GradleDaemon 8.11.1

Host: Intel(R) Core(TM) i7-7500U CPU @ 2.70GHz, 4 cores, 7G,  Windows 10 , 64 bit Build 19041 (10.0.19041.5198)
Time: Wed Feb 12 19:35:24 2025 Pakistan Standard Time elapsed time: 128.155703 seconds (0d 0h 2m 8s)

---------------  T H R E A D  ---------------

Current thread (0x0000014c3554cac0):  JavaThread "C2 CompilerThread0" daemon [_thread_in_native, id=444, stack(0x00000020ec700000,0x00000020ec800000)]


Current CompileTask:
C2: 128155 29883   !   4       java.util.concurrent.LinkedBlockingQueue::poll (128 bytes)

Stack: [0x00000020ec700000,0x00000020ec800000]
Native frames: (J=compiled Java code, j=interpreted, Vv=VM code, C=native code)
V  [jvm.dll+0x687fc9]
V  [jvm.dll+0x83eeb8]
V  [jvm.dll+0x840963]
V  [jvm.dll+0x840fd3]
V  [jvm.dll+0x24951f]
V  [jvm.dll+0xad0c4]
V  [jvm.dll+0xad75c]
V  [jvm.dll+0x36aaaf]
V  [jvm.dll+0x1bcd72]
V  [jvm.dll+0x21a8bc]
V  [jvm.dll+0x219b7f]
V  [jvm.dll+0x1a5506]
V  [jvm.dll+0x22a1ca]
V  [jvm.dll+0x22830b]
V  [jvm.dll+0x7f4708]
V  [jvm.dll+0x7eea6c]
V  [jvm.dll+0x686ea7]
C  [ucrtbase.dll+0x21bb2]
C  [KERNEL32.DLL+0x17374]
C  [ntdll.dll+0x4cc91]


---------------  P R O C E S S  ---------------

Threads class SMR info:
_java_thread_list=0x0000014c62ecadb0, length=112, elements={
0x0000014c12d308d0, 0x0000014c3552d8b0, 0x0000014c3552e640, 0x0000014c35545b50,
0x0000014c355466e0, 0x0000014c35549530, 0x0000014c35549e00, 0x0000014c3554cac0,
0x0000014c35560210, 0x0000014c355773d0, 0x0000014c35517bf0, 0x0000014c35746820,
0x0000014c56995500, 0x0000014c5547d4c0, 0x0000014c56758780, 0x0000014c554803e0,
0x0000014c56164f00, 0x0000014c5541fb80, 0x0000014c554205a0, 0x0000014c5541f160,
0x0000014c55420ab0, 0x0000014c55420fc0, 0x0000014c5541ec50, 0x0000014c55421ef0,
0x0000014c5541e740, 0x0000014c359297c0, 0x0000014c359292b0, 0x0000014c35927960,
0x0000014c35925b00, 0x0000014c35924bd0, 0x0000014c3592a6f0, 0x0000014c35926010,
0x0000014c35926a30, 0x0000014c35927e70, 0x0000014c359241b0, 0x0000014c35928890,
0x0000014c35926f40, 0x0000014c5745df50, 0x0000014c5745e460, 0x0000014c5745d530,
0x0000014c5745cb10, 0x0000014c5745fdb0, 0x0000014c5745f390, 0x0000014c5745e970,
0x0000014c5745c600, 0x0000014c5745da40, 0x0000014c5745d020, 0x0000014c572e3810,
0x0000014c572e19b0, 0x0000014c572e0570, 0x0000014c572e4740, 0x0000014c572e0f90,
0x0000014c572e3d20, 0x0000014c572e23d0, 0x0000014c572e65a0, 0x0000014c572e5670,
0x0000014c572e6ab0, 0x0000014c572e5b80, 0x0000014c572e6fc0, 0x0000014c572e14a0,
0x0000014c572e4230, 0x0000014c572e1ec0, 0x0000014c572e4c50, 0x0000014c572e74d0,
0x0000014c572e0060, 0x0000014c572e28e0, 0x0000014c572e79e0, 0x0000014c572e2df0,
0x0000014c5a3b1990, 0x0000014c5a3b0f70, 0x0000014c5a3b23b0, 0x0000014c5a3b0a60,
0x0000014c5a3b2dd0, 0x0000014c5a3b37f0, 0x0000014c5a3b1ea0, 0x0000014c5a3b3d00,
0x0000014c5a3b1480, 0x0000014c5a3b28c0, 0x0000014c5a3b4210, 0x0000014c59268570,
0x0000014c5926adf0, 0x0000014c59268060, 0x0000014c59268a80, 0x0000014c592694a0,
0x0000014c5926b300, 0x0000014c572e5160, 0x0000014c577d1de0, 0x0000014c577d13c0,
0x0000014c577d8830, 0x0000014c577d69d0, 0x0000014c577d64c0, 0x0000014c600cbac0,
0x0000014c600c9750, 0x0000014c600c6ed0, 0x0000014c600c73e0, 0x0000014c600c8d30,
0x0000014c600c9c60, 0x0000014c600c78f0, 0x0000014c600ca680, 0x0000014c600cab90,
0x0000014c577d2800, 0x0000014c59268f90, 0x0000014c6205ae50, 0x0000014c6205a430,
0x0000014c6205a940, 0x0000014c6205f530, 0x0000014c6205fa40, 0x0000014c6205b360,
0x0000014c6205bd80, 0x0000014c62060970, 0x0000014c6205ccb0, 0x0000014c6205dbe0
}

Java Threads: ( => current thread )
  0x0000014c12d308d0 JavaThread "main" [_thread_blocked, id=12428, stack(0x00000020eba00000,0x00000020ebb00000)]
  0x0000014c3552d8b0 JavaThread "Reference Handler" daemon [_thread_blocked, id=4960, stack(0x00000020ec100000,0x00000020ec200000)]
  0x0000014c3552e640 JavaThread "Finalizer" daemon [_thread_blocked, id=10284, stack(0x00000020ec200000,0x00000020ec300000)]
  0x0000014c35545b50 JavaThread "Signal Dispatcher" daemon [_thread_blocked, id=12296, stack(0x00000020ec300000,0x00000020ec400000)]
  0x0000014c355466e0 JavaThread "Attach Listener" daemon [_thread_blocked, id=5100, stack(0x00000020ec400000,0x00000020ec500000)]
  0x0000014c35549530 JavaThread "Service Thread" daemon [_thread_blocked, id=9412, stack(0x00000020ec500000,0x00000020ec600000)]
  0x0000014c35549e00 JavaThread "Monitor Deflation Thread" daemon [_thread_blocked, id=7580, stack(0x00000020ec600000,0x00000020ec700000)]
=>0x0000014c3554cac0 JavaThread "C2 CompilerThread0" daemon [_thread_in_native, id=444, stack(0x00000020ec700000,0x00000020ec800000)]
  0x0000014c35560210 JavaThread "C1 CompilerThread0" daemon [_thread_blocked, id=7392, stack(0x00000020ec800000,0x00000020ec900000)]
  0x0000014c355773d0 JavaThread "Sweeper thread" daemon [_thread_blocked, id=15444, stack(0x00000020ec900000,0x00000020eca00000)]
  0x0000014c35517bf0 JavaThread "Common-Cleaner" daemon [_thread_blocked, id=17368, stack(0x00000020eca00000,0x00000020ecb00000)]
  0x0000014c35746820 JavaThread "Notification Thread" daemon [_thread_blocked, id=5248, stack(0x00000020ecb00000,0x00000020ecc00000)]
  0x0000014c56995500 JavaThread "Daemon health stats" [_thread_blocked, id=2204, stack(0x00000020ed100000,0x00000020ed200000)]
  0x0000014c5547d4c0 JavaThread "Incoming local TCP Connector on port 61273" [_thread_in_native, id=4532, stack(0x00000020ed200000,0x00000020ed300000)]
  0x0000014c56758780 JavaThread "Daemon periodic checks" [_thread_blocked, id=16548, stack(0x00000020ed300000,0x00000020ed400000)]
  0x0000014c554803e0 JavaThread "Daemon" [_thread_blocked, id=15776, stack(0x00000020ed400000,0x00000020ed500000)]
  0x0000014c56164f00 JavaThread "Handler for socket connection from /127.0.0.1:61273 to /127.0.0.1:61274" [_thread_in_native, id=608, stack(0x00000020ed500000,0x00000020ed600000)]
  0x0000014c5541fb80 JavaThread "Cancel handler" [_thread_blocked, id=1392, stack(0x00000020ed600000,0x00000020ed700000)]
  0x0000014c554205a0 JavaThread "Daemon worker" [_thread_blocked, id=8212, stack(0x00000020ed700000,0x00000020ed800000)]
  0x0000014c5541f160 JavaThread "Asynchronous log dispatcher for DefaultDaemonConnection: socket connection from /127.0.0.1:61273 to /127.0.0.1:61274" [_thread_in_vm, id=2240, stack(0x00000020ed800000,0x00000020ed900000)]
  0x0000014c55420ab0 JavaThread "Stdin handler" [_thread_blocked, id=5244, stack(0x00000020ed900000,0x00000020eda00000)]
  0x0000014c55420fc0 JavaThread "Daemon client event forwarder" [_thread_blocked, id=9124, stack(0x00000020eda00000,0x00000020edb00000)]
  0x0000014c5541ec50 JavaThread "Cache worker for journal cache (C:\Users\aliah\.gradle\caches\journal-1)" [_thread_blocked, id=1824, stack(0x00000020ecf00000,0x00000020ed000000)]
  0x0000014c55421ef0 JavaThread "File lock request listener" [_thread_in_native, id=7952, stack(0x00000020edb00000,0x00000020edc00000)]
  0x0000014c5541e740 JavaThread "Cache worker for file hash cache (C:\Users\aliah\.gradle\caches\8.11.1\fileHashes)" [_thread_blocked, id=5216, stack(0x00000020edc00000,0x00000020edd00000)]
  0x0000014c359297c0 JavaThread "Cache worker for file content cache (C:\Users\aliah\.gradle\caches\8.11.1\fileContent)" [_thread_blocked, id=15132, stack(0x00000020ede00000,0x00000020edf00000)]
  0x0000014c359292b0 JavaThread "Cache worker for file hash cache (D:\React Native\MyProject\android\.gradle\8.11.1\fileHashes)" [_thread_blocked, id=9876, stack(0x00000020edf00000,0x00000020ee000000)]
  0x0000014c35927960 JavaThread "Cache worker for Build Output Cleanup Cache (D:\React Native\MyProject\android\.gradle\buildOutputCleanup)" [_thread_blocked, id=16780, stack(0x00000020ee000000,0x00000020ee100000)]
  0x0000014c35925b00 JavaThread "Cache worker for checksums cache (D:\React Native\MyProject\android\.gradle\8.11.1\checksums)" [_thread_blocked, id=11476, stack(0x00000020ee300000,0x00000020ee400000)]
  0x0000014c35924bd0 JavaThread "Cache worker for cache directory md-rule (C:\Users\aliah\.gradle\caches\8.11.1\md-rule)" [_thread_blocked, id=1756, stack(0x00000020ee400000,0x00000020ee500000)]
  0x0000014c3592a6f0 JavaThread "Cache worker for cache directory md-supplier (C:\Users\aliah\.gradle\caches\8.11.1\md-supplier)" [_thread_blocked, id=4004, stack(0x00000020ee500000,0x00000020ee600000)]
  0x0000014c35926010 JavaThread "jar transforms" [_thread_blocked, id=912, stack(0x00000020ee700000,0x00000020ee800000)]
  0x0000014c35926a30 JavaThread "Cache worker for Build Output Cleanup Cache (D:\React Native\MyProject\node_modules\@react-native\gradle-plugin\.gradle\buildOutputCleanup)" [_thread_blocked, id=7224, stack(0x00000020ee800000,0x00000020ee900000)]
  0x0000014c35927e70 JavaThread "Unconstrained build operations" [_thread_blocked, id=8592, stack(0x00000020ee900000,0x00000020eea00000)]
  0x0000014c359241b0 JavaThread "Unconstrained build operations Thread 2" [_thread_blocked, id=17152, stack(0x00000020eea00000,0x00000020eeb00000)]
  0x0000014c35928890 JavaThread "Unconstrained build operations Thread 3" [_thread_blocked, id=16696, stack(0x00000020eeb00000,0x00000020eec00000)]
  0x0000014c35926f40 JavaThread "Unconstrained build operations Thread 4" [_thread_blocked, id=4924, stack(0x00000020eec00000,0x00000020eed00000)]
  0x0000014c5745df50 JavaThread "Unconstrained build operations Thread 5" [_thread_blocked, id=15920, stack(0x00000020eee00000,0x00000020eef00000)]
  0x0000014c5745e460 JavaThread "Unconstrained build operations Thread 6" [_thread_blocked, id=2004, stack(0x00000020eef00000,0x00000020ef000000)]
  0x0000014c5745d530 JavaThread "Unconstrained build operations Thread 7" [_thread_blocked, id=7320, stack(0x00000020ef000000,0x00000020ef100000)]
  0x0000014c5745cb10 JavaThread "Unconstrained build operations Thread 8" [_thread_blocked, id=11124, stack(0x00000020ef100000,0x00000020ef200000)]
  0x0000014c5745fdb0 JavaThread "Unconstrained build operations Thread 9" [_thread_blocked, id=17040, stack(0x00000020ef200000,0x00000020ef300000)]
  0x0000014c5745f390 JavaThread "Unconstrained build operations Thread 10" [_thread_blocked, id=1152, stack(0x00000020ef300000,0x00000020ef400000)]
  0x0000014c5745e970 JavaThread "Unconstrained build operations Thread 11" [_thread_blocked, id=12284, stack(0x00000020ef400000,0x00000020ef500000)]
  0x0000014c5745c600 JavaThread "Unconstrained build operations Thread 12" [_thread_blocked, id=720, stack(0x00000020ef500000,0x00000020ef600000)]
  0x0000014c5745da40 JavaThread "Unconstrained build operations Thread 13" [_thread_blocked, id=10080, stack(0x00000020ef600000,0x00000020ef700000)]
  0x0000014c5745d020 JavaThread "Unconstrained build operations Thread 14" [_thread_blocked, id=4504, stack(0x00000020ef700000,0x00000020ef800000)]
  0x0000014c572e3810 JavaThread "Unconstrained build operations Thread 15" [_thread_blocked, id=14152, stack(0x00000020ef800000,0x00000020ef900000)]
  0x0000014c572e19b0 JavaThread "Memory manager" [_thread_blocked, id=8776, stack(0x00000020ef900000,0x00000020efa00000)]
  0x0000014c572e0570 JavaThread "build event listener" [_thread_blocked, id=8008, stack(0x00000020efa00000,0x00000020efb00000)]
  0x0000014c572e4740 JavaThread "ForkJoinPool.commonPool-worker-1" daemon [_thread_blocked, id=6664, stack(0x00000020efb00000,0x00000020efc00000)]
  0x0000014c572e0f90 JavaThread "ForkJoinPool.commonPool-worker-2" daemon [_thread_blocked, id=8560, stack(0x00000020efc00000,0x00000020efd00000)]
  0x0000014c572e3d20 JavaThread "included builds" [_thread_blocked, id=6596, stack(0x00000020efe00000,0x00000020eff00000)]
  0x0000014c572e23d0 JavaThread "Execution worker" [_thread_blocked, id=1656, stack(0x00000020eff00000,0x00000020f0000000)]
  0x0000014c572e65a0 JavaThread "Execution worker Thread 2" [_thread_blocked, id=10732, stack(0x00000020f0000000,0x00000020f0100000)]
  0x0000014c572e5670 JavaThread "Execution worker Thread 3" [_thread_blocked, id=11640, stack(0x00000020f0100000,0x00000020f0200000)]
  0x0000014c572e6ab0 JavaThread "Cache worker for execution history cache (D:\React Native\MyProject\node_modules\@react-native\gradle-plugin\.gradle\8.11.1\executionHistory)" [_thread_blocked, id=6124, stack(0x00000020f0200000,0x00000020f0300000)]
  0x0000014c572e5b80 JavaThread "Unconstrained build operations Thread 16" [_thread_blocked, id=2596, stack(0x00000020f0300000,0x00000020f0400000)]
  0x0000014c572e6fc0 JavaThread "Unconstrained build operations Thread 17" [_thread_blocked, id=16776, stack(0x00000020f0400000,0x00000020f0500000)]
  0x0000014c572e14a0 JavaThread "Unconstrained build operations Thread 18" [_thread_blocked, id=2196, stack(0x00000020f0500000,0x00000020f0600000)]
  0x0000014c572e4230 JavaThread "Unconstrained build operations Thread 19" [_thread_blocked, id=1752, stack(0x00000020f0600000,0x00000020f0700000)]
  0x0000014c572e1ec0 JavaThread "Unconstrained build operations Thread 20" [_thread_blocked, id=1440, stack(0x00000020f0700000,0x00000020f0800000)]
  0x0000014c572e4c50 JavaThread "Unconstrained build operations Thread 21" [_thread_blocked, id=10384, stack(0x00000020f0800000,0x00000020f0900000)]
  0x0000014c572e74d0 JavaThread "Unconstrained build operations Thread 22" [_thread_blocked, id=12696, stack(0x00000020f0900000,0x00000020f0a00000)]
  0x0000014c572e0060 JavaThread "Unconstrained build operations Thread 23" [_thread_blocked, id=16336, stack(0x00000020f0a00000,0x00000020f0b00000)]
  0x0000014c572e28e0 JavaThread "Unconstrained build operations Thread 24" [_thread_blocked, id=13272, stack(0x00000020f0b00000,0x00000020f0c00000)]
  0x0000014c572e79e0 JavaThread "Unconstrained build operations Thread 25" [_thread_blocked, id=5452, stack(0x00000020f0c00000,0x00000020f0d00000)]
  0x0000014c572e2df0 JavaThread "Unconstrained build operations Thread 26" [_thread_blocked, id=2696, stack(0x00000020f0d00000,0x00000020f0e00000)]
  0x0000014c5a3b1990 JavaThread "Unconstrained build operations Thread 27" [_thread_blocked, id=5964, stack(0x00000020f0e00000,0x00000020f0f00000)]
  0x0000014c5a3b0f70 JavaThread "Unconstrained build operations Thread 28" [_thread_blocked, id=17312, stack(0x00000020f0f00000,0x00000020f1000000)]
  0x0000014c5a3b23b0 JavaThread "Unconstrained build operations Thread 29" [_thread_blocked, id=11972, stack(0x00000020f1000000,0x00000020f1100000)]
  0x0000014c5a3b0a60 JavaThread "Unconstrained build operations Thread 30" [_thread_blocked, id=16756, stack(0x00000020f1100000,0x00000020f1200000)]
  0x0000014c5a3b2dd0 JavaThread "Unconstrained build operations Thread 31" [_thread_blocked, id=16848, stack(0x00000020f1200000,0x00000020f1300000)]
  0x0000014c5a3b37f0 JavaThread "Unconstrained build operations Thread 32" [_thread_blocked, id=12772, stack(0x00000020f1300000,0x00000020f1400000)]
  0x0000014c5a3b1ea0 JavaThread "Unconstrained build operations Thread 33" [_thread_blocked, id=9776, stack(0x00000020f1400000,0x00000020f1500000)]
  0x0000014c5a3b3d00 JavaThread "Unconstrained build operations Thread 34" [_thread_blocked, id=8976, stack(0x00000020f1500000,0x00000020f1600000)]
  0x0000014c5a3b1480 JavaThread "Unconstrained build operations Thread 35" [_thread_blocked, id=11708, stack(0x00000020f1600000,0x00000020f1700000)]
  0x0000014c5a3b28c0 JavaThread "Unconstrained build operations Thread 36" [_thread_blocked, id=8232, stack(0x00000020f1700000,0x00000020f1800000)]
  0x0000014c5a3b4210 JavaThread "jar transforms Thread 2" [_thread_blocked, id=12248, stack(0x00000020f1800000,0x00000020f1900000)]
  0x0000014c59268570 JavaThread "jar transforms Thread 3" [_thread_blocked, id=8116, stack(0x00000020f1900000,0x00000020f1a00000)]
  0x0000014c5926adf0 JavaThread "Unconstrained build operations Thread 37" [_thread_blocked, id=14576, stack(0x00000020f1a00000,0x00000020f1b00000)]
  0x0000014c59268060 JavaThread "Unconstrained build operations Thread 38" [_thread_blocked, id=10748, stack(0x00000020f1b00000,0x00000020f1c00000)]
  0x0000014c59268a80 JavaThread "Unconstrained build operations Thread 39" [_thread_blocked, id=13940, stack(0x00000020f1c00000,0x00000020f1d00000)]
  0x0000014c592694a0 JavaThread "Unconstrained build operations Thread 40" [_thread_blocked, id=9284, stack(0x00000020f1d00000,0x00000020f1e00000)]
  0x0000014c5926b300 JavaThread "jar transforms Thread 4" [_thread_blocked, id=13508, stack(0x00000020eb700000,0x00000020eb800000)]
  0x0000014c572e5160 JavaThread "build event listener" [_thread_blocked, id=17148, stack(0x00000020f2000000,0x00000020f2100000)]
  0x0000014c577d1de0 JavaThread "Cache worker for execution history cache (D:\React Native\MyProject\android\.gradle\8.11.1\executionHistory)" [_thread_blocked, id=14196, stack(0x00000020f2300000,0x00000020f2400000)]
  0x0000014c577d13c0 JavaThread "WorkerExecutor Queue" [_thread_in_native, id=15892, stack(0x00000020f2400000,0x00000020f2500000)]
  0x0000014c577d8830 JavaThread "WorkerExecutor Queue Thread 2" [_thread_in_native, id=10084, stack(0x00000020f2500000,0x00000020f2600000)]
  0x0000014c577d69d0 JavaThread "WorkerExecutor Queue Thread 3" [_thread_in_native, id=15152, stack(0x00000020f2600000,0x00000020f2700000)]
  0x0000014c577d64c0 JavaThread "WorkerExecutor Queue Thread 4" [_thread_in_native, id=6648, stack(0x00000020f2700000,0x00000020f2800000)]
  0x0000014c600cbac0 JavaThread "Cache worker for Java compile cache (C:\Users\aliah\.gradle\caches\8.11.1\javaCompile)" [_thread_blocked, id=15024, stack(0x00000020f2800000,0x00000020f2900000)]
  0x0000014c600c9750 JavaThread "Build operations" [_thread_blocked, id=10344, stack(0x00000020eed00000,0x00000020eee00000)]
  0x0000014c600c6ed0 JavaThread "Build operations Thread 2" [_thread_blocked, id=7732, stack(0x00000020f2900000,0x00000020f2a00000)]
  0x0000014c600c73e0 JavaThread "Build operations Thread 3" [_thread_blocked, id=7396, stack(0x00000020f2a00000,0x00000020f2b00000)]
  0x0000014c600c8d30 JavaThread "pool-3-thread-1" [_thread_blocked, id=3752, stack(0x00000020f2b00000,0x00000020f2c00000)]
  0x0000014c600c9c60 JavaThread "stderr" [_thread_in_native, id=16912, stack(0x00000020f2c00000,0x00000020f2d00000)]
  0x0000014c600c78f0 JavaThread "stdout" [_thread_in_native, id=12032, stack(0x00000020f2d00000,0x00000020f2e00000)]
  0x0000014c600ca680 JavaThread "Problems report writer" [_thread_blocked, id=15740, stack(0x00000020f2e00000,0x00000020f2f00000)]
  0x0000014c600cab90 JavaThread "Build operations Thread 4" [_thread_blocked, id=11600, stack(0x00000020f2f00000,0x00000020f3000000)]
  0x0000014c577d2800 JavaThread "RMI Scheduler(0)" daemon [_thread_blocked, id=8780, stack(0x00000020eb800000,0x00000020eb900000)]
  0x0000014c59268f90 JavaThread "RMI RenewClean-[127.0.0.1:17072,org.jetbrains.kotlin.daemon.common.LoopbackNetworkInterface$ClientLoopbackSocketFactory@472158ea]" daemon [_thread_blocked, id=2944, stack(0x00000020f3000000,0x00000020f3100000)]
  0x0000014c6205ae50 JavaThread "RMI GC Daemon" daemon [_thread_blocked, id=17212, stack(0x00000020f3100000,0x00000020f3200000)]
  0x0000014c6205a430 JavaThread "RMI TCP Accept-0" daemon [_thread_in_native, id=3492, stack(0x00000020f3300000,0x00000020f3400000)]
  0x0000014c6205a940 JavaThread "RMI Reaper" [_thread_blocked, id=12468, stack(0x00000020f3400000,0x00000020f3500000)]
  0x0000014c6205f530 JavaThread "RMI RenewClean-[127.0.0.1:17072,org.jetbrains.kotlin.daemon.common.LoopbackNetworkInterface$ClientLoopbackSocketFactory@35273f5f]" daemon [_thread_blocked, id=13888, stack(0x00000020f3500000,0x00000020f3600000)]
  0x0000014c6205fa40 JavaThread "RMI TCP Connection(idle)" daemon [_thread_blocked, id=15520, stack(0x00000020f3600000,0x00000020f3700000)]
  0x0000014c6205b360 JavaThread "RMI TCP Connection(idle)" daemon [_thread_blocked, id=15508, stack(0x00000020f3700000,0x00000020f3800000)]
  0x0000014c6205bd80 JavaThread "RMI RenewClean-[127.0.0.1:17072,org.jetbrains.kotlin.daemon.common.LoopbackNetworkInterface$ClientLoopbackSocketFactory@74a258cb]" daemon [_thread_blocked, id=11504, stack(0x00000020f3800000,0x00000020f3900000)]
  0x0000014c62060970 JavaThread "RMI TCP Connection(idle)" daemon [_thread_blocked, id=17292, stack(0x00000020f3900000,0x00000020f3a00000)]
  0x0000014c6205ccb0 JavaThread "RMI RenewClean-[127.0.0.1:17072,org.jetbrains.kotlin.daemon.common.LoopbackNetworkInterface$ClientLoopbackSocketFactory@49851b28]" daemon [_thread_blocked, id=9764, stack(0x00000020f3a00000,0x00000020f3b00000)]
  0x0000014c6205dbe0 JavaThread "RMI TCP Connection(idle)" daemon [_thread_blocked, id=16824, stack(0x00000020f3b00000,0x00000020f3c00000)]

Other Threads:
  0x0000014c35529400 VMThread "VM Thread" [stack: 0x00000020ec000000,0x00000020ec100000] [id=10096]
  0x0000014c12d317a0 WatcherThread [stack: 0x00000020ecc00000,0x00000020ecd00000] [id=15124]
  0x0000014c12d9f310 GCTaskThread "GC Thread#0" [stack: 0x00000020ebb00000,0x00000020ebc00000] [id=15864]
  0x0000014c357e1050 GCTaskThread "GC Thread#1" [stack: 0x00000020ecd00000,0x00000020ece00000] [id=12908]
  0x0000014c357e1310 GCTaskThread "GC Thread#2" [stack: 0x00000020ece00000,0x00000020ecf00000] [id=10736]
  0x0000014c559ee5a0 GCTaskThread "GC Thread#3" [stack: 0x00000020ed000000,0x00000020ed100000] [id=12796]
  0x0000014c12db0170 ConcurrentGCThread "G1 Main Marker" [stack: 0x00000020ebc00000,0x00000020ebd00000] [id=12720]
  0x0000014c12db1240 ConcurrentGCThread "G1 Conc#0" [stack: 0x00000020ebd00000,0x00000020ebe00000] [id=14900]
  0x0000014c12dedf50 ConcurrentGCThread "G1 Refine#0" [stack: 0x00000020ebe00000,0x00000020ebf00000] [id=5472]
  0x0000014c56ff0e60 ConcurrentGCThread "G1 Refine#1" [stack: 0x00000020ee600000,0x00000020ee700000] [id=15428]
  0x0000014c5ab9c930 ConcurrentGCThread "G1 Refine#2" [stack: 0x00000020f2100000,0x00000020f2200000] [id=15256]
  0x0000014c5ab9e3a0 ConcurrentGCThread "G1 Refine#3" [stack: 0x00000020f2200000,0x00000020f2300000] [id=3832]
  0x0000014c12dee890 ConcurrentGCThread "G1 Service" [stack: 0x00000020ebf00000,0x00000020ec000000] [id=9716]

Threads with active compile tasks:
C2 CompilerThread0   128188 29883   !   4       java.util.concurrent.LinkedBlockingQueue::poll (128 bytes)

VM state: not at safepoint (normal execution)

VM Mutex/Monitor currently owned by a thread: None

Heap address: 0x0000000700000000, size: 4096 MB, Compressed Oops mode: Zero based, Oop shift amount: 3

CDS archive(s) mapped at: [0x0000014c36000000-0x0000014c36bb0000-0x0000014c36bb0000), size 12255232, SharedBaseAddress: 0x0000014c36000000, ArchiveRelocationMode: 1.
Compressed class space mapped at: 0x0000014c37000000-0x0000014c51000000, reserved size: 436207616
Narrow klass base: 0x0000014c36000000, Narrow klass shift: 0, Narrow klass range: 0x100000000

GC Precious Log:
 CPUs: 4 total, 4 available
 Memory: 8042M
 Large Page Support: Disabled
 NUMA Support: Disabled
 Compressed Oops: Enabled (Zero based)
 Heap Region Size: 2M
 Heap Min Capacity: 8M
 Heap Initial Capacity: 126M
 Heap Max Capacity: 4G
 Pre-touch: Disabled
 Parallel Workers: 4
 Concurrent Workers: 1
 Concurrent Refinement Workers: 4
 Periodic GC: Disabled

Heap:
 garbage-first heap   total 706560K, used 468408K [0x0000000700000000, 0x0000000800000000)
  region size 2048K, 71 young (145408K), 8 survivors (16384K)
 Metaspace       used 150547K, committed 152576K, reserved 622592K
  class space    used 19825K, committed 20800K, reserved 425984K

Heap Regions: E=young(eden), S=young(survivor), O=old, HS=humongous(starts), HC=humongous(continues), CS=collection set, F=free, OA=open archive, CA=closed archive, TAMS=top-at-mark-start (previous, next)
|   0|0x0000000700000000, 0x0000000700200000, 0x0000000700200000|100%|HS|  |TAMS 0x0000000700200000, 0x0000000700000000| Complete 
|   1|0x0000000700200000, 0x0000000700400000, 0x0000000700400000|100%|HC|  |TAMS 0x0000000700400000, 0x0000000700200000| Complete 
|   2|0x0000000700400000, 0x0000000700600000, 0x0000000700600000|100%| O|  |TAMS 0x0000000700600000, 0x0000000700400000| Untracked 
|   3|0x0000000700600000, 0x0000000700800000, 0x0000000700800000|100%| O|  |TAMS 0x0000000700800000, 0x0000000700600000| Untracked 
|   4|0x0000000700800000, 0x0000000700a00000, 0x0000000700a00000|100%| O|  |TAMS 0x0000000700a00000, 0x0000000700800000| Untracked 
|   5|0x0000000700a00000, 0x0000000700c00000, 0x0000000700c00000|100%| O|  |TAMS 0x0000000700c00000, 0x0000000700a00000| Untracked 
|   6|0x0000000700c00000, 0x0000000700e00000, 0x0000000700e00000|100%| O|  |TAMS 0x0000000700e00000, 0x0000000700c00000| Untracked 
|   7|0x0000000700e00000, 0x0000000701000000, 0x0000000701000000|100%| O|  |TAMS 0x0000000701000000, 0x0000000700e00000| Untracked 
|   8|0x0000000701000000, 0x0000000701200000, 0x0000000701200000|100%| O|  |TAMS 0x0000000701200000, 0x0000000701000000| Untracked 
|   9|0x0000000701200000, 0x0000000701400000, 0x0000000701400000|100%| O|  |TAMS 0x0000000701400000, 0x0000000701200000| Untracked 
|  10|0x0000000701400000, 0x0000000701600000, 0x0000000701600000|100%| O|  |TAMS 0x0000000701600000, 0x0000000701400000| Untracked 
|  11|0x0000000701600000, 0x0000000701800000, 0x0000000701800000|100%| O|  |TAMS 0x0000000701800000, 0x0000000701600000| Untracked 
|  12|0x0000000701800000, 0x0000000701a00000, 0x0000000701a00000|100%| O|  |TAMS 0x0000000701a00000, 0x0000000701800000| Untracked 
|  13|0x0000000701a00000, 0x0000000701c00000, 0x0000000701c00000|100%| O|  |TAMS 0x0000000701c00000, 0x0000000701a00000| Untracked 
|  14|0x0000000701c00000, 0x0000000701e00000, 0x0000000701e00000|100%| O|  |TAMS 0x0000000701e00000, 0x0000000701c00000| Untracked 
|  15|0x0000000701e00000, 0x0000000702000000, 0x0000000702000000|100%| O|  |TAMS 0x0000000702000000, 0x0000000701e00000| Untracked 
|  16|0x0000000702000000, 0x0000000702200000, 0x0000000702200000|100%| O|  |TAMS 0x0000000702200000, 0x0000000702000000| Untracked 
|  17|0x0000000702200000, 0x0000000702400000, 0x0000000702400000|100%| O|  |TAMS 0x0000000702400000, 0x0000000702200000| Untracked 
|  18|0x0000000702400000, 0x0000000702600000, 0x0000000702600000|100%| O|  |TAMS 0x0000000702600000, 0x0000000702400000| Untracked 
|  19|0x0000000702600000, 0x0000000702800000, 0x0000000702800000|100%| O|  |TAMS 0x0000000702800000, 0x0000000702600000| Untracked 
|  20|0x0000000702800000, 0x0000000702a00000, 0x0000000702a00000|100%| O|  |TAMS 0x0000000702a00000, 0x0000000702800000| Untracked 
|  21|0x0000000702a00000, 0x0000000702c00000, 0x0000000702c00000|100%| O|  |TAMS 0x0000000702c00000, 0x0000000702a00000| Untracked 
|  22|0x0000000702c00000, 0x0000000702e00000, 0x0000000702e00000|100%|HS|  |TAMS 0x0000000702e00000, 0x0000000702c00000| Complete 
|  23|0x0000000702e00000, 0x0000000703000000, 0x0000000703000000|100%|HS|  |TAMS 0x0000000703000000, 0x0000000702e00000| Complete 
|  24|0x0000000703000000, 0x0000000703200000, 0x0000000703200000|100%| O|  |TAMS 0x0000000703200000, 0x0000000703000000| Untracked 
|  25|0x0000000703200000, 0x0000000703400000, 0x0000000703400000|100%| O|  |TAMS 0x0000000703400000, 0x0000000703200000| Untracked 
|  26|0x0000000703400000, 0x0000000703600000, 0x0000000703600000|100%|HS|  |TAMS 0x0000000703600000, 0x0000000703400000| Complete 
|  27|0x0000000703600000, 0x0000000703800000, 0x0000000703800000|100%|HC|  |TAMS 0x0000000703800000, 0x0000000703600000| Complete 
|  28|0x0000000703800000, 0x0000000703a00000, 0x0000000703a00000|100%|HS|  |TAMS 0x0000000703a00000, 0x0000000703800000| Complete 
|  29|0x0000000703a00000, 0x0000000703c00000, 0x0000000703c00000|100%|HC|  |TAMS 0x0000000703c00000, 0x0000000703a00000| Complete 
|  30|0x0000000703c00000, 0x0000000703e00000, 0x0000000703e00000|100%| O|  |TAMS 0x0000000703e00000, 0x0000000703c00000| Untracked 
|  31|0x0000000703e00000, 0x0000000704000000, 0x0000000704000000|100%| O|  |TAMS 0x0000000704000000, 0x0000000703e00000| Untracked 
|  32|0x0000000704000000, 0x0000000704200000, 0x0000000704200000|100%| O|  |TAMS 0x0000000704200000, 0x0000000704000000| Untracked 
|  33|0x0000000704200000, 0x0000000704400000, 0x0000000704400000|100%| O|  |TAMS 0x0000000704400000, 0x0000000704200000| Untracked 
|  34|0x0000000704400000, 0x0000000704600000, 0x0000000704600000|100%| O|  |TAMS 0x0000000704600000, 0x0000000704400000| Untracked 
|  35|0x0000000704600000, 0x0000000704800000, 0x0000000704800000|100%| O|  |TAMS 0x0000000704800000, 0x0000000704600000| Untracked 
|  36|0x0000000704800000, 0x0000000704a00000, 0x0000000704a00000|100%| O|  |TAMS 0x0000000704a00000, 0x0000000704800000| Untracked 
|  37|0x0000000704a00000, 0x0000000704c00000, 0x0000000704c00000|100%| O|  |TAMS 0x0000000704c00000, 0x0000000704a00000| Untracked 
|  38|0x0000000704c00000, 0x0000000704e00000, 0x0000000704e00000|100%| O|  |TAMS 0x0000000704e00000, 0x0000000704c00000| Untracked 
|  39|0x0000000704e00000, 0x0000000705000000, 0x0000000705000000|100%| O|  |TAMS 0x0000000705000000, 0x0000000704e00000| Untracked 
|  40|0x0000000705000000, 0x0000000705200000, 0x0000000705200000|100%| O|  |TAMS 0x0000000705200000, 0x0000000705000000| Untracked 
|  41|0x0000000705200000, 0x0000000705400000, 0x0000000705400000|100%| O|  |TAMS 0x0000000705400000, 0x0000000705200000| Untracked 
|  42|0x0000000705400000, 0x0000000705600000, 0x0000000705600000|100%| O|  |TAMS 0x0000000705600000, 0x0000000705400000| Untracked 
|  43|0x0000000705600000, 0x0000000705800000, 0x0000000705800000|100%|HS|  |TAMS 0x0000000705800000, 0x0000000705600000| Complete 
|  44|0x0000000705800000, 0x0000000705a00000, 0x0000000705a00000|100%| O|  |TAMS 0x0000000705a00000, 0x0000000705800000| Untracked 
|  45|0x0000000705a00000, 0x0000000705c00000, 0x0000000705c00000|100%| O|  |TAMS 0x0000000705c00000, 0x0000000705a00000| Untracked 
|  46|0x0000000705c00000, 0x0000000705e00000, 0x0000000705e00000|100%|HS|  |TAMS 0x0000000705c00000, 0x0000000705c00000| Complete 
|  47|0x0000000705e00000, 0x0000000706000000, 0x0000000706000000|100%| O|  |TAMS 0x0000000706000000, 0x0000000705e00000| Untracked 
|  48|0x0000000706000000, 0x0000000706200000, 0x0000000706200000|100%| O|  |TAMS 0x0000000706200000, 0x0000000706000000| Untracked 
|  49|0x0000000706200000, 0x0000000706400000, 0x0000000706400000|100%| O|  |TAMS 0x0000000706400000, 0x0000000706200000| Untracked 
|  50|0x0000000706400000, 0x0000000706600000, 0x0000000706600000|100%| O|  |TAMS 0x0000000706600000, 0x0000000706400000| Untracked 
|  51|0x0000000706600000, 0x0000000706800000, 0x0000000706800000|100%| O|  |TAMS 0x0000000706800000, 0x0000000706600000| Untracked 
|  52|0x0000000706800000, 0x0000000706a00000, 0x0000000706a00000|100%| O|  |TAMS 0x0000000706a00000, 0x0000000706800000| Untracked 
|  53|0x0000000706a00000, 0x0000000706c00000, 0x0000000706c00000|100%| O|  |TAMS 0x0000000706c00000, 0x0000000706a00000| Untracked 
|  54|0x0000000706c00000, 0x0000000706e00000, 0x0000000706e00000|100%| O|  |TAMS 0x0000000706e00000, 0x0000000706c00000| Untracked 
|  55|0x0000000706e00000, 0x0000000707000000, 0x0000000707000000|100%| O|  |TAMS 0x0000000707000000, 0x0000000706e00000| Untracked 
|  56|0x0000000707000000, 0x0000000707200000, 0x0000000707200000|100%|HS|  |TAMS 0x0000000707200000, 0x0000000707000000| Complete 
|  57|0x0000000707200000, 0x0000000707400000, 0x0000000707400000|100%| O|  |TAMS 0x0000000707400000, 0x0000000707200000| Untracked 
|  58|0x0000000707400000, 0x0000000707600000, 0x0000000707600000|100%| O|  |TAMS 0x0000000707600000, 0x0000000707400000| Untracked 
|  59|0x0000000707600000, 0x0000000707800000, 0x0000000707800000|100%| O|  |TAMS 0x0000000707800000, 0x0000000707600000| Untracked 
|  60|0x0000000707800000, 0x0000000707a00000, 0x0000000707a00000|100%| O|  |TAMS 0x0000000707a00000, 0x0000000707800000| Untracked 
|  61|0x0000000707a00000, 0x0000000707c00000, 0x0000000707c00000|100%| O|  |TAMS 0x0000000707c00000, 0x0000000707a00000| Untracked 
|  62|0x0000000707c00000, 0x0000000707e00000, 0x0000000707e00000|100%| O|  |TAMS 0x0000000707e00000, 0x0000000707c00000| Untracked 
|  63|0x0000000707e00000, 0x0000000708000000, 0x0000000708000000|100%| O|  |TAMS 0x0000000708000000, 0x0000000707e00000| Untracked 
|  64|0x0000000708000000, 0x0000000708200000, 0x0000000708200000|100%| O|  |TAMS 0x0000000708200000, 0x0000000708000000| Untracked 
|  65|0x0000000708200000, 0x0000000708400000, 0x0000000708400000|100%| O|  |TAMS 0x0000000708400000, 0x0000000708200000| Untracked 
|  66|0x0000000708400000, 0x0000000708600000, 0x0000000708600000|100%| O|  |TAMS 0x0000000708600000, 0x0000000708400000| Untracked 
|  67|0x0000000708600000, 0x0000000708800000, 0x0000000708800000|100%| O|  |TAMS 0x0000000708800000, 0x0000000708600000| Untracked 
|  68|0x0000000708800000, 0x0000000708a00000, 0x0000000708a00000|100%| O|  |TAMS 0x0000000708a00000, 0x0000000708800000| Untracked 
|  69|0x0000000708a00000, 0x0000000708c00000, 0x0000000708c00000|100%| O|  |TAMS 0x0000000708c00000, 0x0000000708a00000| Untracked 
|  70|0x0000000708c00000, 0x0000000708e00000, 0x0000000708e00000|100%| O|  |TAMS 0x0000000708e00000, 0x0000000708c00000| Untracked 
|  71|0x0000000708e00000, 0x0000000709000000, 0x0000000709000000|100%| O|  |TAMS 0x0000000709000000, 0x0000000708e00000| Untracked 
|  72|0x0000000709000000, 0x0000000709200000, 0x0000000709200000|100%| O|  |TAMS 0x0000000709200000, 0x0000000709000000| Untracked 
|  73|0x0000000709200000, 0x0000000709400000, 0x0000000709400000|100%| O|  |TAMS 0x0000000709400000, 0x0000000709200000| Untracked 
|  74|0x0000000709400000, 0x0000000709600000, 0x0000000709600000|100%| O|  |TAMS 0x0000000709600000, 0x0000000709400000| Untracked 
|  75|0x0000000709600000, 0x0000000709800000, 0x0000000709800000|100%|HS|  |TAMS 0x0000000709800000, 0x0000000709600000| Complete 
|  76|0x0000000709800000, 0x0000000709a00000, 0x0000000709a00000|100%| O|  |TAMS 0x0000000709a00000, 0x0000000709800000| Untracked 
|  77|0x0000000709a00000, 0x0000000709c00000, 0x0000000709c00000|100%| O|  |TAMS 0x0000000709c00000, 0x0000000709a00000| Untracked 
|  78|0x0000000709c00000, 0x0000000709e00000, 0x0000000709e00000|100%| O|  |TAMS 0x0000000709e00000, 0x0000000709c00000| Untracked 
|  79|0x0000000709e00000, 0x000000070a000000, 0x000000070a000000|100%|HS|  |TAMS 0x0000000709e00000, 0x0000000709e00000| Complete 
|  80|0x000000070a000000, 0x000000070a200000, 0x000000070a200000|100%| O|  |TAMS 0x000000070a200000, 0x000000070a000000| Untracked 
|  81|0x000000070a200000, 0x000000070a400000, 0x000000070a400000|100%| O|  |TAMS 0x000000070a400000, 0x000000070a200000| Untracked 
|  82|0x000000070a400000, 0x000000070a600000, 0x000000070a600000|100%| O|  |TAMS 0x000000070a600000, 0x000000070a400000| Untracked 
|  83|0x000000070a600000, 0x000000070a800000, 0x000000070a800000|100%| O|  |TAMS 0x000000070a800000, 0x000000070a600000| Untracked 
|  84|0x000000070a800000, 0x000000070aa00000, 0x000000070aa00000|100%| O|  |TAMS 0x000000070aa00000, 0x000000070a800000| Untracked 
|  85|0x000000070aa00000, 0x000000070ac00000, 0x000000070ac00000|100%| O|  |TAMS 0x000000070ac00000, 0x000000070aa00000| Untracked 
|  86|0x000000070ac00000, 0x000000070ae00000, 0x000000070ae00000|100%| O|  |TAMS 0x000000070ae00000, 0x000000070ac00000| Untracked 
|  87|0x000000070ae00000, 0x000000070b000000, 0x000000070b000000|100%| O|  |TAMS 0x000000070b000000, 0x000000070ae00000| Untracked 
|  88|0x000000070b000000, 0x000000070b200000, 0x000000070b200000|100%| O|  |TAMS 0x000000070b200000, 0x000000070b000000| Untracked 
|  89|0x000000070b200000, 0x000000070b400000, 0x000000070b400000|100%| O|  |TAMS 0x000000070b400000, 0x000000070b200000| Untracked 
|  90|0x000000070b400000, 0x000000070b600000, 0x000000070b600000|100%| O|  |TAMS 0x000000070b600000, 0x000000070b400000| Untracked 
|  91|0x000000070b600000, 0x000000070b800000, 0x000000070b800000|100%| O|  |TAMS 0x000000070b800000, 0x000000070b600000| Untracked 
|  92|0x000000070b800000, 0x000000070ba00000, 0x000000070ba00000|100%| O|  |TAMS 0x000000070ba00000, 0x000000070b800000| Untracked 
|  93|0x000000070ba00000, 0x000000070bc00000, 0x000000070bc00000|100%| O|  |TAMS 0x000000070bc00000, 0x000000070ba00000| Untracked 
|  94|0x000000070bc00000, 0x000000070be00000, 0x000000070be00000|100%| O|  |TAMS 0x000000070be00000, 0x000000070bc00000| Untracked 
|  95|0x000000070be00000, 0x000000070c000000, 0x000000070c000000|100%| O|  |TAMS 0x000000070c000000, 0x000000070be00000| Untracked 
|  96|0x000000070c000000, 0x000000070c200000, 0x000000070c200000|100%| O|  |TAMS 0x000000070c200000, 0x000000070c000000| Untracked 
|  97|0x000000070c200000, 0x000000070c400000, 0x000000070c400000|100%| O|  |TAMS 0x000000070c400000, 0x000000070c200000| Untracked 
|  98|0x000000070c400000, 0x000000070c600000, 0x000000070c600000|100%| O|  |TAMS 0x000000070c600000, 0x000000070c400000| Untracked 
|  99|0x000000070c600000, 0x000000070c800000, 0x000000070c800000|100%| O|  |TAMS 0x000000070c800000, 0x000000070c600000| Untracked 
| 100|0x000000070c800000, 0x000000070ca00000, 0x000000070ca00000|100%| O|  |TAMS 0x000000070ca00000, 0x000000070c800000| Untracked 
| 101|0x000000070ca00000, 0x000000070cc00000, 0x000000070cc00000|100%| O|  |TAMS 0x000000070cc00000, 0x000000070ca00000| Untracked 
| 102|0x000000070cc00000, 0x000000070ce00000, 0x000000070ce00000|100%| O|  |TAMS 0x000000070ce00000, 0x000000070cc00000| Untracked 
| 103|0x000000070ce00000, 0x000000070d000000, 0x000000070d000000|100%| O|  |TAMS 0x000000070d000000, 0x000000070ce00000| Untracked 
| 104|0x000000070d000000, 0x000000070d200000, 0x000000070d200000|100%| O|  |TAMS 0x000000070d200000, 0x000000070d000000| Untracked 
| 105|0x000000070d200000, 0x000000070d400000, 0x000000070d400000|100%| O|  |TAMS 0x000000070d400000, 0x000000070d200000| Untracked 
| 106|0x000000070d400000, 0x000000070d600000, 0x000000070d600000|100%| O|  |TAMS 0x000000070d600000, 0x000000070d400000| Untracked 
| 107|0x000000070d600000, 0x000000070d800000, 0x000000070d800000|100%| O|  |TAMS 0x000000070d800000, 0x000000070d600000| Untracked 
| 108|0x000000070d800000, 0x000000070da00000, 0x000000070da00000|100%| O|  |TAMS 0x000000070da00000, 0x000000070d800000| Untracked 
| 109|0x000000070da00000, 0x000000070dc00000, 0x000000070dc00000|100%| O|  |TAMS 0x000000070dc00000, 0x000000070da00000| Untracked 
| 110|0x000000070dc00000, 0x000000070de00000, 0x000000070de00000|100%| O|  |TAMS 0x000000070de00000, 0x000000070dc00000| Untracked 
| 111|0x000000070de00000, 0x000000070e000000, 0x000000070e000000|100%| O|  |TAMS 0x000000070e000000, 0x000000070de00000| Untracked 
| 112|0x000000070e000000, 0x000000070e200000, 0x000000070e200000|100%| O|  |TAMS 0x000000070e200000, 0x000000070e000000| Untracked 
| 113|0x000000070e200000, 0x000000070e400000, 0x000000070e400000|100%| O|  |TAMS 0x000000070e400000, 0x000000070e200000| Untracked 
| 114|0x000000070e400000, 0x000000070e600000, 0x000000070e600000|100%| O|  |TAMS 0x000000070e600000, 0x000000070e400000| Untracked 
| 115|0x000000070e600000, 0x000000070e800000, 0x000000070e800000|100%| O|  |TAMS 0x000000070e800000, 0x000000070e600000| Untracked 
| 116|0x000000070e800000, 0x000000070ea00000, 0x000000070ea00000|100%| O|  |TAMS 0x000000070ea00000, 0x000000070e800000| Untracked 
| 117|0x000000070ea00000, 0x000000070ec00000, 0x000000070ec00000|100%| O|  |TAMS 0x000000070ec00000, 0x000000070ea00000| Untracked 
| 118|0x000000070ec00000, 0x000000070ee00000, 0x000000070ee00000|100%| O|  |TAMS 0x000000070ee00000, 0x000000070ec00000| Untracked 
| 119|0x000000070ee00000, 0x000000070f000000, 0x000000070f000000|100%| O|  |TAMS 0x000000070f000000, 0x000000070ee00000| Untracked 
| 120|0x000000070f000000, 0x000000070f200000, 0x000000070f200000|100%| O|  |TAMS 0x000000070f200000, 0x000000070f000000| Untracked 
| 121|0x000000070f200000, 0x000000070f400000, 0x000000070f400000|100%| O|  |TAMS 0x000000070f400000, 0x000000070f200000| Untracked 
| 122|0x000000070f400000, 0x000000070f600000, 0x000000070f600000|100%| O|  |TAMS 0x000000070f600000, 0x000000070f400000| Untracked 
| 123|0x000000070f600000, 0x000000070f800000, 0x000000070f800000|100%| O|  |TAMS 0x000000070f800000, 0x000000070f600000| Untracked 
| 124|0x000000070f800000, 0x000000070fa00000, 0x000000070fa00000|100%| O|  |TAMS 0x000000070fa00000, 0x000000070f800000| Untracked 
| 125|0x000000070fa00000, 0x000000070fc00000, 0x000000070fc00000|100%| O|  |TAMS 0x000000070fc00000, 0x000000070fa00000| Untracked 
| 126|0x000000070fc00000, 0x000000070fe00000, 0x000000070fe00000|100%| O|  |TAMS 0x000000070fe00000, 0x000000070fc00000| Untracked 
| 127|0x000000070fe00000, 0x0000000710000000, 0x0000000710000000|100%| O|  |TAMS 0x0000000710000000, 0x000000070fe00000| Untracked 
| 128|0x0000000710000000, 0x0000000710200000, 0x0000000710200000|100%| O|  |TAMS 0x0000000710200000, 0x0000000710000000| Untracked 
| 129|0x0000000710200000, 0x0000000710400000, 0x0000000710400000|100%| O|  |TAMS 0x0000000710400000, 0x0000000710200000| Untracked 
| 130|0x0000000710400000, 0x0000000710600000, 0x0000000710600000|100%| O|  |TAMS 0x0000000710600000, 0x0000000710400000| Untracked 
| 131|0x0000000710600000, 0x0000000710800000, 0x0000000710800000|100%|HS|  |TAMS 0x0000000710600000, 0x0000000710600000| Complete 
| 132|0x0000000710800000, 0x0000000710a00000, 0x0000000710a00000|100%| O|  |TAMS 0x0000000710a00000, 0x0000000710800000| Untracked 
| 133|0x0000000710a00000, 0x0000000710c00000, 0x0000000710c00000|100%| O|  |TAMS 0x0000000710a00000, 0x0000000710a00000| Untracked 
| 134|0x0000000710c00000, 0x0000000710e00000, 0x0000000710e00000|100%| O|  |TAMS 0x0000000710e00000, 0x0000000710c00000| Untracked 
| 135|0x0000000710e00000, 0x0000000711000000, 0x0000000711000000|100%|HS|  |TAMS 0x0000000710e00000, 0x0000000710e00000| Complete 
| 136|0x0000000711000000, 0x0000000711000000, 0x0000000711200000|  0%| F|  |TAMS 0x0000000711000000, 0x0000000711000000| Untracked 
| 137|0x0000000711200000, 0x0000000711400000, 0x0000000711400000|100%| O|  |TAMS 0x0000000711400000, 0x0000000711200000| Untracked 
| 138|0x0000000711400000, 0x0000000711600000, 0x0000000711600000|100%| O|  |TAMS 0x0000000711600000, 0x0000000711400000| Untracked 
| 139|0x0000000711600000, 0x0000000711800000, 0x0000000711800000|100%| O|  |TAMS 0x0000000711600000, 0x0000000711600000| Untracked 
| 140|0x0000000711800000, 0x0000000711a00000, 0x0000000711a00000|100%| O|  |TAMS 0x0000000711800000, 0x0000000711800000| Untracked 
| 141|0x0000000711a00000, 0x0000000711c00000, 0x0000000711c00000|100%| O|  |TAMS 0x0000000711c00000, 0x0000000711a00000| Untracked 
| 142|0x0000000711c00000, 0x0000000711e00000, 0x0000000711e00000|100%| O|  |TAMS 0x0000000711e00000, 0x0000000711c00000| Untracked 
| 143|0x0000000711e00000, 0x0000000712000000, 0x0000000712000000|100%| O|  |TAMS 0x0000000712000000, 0x0000000711e00000| Untracked 
| 144|0x0000000712000000, 0x0000000712200000, 0x0000000712200000|100%| O|  |TAMS 0x0000000712200000, 0x0000000712000000| Untracked 
| 145|0x0000000712200000, 0x0000000712200000, 0x0000000712400000|  0%| F|  |TAMS 0x0000000712200000, 0x0000000712200000| Untracked 
| 146|0x0000000712400000, 0x0000000712600000, 0x0000000712600000|100%| O|  |TAMS 0x0000000712400000, 0x0000000712400000| Untracked 
| 147|0x0000000712600000, 0x0000000712800000, 0x0000000712800000|100%| O|  |TAMS 0x0000000712600000, 0x0000000712600000| Untracked 
| 148|0x0000000712800000, 0x0000000712a00000, 0x0000000712a00000|100%| O|  |TAMS 0x0000000712800000, 0x0000000712800000| Untracked 
| 149|0x0000000712a00000, 0x0000000712c00000, 0x0000000712c00000|100%|HS|  |TAMS 0x0000000712a00000, 0x0000000712a00000| Complete 
| 150|0x0000000712c00000, 0x0000000712c00000, 0x0000000712e00000|  0%| F|  |TAMS 0x0000000712c00000, 0x0000000712c00000| Untracked 
| 151|0x0000000712e00000, 0x0000000713000000, 0x0000000713000000|100%|HS|  |TAMS 0x0000000712e00000, 0x0000000712e00000| Complete 
| 152|0x0000000713000000, 0x0000000713200000, 0x0000000713200000|100%|HS|  |TAMS 0x0000000713000000, 0x0000000713000000| Complete 
| 153|0x0000000713200000, 0x0000000713400000, 0x0000000713400000|100%| O|  |TAMS 0x0000000713200000, 0x0000000713200000| Untracked 
| 154|0x0000000713400000, 0x0000000713600000, 0x0000000713600000|100%| O|  |TAMS 0x0000000713400000, 0x0000000713400000| Untracked 
| 155|0x0000000713600000, 0x0000000713800000, 0x0000000713800000|100%| O|  |TAMS 0x0000000713800000, 0x0000000713600000| Untracked 
| 156|0x0000000713800000, 0x0000000713a00000, 0x0000000713a00000|100%| O|  |TAMS 0x0000000713800000, 0x0000000713800000| Untracked 
| 157|0x0000000713a00000, 0x0000000713c00000, 0x0000000713c00000|100%| O|  |TAMS 0x0000000713a00000, 0x0000000713a00000| Untracked 
| 158|0x0000000713c00000, 0x0000000713e00000, 0x0000000713e00000|100%| O|  |TAMS 0x0000000713c00000, 0x0000000713c00000| Untracked 
| 159|0x0000000713e00000, 0x0000000714000000, 0x0000000714000000|100%| O|  |TAMS 0x0000000713e00000, 0x0000000713e00000| Untracked 
| 160|0x0000000714000000, 0x0000000714200000, 0x0000000714200000|100%| O|  |TAMS 0x0000000714000000, 0x0000000714000000| Untracked 
| 161|0x0000000714200000, 0x0000000714400000, 0x0000000714400000|100%| O|  |TAMS 0x0000000714200000, 0x0000000714200000| Untracked 
| 162|0x0000000714400000, 0x000000071456e000, 0x0000000714600000| 71%| O|  |TAMS 0x0000000714400000, 0x0000000714400000| Untracked 
| 163|0x0000000714600000, 0x0000000714600000, 0x0000000714800000|  0%| F|  |TAMS 0x0000000714600000, 0x0000000714600000| Untracked 
| 164|0x0000000714800000, 0x0000000714800000, 0x0000000714a00000|  0%| F|  |TAMS 0x0000000714800000, 0x0000000714800000| Untracked 
| 165|0x0000000714a00000, 0x0000000714a00000, 0x0000000714c00000|  0%| F|  |TAMS 0x0000000714a00000, 0x0000000714a00000| Untracked 
| 166|0x0000000714c00000, 0x0000000714c00000, 0x0000000714e00000|  0%| F|  |TAMS 0x0000000714c00000, 0x0000000714c00000| Untracked 
| 167|0x0000000714e00000, 0x0000000714e00000, 0x0000000715000000|  0%| F|  |TAMS 0x0000000714e00000, 0x0000000714e00000| Untracked 
| 168|0x0000000715000000, 0x0000000715000000, 0x0000000715200000|  0%| F|  |TAMS 0x0000000715000000, 0x0000000715000000| Untracked 
| 169|0x0000000715200000, 0x0000000715200000, 0x0000000715400000|  0%| F|  |TAMS 0x0000000715200000, 0x0000000715200000| Untracked 
| 170|0x0000000715400000, 0x0000000715400000, 0x0000000715600000|  0%| F|  |TAMS 0x0000000715400000, 0x0000000715400000| Untracked 
| 171|0x0000000715600000, 0x0000000715600000, 0x0000000715800000|  0%| F|  |TAMS 0x0000000715600000, 0x0000000715600000| Untracked 
| 172|0x0000000715800000, 0x0000000715800000, 0x0000000715a00000|  0%| F|  |TAMS 0x0000000715800000, 0x0000000715800000| Untracked 
| 173|0x0000000715a00000, 0x0000000715a00000, 0x0000000715c00000|  0%| F|  |TAMS 0x0000000715a00000, 0x0000000715a00000| Untracked 
| 174|0x0000000715c00000, 0x0000000715c00000, 0x0000000715e00000|  0%| F|  |TAMS 0x0000000715c00000, 0x0000000715c00000| Untracked 
| 175|0x0000000715e00000, 0x0000000715e00000, 0x0000000716000000|  0%| F|  |TAMS 0x0000000715e00000, 0x0000000715e00000| Untracked 
| 176|0x0000000716000000, 0x0000000716000000, 0x0000000716200000|  0%| F|  |TAMS 0x0000000716000000, 0x0000000716000000| Untracked 
| 177|0x0000000716200000, 0x0000000716200000, 0x0000000716400000|  0%| F|  |TAMS 0x0000000716200000, 0x0000000716200000| Untracked 
| 178|0x0000000716400000, 0x0000000716400000, 0x0000000716600000|  0%| F|  |TAMS 0x0000000716400000, 0x0000000716400000| Untracked 
| 179|0x0000000716600000, 0x0000000716600000, 0x0000000716800000|  0%| F|  |TAMS 0x0000000716600000, 0x0000000716600000| Untracked 
| 180|0x0000000716800000, 0x0000000716800000, 0x0000000716a00000|  0%| F|  |TAMS 0x0000000716800000, 0x0000000716800000| Untracked 
| 181|0x0000000716a00000, 0x0000000716a00000, 0x0000000716c00000|  0%| F|  |TAMS 0x0000000716a00000, 0x0000000716a00000| Untracked 
| 182|0x0000000716c00000, 0x0000000716c00000, 0x0000000716e00000|  0%| F|  |TAMS 0x0000000716c00000, 0x0000000716c00000| Untracked 
| 183|0x0000000716e00000, 0x0000000716e00000, 0x0000000717000000|  0%| F|  |TAMS 0x0000000716e00000, 0x0000000716e00000| Untracked 
| 184|0x0000000717000000, 0x0000000717000000, 0x0000000717200000|  0%| F|  |TAMS 0x0000000717000000, 0x0000000717000000| Untracked 
| 185|0x0000000717200000, 0x0000000717200000, 0x0000000717400000|  0%| F|  |TAMS 0x0000000717200000, 0x0000000717200000| Untracked 
| 186|0x0000000717400000, 0x0000000717400000, 0x0000000717600000|  0%| F|  |TAMS 0x0000000717400000, 0x0000000717400000| Untracked 
| 187|0x0000000717600000, 0x0000000717600000, 0x0000000717800000|  0%| F|  |TAMS 0x0000000717600000, 0x0000000717600000| Untracked 
| 188|0x0000000717800000, 0x0000000717800000, 0x0000000717a00000|  0%| F|  |TAMS 0x0000000717800000, 0x0000000717800000| Untracked 
| 189|0x0000000717a00000, 0x0000000717a00000, 0x0000000717c00000|  0%| F|  |TAMS 0x0000000717a00000, 0x0000000717a00000| Untracked 
| 190|0x0000000717c00000, 0x0000000717c00000, 0x0000000717e00000|  0%| F|  |TAMS 0x0000000717c00000, 0x0000000717c00000| Untracked 
| 191|0x0000000717e00000, 0x0000000717e00000, 0x0000000718000000|  0%| F|  |TAMS 0x0000000717e00000, 0x0000000717e00000| Untracked 
| 192|0x0000000718000000, 0x0000000718000000, 0x0000000718200000|  0%| F|  |TAMS 0x0000000718000000, 0x0000000718000000| Untracked 
| 193|0x0000000718200000, 0x0000000718200000, 0x0000000718400000|  0%| F|  |TAMS 0x0000000718200000, 0x0000000718200000| Untracked 
| 194|0x0000000718400000, 0x0000000718400000, 0x0000000718600000|  0%| F|  |TAMS 0x0000000718400000, 0x0000000718400000| Untracked 
| 195|0x0000000718600000, 0x0000000718600000, 0x0000000718800000|  0%| F|  |TAMS 0x0000000718600000, 0x0000000718600000| Untracked 
| 196|0x0000000718800000, 0x0000000718800000, 0x0000000718a00000|  0%| F|  |TAMS 0x0000000718800000, 0x0000000718800000| Untracked 
| 197|0x0000000718a00000, 0x0000000718a00000, 0x0000000718c00000|  0%| F|  |TAMS 0x0000000718a00000, 0x0000000718a00000| Untracked 
| 198|0x0000000718c00000, 0x0000000718c00000, 0x0000000718e00000|  0%| F|  |TAMS 0x0000000718c00000, 0x0000000718c00000| Untracked 
| 199|0x0000000718e00000, 0x0000000718e00000, 0x0000000719000000|  0%| F|  |TAMS 0x0000000718e00000, 0x0000000718e00000| Untracked 
| 200|0x0000000719000000, 0x0000000719000000, 0x0000000719200000|  0%| F|  |TAMS 0x0000000719000000, 0x0000000719000000| Untracked 
| 201|0x0000000719200000, 0x0000000719200000, 0x0000000719400000|  0%| F|  |TAMS 0x0000000719200000, 0x0000000719200000| Untracked 
| 202|0x0000000719400000, 0x0000000719400000, 0x0000000719600000|  0%| F|  |TAMS 0x0000000719400000, 0x0000000719400000| Untracked 
| 203|0x0000000719600000, 0x0000000719600000, 0x0000000719800000|  0%| F|  |TAMS 0x0000000719600000, 0x0000000719600000| Untracked 
| 204|0x0000000719800000, 0x0000000719800000, 0x0000000719a00000|  0%| F|  |TAMS 0x0000000719800000, 0x0000000719800000| Untracked 
| 205|0x0000000719a00000, 0x0000000719a00000, 0x0000000719c00000|  0%| F|  |TAMS 0x0000000719a00000, 0x0000000719a00000| Untracked 
| 206|0x0000000719c00000, 0x0000000719c00000, 0x0000000719e00000|  0%| F|  |TAMS 0x0000000719c00000, 0x0000000719c00000| Untracked 
| 207|0x0000000719e00000, 0x0000000719e00000, 0x000000071a000000|  0%| F|  |TAMS 0x0000000719e00000, 0x0000000719e00000| Untracked 
| 208|0x000000071a000000, 0x000000071a000000, 0x000000071a200000|  0%| F|  |TAMS 0x000000071a000000, 0x000000071a000000| Untracked 
| 209|0x000000071a200000, 0x000000071a200000, 0x000000071a400000|  0%| F|  |TAMS 0x000000071a200000, 0x000000071a200000| Untracked 
| 210|0x000000071a400000, 0x000000071a400000, 0x000000071a600000|  0%| F|  |TAMS 0x000000071a400000, 0x000000071a400000| Untracked 
| 211|0x000000071a600000, 0x000000071a600000, 0x000000071a800000|  0%| F|  |TAMS 0x000000071a600000, 0x000000071a600000| Untracked 
| 212|0x000000071a800000, 0x000000071a800000, 0x000000071aa00000|  0%| F|  |TAMS 0x000000071a800000, 0x000000071a800000| Untracked 
| 213|0x000000071aa00000, 0x000000071aa00000, 0x000000071ac00000|  0%| F|  |TAMS 0x000000071aa00000, 0x000000071aa00000| Untracked 
| 214|0x000000071ac00000, 0x000000071ac00000, 0x000000071ae00000|  0%| F|  |TAMS 0x000000071ac00000, 0x000000071ac00000| Untracked 
| 215|0x000000071ae00000, 0x000000071ae00000, 0x000000071b000000|  0%| F|  |TAMS 0x000000071ae00000, 0x000000071ae00000| Untracked 
| 216|0x000000071b000000, 0x000000071b000000, 0x000000071b200000|  0%| F|  |TAMS 0x000000071b000000, 0x000000071b000000| Untracked 
| 217|0x000000071b200000, 0x000000071b200000, 0x000000071b400000|  0%| F|  |TAMS 0x000000071b200000, 0x000000071b200000| Untracked 
| 218|0x000000071b400000, 0x000000071b400000, 0x000000071b600000|  0%| F|  |TAMS 0x000000071b400000, 0x000000071b400000| Untracked 
| 219|0x000000071b600000, 0x000000071b600000, 0x000000071b800000|  0%| F|  |TAMS 0x000000071b600000, 0x000000071b600000| Untracked 
| 220|0x000000071b800000, 0x000000071b800000, 0x000000071ba00000|  0%| F|  |TAMS 0x000000071b800000, 0x000000071b800000| Untracked 
| 221|0x000000071ba00000, 0x000000071ba00000, 0x000000071bc00000|  0%| F|  |TAMS 0x000000071ba00000, 0x000000071ba00000| Untracked 
| 222|0x000000071bc00000, 0x000000071bc00000, 0x000000071be00000|  0%| F|  |TAMS 0x000000071bc00000, 0x000000071bc00000| Untracked 
| 223|0x000000071be00000, 0x000000071c000000, 0x000000071c000000|100%| S|CS|TAMS 0x000000071be00000, 0x000000071be00000| Complete 
| 224|0x000000071c000000, 0x000000071c200000, 0x000000071c200000|100%| S|CS|TAMS 0x000000071c000000, 0x000000071c000000| Complete 
| 225|0x000000071c200000, 0x000000071c400000, 0x000000071c400000|100%| S|CS|TAMS 0x000000071c200000, 0x000000071c200000| Complete 
| 226|0x000000071c400000, 0x000000071c600000, 0x000000071c600000|100%| S|CS|TAMS 0x000000071c400000, 0x000000071c400000| Complete 
| 227|0x000000071c600000, 0x000000071c800000, 0x000000071c800000|100%| S|CS|TAMS 0x000000071c600000, 0x000000071c600000| Complete 
| 228|0x000000071c800000, 0x000000071ca00000, 0x000000071ca00000|100%| S|CS|TAMS 0x000000071c800000, 0x000000071c800000| Complete 
| 229|0x000000071ca00000, 0x000000071cc00000, 0x000000071cc00000|100%| S|CS|TAMS 0x000000071ca00000, 0x000000071ca00000| Complete 
| 230|0x000000071cc00000, 0x000000071ce00000, 0x000000071ce00000|100%| S|CS|TAMS 0x000000071cc00000, 0x000000071cc00000| Complete 
| 231|0x000000071ce00000, 0x000000071ce00000, 0x000000071d000000|  0%| F|  |TAMS 0x000000071ce00000, 0x000000071ce00000| Untracked 
| 232|0x000000071d000000, 0x000000071d000000, 0x000000071d200000|  0%| F|  |TAMS 0x000000071d000000, 0x000000071d000000| Untracked 
| 233|0x000000071d200000, 0x000000071d200000, 0x000000071d400000|  0%| F|  |TAMS 0x000000071d200000, 0x000000071d200000| Untracked 
| 234|0x000000071d400000, 0x000000071d400000, 0x000000071d600000|  0%| F|  |TAMS 0x000000071d400000, 0x000000071d400000| Untracked 
| 235|0x000000071d600000, 0x000000071d600000, 0x000000071d800000|  0%| F|  |TAMS 0x000000071d600000, 0x000000071d600000| Untracked 
| 236|0x000000071d800000, 0x000000071d800000, 0x000000071da00000|  0%| F|  |TAMS 0x000000071d800000, 0x000000071d800000| Untracked 
| 237|0x000000071da00000, 0x000000071da00000, 0x000000071dc00000|  0%| F|  |TAMS 0x000000071da00000, 0x000000071da00000| Untracked 
| 238|0x000000071dc00000, 0x000000071dc00000, 0x000000071de00000|  0%| F|  |TAMS 0x000000071dc00000, 0x000000071dc00000| Untracked 
| 239|0x000000071de00000, 0x000000071de00000, 0x000000071e000000|  0%| F|  |TAMS 0x000000071de00000, 0x000000071de00000| Untracked 
| 240|0x000000071e000000, 0x000000071e000000, 0x000000071e200000|  0%| F|  |TAMS 0x000000071e000000, 0x000000071e000000| Untracked 
| 241|0x000000071e200000, 0x000000071e200000, 0x000000071e400000|  0%| F|  |TAMS 0x000000071e200000, 0x000000071e200000| Untracked 
| 242|0x000000071e400000, 0x000000071e400000, 0x000000071e600000|  0%| F|  |TAMS 0x000000071e400000, 0x000000071e400000| Untracked 
| 243|0x000000071e600000, 0x000000071e600000, 0x000000071e800000|  0%| F|  |TAMS 0x000000071e600000, 0x000000071e600000| Untracked 
| 244|0x000000071e800000, 0x000000071e800000, 0x000000071ea00000|  0%| F|  |TAMS 0x000000071e800000, 0x000000071e800000| Untracked 
| 245|0x000000071ea00000, 0x000000071ea00000, 0x000000071ec00000|  0%| F|  |TAMS 0x000000071ea00000, 0x000000071ea00000| Untracked 
| 246|0x000000071ec00000, 0x000000071ec00000, 0x000000071ee00000|  0%| F|  |TAMS 0x000000071ec00000, 0x000000071ec00000| Untracked 
| 247|0x000000071ee00000, 0x000000071ee00000, 0x000000071f000000|  0%| F|  |TAMS 0x000000071ee00000, 0x000000071ee00000| Untracked 
| 248|0x000000071f000000, 0x000000071f000000, 0x000000071f200000|  0%| F|  |TAMS 0x000000071f000000, 0x000000071f000000| Untracked 
| 249|0x000000071f200000, 0x000000071f200000, 0x000000071f400000|  0%| F|  |TAMS 0x000000071f200000, 0x000000071f200000| Untracked 
| 250|0x000000071f400000, 0x000000071f400000, 0x000000071f600000|  0%| F|  |TAMS 0x000000071f400000, 0x000000071f400000| Untracked 
| 251|0x000000071f600000, 0x000000071f600000, 0x000000071f800000|  0%| F|  |TAMS 0x000000071f600000, 0x000000071f600000| Untracked 
| 252|0x000000071f800000, 0x000000071f800000, 0x000000071fa00000|  0%| F|  |TAMS 0x000000071f800000, 0x000000071f800000| Untracked 
| 253|0x000000071fa00000, 0x000000071fa00000, 0x000000071fc00000|  0%| F|  |TAMS 0x000000071fa00000, 0x000000071fa00000| Untracked 
| 254|0x000000071fc00000, 0x000000071fc00000, 0x000000071fe00000|  0%| F|  |TAMS 0x000000071fc00000, 0x000000071fc00000| Untracked 
| 255|0x000000071fe00000, 0x000000071fe00000, 0x0000000720000000|  0%| F|  |TAMS 0x000000071fe00000, 0x000000071fe00000| Untracked 
| 256|0x0000000720000000, 0x0000000720000000, 0x0000000720200000|  0%| F|  |TAMS 0x0000000720000000, 0x0000000720000000| Untracked 
| 257|0x0000000720200000, 0x0000000720200000, 0x0000000720400000|  0%| F|  |TAMS 0x0000000720200000, 0x0000000720200000| Untracked 
| 258|0x0000000720400000, 0x0000000720400000, 0x0000000720600000|  0%| F|  |TAMS 0x0000000720400000, 0x0000000720400000| Untracked 
| 259|0x0000000720600000, 0x0000000720600000, 0x0000000720800000|  0%| F|  |TAMS 0x0000000720600000, 0x0000000720600000| Untracked 
| 260|0x0000000720800000, 0x0000000720800000, 0x0000000720a00000|  0%| F|  |TAMS 0x0000000720800000, 0x0000000720800000| Untracked 
| 261|0x0000000720a00000, 0x0000000720a00000, 0x0000000720c00000|  0%| F|  |TAMS 0x0000000720a00000, 0x0000000720a00000| Untracked 
| 262|0x0000000720c00000, 0x0000000720c00000, 0x0000000720e00000|  0%| F|  |TAMS 0x0000000720c00000, 0x0000000720c00000| Untracked 
| 263|0x0000000720e00000, 0x0000000720e00000, 0x0000000721000000|  0%| F|  |TAMS 0x0000000720e00000, 0x0000000720e00000| Untracked 
| 264|0x0000000721000000, 0x0000000721000000, 0x0000000721200000|  0%| F|  |TAMS 0x0000000721000000, 0x0000000721000000| Untracked 
| 265|0x0000000721200000, 0x0000000721200000, 0x0000000721400000|  0%| F|  |TAMS 0x0000000721200000, 0x0000000721200000| Untracked 
| 266|0x0000000721400000, 0x0000000721400000, 0x0000000721600000|  0%| F|  |TAMS 0x0000000721400000, 0x0000000721400000| Untracked 
| 267|0x0000000721600000, 0x0000000721600000, 0x0000000721800000|  0%| F|  |TAMS 0x0000000721600000, 0x0000000721600000| Untracked 
| 268|0x0000000721800000, 0x0000000721800000, 0x0000000721a00000|  0%| F|  |TAMS 0x0000000721800000, 0x0000000721800000| Untracked 
| 269|0x0000000721a00000, 0x0000000721a00000, 0x0000000721c00000|  0%| F|  |TAMS 0x0000000721a00000, 0x0000000721a00000| Untracked 
| 270|0x0000000721c00000, 0x0000000721c00000, 0x0000000721e00000|  0%| F|  |TAMS 0x0000000721c00000, 0x0000000721c00000| Untracked 
| 271|0x0000000721e00000, 0x0000000721e00000, 0x0000000722000000|  0%| F|  |TAMS 0x0000000721e00000, 0x0000000721e00000| Untracked 
| 272|0x0000000722000000, 0x0000000722000000, 0x0000000722200000|  0%| F|  |TAMS 0x0000000722000000, 0x0000000722000000| Untracked 
| 273|0x0000000722200000, 0x0000000722200000, 0x0000000722400000|  0%| F|  |TAMS 0x0000000722200000, 0x0000000722200000| Untracked 
| 274|0x0000000722400000, 0x0000000722400000, 0x0000000722600000|  0%| F|  |TAMS 0x0000000722400000, 0x0000000722400000| Untracked 
| 275|0x0000000722600000, 0x0000000722600000, 0x0000000722800000|  0%| F|  |TAMS 0x0000000722600000, 0x0000000722600000| Untracked 
| 276|0x0000000722800000, 0x0000000722800000, 0x0000000722a00000|  0%| F|  |TAMS 0x0000000722800000, 0x0000000722800000| Untracked 
| 277|0x0000000722a00000, 0x0000000722a00000, 0x0000000722c00000|  0%| F|  |TAMS 0x0000000722a00000, 0x0000000722a00000| Untracked 
| 278|0x0000000722c00000, 0x0000000722c00000, 0x0000000722e00000|  0%| F|  |TAMS 0x0000000722c00000, 0x0000000722c00000| Untracked 
| 279|0x0000000722e00000, 0x0000000722e00000, 0x0000000723000000|  0%| F|  |TAMS 0x0000000722e00000, 0x0000000722e00000| Untracked 
| 280|0x0000000723000000, 0x0000000723000000, 0x0000000723200000|  0%| F|  |TAMS 0x0000000723000000, 0x0000000723000000| Untracked 
| 281|0x0000000723200000, 0x0000000723200000, 0x0000000723400000|  0%| F|  |TAMS 0x0000000723200000, 0x0000000723200000| Untracked 
| 282|0x0000000723400000, 0x0000000723439c30, 0x0000000723600000| 11%| E|  |TAMS 0x0000000723400000, 0x0000000723400000| Complete 
| 283|0x0000000723600000, 0x0000000723800000, 0x0000000723800000|100%| E|CS|TAMS 0x0000000723600000, 0x0000000723600000| Complete 
| 284|0x0000000723800000, 0x0000000723a00000, 0x0000000723a00000|100%| E|CS|TAMS 0x0000000723800000, 0x0000000723800000| Complete 
| 285|0x0000000723a00000, 0x0000000723c00000, 0x0000000723c00000|100%| E|CS|TAMS 0x0000000723a00000, 0x0000000723a00000| Complete 
| 286|0x0000000723c00000, 0x0000000723e00000, 0x0000000723e00000|100%| E|CS|TAMS 0x0000000723c00000, 0x0000000723c00000| Complete 
| 287|0x0000000723e00000, 0x0000000724000000, 0x0000000724000000|100%| E|CS|TAMS 0x0000000723e00000, 0x0000000723e00000| Complete 
| 288|0x0000000724000000, 0x0000000724200000, 0x0000000724200000|100%| E|CS|TAMS 0x0000000724000000, 0x0000000724000000| Complete 
| 289|0x0000000724200000, 0x0000000724400000, 0x0000000724400000|100%| E|CS|TAMS 0x0000000724200000, 0x0000000724200000| Complete 
| 290|0x0000000724400000, 0x0000000724600000, 0x0000000724600000|100%| E|CS|TAMS 0x0000000724400000, 0x0000000724400000| Complete 
| 291|0x0000000724600000, 0x0000000724800000, 0x0000000724800000|100%| E|CS|TAMS 0x0000000724600000, 0x0000000724600000| Complete 
| 292|0x0000000724800000, 0x0000000724a00000, 0x0000000724a00000|100%| E|CS|TAMS 0x0000000724800000, 0x0000000724800000| Complete 
| 293|0x0000000724a00000, 0x0000000724c00000, 0x0000000724c00000|100%| E|CS|TAMS 0x0000000724a00000, 0x0000000724a00000| Complete 
| 294|0x0000000724c00000, 0x0000000724e00000, 0x0000000724e00000|100%| E|CS|TAMS 0x0000000724c00000, 0x0000000724c00000| Complete 
| 295|0x0000000724e00000, 0x0000000725000000, 0x0000000725000000|100%| E|CS|TAMS 0x0000000724e00000, 0x0000000724e00000| Complete 
| 296|0x0000000725000000, 0x0000000725200000, 0x0000000725200000|100%| E|CS|TAMS 0x0000000725000000, 0x0000000725000000| Complete 
| 297|0x0000000725200000, 0x0000000725400000, 0x0000000725400000|100%| E|  |TAMS 0x0000000725200000, 0x0000000725200000| Complete 
| 298|0x0000000725400000, 0x0000000725600000, 0x0000000725600000|100%| E|CS|TAMS 0x0000000725400000, 0x0000000725400000| Complete 
| 299|0x0000000725600000, 0x0000000725800000, 0x0000000725800000|100%| E|CS|TAMS 0x0000000725600000, 0x0000000725600000| Complete 
| 300|0x0000000725800000, 0x0000000725a00000, 0x0000000725a00000|100%| E|CS|TAMS 0x0000000725800000, 0x0000000725800000| Complete 
| 301|0x0000000725a00000, 0x0000000725c00000, 0x0000000725c00000|100%| E|CS|TAMS 0x0000000725a00000, 0x0000000725a00000| Complete 
| 302|0x0000000725c00000, 0x0000000725e00000, 0x0000000725e00000|100%| E|CS|TAMS 0x0000000725c00000, 0x0000000725c00000| Complete 
| 303|0x0000000725e00000, 0x0000000726000000, 0x0000000726000000|100%| E|CS|TAMS 0x0000000725e00000, 0x0000000725e00000| Complete 
| 304|0x0000000726000000, 0x0000000726200000, 0x0000000726200000|100%| E|CS|TAMS 0x0000000726000000, 0x0000000726000000| Complete 
| 305|0x0000000726200000, 0x0000000726400000, 0x0000000726400000|100%| E|CS|TAMS 0x0000000726200000, 0x0000000726200000| Complete 
| 306|0x0000000726400000, 0x0000000726600000, 0x0000000726600000|100%| E|CS|TAMS 0x0000000726400000, 0x0000000726400000| Complete 
| 307|0x0000000726600000, 0x0000000726800000, 0x0000000726800000|100%| E|CS|TAMS 0x0000000726600000, 0x0000000726600000| Complete 
| 308|0x0000000726800000, 0x0000000726a00000, 0x0000000726a00000|100%| E|CS|TAMS 0x0000000726800000, 0x0000000726800000| Complete 
| 309|0x0000000726a00000, 0x0000000726c00000, 0x0000000726c00000|100%| E|CS|TAMS 0x0000000726a00000, 0x0000000726a00000| Complete 
| 310|0x0000000726c00000, 0x0000000726e00000, 0x0000000726e00000|100%| E|CS|TAMS 0x0000000726c00000, 0x0000000726c00000| Complete 
| 311|0x0000000726e00000, 0x0000000727000000, 0x0000000727000000|100%| E|CS|TAMS 0x0000000726e00000, 0x0000000726e00000| Complete 
| 312|0x0000000727000000, 0x0000000727200000, 0x0000000727200000|100%| E|CS|TAMS 0x0000000727000000, 0x0000000727000000| Complete 
| 313|0x0000000727200000, 0x0000000727400000, 0x0000000727400000|100%| E|CS|TAMS 0x0000000727200000, 0x0000000727200000| Complete 
| 314|0x0000000727400000, 0x0000000727600000, 0x0000000727600000|100%| E|CS|TAMS 0x0000000727400000, 0x0000000727400000| Complete 
| 315|0x0000000727600000, 0x0000000727800000, 0x0000000727800000|100%| E|CS|TAMS 0x0000000727600000, 0x0000000727600000| Complete 
| 316|0x0000000727800000, 0x0000000727a00000, 0x0000000727a00000|100%| E|CS|TAMS 0x0000000727800000, 0x0000000727800000| Complete 
| 317|0x0000000727a00000, 0x0000000727c00000, 0x0000000727c00000|100%| E|CS|TAMS 0x0000000727a00000, 0x0000000727a00000| Complete 
| 318|0x0000000727c00000, 0x0000000727e00000, 0x0000000727e00000|100%| E|CS|TAMS 0x0000000727c00000, 0x0000000727c00000| Complete 
| 319|0x0000000727e00000, 0x0000000728000000, 0x0000000728000000|100%| E|CS|TAMS 0x0000000727e00000, 0x0000000727e00000| Complete 
| 320|0x0000000728000000, 0x0000000728200000, 0x0000000728200000|100%| E|CS|TAMS 0x0000000728000000, 0x0000000728000000| Complete 
| 321|0x0000000728200000, 0x0000000728400000, 0x0000000728400000|100%| E|CS|TAMS 0x0000000728200000, 0x0000000728200000| Complete 
| 322|0x0000000728400000, 0x0000000728600000, 0x0000000728600000|100%| E|CS|TAMS 0x0000000728400000, 0x0000000728400000| Complete 
| 323|0x0000000728600000, 0x0000000728800000, 0x0000000728800000|100%| E|CS|TAMS 0x0000000728600000, 0x0000000728600000| Complete 
| 324|0x0000000728800000, 0x0000000728a00000, 0x0000000728a00000|100%| E|CS|TAMS 0x0000000728800000, 0x0000000728800000| Complete 
| 325|0x0000000728a00000, 0x0000000728c00000, 0x0000000728c00000|100%| E|CS|TAMS 0x0000000728a00000, 0x0000000728a00000| Complete 
| 326|0x0000000728c00000, 0x0000000728e00000, 0x0000000728e00000|100%| E|CS|TAMS 0x0000000728c00000, 0x0000000728c00000| Complete 
| 327|0x0000000728e00000, 0x0000000729000000, 0x0000000729000000|100%| E|CS|TAMS 0x0000000728e00000, 0x0000000728e00000| Complete 
| 328|0x0000000729000000, 0x0000000729200000, 0x0000000729200000|100%| E|CS|TAMS 0x0000000729000000, 0x0000000729000000| Complete 
| 329|0x0000000729200000, 0x0000000729400000, 0x0000000729400000|100%| E|CS|TAMS 0x0000000729200000, 0x0000000729200000| Complete 
| 330|0x0000000729400000, 0x0000000729600000, 0x0000000729600000|100%| E|CS|TAMS 0x0000000729400000, 0x0000000729400000| Complete 
| 331|0x0000000729600000, 0x0000000729800000, 0x0000000729800000|100%| E|CS|TAMS 0x0000000729600000, 0x0000000729600000| Complete 
| 332|0x0000000729800000, 0x0000000729a00000, 0x0000000729a00000|100%| E|CS|TAMS 0x0000000729800000, 0x0000000729800000| Complete 
| 333|0x0000000729a00000, 0x0000000729c00000, 0x0000000729c00000|100%| E|CS|TAMS 0x0000000729a00000, 0x0000000729a00000| Complete 
| 334|0x0000000729c00000, 0x0000000729e00000, 0x0000000729e00000|100%| E|CS|TAMS 0x0000000729c00000, 0x0000000729c00000| Complete 
| 335|0x0000000729e00000, 0x000000072a000000, 0x000000072a000000|100%| E|CS|TAMS 0x0000000729e00000, 0x0000000729e00000| Complete 
| 336|0x000000072a000000, 0x000000072a200000, 0x000000072a200000|100%| E|CS|TAMS 0x000000072a000000, 0x000000072a000000| Complete 
| 337|0x000000072a200000, 0x000000072a400000, 0x000000072a400000|100%| E|CS|TAMS 0x000000072a200000, 0x000000072a200000| Complete 
| 338|0x000000072a400000, 0x000000072a600000, 0x000000072a600000|100%| E|CS|TAMS 0x000000072a400000, 0x000000072a400000| Complete 
| 339|0x000000072a600000, 0x000000072a800000, 0x000000072a800000|100%| E|CS|TAMS 0x000000072a600000, 0x000000072a600000| Complete 
| 340|0x000000072a800000, 0x000000072aa00000, 0x000000072aa00000|100%| E|CS|TAMS 0x000000072a800000, 0x000000072a800000| Complete 
| 341|0x000000072aa00000, 0x000000072ac00000, 0x000000072ac00000|100%| E|CS|TAMS 0x000000072aa00000, 0x000000072aa00000| Complete 
| 342|0x000000072ac00000, 0x000000072ae00000, 0x000000072ae00000|100%| E|CS|TAMS 0x000000072ac00000, 0x000000072ac00000| Complete 
| 343|0x000000072ae00000, 0x000000072b000000, 0x000000072b000000|100%| E|CS|TAMS 0x000000072ae00000, 0x000000072ae00000| Complete 
| 344|0x000000072b000000, 0x000000072b200000, 0x000000072b200000|100%| E|CS|TAMS 0x000000072b000000, 0x000000072b000000| Complete 

Card table byte_map: [0x0000014c2a070000,0x0000014c2a870000] _byte_map_base: 0x0000014c26870000

Marking Bits (Prev, Next): (CMBitMap*) 0x0000014c12d9f880, (CMBitMap*) 0x0000014c12d9f840
 Prev Bits: [0x0000014c2f070000, 0x0000014c33070000)
 Next Bits: [0x0000014c2b070000, 0x0000014c2f070000)

Polling page: 0x0000014c10aa0000

Metaspace:

Usage:
  Non-class:    127.67 MB used.
      Class:     19.36 MB used.
       Both:    147.03 MB used.

Virtual space:
  Non-class space:      192.00 MB reserved,     128.69 MB ( 67%) committed,  3 nodes.
      Class space:      416.00 MB reserved,      20.31 MB (  5%) committed,  1 nodes.
             Both:      608.00 MB reserved,     149.00 MB ( 25%) committed. 

Chunk freelists:
   Non-Class:  15.31 MB
       Class:  11.54 MB
        Both:  26.85 MB

MaxMetaspaceSize: 512.00 MB
CompressedClassSpaceSize: 416.00 MB
Initial GC threshold: 21.00 MB
Current GC threshold: 214.69 MB
CDS: on
MetaspaceReclaimPolicy: balanced
 - commit_granule_bytes: 65536.
 - commit_granule_words: 8192.
 - virtual_space_node_default_size: 8388608.
 - enlarge_chunks_in_place: 1.
 - new_chunks_are_fully_committed: 0.
 - uncommit_free_chunks: 1.
 - use_allocation_guard: 0.
 - handle_deallocations: 1.


Internal statistics:

num_allocs_failed_limit: 12.
num_arena_births: 2788.
num_arena_deaths: 0.
num_vsnodes_births: 4.
num_vsnodes_deaths: 0.
num_space_committed: 2382.
num_space_uncommitted: 0.
num_chunks_returned_to_freelist: 12.
num_chunks_taken_from_freelist: 9822.
num_chunk_merges: 12.
num_chunk_splits: 6119.
num_chunks_enlarged: 3522.
num_inconsistent_stats: 0.

CodeHeap 'non-profiled nmethods': size=120000Kb used=19384Kb max_used=19807Kb free=100615Kb
 bounds [0x0000014c22340000, 0x0000014c236a0000, 0x0000014c29870000]
CodeHeap 'profiled nmethods': size=120000Kb used=47781Kb max_used=48759Kb free=72218Kb
 bounds [0x0000014c1a870000, 0x0000014c1d820000, 0x0000014c21da0000]
CodeHeap 'non-nmethods': size=5760Kb used=2559Kb max_used=2641Kb free=3200Kb
 bounds [0x0000014c21da0000, 0x0000014c22050000, 0x0000014c22340000]
 total_blobs=24511 nmethods=23401 adapters=1019
 compilation: enabled
              stopped_count=0, restarted_count=0
 full_count=0

Compilation events (20 events):
Event: 116.059 Thread 0x0000014c35560210 nmethod 29872 0x0000014c22b28590 code [0x0000014c22b28720, 0x0000014c22b287f8]
Event: 116.059 Thread 0x0000014c35560210 29873       1       java.lang.management.DefaultPlatformMBeanProvider$9::mbeanInterfaceNames (5 bytes)
Event: 116.059 Thread 0x0000014c35560210 nmethod 29873 0x0000014c22b28290 code [0x0000014c22b28420, 0x0000014c22b284f8]
Event: 116.059 Thread 0x0000014c35560210 29874       1       com.sun.management.internal.PlatformMBeanProviderImpl$5::mbeanInterfaceNames (5 bytes)
Event: 116.059 Thread 0x0000014c35560210 nmethod 29874 0x0000014c22b27f90 code [0x0000014c22b28120, 0x0000014c22b281f8]
Event: 116.059 Thread 0x0000014c35560210 29875       1       com.sun.management.internal.PlatformMBeanProviderImpl$1::mbeanInterfaceNames (5 bytes)
Event: 116.059 Thread 0x0000014c35560210 nmethod 29875 0x0000014c22b27c90 code [0x0000014c22b27e20, 0x0000014c22b27ef8]
Event: 117.078 Thread 0x0000014c3554cac0 29876   !   4       java.util.stream.ReferencePipeline$7$1::accept (127 bytes)
Event: 117.092 Thread 0x0000014c3554cac0 nmethod 29876 0x0000014c22b26b10 code [0x0000014c22b26d60, 0x0000014c22b276f0]
Event: 119.033 Thread 0x0000014c35560210 29877       1       com.sun.management.internal.PlatformMBeanProviderImpl$4::mbeanInterfaceNames (5 bytes)
Event: 119.033 Thread 0x0000014c35560210 nmethod 29877 0x0000014c22b26810 code [0x0000014c22b269a0, 0x0000014c22b26a78]
Event: 119.033 Thread 0x0000014c35560210 29878       1       java.lang.management.DefaultPlatformMBeanProvider$10::mbeanInterfaceNames (5 bytes)
Event: 119.034 Thread 0x0000014c35560210 nmethod 29878 0x0000014c22b26510 code [0x0000014c22b266a0, 0x0000014c22b26778]
Event: 123.031 Thread 0x0000014c35560210 29879       3       java.lang.management.ManagementFactory$PlatformMBeanFinder::getMap (4 bytes)
Event: 123.032 Thread 0x0000014c35560210 nmethod 29879 0x0000014c1b6c1f90 code [0x0000014c1b6c2120, 0x0000014c1b6c2218]
Event: 123.476 Thread 0x0000014c35560210 29880       3       java.util.concurrent.LinkedBlockingDeque$AbstractItr::hasNext (13 bytes)
Event: 123.476 Thread 0x0000014c35560210 nmethod 29880 0x0000014c1d06e490 code [0x0000014c1d06e620, 0x0000014c1d06e798]
Event: 124.031 Thread 0x0000014c35560210 29881       3       java.util.HashMap$ValueSpliterator::<init> (12 bytes)
Event: 124.032 Thread 0x0000014c35560210 nmethod 29881 0x0000014c1d0c9a90 code [0x0000014c1d0c9c40, 0x0000014c1d0c9e78]
Event: 128.143 Thread 0x0000014c3554cac0 29883   !   4       java.util.concurrent.LinkedBlockingQueue::poll (128 bytes)

GC Heap History (20 events):
Event: 59.680 GC heap before
{Heap before GC invocations=54 (full 0):
 garbage-first heap   total 561152K, used 441343K [0x0000000700000000, 0x0000000800000000)
  region size 2048K, 101 young (206848K), 14 survivors (28672K)
 Metaspace       used 121582K, committed 123264K, reserved 557056K
  class space    used 16802K, committed 17600K, reserved 425984K
}
Event: 59.739 GC heap after
{Heap after GC invocations=55 (full 0):
 garbage-first heap   total 561152K, used 279552K [0x0000000700000000, 0x0000000800000000)
  region size 2048K, 7 young (14336K), 7 survivors (14336K)
 Metaspace       used 121582K, committed 123264K, reserved 557056K
  class space    used 16802K, committed 17600K, reserved 425984K
}
Event: 63.393 GC heap before
{Heap before GC invocations=55 (full 0):
 garbage-first heap   total 561152K, used 449536K [0x0000000700000000, 0x0000000800000000)
  region size 2048K, 91 young (186368K), 7 survivors (14336K)
 Metaspace       used 123413K, committed 125056K, reserved 557056K
  class space    used 16978K, committed 17728K, reserved 425984K
}
Event: 63.426 GC heap after
{Heap after GC invocations=56 (full 0):
 garbage-first heap   total 561152K, used 284672K [0x0000000700000000, 0x0000000800000000)
  region size 2048K, 9 young (18432K), 9 survivors (18432K)
 Metaspace       used 123413K, committed 125056K, reserved 557056K
  class space    used 16978K, committed 17728K, reserved 425984K
}
Event: 68.827 GC heap before
{Heap before GC invocations=56 (full 0):
 garbage-first heap   total 561152K, used 477184K [0x0000000700000000, 0x0000000800000000)
  region size 2048K, 93 young (190464K), 9 survivors (18432K)
 Metaspace       used 124424K, committed 126080K, reserved 557056K
  class space    used 17027K, committed 17792K, reserved 425984K
}
Event: 68.877 GC heap after
{Heap after GC invocations=57 (full 0):
 garbage-first heap   total 561152K, used 319781K [0x0000000700000000, 0x0000000800000000)
  region size 2048K, 12 young (24576K), 12 survivors (24576K)
 Metaspace       used 124424K, committed 126080K, reserved 557056K
  class space    used 17027K, committed 17792K, reserved 425984K
}
Event: 71.286 GC heap before
{Heap before GC invocations=57 (full 0):
 garbage-first heap   total 561152K, used 446757K [0x0000000700000000, 0x0000000800000000)
  region size 2048K, 75 young (153600K), 12 survivors (24576K)
 Metaspace       used 128805K, committed 130560K, reserved 557056K
  class space    used 17436K, committed 18240K, reserved 425984K
}
Event: 71.329 GC heap after
{Heap after GC invocations=58 (full 0):
 garbage-first heap   total 561152K, used 327680K [0x0000000700000000, 0x0000000800000000)
  region size 2048K, 6 young (12288K), 6 survivors (12288K)
 Metaspace       used 128805K, committed 130560K, reserved 557056K
  class space    used 17436K, committed 18240K, reserved 425984K
}
Event: 72.160 GC heap before
{Heap before GC invocations=58 (full 0):
 garbage-first heap   total 561152K, used 358400K [0x0000000700000000, 0x0000000800000000)
  region size 2048K, 22 young (45056K), 6 survivors (12288K)
 Metaspace       used 129938K, committed 131648K, reserved 557056K
  class space    used 17581K, committed 18368K, reserved 425984K
}
Event: 72.172 GC heap after
{Heap after GC invocations=59 (full 0):
 garbage-first heap   total 561152K, used 325171K [0x0000000700000000, 0x0000000800000000)
  region size 2048K, 2 young (4096K), 2 survivors (4096K)
 Metaspace       used 129938K, committed 131648K, reserved 557056K
  class space    used 17581K, committed 18368K, reserved 425984K
}
Event: 75.599 GC heap before
{Heap before GC invocations=60 (full 0):
 garbage-first heap   total 587776K, used 441907K [0x0000000700000000, 0x0000000800000000)
  region size 2048K, 68 young (139264K), 2 survivors (4096K)
 Metaspace       used 131148K, committed 132992K, reserved 557056K
  class space    used 17722K, committed 18560K, reserved 425984K
}
Event: 75.616 GC heap after
{Heap after GC invocations=61 (full 0):
 garbage-first heap   total 587776K, used 313873K [0x0000000700000000, 0x0000000800000000)
  region size 2048K, 4 young (8192K), 4 survivors (8192K)
 Metaspace       used 131148K, committed 132992K, reserved 557056K
  class space    used 17722K, committed 18560K, reserved 425984K
}
Event: 76.069 GC heap before
{Heap before GC invocations=61 (full 0):
 garbage-first heap   total 587776K, used 332305K [0x0000000700000000, 0x0000000800000000)
  region size 2048K, 14 young (28672K), 4 survivors (8192K)
 Metaspace       used 131942K, committed 133760K, reserved 557056K
  class space    used 17836K, committed 18688K, reserved 425984K
}
Event: 76.090 GC heap after
{Heap after GC invocations=62 (full 0):
 garbage-first heap   total 587776K, used 300740K [0x0000000700000000, 0x0000000800000000)
  region size 2048K, 2 young (4096K), 2 survivors (4096K)
 Metaspace       used 131942K, committed 133760K, reserved 557056K
  class space    used 17836K, committed 18688K, reserved 425984K
}
Event: 79.920 GC heap before
{Heap before GC invocations=62 (full 0):
 garbage-first heap   total 587776K, used 489156K [0x0000000700000000, 0x0000000800000000)
  region size 2048K, 89 young (182272K), 2 survivors (4096K)
 Metaspace       used 141516K, committed 143360K, reserved 557056K
  class space    used 18987K, committed 19840K, reserved 425984K
}
Event: 79.944 GC heap after
{Heap after GC invocations=63 (full 0):
 garbage-first heap   total 706560K, used 320515K [0x0000000700000000, 0x0000000800000000)
  region size 2048K, 9 young (18432K), 9 survivors (18432K)
 Metaspace       used 141516K, committed 143360K, reserved 557056K
  class space    used 18987K, committed 19840K, reserved 425984K
}
Event: 87.802 GC heap before
{Heap before GC invocations=63 (full 0):
 garbage-first heap   total 706560K, used 582659K [0x0000000700000000, 0x0000000800000000)
  region size 2048K, 132 young (270336K), 9 survivors (18432K)
 Metaspace       used 145137K, committed 147008K, reserved 557056K
  class space    used 19227K, committed 20096K, reserved 425984K
}
Event: 87.846 GC heap after
{Heap after GC invocations=64 (full 0):
 garbage-first heap   total 706560K, used 337486K [0x0000000700000000, 0x0000000800000000)
  region size 2048K, 16 young (32768K), 16 survivors (32768K)
 Metaspace       used 145137K, committed 147008K, reserved 557056K
  class space    used 19227K, committed 20096K, reserved 425984K
}
Event: 95.361 GC heap before
{Heap before GC invocations=64 (full 0):
 garbage-first heap   total 706560K, used 581198K [0x0000000700000000, 0x0000000800000000)
  region size 2048K, 130 young (266240K), 16 survivors (32768K)
 Metaspace       used 149982K, committed 151936K, reserved 622592K
  class space    used 19789K, committed 20736K, reserved 425984K
}
Event: 95.409 GC heap after
{Heap after GC invocations=65 (full 0):
 garbage-first heap   total 706560K, used 337336K [0x0000000700000000, 0x0000000800000000)
  region size 2048K, 8 young (16384K), 8 survivors (16384K)
 Metaspace       used 149982K, committed 151936K, reserved 622592K
  class space    used 19789K, committed 20736K, reserved 425984K
}

Dll operation events (17 events):
Event: 0.014 Loaded shared library C:\Program Files\Microsoft\jdk-17.0.13.11-hotspot\bin\java.dll
Event: 0.038 Loaded shared library C:\Program Files\Microsoft\jdk-17.0.13.11-hotspot\bin\jsvml.dll
Event: 0.119 Loaded shared library C:\Program Files\Microsoft\jdk-17.0.13.11-hotspot\bin\zip.dll
Event: 0.124 Loaded shared library C:\Program Files\Microsoft\jdk-17.0.13.11-hotspot\bin\instrument.dll
Event: 0.129 Loaded shared library C:\Program Files\Microsoft\jdk-17.0.13.11-hotspot\bin\net.dll
Event: 0.132 Loaded shared library C:\Program Files\Microsoft\jdk-17.0.13.11-hotspot\bin\nio.dll
Event: 0.134 Loaded shared library C:\Program Files\Microsoft\jdk-17.0.13.11-hotspot\bin\zip.dll
Event: 0.517 Loaded shared library C:\Program Files\Microsoft\jdk-17.0.13.11-hotspot\bin\jimage.dll
Event: 0.777 Loaded shared library C:\Program Files\Microsoft\jdk-17.0.13.11-hotspot\bin\verify.dll
Event: 1.003 Loaded shared library C:\Users\aliah\.gradle\native\c067742578af261105cb4f569cf0c3c89f3d7b1fecec35dd04571415982c5e48\windows-amd64\native-platform.dll
Event: 1.030 Loaded shared library C:\Users\aliah\.gradle\native\100fb08df4bc3b14c8652ba06237920a3bd2aa13389f12d3474272988ae205f9\windows-amd64\native-platform-file-events.dll
Event: 2.985 Loaded shared library C:\Program Files\Microsoft\jdk-17.0.13.11-hotspot\bin\management.dll
Event: 2.987 Loaded shared library C:\Program Files\Microsoft\jdk-17.0.13.11-hotspot\bin\management_ext.dll
Event: 3.218 Loaded shared library C:\Program Files\Microsoft\jdk-17.0.13.11-hotspot\bin\extnet.dll
Event: 3.499 Loaded shared library C:\Program Files\Microsoft\jdk-17.0.13.11-hotspot\bin\sunmscapi.dll
Event: 93.344 Loaded shared library C:\Users\aliah\AppData\Local\Temp\native-platform8164319636437455090dir\native-platform.dll
Event: 94.574 Loaded shared library C:\Program Files\Microsoft\jdk-17.0.13.11-hotspot\bin\rmi.dll

Deoptimization events (20 events):
Event: 99.029 Thread 0x0000014c572e3d20 Uncommon trap: trap_request=0xffffffd6 fr.pc=0x0000014c2260ed6c relative=0x00000000000004cc
Event: 99.029 Thread 0x0000014c572e3d20 Uncommon trap: reason=array_check action=maybe_recompile pc=0x0000014c2260ed6c method=java.util.HashMap.keysToArray([Ljava/lang/Object;)[Ljava/lang/Object; @ 62 c2
Event: 99.029 Thread 0x0000014c572e3d20 DEOPT PACKING pc=0x0000014c2260ed6c sp=0x00000020efef91a0
Event: 99.029 Thread 0x0000014c572e3d20 DEOPT UNPACKING pc=0x0000014c21df69a3 sp=0x00000020efef9138 mode 2
Event: 99.029 Thread 0x0000014c572e3d20 Uncommon trap: trap_request=0xffffffd6 fr.pc=0x0000014c2260ed6c relative=0x00000000000004cc
Event: 99.029 Thread 0x0000014c572e3d20 Uncommon trap: reason=array_check action=maybe_recompile pc=0x0000014c2260ed6c method=java.util.HashMap.keysToArray([Ljava/lang/Object;)[Ljava/lang/Object; @ 62 c2
Event: 99.029 Thread 0x0000014c572e3d20 DEOPT PACKING pc=0x0000014c2260ed6c sp=0x00000020efef91a0
Event: 99.029 Thread 0x0000014c572e3d20 DEOPT UNPACKING pc=0x0000014c21df69a3 sp=0x00000020efef9138 mode 2
Event: 99.032 Thread 0x0000014c572e3d20 Uncommon trap: trap_request=0xffffffd6 fr.pc=0x0000014c235c1f9c relative=0x000000000000057c
Event: 99.032 Thread 0x0000014c572e3d20 Uncommon trap: reason=array_check action=maybe_recompile pc=0x0000014c235c1f9c method=java.util.HashMap.keysToArray([Ljava/lang/Object;)[Ljava/lang/Object; @ 62 c2
Event: 99.032 Thread 0x0000014c572e3d20 DEOPT PACKING pc=0x0000014c235c1f9c sp=0x00000020efef91a0
Event: 99.032 Thread 0x0000014c572e3d20 DEOPT UNPACKING pc=0x0000014c21df69a3 sp=0x00000020efef9138 mode 2
Event: 99.135 Thread 0x0000014c577d64c0 DEOPT PACKING pc=0x0000014c1d731bc6 sp=0x00000020f27fda00
Event: 99.135 Thread 0x0000014c577d64c0 DEOPT UNPACKING pc=0x0000014c21df7143 sp=0x00000020f27fcec0 mode 0
Event: 99.135 Thread 0x0000014c577d64c0 DEOPT PACKING pc=0x0000014c1d731bc6 sp=0x00000020f27fd370
Event: 99.135 Thread 0x0000014c577d64c0 DEOPT UNPACKING pc=0x0000014c21df7143 sp=0x00000020f27fc830 mode 0
Event: 99.135 Thread 0x0000014c577d64c0 DEOPT PACKING pc=0x0000014c1d731bc6 sp=0x00000020f27fc1b0
Event: 99.135 Thread 0x0000014c577d64c0 DEOPT UNPACKING pc=0x0000014c21df7143 sp=0x00000020f27fb670 mode 0
Event: 100.209 Thread 0x0000014c572e23d0 DEOPT PACKING pc=0x0000014c1d721e6a sp=0x00000020efff9db0
Event: 100.209 Thread 0x0000014c572e23d0 DEOPT UNPACKING pc=0x0000014c21df7143 sp=0x00000020efff9278 mode 0

Classes loaded (20 events):
Event: 94.806 Loading class sun/rmi/server/UnicastServerRef$HashToMethod_Maps$1
Event: 94.806 Loading class sun/rmi/server/UnicastServerRef$HashToMethod_Maps$1 done
Event: 94.812 Loading class sun/rmi/server/LoaderHandler$Loader
Event: 94.812 Loading class sun/rmi/server/LoaderHandler$Loader done
Event: 94.831 Loading class java/rmi/server/ServerNotActiveException
Event: 94.831 Loading class java/rmi/server/ServerNotActiveException done
Event: 94.835 Loading class sun/rmi/transport/DGCAckHandler
Event: 94.835 Loading class sun/rmi/transport/DGCAckHandler done
Event: 94.838 Loading class sun/rmi/transport/DGCAckHandler$1
Event: 94.838 Loading class sun/rmi/transport/DGCAckHandler$1 done
Event: 94.901 Loading class sun/rmi/transport/tcp/TCPTransport$ConnectionHandler
Event: 94.902 Loading class sun/rmi/transport/tcp/TCPTransport$ConnectionHandler done
Event: 94.908 Loading class sun/rmi/transport/Transport$1
Event: 94.908 Loading class sun/rmi/transport/Transport$1 done
Event: 94.910 Loading class sun/rmi/transport/DGCImpl$LeaseInfo
Event: 94.910 Loading class sun/rmi/transport/DGCImpl$LeaseInfo done
Event: 94.911 Loading class sun/rmi/transport/DGCImpl$1
Event: 94.911 Loading class sun/rmi/transport/DGCImpl$1 done
Event: 94.911 Loading class sun/rmi/transport/SequenceEntry
Event: 94.911 Loading class sun/rmi/transport/SequenceEntry done

Classes unloaded (0 events):
No events

Classes redefined (0 events):
No events

Internal exceptions (20 events):
Event: 98.206 Thread 0x0000014c572e23d0 Exception <a 'sun/nio/fs/WindowsException'{0x00000007263b58b8}> (0x00000007263b58b8) 
thrown [s\src\hotspot\share\prims\jni.cpp, line 516]
Event: 98.207 Thread 0x0000014c572e23d0 Exception <a 'sun/nio/fs/WindowsException'{0x00000007263b7b68}> (0x00000007263b7b68) 
thrown [s\src\hotspot\share\prims\jni.cpp, line 516]
Event: 98.235 Thread 0x0000014c572e23d0 Exception <a 'sun/nio/fs/WindowsException'{0x00000007261840a8}> (0x00000007261840a8) 
thrown [s\src\hotspot\share\prims\jni.cpp, line 516]
Event: 98.291 Thread 0x0000014c572e23d0 Exception <a 'sun/nio/fs/WindowsException'{0x000000072619e828}> (0x000000072619e828) 
thrown [s\src\hotspot\share\prims\jni.cpp, line 516]
Event: 98.297 Thread 0x0000014c572e23d0 Exception <a 'sun/nio/fs/WindowsException'{0x00000007261b1f60}> (0x00000007261b1f60) 
thrown [s\src\hotspot\share\prims\jni.cpp, line 516]
Event: 98.757 Thread 0x0000014c572e23d0 Exception <a 'sun/nio/fs/WindowsException'{0x0000000725973de0}> (0x0000000725973de0) 
thrown [s\src\hotspot\share\prims\jni.cpp, line 516]
Event: 98.758 Thread 0x0000014c572e23d0 Exception <a 'sun/nio/fs/WindowsException'{0x0000000725974ce8}> (0x0000000725974ce8) 
thrown [s\src\hotspot\share\prims\jni.cpp, line 516]
Event: 98.758 Thread 0x0000014c572e23d0 Exception <a 'sun/nio/fs/WindowsException'{0x0000000725974d78}> (0x0000000725974d78) 
thrown [s\src\hotspot\share\prims\jni.cpp, line 516]
Event: 98.758 Thread 0x0000014c572e23d0 Exception <a 'sun/nio/fs/WindowsException'{0x00000007259752a0}> (0x00000007259752a0) 
thrown [s\src\hotspot\share\prims\jni.cpp, line 516]
Event: 98.759 Thread 0x0000014c577d8830 Exception <a 'sun/nio/fs/WindowsException'{0x0000000728272610}> (0x0000000728272610) 
thrown [s\src\hotspot\share\prims\jni.cpp, line 516]
Event: 98.759 Thread 0x0000014c577d8830 Exception <a 'sun/nio/fs/WindowsException'{0x00000007282728a0}> (0x00000007282728a0) 
thrown [s\src\hotspot\share\prims\jni.cpp, line 516]
Event: 98.759 Thread 0x0000014c577d8830 Exception <a 'sun/nio/fs/WindowsException'{0x0000000728272960}> (0x0000000728272960) 
thrown [s\src\hotspot\share\prims\jni.cpp, line 516]
Event: 98.759 Thread 0x0000014c577d8830 Exception <a 'sun/nio/fs/WindowsException'{0x0000000728272e88}> (0x0000000728272e88) 
thrown [s\src\hotspot\share\prims\jni.cpp, line 516]
Event: 99.174 Thread 0x0000014c6205bd80 Exception <a 'java/lang/InterruptedException'{0x0000000725370fe0}> (0x0000000725370fe0) 
thrown [s\src\hotspot\share\runtime\objectMonitor.cpp, line 1658]
Event: 99.270 Thread 0x0000014c572e23d0 Exception <a 'sun/nio/fs/WindowsException'{0x0000000725997240}> (0x0000000725997240) 
thrown [s\src\hotspot\share\prims\jni.cpp, line 516]
Event: 99.270 Thread 0x0000014c572e23d0 Exception <a 'sun/nio/fs/WindowsException'{0x0000000725998158}> (0x0000000725998158) 
thrown [s\src\hotspot\share\prims\jni.cpp, line 516]
Event: 99.270 Thread 0x0000014c572e23d0 Exception <a 'sun/nio/fs/WindowsException'{0x00000007259981e8}> (0x00000007259981e8) 
thrown [s\src\hotspot\share\prims\jni.cpp, line 516]
Event: 99.270 Thread 0x0000014c572e23d0 Exception <a 'sun/nio/fs/WindowsException'{0x0000000725998738}> (0x0000000725998738) 
thrown [s\src\hotspot\share\prims\jni.cpp, line 516]
Event: 99.298 Thread 0x0000014c577d8830 Exception <a 'sun/nio/fs/WindowsException'{0x0000000725624eb8}> (0x0000000725624eb8) 
thrown [s\src\hotspot\share\prims\jni.cpp, line 516]
Event: 100.232 Thread 0x0000014c6205ccb0 Exception <a 'java/lang/InterruptedException'{0x0000000723b332d8}> (0x0000000723b332d8) 
thrown [s\src\hotspot\share\runtime\objectMonitor.cpp, line 1658]

VM Operations (20 events):
Event: 96.432 Executing VM operation: HandshakeAllThreads
Event: 96.433 Executing VM operation: HandshakeAllThreads done
Event: 96.433 Executing VM operation: Cleanup
Event: 96.433 Executing VM operation: Cleanup done
Event: 96.505 Executing VM operation: HandshakeAllThreads
Event: 96.505 Executing VM operation: HandshakeAllThreads done
Event: 96.857 Executing VM operation: HandshakeAllThreads
Event: 96.858 Executing VM operation: HandshakeAllThreads done
Event: 97.798 Executing VM operation: ICBufferFull
Event: 97.798 Executing VM operation: ICBufferFull done
Event: 99.798 Executing VM operation: Cleanup
Event: 99.798 Executing VM operation: Cleanup done
Event: 100.798 Executing VM operation: Cleanup
Event: 100.798 Executing VM operation: Cleanup done
Event: 103.800 Executing VM operation: Cleanup
Event: 103.800 Executing VM operation: Cleanup done
Event: 110.819 Executing VM operation: Cleanup
Event: 110.822 Executing VM operation: Cleanup done
Event: 120.290 Executing VM operation: HandshakeAllThreads
Event: 120.290 Executing VM operation: HandshakeAllThreads done

Memory protections (0 events):
No events

Nmethod flushes (20 events):
Event: 96.902 Thread 0x0000014c355773d0 flushing  nmethod 0x0000014c1d10f610
Event: 96.902 Thread 0x0000014c355773d0 flushing  nmethod 0x0000014c1d111690
Event: 96.902 Thread 0x0000014c355773d0 flushing  nmethod 0x0000014c1d112510
Event: 96.902 Thread 0x0000014c355773d0 flushing  nmethod 0x0000014c1d112890
Event: 96.902 Thread 0x0000014c355773d0 flushing  nmethod 0x0000014c1d123310
Event: 96.903 Thread 0x0000014c355773d0 flushing  nmethod 0x0000014c1d22fd10
Event: 96.903 Thread 0x0000014c355773d0 flushing  nmethod 0x0000014c1d247c10
Event: 96.904 Thread 0x0000014c355773d0 flushing  nmethod 0x0000014c1d280a90
Event: 96.904 Thread 0x0000014c355773d0 flushing  nmethod 0x0000014c1d282d10
Event: 96.904 Thread 0x0000014c355773d0 flushing  nmethod 0x0000014c1d2daf90
Event: 96.905 Thread 0x0000014c355773d0 flushing  nmethod 0x0000014c1d463890
Event: 96.905 Thread 0x0000014c355773d0 flushing  nmethod 0x0000014c1d502290
Event: 96.906 Thread 0x0000014c355773d0 flushing  nmethod 0x0000014c1d575710
Event: 96.906 Thread 0x0000014c355773d0 flushing  nmethod 0x0000014c1d5a1a10
Event: 96.907 Thread 0x0000014c355773d0 flushing osr nmethod 0x0000014c1d71af90
Event: 96.907 Thread 0x0000014c355773d0 flushing osr nmethod 0x0000014c1d724d10
Event: 96.908 Thread 0x0000014c355773d0 flushing  nmethod 0x0000014c1d734090
Event: 96.908 Thread 0x0000014c355773d0 flushing  nmethod 0x0000014c1d7ad990
Event: 96.908 Thread 0x0000014c355773d0 flushing  nmethod 0x0000014c1d7ae190
Event: 96.908 Thread 0x0000014c355773d0 flushing  nmethod 0x0000014c1d7aec10

Events (20 events):
Event: 94.412 Thread 0x0000014c62c8e0d0 Thread exited: 0x0000014c62c8e0d0
Event: 94.564 Thread 0x0000014c577d69d0 Thread added: 0x0000014c577d2800
Event: 94.573 Thread 0x0000014c577d69d0 Thread added: 0x0000014c59268f90
Event: 94.578 Thread 0x0000014c577d69d0 Thread added: 0x0000014c6205ae50
Event: 94.658 Thread 0x0000014c35560210 Thread added: 0x0000014c62c8d630
Event: 94.675 Thread 0x0000014c577d69d0 Thread added: 0x0000014c6205a430
Event: 94.675 Thread 0x0000014c577d69d0 Thread added: 0x0000014c6205a940
Event: 94.682 Thread 0x0000014c577d13c0 Thread added: 0x0000014c6205f530
Event: 94.902 Thread 0x0000014c6205a430 Thread added: 0x0000014c6205fa40
Event: 94.902 Thread 0x0000014c6205a430 Thread added: 0x0000014c6205b360
Event: 95.067 Thread 0x0000014c62c8d630 Thread exited: 0x0000014c62c8d630
Event: 95.146 Thread 0x0000014c35560210 Thread added: 0x0000014c62c8abb0
Event: 97.611 Thread 0x0000014c62c8abb0 Thread exited: 0x0000014c62c8abb0
Event: 98.470 Thread 0x0000014c35560210 Thread added: 0x0000014c62c8cb90
Event: 99.142 Thread 0x0000014c577d64c0 Thread added: 0x0000014c6205bd80
Event: 99.199 Thread 0x0000014c6205a430 Thread added: 0x0000014c62060970
Event: 100.219 Thread 0x0000014c577d8830 Thread added: 0x0000014c6205ccb0
Event: 100.248 Thread 0x0000014c6205a430 Thread added: 0x0000014c6205dbe0
Event: 105.258 Thread 0x0000014c62c8cb90 Thread exited: 0x0000014c62c8cb90
Event: 114.579 Thread 0x0000014c572e6090 Thread exited: 0x0000014c572e6090


Dynamic libraries:
0x00007ff62a300000 - 0x00007ff62a30e000 	C:\Program Files\Microsoft\jdk-17.0.13.11-hotspot\bin\java.exe
0x00007fff7e1f0000 - 0x00007fff7e3e8000 	C:\WINDOWS\SYSTEM32\ntdll.dll
0x00007fff7c200000 - 0x00007fff7c2c2000 	C:\WINDOWS\System32\KERNEL32.DLL
0x00007fff7ba80000 - 0x00007fff7bd7f000 	C:\WINDOWS\System32\KERNELBASE.dll
0x00007fff7bf60000 - 0x00007fff7c060000 	C:\WINDOWS\System32\ucrtbase.dll
0x00007fff72ce0000 - 0x00007fff72cf7000 	C:\Program Files\Microsoft\jdk-17.0.13.11-hotspot\bin\jli.dll
0x00007fff69670000 - 0x00007fff6968d000 	C:\Program Files\Microsoft\jdk-17.0.13.11-hotspot\bin\VCRUNTIME140.dll
0x00007fff7dd60000 - 0x00007fff7defd000 	C:\WINDOWS\System32\USER32.dll
0x00007fff7bea0000 - 0x00007fff7bec2000 	C:\WINDOWS\System32\win32u.dll
0x00007fff7d8d0000 - 0x00007fff7d8fb000 	C:\WINDOWS\System32\GDI32.dll
0x00007fff606f0000 - 0x00007fff6098a000 	C:\WINDOWS\WinSxS\amd64_microsoft.windows.common-controls_6595b64144ccf1df_6.0.19041.4355_none_60b8b9eb71f62e16\COMCTL32.dll
0x00007fff7bd80000 - 0x00007fff7be97000 	C:\WINDOWS\System32\gdi32full.dll
0x00007fff7b9e0000 - 0x00007fff7ba7d000 	C:\WINDOWS\System32\msvcp_win.dll
0x00007fff7dcc0000 - 0x00007fff7dd5e000 	C:\WINDOWS\System32\msvcrt.dll
0x00007fff7dad0000 - 0x00007fff7daff000 	C:\WINDOWS\System32\IMM32.DLL
0x00007fff77870000 - 0x00007fff7787c000 	C:\Program Files\Microsoft\jdk-17.0.13.11-hotspot\bin\vcruntime140_1.dll
0x00007fff436f0000 - 0x00007fff4377d000 	C:\Program Files\Microsoft\jdk-17.0.13.11-hotspot\bin\msvcp140.dll
0x00007fff21250000 - 0x00007fff21ec1000 	C:\Program Files\Microsoft\jdk-17.0.13.11-hotspot\bin\server\jvm.dll
0x00007fff7c2d0000 - 0x00007fff7c381000 	C:\WINDOWS\System32\ADVAPI32.dll
0x00007fff7d900000 - 0x00007fff7d99f000 	C:\WINDOWS\System32\sechost.dll
0x00007fff7d9a0000 - 0x00007fff7dac3000 	C:\WINDOWS\System32\RPCRT4.dll
0x00007fff7c1d0000 - 0x00007fff7c1f7000 	C:\WINDOWS\System32\bcrypt.dll
0x00007fff7ccb0000 - 0x00007fff7cd1b000 	C:\WINDOWS\System32\WS2_32.dll
0x00007fff7ace0000 - 0x00007fff7ad2b000 	C:\WINDOWS\SYSTEM32\POWRPROF.dll
0x00007fff646e0000 - 0x00007fff64707000 	C:\WINDOWS\SYSTEM32\WINMM.dll
0x00007fff6d6b0000 - 0x00007fff6d6ba000 	C:\WINDOWS\SYSTEM32\VERSION.dll
0x00007fff7ac80000 - 0x00007fff7ac92000 	C:\WINDOWS\SYSTEM32\UMPDC.dll
0x00007fff7a310000 - 0x00007fff7a322000 	C:\WINDOWS\SYSTEM32\kernel.appcore.dll
0x00007fff73540000 - 0x00007fff7354a000 	C:\Program Files\Microsoft\jdk-17.0.13.11-hotspot\bin\jimage.dll
0x00007fff77210000 - 0x00007fff773f4000 	C:\WINDOWS\SYSTEM32\DBGHELP.DLL
0x00007fff5d520000 - 0x00007fff5d554000 	C:\WINDOWS\SYSTEM32\dbgcore.DLL
0x00007fff7bed0000 - 0x00007fff7bf52000 	C:\WINDOWS\System32\bcryptPrimitives.dll
0x00007fff72540000 - 0x00007fff7254e000 	C:\Program Files\Microsoft\jdk-17.0.13.11-hotspot\bin\instrument.dll
0x00007fff548f0000 - 0x00007fff54915000 	C:\Program Files\Microsoft\jdk-17.0.13.11-hotspot\bin\java.dll
0x00007fff2b590000 - 0x00007fff2b667000 	C:\Program Files\Microsoft\jdk-17.0.13.11-hotspot\bin\jsvml.dll
0x00007fff7c390000 - 0x00007fff7cafe000 	C:\WINDOWS\System32\SHELL32.dll
0x00007fff798b0000 - 0x00007fff7a054000 	C:\WINDOWS\SYSTEM32\windows.storage.dll
0x00007fff7d3e0000 - 0x00007fff7d735000 	C:\WINDOWS\System32\combase.dll
0x00007fff7b2b0000 - 0x00007fff7b2df000 	C:\WINDOWS\SYSTEM32\Wldp.dll
0x00007fff7e030000 - 0x00007fff7e0fd000 	C:\WINDOWS\System32\OLEAUT32.dll
0x00007fff7d740000 - 0x00007fff7d7ed000 	C:\WINDOWS\System32\SHCORE.dll
0x00007fff7cd80000 - 0x00007fff7cdd5000 	C:\WINDOWS\System32\shlwapi.dll
0x00007fff7b7b0000 - 0x00007fff7b7d4000 	C:\WINDOWS\SYSTEM32\profapi.dll
0x00007fff5f9c0000 - 0x00007fff5f9d8000 	C:\Program Files\Microsoft\jdk-17.0.13.11-hotspot\bin\zip.dll
0x00007fff670e0000 - 0x00007fff670fa000 	C:\Program Files\Microsoft\jdk-17.0.13.11-hotspot\bin\net.dll
0x00007fff788c0000 - 0x00007fff789cd000 	C:\WINDOWS\SYSTEM32\WINHTTP.dll
0x00007fff7b010000 - 0x00007fff7b07a000 	C:\WINDOWS\system32\mswsock.dll
0x00007fff63cc0000 - 0x00007fff63cd6000 	C:\Program Files\Microsoft\jdk-17.0.13.11-hotspot\bin\nio.dll
0x00007fff77850000 - 0x00007fff77860000 	C:\Program Files\Microsoft\jdk-17.0.13.11-hotspot\bin\verify.dll
0x00007fff6ff50000 - 0x00007fff6ff77000 	C:\Users\aliah\.gradle\native\c067742578af261105cb4f569cf0c3c89f3d7b1fecec35dd04571415982c5e48\windows-amd64\native-platform.dll
0x00007fff43af0000 - 0x00007fff43c34000 	C:\Users\aliah\.gradle\native\100fb08df4bc3b14c8652ba06237920a3bd2aa13389f12d3474272988ae205f9\windows-amd64\native-platform-file-events.dll
0x00007fff72b50000 - 0x00007fff72b5a000 	C:\Program Files\Microsoft\jdk-17.0.13.11-hotspot\bin\management.dll
0x00007fff72470000 - 0x00007fff7247b000 	C:\Program Files\Microsoft\jdk-17.0.13.11-hotspot\bin\management_ext.dll
0x00007fff7e180000 - 0x00007fff7e188000 	C:\WINDOWS\System32\PSAPI.DLL
0x00007fff7b200000 - 0x00007fff7b218000 	C:\WINDOWS\SYSTEM32\CRYPTSP.dll
0x00007fff7a8c0000 - 0x00007fff7a8f4000 	C:\WINDOWS\system32\rsaenh.dll
0x00007fff7b770000 - 0x00007fff7b79e000 	C:\WINDOWS\SYSTEM32\USERENV.dll
0x00007fff7b220000 - 0x00007fff7b22c000 	C:\WINDOWS\SYSTEM32\CRYPTBASE.dll
0x00007fff7aca0000 - 0x00007fff7acdb000 	C:\WINDOWS\SYSTEM32\IPHLPAPI.DLL
0x00007fff7db90000 - 0x00007fff7db98000 	C:\WINDOWS\System32\NSI.dll
0x00007fff737d0000 - 0x00007fff737e7000 	C:\WINDOWS\SYSTEM32\dhcpcsvc6.DLL
0x00007fff73e10000 - 0x00007fff73e2d000 	C:\WINDOWS\SYSTEM32\dhcpcsvc.DLL
0x00007fff7ad30000 - 0x00007fff7adfa000 	C:\WINDOWS\SYSTEM32\DNSAPI.dll
0x00007fff70b70000 - 0x00007fff70b79000 	C:\Program Files\Microsoft\jdk-17.0.13.11-hotspot\bin\extnet.dll
0x00007fff72390000 - 0x00007fff7239e000 	C:\Program Files\Microsoft\jdk-17.0.13.11-hotspot\bin\sunmscapi.dll
0x00007fff7b880000 - 0x00007fff7b9dc000 	C:\WINDOWS\System32\CRYPT32.dll
0x00007fff7b320000 - 0x00007fff7b347000 	C:\WINDOWS\SYSTEM32\ncrypt.dll
0x00007fff7b2e0000 - 0x00007fff7b31b000 	C:\WINDOWS\SYSTEM32\NTASN1.dll
0x00007fff71140000 - 0x00007fff71147000 	C:\WINDOWS\system32\wshunix.dll
0x0000000060f60000 - 0x0000000060f86000 	C:\Program Files\Bonjour\mdnsNSP.dll
0x00007fff69390000 - 0x00007fff6939a000 	C:\Windows\System32\rasadhlp.dll
0x00007fff69cb0000 - 0x00007fff69d30000 	C:\WINDOWS\System32\fwpuclnt.dll
0x00007fff60eb0000 - 0x00007fff60ec7000 	C:\WINDOWS\system32\napinsp.dll
0x00007fff60e30000 - 0x00007fff60e4b000 	C:\WINDOWS\system32\pnrpnsp.dll
0x00007fff76190000 - 0x00007fff761a5000 	C:\WINDOWS\system32\wshbth.dll
0x00007fff778f0000 - 0x00007fff7790d000 	C:\WINDOWS\system32\NLAapi.dll
0x00007fff60300000 - 0x00007fff60312000 	C:\WINDOWS\System32\winrnr.dll
0x00007fff7ab10000 - 0x00007fff7ab43000 	C:\WINDOWS\SYSTEM32\ntmarta.dll
0x00007fff5ba10000 - 0x00007fff5ba2e000 	C:\Users\aliah\AppData\Local\Temp\native-platform8164319636437455090dir\native-platform.dll
0x00007fff72530000 - 0x00007fff72537000 	C:\Program Files\Microsoft\jdk-17.0.13.11-hotspot\bin\rmi.dll

dbghelp: loaded successfully - version: 4.0.5 - missing functions: none
symbol engine: initialized successfully - sym options: 0x614 - pdb path: .;C:\Program Files\Microsoft\jdk-17.0.13.11-hotspot\bin;C:\WINDOWS\SYSTEM32;C:\WINDOWS\WinSxS\amd64_microsoft.windows.common-controls_6595b64144ccf1df_6.0.19041.4355_none_60b8b9eb71f62e16;C:\Program Files\Microsoft\jdk-17.0.13.11-hotspot\bin\server;C:\Users\aliah\.gradle\native\c067742578af261105cb4f569cf0c3c89f3d7b1fecec35dd04571415982c5e48\windows-amd64;C:\Users\aliah\.gradle\native\100fb08df4bc3b14c8652ba06237920a3bd2aa13389f12d3474272988ae205f9\windows-amd64;C:\Program Files\Bonjour;C:\Users\aliah\AppData\Local\Temp\native-platform8164319636437455090dir

VM Arguments:
jvm_args: --add-opens=java.base/java.lang=ALL-UNNAMED --add-opens=java.base/java.lang.invoke=ALL-UNNAMED --add-opens=java.base/java.util=ALL-UNNAMED --add-opens=java.prefs/java.util.prefs=ALL-UNNAMED --add-exports=jdk.compiler/com.sun.tools.javac.api=ALL-UNNAMED --add-exports=jdk.compiler/com.sun.tools.javac.util=ALL-UNNAMED --add-opens=java.base/java.util=ALL-UNNAMED --add-opens=java.prefs/java.util.prefs=ALL-UNNAMED --add-opens=java.base/java.nio.charset=ALL-UNNAMED --add-opens=java.base/java.net=ALL-UNNAMED --add-opens=java.base/java.util.concurrent.atomic=ALL-UNNAMED --add-opens=java.xml/javax.xml.namespace=ALL-UNNAMED -XX:MaxMetaspaceSize=512m -Xmx4g -Dfile.encoding=windows-1252 -Duser.country=US -Duser.language=en -Duser.variant -javaagent:C:\Users\aliah\.gradle\wrapper\dists\gradle-8.11.1-bin\bpt9gzteqjrbo1mjrsomdt32c\gradle-8.11.1\lib\agents\gradle-instrumentation-agent-8.11.1.jar 
java_command: org.gradle.launcher.daemon.bootstrap.GradleDaemon 8.11.1
java_class_path (initial): C:\Users\aliah\.gradle\wrapper\dists\gradle-8.11.1-bin\bpt9gzteqjrbo1mjrsomdt32c\gradle-8.11.1\lib\gradle-daemon-main-8.11.1.jar
Launcher Type: SUN_STANDARD

[Global flags]
     intx CICompilerCount                          = 3                                         {product} {ergonomic}
   size_t CompressedClassSpaceSize                 = 436207616                                 {product} {ergonomic}
     uint ConcGCThreads                            = 1                                         {product} {ergonomic}
     uint G1ConcRefinementThreads                  = 4                                         {product} {ergonomic}
   size_t G1HeapRegionSize                         = 2097152                                   {product} {ergonomic}
    uintx GCDrainStackTargetSize                   = 64                                        {product} {ergonomic}
   size_t InitialHeapSize                          = 132120576                                 {product} {ergonomic}
   size_t MarkStackSize                            = 4194304                                   {product} {ergonomic}
   size_t MaxHeapSize                              = 4294967296                                {product} {command line}
   size_t MaxMetaspaceSize                         = 536870912                                 {product} {command line}
   size_t MaxNewSize                               = 2575302656                                {product} {ergonomic}
   size_t MinHeapDeltaBytes                        = 2097152                                   {product} {ergonomic}
   size_t MinHeapSize                              = 8388608                                   {product} {ergonomic}
    uintx NonNMethodCodeHeapSize                   = 5832780                                {pd product} {ergonomic}
    uintx NonProfiledCodeHeapSize                  = 122912730                              {pd product} {ergonomic}
    uintx ProfiledCodeHeapSize                     = 122912730                              {pd product} {ergonomic}
    uintx ReservedCodeCacheSize                    = 251658240                              {pd product} {ergonomic}
     bool SegmentedCodeCache                       = true                                      {product} {ergonomic}
   size_t SoftMaxHeapSize                          = 4294967296                             {manageable} {ergonomic}
     bool UseCompressedClassPointers               = true                           {product lp64_product} {ergonomic}
     bool UseCompressedOops                        = true                           {product lp64_product} {ergonomic}
     bool UseG1GC                                  = true                                      {product} {ergonomic}
     bool UseLargePagesIndividualAllocation        = false                                  {pd product} {ergonomic}

Logging:
Log output configuration:
 #0: stdout all=warning uptime,level,tags
 #1: stderr all=off uptime,level,tags

Environment Variables:
JAVA_HOME=C:\Program Files\Microsoft\jdk-17.0.13.11-hotspot\
CLASSPATH=D:\React Native\MyProject\android\\gradle\wrapper\gradle-wrapper.jar
PATH=D:\React Native\MyProject\node_modules\.bin;D:\React Native\MyProject\node_modules\.bin;D:\React Native\node_modules\.bin;D:\node_modules\.bin;C:\Users\aliah\AppData\Roaming\npm\node_modules\npm\node_modules\@npmcli\run-script\lib\node-gyp-bin;D:\React Native\MyProject\node_modules\.bin;D:\React Native\node_modules\.bin;D:\node_modules\.bin;C:\Users\aliah\AppData\Roaming\npm\node_modules\npm\node_modules\@npmcli\run-script\lib\node-gyp-bin;C:\Program Files\Microsoft\jdk-17.0.13.11-hotspot\bin;C:\WINDOWS\system32;C:\WINDOWS;C:\WINDOWS\System32\Wbem;C:\WINDOWS\System32\WindowsPowerShell\v1.0\;C:\WINDOWS\System32\OpenSSH\;C:\Program Files\nodejs\;C:\Program Files\Git\cmd;C:\Users\aliah\AppData\Local\Android\Sdk\emulator;C:\Users\aliah\AppData\Local\Android\Sdk;C:\Users\aliah\AppData\Local\Android\Sdk\platform-tools;C:\ProgramData\chocolatey\bin;D:\React Native\MyProject\android\gradle-8.11.1\bin;C:\Users\aliah\AppData\Local\Microsoft\WindowsApps;C:\Users\aliah\AppData\Local\Programs\Microsoft VS Code\bin;C:\Users\aliah\AppData\Roaming\npm;C:\Program Files\Microsoft\jdk-17.0.13.11-hotspot\bin;D:\React Native\MyProject\android\gradle-8.11.1\bin;
USERNAME=aliah
OS=Windows_NT
PROCESSOR_IDENTIFIER=Intel64 Family 6 Model 142 Stepping 9, GenuineIntel
TMP=C:\Users\aliah\AppData\Local\Temp
TEMP=C:\Users\aliah\AppData\Local\Temp



Periodic native trim disabled


---------------  S Y S T E M  ---------------

OS:
 Windows 10 , 64 bit Build 19041 (10.0.19041.5198)
OS uptime: 1 days 21:31 hours

CPU: total 4 (initial active 4) (2 cores per cpu, 2 threads per core) family 6 model 142 stepping 9 microcode 0xf0, cx8, cmov, fxsr, ht, mmx, 3dnowpref, sse, sse2, sse3, ssse3, sse4.1, sse4.2, popcnt, lzcnt, tsc, tscinvbit, avx, avx2, aes, erms, clmul, bmi1, bmi2, adx, fma, vzeroupper, clflush, clflushopt
Processor Information for the first 4 processors :
  Max Mhz: 2904, Current Mhz: 2703, Mhz Limit: 2700

Memory: 4k page, system-wide physical 8042M (295M free)
TotalPageFile size 12138M (AvailPageFile size 1M)
current process WorkingSet (physical memory assigned to process): 885M, peak: 1044M
current process commit charge ("private bytes"): 1156M, peak: 1186M

vm_info: OpenJDK 64-Bit Server VM (17.0.13+11-LTS) for windows-amd64 JRE (17.0.13+11-LTS), built on Oct 11 2024 23:25:05 by "MicrosoftCorporation" with unknown MS VC++:1939

END.
