#
# There is insufficient memory for the Java Runtime Environment to continue.
# Native memory allocation (malloc) failed to allocate 32744 bytes. Error detail: ChunkPool::allocate
# Possible reasons:
#   The system is out of physical RAM or swap space
#   This process is running with CompressedOops enabled, and the Java Heap may be blocking the growth of the native heap
# Possible solutions:
#   Reduce memory load on the system
#   Increase physical memory or swap space
#   Check if swap backing store is full
#   Decrease Java heap size (-Xmx/-Xms)
#   Decrease number of Java threads
#   Decrease Java thread stack sizes (-Xss)
#   Set larger code cache with -XX:ReservedCodeCacheSize=
#   JVM is running with Zero Based Compressed Oops mode in which the Java heap is
#     placed in the first 32GB address space. The Java Heap base address is the
#     maximum limit for the native heap growth. Please use -XX:HeapBaseMinAddress
#     to set the Java Heap base and to place the Java Heap above 32GB virtual address.
# This output file may be truncated or incomplete.
#
#  Out of Memory Error (arena.cpp:79), pid=3300, tid=13628
#
# JRE version: OpenJDK Runtime Environment Microsoft-10376486 (17.0.13+11) (build 17.0.13+11-LTS)
# Java VM: OpenJDK 64-Bit Server VM Microsoft-10376486 (17.0.13+11-LTS, mixed mode, sharing, tiered, compressed oops, compressed class ptrs, g1 gc, windows-amd64)
# No core dump will be written. Minidumps are not enabled by default on client versions of Windows
#

---------------  S U M M A R Y ------------

Command Line: --add-opens=java.base/java.lang=ALL-UNNAMED --add-opens=java.base/java.lang.invoke=ALL-UNNAMED --add-opens=java.base/java.util=ALL-UNNAMED --add-opens=java.prefs/java.util.prefs=ALL-UNNAMED --add-exports=jdk.compiler/com.sun.tools.javac.api=ALL-UNNAMED --add-exports=jdk.compiler/com.sun.tools.javac.util=ALL-UNNAMED --add-opens=java.base/java.util=ALL-UNNAMED --add-opens=java.prefs/java.util.prefs=ALL-UNNAMED --add-opens=java.base/java.nio.charset=ALL-UNNAMED --add-opens=java.base/java.net=ALL-UNNAMED --add-opens=java.base/java.util.concurrent.atomic=ALL-UNNAMED --add-opens=java.xml/javax.xml.namespace=ALL-UNNAMED -XX:MaxMetaspaceSize=512m -Xmx4g -Dfile.encoding=windows-1252 -Duser.country=US -Duser.language=en -Duser.variant -javaagent:C:\Users\aliah\.gradle\wrapper\dists\gradle-8.11.1-bin\bpt9gzteqjrbo1mjrsomdt32c\gradle-8.11.1\lib\agents\gradle-instrumentation-agent-8.11.1.jar org.gradle.launcher.daemon.bootstrap.GradleDaemon 8.11.1

Host: Intel(R) Core(TM) i7-7500U CPU @ 2.70GHz, 4 cores, 7G,  Windows 10 , 64 bit Build 19041 (10.0.19041.5198)
Time: Wed Feb 12 19:48:15 2025 Pakistan Standard Time elapsed time: 68.671420 seconds (0d 0h 1m 8s)

---------------  T H R E A D  ---------------

Current thread (0x00000197ff39a0f0):  JavaThread "C2 CompilerThread0" daemon [_thread_in_native, id=13628, stack(0x00000092d6500000,0x00000092d6600000)]


Current CompileTask:
C2:  68671 20006       4       org.gradle.internal.dispatch.ProxyDispatchAdapter$DispatchingInvocationHandler::invoke (184 bytes)

Stack: [0x00000092d6500000,0x00000092d6600000]
Native frames: (J=compiled Java code, j=interpreted, Vv=VM code, C=native code)
V  [jvm.dll+0x687fc9]
V  [jvm.dll+0x83eeb8]
V  [jvm.dll+0x840963]
V  [jvm.dll+0x840fd3]
V  [jvm.dll+0x24951f]
V  [jvm.dll+0xad2cc]
V  [jvm.dll+0xad75c]
V  [jvm.dll+0xad1d4]
V  [jvm.dll+0x6651bc]
V  [jvm.dll+0x222049]
V  [jvm.dll+0x6abaa1]
V  [jvm.dll+0x2198a5]
V  [jvm.dll+0x1a5506]
V  [jvm.dll+0x22a1ca]
V  [jvm.dll+0x22830b]
V  [jvm.dll+0x7f4708]
V  [jvm.dll+0x7eea6c]
V  [jvm.dll+0x686ea7]
C  [ucrtbase.dll+0x21bb2]
C  [KERNEL32.DLL+0x17374]
C  [ntdll.dll+0x4cc91]


---------------  P R O C E S S  ---------------

Threads class SMR info:
_java_thread_list=0x00000197b0be69a0, length=111, elements={
0x00000197ebb82690, 0x00000197ff37ea40, 0x00000197ff37f910, 0x00000197ff3904a0,
0x00000197ff3982a0, 0x00000197ff398b70, 0x00000197ff399440, 0x00000197ff39a0f0,
0x00000197ff400110, 0x00000197ff3eeab0, 0x00000197ff365dd0, 0x00000197ff561340,
0x00000197aed0caa0, 0x00000197aed0c080, 0x00000197aed0bb70, 0x00000197aed0cfb0,
0x00000197aed0d4c0, 0x00000197aed0c590, 0x00000197aed0dee0, 0x00000197aed0e3f0,
0x00000197aed0e900, 0x00000197aed0f320, 0x00000197aed0ee10, 0x00000197afea8730,
0x00000197afea7800, 0x00000197afea7d10, 0x00000197afea4f80, 0x00000197afeaa590,
0x00000197afea9660, 0x00000197afea6de0, 0x00000197afea8220, 0x00000197afea9b70,
0x00000197afea59a0, 0x00000197afeaa080, 0x00000197afea72f0, 0x00000197afea63c0,
0x00000197afea9150, 0x00000197afea4050, 0x00000197afeab9d0, 0x00000197afea4a70,
0x00000197b05dd540, 0x00000197b05d7000, 0x00000197b05dda50, 0x00000197b05d7f30,
0x00000197b05da7b0, 0x00000197b05db6e0, 0x00000197b05d7510, 0x00000197b05d8950,
0x00000197b05dbbf0, 0x00000197b05db1d0, 0x00000197b05dc610, 0x00000197b05ddf60,
0x00000197b05d8440, 0x00000197b05dd030, 0x00000197b05d8e60, 0x00000197b05d9370,
0x00000197b05dcb20, 0x00000197b05d7a20, 0x00000197b05d9880, 0x00000197b05dc100,
0x00000197b05dacc0, 0x00000197afb28c00, 0x00000197afb26380, 0x00000197afb272b0,
0x00000197afb26890, 0x00000197afb2a550, 0x00000197afb26da0, 0x00000197afb25960,
0x00000197afb277c0, 0x00000197afb27cd0, 0x00000197afb281e0, 0x00000197afb2b990,
0x00000197afb25e70, 0x00000197afb286f0, 0x00000197afb29110, 0x00000197afb2c8c0,
0x00000197afb29620, 0x00000197afb29b30, 0x00000197afb2a040, 0x00000197afb2aa60,
0x00000197afb2af70, 0x00000197afb2b480, 0x00000197afb2bea0, 0x00000197afb2c3b0,
0x00000197afb25450, 0x00000197afb2cdd0, 0x00000197b0830800, 0x00000197b0829db0,
0x00000197b082cb40, 0x00000197ba0be9a0, 0x00000197ba0bb1f0, 0x00000197ba0bace0,
0x00000197ba0bb700, 0x00000197ba0beeb0, 0x00000197ba0b8e80, 0x00000197ba0bd050,
0x00000197ba0b7f50, 0x00000197ba0bf8d0, 0x00000197ba0be490, 0x00000197ba0b8460,
0x00000197ba0b9390, 0x00000197ba0b8970, 0x00000197ba0bbc10, 0x00000197ba0bcb40,
0x00000197ba0bda70, 0x00000197ba0b98a0, 0x00000197af78e150, 0x00000197b06cdce0,
0x00000197b06cb460, 0x00000197b06cbe80, 0x00000197b06cb970
}

Java Threads: ( => current thread )
  0x00000197ebb82690 JavaThread "main" [_thread_blocked, id=496, stack(0x00000092d5800000,0x00000092d5900000)]
  0x00000197ff37ea40 JavaThread "Reference Handler" daemon [_thread_blocked, id=11008, stack(0x00000092d5f00000,0x00000092d6000000)]
  0x00000197ff37f910 JavaThread "Finalizer" daemon [_thread_blocked, id=1440, stack(0x00000092d6000000,0x00000092d6100000)]
  0x00000197ff3904a0 JavaThread "Signal Dispatcher" daemon [_thread_blocked, id=608, stack(0x00000092d6100000,0x00000092d6200000)]
  0x00000197ff3982a0 JavaThread "Attach Listener" daemon [_thread_blocked, id=12000, stack(0x00000092d6200000,0x00000092d6300000)]
  0x00000197ff398b70 JavaThread "Service Thread" daemon [_thread_blocked, id=16040, stack(0x00000092d6300000,0x00000092d6400000)]
  0x00000197ff399440 JavaThread "Monitor Deflation Thread" daemon [_thread_blocked, id=8528, stack(0x00000092d6400000,0x00000092d6500000)]
=>0x00000197ff39a0f0 JavaThread "C2 CompilerThread0" daemon [_thread_in_native, id=13628, stack(0x00000092d6500000,0x00000092d6600000)]
  0x00000197ff400110 JavaThread "C1 CompilerThread0" daemon [_thread_blocked, id=5736, stack(0x00000092d6600000,0x00000092d6700000)]
  0x00000197ff3eeab0 JavaThread "Sweeper thread" daemon [_thread_blocked, id=8304, stack(0x00000092d6700000,0x00000092d6800000)]
  0x00000197ff365dd0 JavaThread "Common-Cleaner" daemon [_thread_blocked, id=17276, stack(0x00000092d6800000,0x00000092d6900000)]
  0x00000197ff561340 JavaThread "Notification Thread" daemon [_thread_blocked, id=13656, stack(0x00000092d6900000,0x00000092d6a00000)]
  0x00000197aed0caa0 JavaThread "Daemon health stats" [_thread_blocked, id=4520, stack(0x00000092d6d00000,0x00000092d6e00000)]
  0x00000197aed0c080 JavaThread "Incoming local TCP Connector on port 62230" [_thread_in_native, id=9412, stack(0x00000092d6f00000,0x00000092d7000000)]
  0x00000197aed0bb70 JavaThread "Daemon periodic checks" [_thread_blocked, id=15476, stack(0x00000092d7100000,0x00000092d7200000)]
  0x00000197aed0cfb0 JavaThread "Daemon" [_thread_blocked, id=6936, stack(0x00000092d7200000,0x00000092d7300000)]
  0x00000197aed0d4c0 JavaThread "Handler for socket connection from /127.0.0.1:62230 to /127.0.0.1:62231" [_thread_in_native, id=8820, stack(0x00000092d7300000,0x00000092d7400000)]
  0x00000197aed0c590 JavaThread "Cancel handler" [_thread_blocked, id=12032, stack(0x00000092d7400000,0x00000092d7500000)]
  0x00000197aed0dee0 JavaThread "Daemon worker" [_thread_blocked, id=7700, stack(0x00000092d7500000,0x00000092d7600000)]
  0x00000197aed0e3f0 JavaThread "Asynchronous log dispatcher for DefaultDaemonConnection: socket connection from /127.0.0.1:62230 to /127.0.0.1:62231" [_thread_blocked, id=6104, stack(0x00000092d7600000,0x00000092d7700000)]
  0x00000197aed0e900 JavaThread "Stdin handler" [_thread_blocked, id=10432, stack(0x00000092d7700000,0x00000092d7800000)]
  0x00000197aed0f320 JavaThread "Daemon client event forwarder" [_thread_blocked, id=7020, stack(0x00000092d7800000,0x00000092d7900000)]
  0x00000197aed0ee10 JavaThread "Cache worker for journal cache (C:\Users\aliah\.gradle\caches\journal-1)" [_thread_blocked, id=11344, stack(0x00000092d7900000,0x00000092d7a00000)]
  0x00000197afea8730 JavaThread "File lock request listener" [_thread_in_native, id=4004, stack(0x00000092d7a00000,0x00000092d7b00000)]
  0x00000197afea7800 JavaThread "Cache worker for file hash cache (C:\Users\aliah\.gradle\caches\8.11.1\fileHashes)" [_thread_blocked, id=16156, stack(0x00000092d7b00000,0x00000092d7c00000)]
  0x00000197afea7d10 JavaThread "Cache worker for file content cache (C:\Users\aliah\.gradle\caches\8.11.1\fileContent)" [_thread_blocked, id=13172, stack(0x00000092d7c00000,0x00000092d7d00000)]
  0x00000197afea4f80 JavaThread "Cache worker for file hash cache (D:\React Native\MyProject\android\.gradle\8.11.1\fileHashes)" [_thread_blocked, id=12660, stack(0x00000092d7d00000,0x00000092d7e00000)]
  0x00000197afeaa590 JavaThread "Cache worker for Build Output Cleanup Cache (D:\React Native\MyProject\android\.gradle\buildOutputCleanup)" [_thread_blocked, id=11636, stack(0x00000092d7e00000,0x00000092d7f00000)]
  0x00000197afea9660 JavaThread "File watcher server" daemon [_thread_in_native, id=10204, stack(0x00000092d7f00000,0x00000092d8000000)]
  0x00000197afea6de0 JavaThread "File watcher consumer" daemon [_thread_blocked, id=14660, stack(0x00000092d8000000,0x00000092d8100000)]
  0x00000197afea8220 JavaThread "Cache worker for checksums cache (D:\React Native\MyProject\android\.gradle\8.11.1\checksums)" [_thread_blocked, id=9620, stack(0x00000092d8100000,0x00000092d8200000)]
  0x00000197afea9b70 JavaThread "Cache worker for cache directory md-rule (C:\Users\aliah\.gradle\caches\8.11.1\md-rule)" [_thread_blocked, id=13444, stack(0x00000092d8200000,0x00000092d8300000)]
  0x00000197afea59a0 JavaThread "Cache worker for cache directory md-supplier (C:\Users\aliah\.gradle\caches\8.11.1\md-supplier)" [_thread_blocked, id=16968, stack(0x00000092d8300000,0x00000092d8400000)]
  0x00000197afeaa080 JavaThread "jar transforms" [_thread_blocked, id=14688, stack(0x00000092d8500000,0x00000092d8600000)]
  0x00000197afea72f0 JavaThread "Cache worker for Build Output Cleanup Cache (D:\React Native\MyProject\node_modules\@react-native\gradle-plugin\.gradle\buildOutputCleanup)" [_thread_blocked, id=10248, stack(0x00000092d8600000,0x00000092d8700000)]
  0x00000197afea63c0 JavaThread "Unconstrained build operations" [_thread_blocked, id=7708, stack(0x00000092d8700000,0x00000092d8800000)]
  0x00000197afea9150 JavaThread "Unconstrained build operations Thread 2" [_thread_blocked, id=16436, stack(0x00000092d8800000,0x00000092d8900000)]
  0x00000197afea4050 JavaThread "Unconstrained build operations Thread 3" [_thread_blocked, id=2240, stack(0x00000092d8900000,0x00000092d8a00000)]
  0x00000197afeab9d0 JavaThread "Unconstrained build operations Thread 4" [_thread_blocked, id=2220, stack(0x00000092d8a00000,0x00000092d8b00000)]
  0x00000197afea4a70 JavaThread "Unconstrained build operations Thread 5" [_thread_blocked, id=7344, stack(0x00000092d8b00000,0x00000092d8c00000)]
  0x00000197b05dd540 JavaThread "Unconstrained build operations Thread 6" [_thread_blocked, id=5148, stack(0x00000092d8c00000,0x00000092d8d00000)]
  0x00000197b05d7000 JavaThread "Unconstrained build operations Thread 7" [_thread_blocked, id=7380, stack(0x00000092d8d00000,0x00000092d8e00000)]
  0x00000197b05dda50 JavaThread "Unconstrained build operations Thread 8" [_thread_blocked, id=9120, stack(0x00000092d8e00000,0x00000092d8f00000)]
  0x00000197b05d7f30 JavaThread "Unconstrained build operations Thread 9" [_thread_blocked, id=10640, stack(0x00000092d8f00000,0x00000092d9000000)]
  0x00000197b05da7b0 JavaThread "Unconstrained build operations Thread 10" [_thread_blocked, id=9892, stack(0x00000092d9000000,0x00000092d9100000)]
  0x00000197b05db6e0 JavaThread "Unconstrained build operations Thread 11" [_thread_blocked, id=8616, stack(0x00000092d9100000,0x00000092d9200000)]
  0x00000197b05d7510 JavaThread "Unconstrained build operations Thread 12" [_thread_blocked, id=13908, stack(0x00000092d9200000,0x00000092d9300000)]
  0x00000197b05d8950 JavaThread "Unconstrained build operations Thread 13" [_thread_blocked, id=8012, stack(0x00000092d9300000,0x00000092d9400000)]
  0x00000197b05dbbf0 JavaThread "Unconstrained build operations Thread 14" [_thread_blocked, id=13808, stack(0x00000092d9400000,0x00000092d9500000)]
  0x00000197b05db1d0 JavaThread "Unconstrained build operations Thread 15" [_thread_blocked, id=9928, stack(0x00000092d9500000,0x00000092d9600000)]
  0x00000197b05dc610 JavaThread "Memory manager" [_thread_blocked, id=16876, stack(0x00000092d9600000,0x00000092d9700000)]
  0x00000197b05ddf60 JavaThread "build event listener" [_thread_blocked, id=4108, stack(0x00000092d9700000,0x00000092d9800000)]
  0x00000197b05d8440 JavaThread "ForkJoinPool.commonPool-worker-1" daemon [_thread_blocked, id=10320, stack(0x00000092d9800000,0x00000092d9900000)]
  0x00000197b05dd030 JavaThread "ForkJoinPool.commonPool-worker-2" daemon [_thread_blocked, id=5348, stack(0x00000092d9900000,0x00000092d9a00000)]
  0x00000197b05d8e60 JavaThread "ForkJoinPool.commonPool-worker-3" daemon [_thread_blocked, id=5764, stack(0x00000092d9a00000,0x00000092d9b00000)]
  0x00000197b05d9370 JavaThread "included builds" [_thread_blocked, id=7080, stack(0x00000092d9b00000,0x00000092d9c00000)]
  0x00000197b05dcb20 JavaThread "Execution worker" [_thread_blocked, id=15400, stack(0x00000092d9c00000,0x00000092d9d00000)]
  0x00000197b05d7a20 JavaThread "Execution worker Thread 2" [_thread_blocked, id=2344, stack(0x00000092d9d00000,0x00000092d9e00000)]
  0x00000197b05d9880 JavaThread "Execution worker Thread 3" [_thread_blocked, id=9612, stack(0x00000092d9e00000,0x00000092d9f00000)]
  0x00000197b05dc100 JavaThread "Cache worker for execution history cache (D:\React Native\MyProject\node_modules\@react-native\gradle-plugin\.gradle\8.11.1\executionHistory)" [_thread_blocked, id=3992, stack(0x00000092d9f00000,0x00000092da000000)]
  0x00000197b05dacc0 JavaThread "Unconstrained build operations Thread 16" [_thread_blocked, id=11844, stack(0x00000092da000000,0x00000092da100000)]
  0x00000197afb28c00 JavaThread "Unconstrained build operations Thread 17" [_thread_blocked, id=964, stack(0x00000092da100000,0x00000092da200000)]
  0x00000197afb26380 JavaThread "Unconstrained build operations Thread 18" [_thread_blocked, id=9192, stack(0x00000092da200000,0x00000092da300000)]
  0x00000197afb272b0 JavaThread "Unconstrained build operations Thread 19" [_thread_blocked, id=11472, stack(0x00000092da300000,0x00000092da400000)]
  0x00000197afb26890 JavaThread "Unconstrained build operations Thread 20" [_thread_blocked, id=15832, stack(0x00000092da400000,0x00000092da500000)]
  0x00000197afb2a550 JavaThread "Unconstrained build operations Thread 21" [_thread_blocked, id=17252, stack(0x00000092da500000,0x00000092da600000)]
  0x00000197afb26da0 JavaThread "Unconstrained build operations Thread 22" [_thread_blocked, id=2628, stack(0x00000092da600000,0x00000092da700000)]
  0x00000197afb25960 JavaThread "Unconstrained build operations Thread 23" [_thread_blocked, id=2556, stack(0x00000092da700000,0x00000092da800000)]
  0x00000197afb277c0 JavaThread "Unconstrained build operations Thread 24" [_thread_blocked, id=15816, stack(0x00000092da800000,0x00000092da900000)]
  0x00000197afb27cd0 JavaThread "Unconstrained build operations Thread 25" [_thread_blocked, id=15880, stack(0x00000092da900000,0x00000092daa00000)]
  0x00000197afb281e0 JavaThread "Unconstrained build operations Thread 26" [_thread_blocked, id=15200, stack(0x00000092daa00000,0x00000092dab00000)]
  0x00000197afb2b990 JavaThread "Unconstrained build operations Thread 27" [_thread_blocked, id=11812, stack(0x00000092dab00000,0x00000092dac00000)]
  0x00000197afb25e70 JavaThread "Unconstrained build operations Thread 28" [_thread_blocked, id=8540, stack(0x00000092dac00000,0x00000092dad00000)]
  0x00000197afb286f0 JavaThread "Unconstrained build operations Thread 29" [_thread_blocked, id=4784, stack(0x00000092dad00000,0x00000092dae00000)]
  0x00000197afb29110 JavaThread "Unconstrained build operations Thread 30" [_thread_blocked, id=12028, stack(0x00000092dae00000,0x00000092daf00000)]
  0x00000197afb2c8c0 JavaThread "Unconstrained build operations Thread 31" [_thread_blocked, id=13140, stack(0x00000092daf00000,0x00000092db000000)]
  0x00000197afb29620 JavaThread "Unconstrained build operations Thread 32" [_thread_blocked, id=3512, stack(0x00000092db000000,0x00000092db100000)]
  0x00000197afb29b30 JavaThread "Unconstrained build operations Thread 33" [_thread_blocked, id=17296, stack(0x00000092db100000,0x00000092db200000)]
  0x00000197afb2a040 JavaThread "Unconstrained build operations Thread 34" [_thread_blocked, id=12828, stack(0x00000092db200000,0x00000092db300000)]
  0x00000197afb2aa60 JavaThread "Unconstrained build operations Thread 35" [_thread_blocked, id=6636, stack(0x00000092db300000,0x00000092db400000)]
  0x00000197afb2af70 JavaThread "Unconstrained build operations Thread 36" [_thread_blocked, id=1452, stack(0x00000092db400000,0x00000092db500000)]
  0x00000197afb2b480 JavaThread "jar transforms Thread 2" [_thread_blocked, id=14700, stack(0x00000092db500000,0x00000092db600000)]
  0x00000197afb2bea0 JavaThread "jar transforms Thread 3" [_thread_blocked, id=2420, stack(0x00000092db600000,0x00000092db700000)]
  0x00000197afb2c3b0 JavaThread "Unconstrained build operations Thread 37" [_thread_blocked, id=13728, stack(0x00000092db700000,0x00000092db800000)]
  0x00000197afb25450 JavaThread "Unconstrained build operations Thread 38" [_thread_blocked, id=11020, stack(0x00000092db800000,0x00000092db900000)]
  0x00000197afb2cdd0 JavaThread "Unconstrained build operations Thread 39" [_thread_blocked, id=9580, stack(0x00000092db900000,0x00000092dba00000)]
  0x00000197b0830800 JavaThread "Unconstrained build operations Thread 40" [_thread_blocked, id=15464, stack(0x00000092dba00000,0x00000092dbb00000)]
  0x00000197b0829db0 JavaThread "jar transforms Thread 4" [_thread_blocked, id=11412, stack(0x00000092dbb00000,0x00000092dbc00000)]
  0x00000197b082cb40 JavaThread "build event listener" [_thread_blocked, id=13368, stack(0x00000092dbc00000,0x00000092dbd00000)]
  0x00000197ba0be9a0 JavaThread "Cache worker for execution history cache (D:\React Native\MyProject\android\.gradle\8.11.1\executionHistory)" [_thread_blocked, id=3480, stack(0x00000092dbf00000,0x00000092dc000000)]
  0x00000197ba0bb1f0 JavaThread "WorkerExecutor Queue" [_thread_in_native, id=15892, stack(0x00000092dc000000,0x00000092dc100000)]
  0x00000197ba0bace0 JavaThread "RMI Scheduler(0)" daemon [_thread_blocked, id=17008, stack(0x00000092d5500000,0x00000092d5600000)]
  0x00000197ba0bb700 JavaThread "RMI RenewClean-[127.0.0.1:17943,org.jetbrains.kotlin.daemon.common.LoopbackNetworkInterface$ClientLoopbackSocketFactory@4c9ac2c2]" daemon [_thread_blocked, id=4200, stack(0x00000092dc100000,0x00000092dc200000)]
  0x00000197ba0beeb0 JavaThread "RMI GC Daemon" daemon [_thread_blocked, id=9852, stack(0x00000092dc200000,0x00000092dc300000)]
  0x00000197ba0b8e80 JavaThread "WorkerExecutor Queue Thread 2" [_thread_in_native, id=14460, stack(0x00000092dc300000,0x00000092dc400000)]
  0x00000197ba0bd050 JavaThread "RMI TCP Accept-0" daemon [_thread_in_native, id=1644, stack(0x00000092dc400000,0x00000092dc500000)]
  0x00000197ba0b7f50 JavaThread "RMI Reaper" [_thread_blocked, id=10528, stack(0x00000092dc500000,0x00000092dc600000)]
  0x00000197ba0bf8d0 JavaThread "RMI TCP Connection(idle)" daemon [_thread_blocked, id=10080, stack(0x00000092dc700000,0x00000092dc800000)]
  0x00000197ba0be490 JavaThread "RMI RenewClean-[127.0.0.1:17943,org.jetbrains.kotlin.daemon.common.LoopbackNetworkInterface$ClientLoopbackSocketFactory@1d49886c]" daemon [_thread_blocked, id=10660, stack(0x00000092dc800000,0x00000092dc900000)]
  0x00000197ba0b8460 JavaThread "RMI TCP Connection(idle)" daemon [_thread_blocked, id=8784, stack(0x00000092dc900000,0x00000092dca00000)]
  0x00000197ba0b9390 JavaThread "WorkerExecutor Queue Thread 3" [_thread_in_native, id=8688, stack(0x00000092dca00000,0x00000092dcb00000)]
  0x00000197ba0b8970 JavaThread "RMI RenewClean-[127.0.0.1:17943,org.jetbrains.kotlin.daemon.common.LoopbackNetworkInterface$ClientLoopbackSocketFactory@39500203]" daemon [_thread_blocked, id=10304, stack(0x00000092dcb00000,0x00000092dcc00000)]
  0x00000197ba0bbc10 JavaThread "RMI TCP Connection(idle)" daemon [_thread_blocked, id=16104, stack(0x00000092dcc00000,0x00000092dcd00000)]
  0x00000197ba0bcb40 JavaThread "WorkerExecutor Queue Thread 4" [_thread_in_native, id=12116, stack(0x00000092dcd00000,0x00000092dce00000)]
  0x00000197ba0bda70 JavaThread "RMI RenewClean-[127.0.0.1:17943,org.jetbrains.kotlin.daemon.common.LoopbackNetworkInterface$ClientLoopbackSocketFactory@7dbdb70b]" daemon [_thread_blocked, id=10656, stack(0x00000092dce00000,0x00000092dcf00000)]
  0x00000197ba0b98a0 JavaThread "RMI TCP Connection(idle)" daemon [_thread_blocked, id=7796, stack(0x00000092dcf00000,0x00000092dd000000)]
  0x00000197af78e150 JavaThread "C2 CompilerThread1" daemon [_thread_in_native, id=17012, stack(0x00000092d5600000,0x00000092d5700000)]
  0x00000197b06cdce0 JavaThread "Thread-77" [_thread_in_native, id=16192, stack(0x00000092d5700000,0x00000092d5800000)]
  0x00000197b06cb460 JavaThread "Thread-78" [_thread_in_native, id=16444, stack(0x00000092dc600000,0x00000092dc700000)]
  0x00000197b06cbe80 JavaThread "Thread-79" [_thread_in_native, id=10180, stack(0x00000092dd000000,0x00000092dd100000)]
  0x00000197b06cb970 JavaThread "Thread-80" [_thread_in_native, id=10868, stack(0x00000092dd100000,0x00000092dd200000)]

Other Threads:
  0x00000197ff3767b0 VMThread "VM Thread" [stack: 0x00000092d5e00000,0x00000092d5f00000] [id=6080]
  0x00000197ff561be0 WatcherThread [stack: 0x00000092d6a00000,0x00000092d6b00000] [id=15944]
  0x00000197ebbf0000 GCTaskThread "GC Thread#0" [stack: 0x00000092d5900000,0x00000092d5a00000] [id=16848]
  0x00000197ff7d9950 GCTaskThread "GC Thread#1" [stack: 0x00000092d6b00000,0x00000092d6c00000] [id=13188]
  0x00000197ff7d9c10 GCTaskThread "GC Thread#2" [stack: 0x00000092d6c00000,0x00000092d6d00000] [id=3636]
  0x00000197ae1bab00 GCTaskThread "GC Thread#3" [stack: 0x00000092d6e00000,0x00000092d6f00000] [id=7292]
  0x00000197ebc00e60 ConcurrentGCThread "G1 Main Marker" [stack: 0x00000092d5a00000,0x00000092d5b00000] [id=12352]
  0x00000197ebc01f30 ConcurrentGCThread "G1 Conc#0" [stack: 0x00000092d5b00000,0x00000092d5c00000] [id=2764]
  0x00000197ebc3e870 ConcurrentGCThread "G1 Refine#0" [stack: 0x00000092d5c00000,0x00000092d5d00000] [id=11736]
  0x00000197af5aaf20 ConcurrentGCThread "G1 Refine#1" [stack: 0x00000092d8400000,0x00000092d8500000] [id=4988]
  0x00000197b44a1b90 ConcurrentGCThread "G1 Refine#2" [stack: 0x00000092dbd00000,0x00000092dbe00000] [id=14940]
  0x00000197ff230300 ConcurrentGCThread "G1 Service" [stack: 0x00000092d5d00000,0x00000092d5e00000] [id=9152]

Threads with active compile tasks:
C2 CompilerThread0    68715 20006       4       org.gradle.internal.dispatch.ProxyDispatchAdapter$DispatchingInvocationHandler::invoke (184 bytes)
C2 CompilerThread1    68715 19979 %     4       org.gradle.internal.logging.text.AbstractLineChoppingStyledTextOutput::doAppend @ 10 (43 bytes)

VM state: not at safepoint (normal execution)

VM Mutex/Monitor currently owned by a thread: None

Heap address: 0x0000000700000000, size: 4096 MB, Compressed Oops mode: Zero based, Oop shift amount: 3

CDS archive(s) mapped at: [0x000001978f000000-0x000001978fbb0000-0x000001978fbb0000), size 12255232, SharedBaseAddress: 0x000001978f000000, ArchiveRelocationMode: 1.
Compressed class space mapped at: 0x0000019790000000-0x00000197aa000000, reserved size: 436207616
Narrow klass base: 0x000001978f000000, Narrow klass shift: 0, Narrow klass range: 0x100000000

GC Precious Log:
 CPUs: 4 total, 4 available
 Memory: 8042M
 Large Page Support: Disabled
 NUMA Support: Disabled
 Compressed Oops: Enabled (Zero based)
 Heap Region Size: 2M
 Heap Min Capacity: 8M
 Heap Initial Capacity: 126M
 Heap Max Capacity: 4G
 Pre-touch: Disabled
 Parallel Workers: 4
 Concurrent Workers: 1
 Concurrent Refinement Workers: 4
 Periodic GC: Disabled

Heap:
 garbage-first heap   total 569344K, used 312457K [0x0000000700000000, 0x0000000800000000)
  region size 2048K, 25 young (51200K), 11 survivors (22528K)
 Metaspace       used 119251K, committed 121024K, reserved 557056K
  class space    used 16600K, committed 17408K, reserved 425984K

Heap Regions: E=young(eden), S=young(survivor), O=old, HS=humongous(starts), HC=humongous(continues), CS=collection set, F=free, OA=open archive, CA=closed archive, TAMS=top-at-mark-start (previous, next)
|   0|0x0000000700000000, 0x0000000700200000, 0x0000000700200000|100%|HS|  |TAMS 0x0000000700200000, 0x0000000700000000| Complete 
|   1|0x0000000700200000, 0x0000000700400000, 0x0000000700400000|100%|HC|  |TAMS 0x0000000700400000, 0x0000000700200000| Complete 
|   2|0x0000000700400000, 0x0000000700600000, 0x0000000700600000|100%| O|  |TAMS 0x0000000700600000, 0x0000000700400000| Untracked 
|   3|0x0000000700600000, 0x0000000700800000, 0x0000000700800000|100%| O|  |TAMS 0x0000000700800000, 0x0000000700600000| Untracked 
|   4|0x0000000700800000, 0x0000000700a00000, 0x0000000700a00000|100%| O|  |TAMS 0x0000000700a00000, 0x0000000700800000| Untracked 
|   5|0x0000000700a00000, 0x0000000700c00000, 0x0000000700c00000|100%| O|  |TAMS 0x0000000700c00000, 0x0000000700a00000| Untracked 
|   6|0x0000000700c00000, 0x0000000700e00000, 0x0000000700e00000|100%| O|  |TAMS 0x0000000700e00000, 0x0000000700c00000| Untracked 
|   7|0x0000000700e00000, 0x0000000701000000, 0x0000000701000000|100%| O|  |TAMS 0x0000000701000000, 0x0000000700e00000| Untracked 
|   8|0x0000000701000000, 0x0000000701200000, 0x0000000701200000|100%| O|  |TAMS 0x0000000701200000, 0x0000000701000000| Untracked 
|   9|0x0000000701200000, 0x0000000701400000, 0x0000000701400000|100%| O|  |TAMS 0x0000000701400000, 0x0000000701200000| Untracked 
|  10|0x0000000701400000, 0x0000000701600000, 0x0000000701600000|100%| O|  |TAMS 0x0000000701600000, 0x0000000701400000| Untracked 
|  11|0x0000000701600000, 0x0000000701800000, 0x0000000701800000|100%| O|  |TAMS 0x0000000701800000, 0x0000000701600000| Untracked 
|  12|0x0000000701800000, 0x0000000701a00000, 0x0000000701a00000|100%| O|  |TAMS 0x0000000701a00000, 0x0000000701800000| Untracked 
|  13|0x0000000701a00000, 0x0000000701c00000, 0x0000000701c00000|100%| O|  |TAMS 0x0000000701c00000, 0x0000000701a00000| Untracked 
|  14|0x0000000701c00000, 0x0000000701e00000, 0x0000000701e00000|100%| O|  |TAMS 0x0000000701e00000, 0x0000000701c00000| Untracked 
|  15|0x0000000701e00000, 0x0000000702000000, 0x0000000702000000|100%| O|  |TAMS 0x0000000702000000, 0x0000000701e00000| Untracked 
|  16|0x0000000702000000, 0x0000000702200000, 0x0000000702200000|100%| O|  |TAMS 0x0000000702200000, 0x0000000702000000| Untracked 
|  17|0x0000000702200000, 0x0000000702400000, 0x0000000702400000|100%| O|  |TAMS 0x0000000702400000, 0x0000000702200000| Untracked 
|  18|0x0000000702400000, 0x0000000702600000, 0x0000000702600000|100%|HS|  |TAMS 0x0000000702600000, 0x0000000702400000| Complete 
|  19|0x0000000702600000, 0x0000000702800000, 0x0000000702800000|100%|HS|  |TAMS 0x0000000702800000, 0x0000000702600000| Complete 
|  20|0x0000000702800000, 0x0000000702a00000, 0x0000000702a00000|100%|HS|  |TAMS 0x0000000702a00000, 0x0000000702800000| Complete 
|  21|0x0000000702a00000, 0x0000000702c00000, 0x0000000702c00000|100%|HC|  |TAMS 0x0000000702c00000, 0x0000000702a00000| Complete 
|  22|0x0000000702c00000, 0x0000000702e00000, 0x0000000702e00000|100%|HS|  |TAMS 0x0000000702e00000, 0x0000000702c00000| Complete 
|  23|0x0000000702e00000, 0x0000000703000000, 0x0000000703000000|100%|HC|  |TAMS 0x0000000703000000, 0x0000000702e00000| Complete 
|  24|0x0000000703000000, 0x0000000703200000, 0x0000000703200000|100%| O|  |TAMS 0x0000000703200000, 0x0000000703000000| Untracked 
|  25|0x0000000703200000, 0x0000000703400000, 0x0000000703400000|100%| O|  |TAMS 0x0000000703400000, 0x0000000703200000| Untracked 
|  26|0x0000000703400000, 0x0000000703600000, 0x0000000703600000|100%| O|  |TAMS 0x0000000703600000, 0x0000000703400000| Untracked 
|  27|0x0000000703600000, 0x0000000703800000, 0x0000000703800000|100%| O|  |TAMS 0x0000000703600000, 0x0000000703600000| Untracked 
|  28|0x0000000703800000, 0x0000000703a00000, 0x0000000703a00000|100%| O|  |TAMS 0x0000000703a00000, 0x0000000703800000| Untracked 
|  29|0x0000000703a00000, 0x0000000703c00000, 0x0000000703c00000|100%| O|  |TAMS 0x0000000703c00000, 0x0000000703a00000| Untracked 
|  30|0x0000000703c00000, 0x0000000703e00000, 0x0000000703e00000|100%| O|  |TAMS 0x0000000703e00000, 0x0000000703c00000| Untracked 
|  31|0x0000000703e00000, 0x0000000704000000, 0x0000000704000000|100%| O|  |TAMS 0x0000000704000000, 0x0000000703e00000| Untracked 
|  32|0x0000000704000000, 0x0000000704200000, 0x0000000704200000|100%| O|  |TAMS 0x0000000704200000, 0x0000000704000000| Untracked 
|  33|0x0000000704200000, 0x0000000704400000, 0x0000000704400000|100%| O|  |TAMS 0x0000000704400000, 0x0000000704200000| Untracked 
|  34|0x0000000704400000, 0x0000000704600000, 0x0000000704600000|100%| O|  |TAMS 0x0000000704600000, 0x0000000704400000| Untracked 
|  35|0x0000000704600000, 0x0000000704800000, 0x0000000704800000|100%| O|  |TAMS 0x0000000704800000, 0x0000000704600000| Untracked 
|  36|0x0000000704800000, 0x0000000704a00000, 0x0000000704a00000|100%| O|  |TAMS 0x0000000704a00000, 0x0000000704800000| Untracked 
|  37|0x0000000704a00000, 0x0000000704c00000, 0x0000000704c00000|100%| O|  |TAMS 0x0000000704c00000, 0x0000000704a00000| Untracked 
|  38|0x0000000704c00000, 0x0000000704e00000, 0x0000000704e00000|100%| O|  |TAMS 0x0000000704e00000, 0x0000000704c00000| Untracked 
|  39|0x0000000704e00000, 0x0000000705000000, 0x0000000705000000|100%| O|  |TAMS 0x0000000705000000, 0x0000000704e00000| Untracked 
|  40|0x0000000705000000, 0x0000000705200000, 0x0000000705200000|100%| O|  |TAMS 0x0000000705200000, 0x0000000705000000| Untracked 
|  41|0x0000000705200000, 0x0000000705400000, 0x0000000705400000|100%| O|  |TAMS 0x0000000705400000, 0x0000000705200000| Untracked 
|  42|0x0000000705400000, 0x0000000705600000, 0x0000000705600000|100%| O|  |TAMS 0x0000000705600000, 0x0000000705400000| Untracked 
|  43|0x0000000705600000, 0x0000000705800000, 0x0000000705800000|100%| O|  |TAMS 0x0000000705800000, 0x0000000705600000| Untracked 
|  44|0x0000000705800000, 0x0000000705a00000, 0x0000000705a00000|100%| O|  |TAMS 0x0000000705a00000, 0x0000000705800000| Untracked 
|  45|0x0000000705a00000, 0x0000000705c00000, 0x0000000705c00000|100%| O|  |TAMS 0x0000000705c00000, 0x0000000705a00000| Untracked 
|  46|0x0000000705c00000, 0x0000000705e00000, 0x0000000705e00000|100%|HS|  |TAMS 0x0000000705c00000, 0x0000000705c00000| Complete 
|  47|0x0000000705e00000, 0x0000000706000000, 0x0000000706000000|100%| O|  |TAMS 0x0000000705ff4600, 0x0000000705e00000| Untracked 
|  48|0x0000000706000000, 0x0000000706200000, 0x0000000706200000|100%| O|  |TAMS 0x0000000706000000, 0x0000000706000000| Untracked 
|  49|0x0000000706200000, 0x0000000706400000, 0x0000000706400000|100%| O|  |TAMS 0x0000000706200000, 0x0000000706200000| Untracked 
|  50|0x0000000706400000, 0x0000000706600000, 0x0000000706600000|100%| O|  |TAMS 0x0000000706400000, 0x0000000706400000| Untracked 
|  51|0x0000000706600000, 0x0000000706800000, 0x0000000706800000|100%| O|  |TAMS 0x0000000706600000, 0x0000000706600000| Untracked 
|  52|0x0000000706800000, 0x0000000706a00000, 0x0000000706a00000|100%|HS|  |TAMS 0x0000000706800000, 0x0000000706800000| Complete 
|  53|0x0000000706a00000, 0x0000000706c00000, 0x0000000706c00000|100%| O|  |TAMS 0x0000000706a00000, 0x0000000706a00000| Untracked 
|  54|0x0000000706c00000, 0x0000000706e00000, 0x0000000706e00000|100%| O|  |TAMS 0x0000000706c00000, 0x0000000706c00000| Untracked 
|  55|0x0000000706e00000, 0x0000000707000000, 0x0000000707000000|100%| O|  |TAMS 0x0000000706e00000, 0x0000000706e00000| Untracked 
|  56|0x0000000707000000, 0x0000000707200000, 0x0000000707200000|100%| O|  |TAMS 0x0000000707000000, 0x0000000707000000| Untracked 
|  57|0x0000000707200000, 0x0000000707400000, 0x0000000707400000|100%| O|  |TAMS 0x0000000707200000, 0x0000000707200000| Untracked 
|  58|0x0000000707400000, 0x0000000707600000, 0x0000000707600000|100%| O|  |TAMS 0x0000000707400000, 0x0000000707400000| Untracked 
|  59|0x0000000707600000, 0x0000000707800000, 0x0000000707800000|100%| O|  |TAMS 0x0000000707600000, 0x0000000707600000| Untracked 
|  60|0x0000000707800000, 0x0000000707a00000, 0x0000000707a00000|100%| O|  |TAMS 0x0000000707800000, 0x0000000707800000| Untracked 
|  61|0x0000000707a00000, 0x0000000707c00000, 0x0000000707c00000|100%| O|  |TAMS 0x0000000707a00000, 0x0000000707a00000| Untracked 
|  62|0x0000000707c00000, 0x0000000707e00000, 0x0000000707e00000|100%| O|  |TAMS 0x0000000707c00000, 0x0000000707c00000| Untracked 
|  63|0x0000000707e00000, 0x0000000708000000, 0x0000000708000000|100%| O|  |TAMS 0x0000000707e00000, 0x0000000707e00000| Untracked 
|  64|0x0000000708000000, 0x0000000708200000, 0x0000000708200000|100%| O|  |TAMS 0x0000000708000000, 0x0000000708000000| Untracked 
|  65|0x0000000708200000, 0x0000000708400000, 0x0000000708400000|100%| O|  |TAMS 0x0000000708200000, 0x0000000708200000| Untracked 
|  66|0x0000000708400000, 0x0000000708600000, 0x0000000708600000|100%|HS|  |TAMS 0x0000000708400000, 0x0000000708400000| Complete 
|  67|0x0000000708600000, 0x0000000708800000, 0x0000000708800000|100%| O|  |TAMS 0x0000000708600000, 0x0000000708600000| Untracked 
|  68|0x0000000708800000, 0x0000000708a00000, 0x0000000708a00000|100%| O|  |TAMS 0x0000000708800000, 0x0000000708800000| Untracked 
|  69|0x0000000708a00000, 0x0000000708c00000, 0x0000000708c00000|100%| O|  |TAMS 0x0000000708a00000, 0x0000000708a00000| Untracked 
|  70|0x0000000708c00000, 0x0000000708e00000, 0x0000000708e00000|100%| O|  |TAMS 0x0000000708c00000, 0x0000000708c00000| Untracked 
|  71|0x0000000708e00000, 0x0000000709000000, 0x0000000709000000|100%| O|  |TAMS 0x0000000708e00000, 0x0000000708e00000| Untracked 
|  72|0x0000000709000000, 0x0000000709200000, 0x0000000709200000|100%| O|  |TAMS 0x0000000709000000, 0x0000000709000000| Untracked 
|  73|0x0000000709200000, 0x0000000709400000, 0x0000000709400000|100%| O|  |TAMS 0x0000000709200000, 0x0000000709200000| Untracked 
|  74|0x0000000709400000, 0x0000000709600000, 0x0000000709600000|100%| O|  |TAMS 0x0000000709400000, 0x0000000709400000| Untracked 
|  75|0x0000000709600000, 0x0000000709800000, 0x0000000709800000|100%| O|  |TAMS 0x0000000709600000, 0x0000000709600000| Untracked 
|  76|0x0000000709800000, 0x0000000709a00000, 0x0000000709a00000|100%| O|  |TAMS 0x0000000709800000, 0x0000000709800000| Untracked 
|  77|0x0000000709a00000, 0x0000000709c00000, 0x0000000709c00000|100%| O|  |TAMS 0x0000000709a00000, 0x0000000709a00000| Untracked 
|  78|0x0000000709c00000, 0x0000000709e00000, 0x0000000709e00000|100%| O|  |TAMS 0x0000000709c00000, 0x0000000709c00000| Untracked 
|  79|0x0000000709e00000, 0x000000070a000000, 0x000000070a000000|100%| O|  |TAMS 0x0000000709e00000, 0x0000000709e00000| Untracked 
|  80|0x000000070a000000, 0x000000070a200000, 0x000000070a200000|100%| O|  |TAMS 0x000000070a000000, 0x000000070a000000| Untracked 
|  81|0x000000070a200000, 0x000000070a400000, 0x000000070a400000|100%| O|  |TAMS 0x000000070a200000, 0x000000070a200000| Untracked 
|  82|0x000000070a400000, 0x000000070a600000, 0x000000070a600000|100%| O|  |TAMS 0x000000070a400000, 0x000000070a400000| Untracked 
|  83|0x000000070a600000, 0x000000070a800000, 0x000000070a800000|100%| O|  |TAMS 0x000000070a600000, 0x000000070a600000| Untracked 
|  84|0x000000070a800000, 0x000000070aa00000, 0x000000070aa00000|100%| O|  |TAMS 0x000000070a800000, 0x000000070a800000| Untracked 
|  85|0x000000070aa00000, 0x000000070ac00000, 0x000000070ac00000|100%| O|  |TAMS 0x000000070aa00000, 0x000000070aa00000| Untracked 
|  86|0x000000070ac00000, 0x000000070ae00000, 0x000000070ae00000|100%| O|  |TAMS 0x000000070ac00000, 0x000000070ac00000| Untracked 
|  87|0x000000070ae00000, 0x000000070b000000, 0x000000070b000000|100%| O|  |TAMS 0x000000070ae00000, 0x000000070ae00000| Untracked 
|  88|0x000000070b000000, 0x000000070b200000, 0x000000070b200000|100%| O|  |TAMS 0x000000070b000000, 0x000000070b000000| Untracked 
|  89|0x000000070b200000, 0x000000070b400000, 0x000000070b400000|100%| O|  |TAMS 0x000000070b200000, 0x000000070b200000| Untracked 
|  90|0x000000070b400000, 0x000000070b600000, 0x000000070b600000|100%| O|  |TAMS 0x000000070b400000, 0x000000070b400000| Untracked 
|  91|0x000000070b600000, 0x000000070b800000, 0x000000070b800000|100%| O|  |TAMS 0x000000070b600000, 0x000000070b600000| Untracked 
|  92|0x000000070b800000, 0x000000070ba00000, 0x000000070ba00000|100%| O|  |TAMS 0x000000070b800000, 0x000000070b800000| Untracked 
|  93|0x000000070ba00000, 0x000000070bc00000, 0x000000070bc00000|100%| O|  |TAMS 0x000000070ba00000, 0x000000070ba00000| Untracked 
|  94|0x000000070bc00000, 0x000000070be00000, 0x000000070be00000|100%| O|  |TAMS 0x000000070bc00000, 0x000000070bc00000| Untracked 
|  95|0x000000070be00000, 0x000000070c000000, 0x000000070c000000|100%| O|  |TAMS 0x000000070be00000, 0x000000070be00000| Untracked 
|  96|0x000000070c000000, 0x000000070c200000, 0x000000070c200000|100%| O|  |TAMS 0x000000070c000000, 0x000000070c000000| Untracked 
|  97|0x000000070c200000, 0x000000070c400000, 0x000000070c400000|100%| O|  |TAMS 0x000000070c200000, 0x000000070c200000| Untracked 
|  98|0x000000070c400000, 0x000000070c600000, 0x000000070c600000|100%| O|  |TAMS 0x000000070c400000, 0x000000070c400000| Untracked 
|  99|0x000000070c600000, 0x000000070c800000, 0x000000070c800000|100%| O|  |TAMS 0x000000070c600000, 0x000000070c600000| Untracked 
| 100|0x000000070c800000, 0x000000070ca00000, 0x000000070ca00000|100%| O|  |TAMS 0x000000070c800000, 0x000000070c800000| Untracked 
| 101|0x000000070ca00000, 0x000000070cc00000, 0x000000070cc00000|100%| O|  |TAMS 0x000000070ca00000, 0x000000070ca00000| Untracked 
| 102|0x000000070cc00000, 0x000000070ce00000, 0x000000070ce00000|100%| O|  |TAMS 0x000000070cc00000, 0x000000070cc00000| Untracked 
| 103|0x000000070ce00000, 0x000000070d000000, 0x000000070d000000|100%| O|  |TAMS 0x000000070ce00000, 0x000000070ce00000| Untracked 
| 104|0x000000070d000000, 0x000000070d200000, 0x000000070d200000|100%| O|  |TAMS 0x000000070d000000, 0x000000070d000000| Untracked 
| 105|0x000000070d200000, 0x000000070d400000, 0x000000070d400000|100%| O|  |TAMS 0x000000070d200000, 0x000000070d200000| Untracked 
| 106|0x000000070d400000, 0x000000070d600000, 0x000000070d600000|100%| O|  |TAMS 0x000000070d400000, 0x000000070d400000| Untracked 
| 107|0x000000070d600000, 0x000000070d800000, 0x000000070d800000|100%| O|  |TAMS 0x000000070d600000, 0x000000070d600000| Untracked 
| 108|0x000000070d800000, 0x000000070da00000, 0x000000070da00000|100%| O|  |TAMS 0x000000070d800000, 0x000000070d800000| Untracked 
| 109|0x000000070da00000, 0x000000070dc00000, 0x000000070dc00000|100%| O|  |TAMS 0x000000070da00000, 0x000000070da00000| Untracked 
| 110|0x000000070dc00000, 0x000000070de00000, 0x000000070de00000|100%| O|  |TAMS 0x000000070dc00000, 0x000000070dc00000| Untracked 
| 111|0x000000070de00000, 0x000000070e000000, 0x000000070e000000|100%| O|  |TAMS 0x000000070de00000, 0x000000070de00000| Untracked 
| 112|0x000000070e000000, 0x000000070e200000, 0x000000070e200000|100%| O|  |TAMS 0x000000070e000000, 0x000000070e000000| Untracked 
| 113|0x000000070e200000, 0x000000070e400000, 0x000000070e400000|100%| O|  |TAMS 0x000000070e200000, 0x000000070e200000| Untracked 
| 114|0x000000070e400000, 0x000000070e600000, 0x000000070e600000|100%| O|  |TAMS 0x000000070e400000, 0x000000070e400000| Untracked 
| 115|0x000000070e600000, 0x000000070e800000, 0x000000070e800000|100%| O|  |TAMS 0x000000070e600000, 0x000000070e600000| Untracked 
| 116|0x000000070e800000, 0x000000070ea00000, 0x000000070ea00000|100%| O|  |TAMS 0x000000070e800000, 0x000000070e800000| Untracked 
| 117|0x000000070ea00000, 0x000000070ec00000, 0x000000070ec00000|100%| O|  |TAMS 0x000000070ea00000, 0x000000070ea00000| Untracked 
| 118|0x000000070ec00000, 0x000000070ee00000, 0x000000070ee00000|100%| O|  |TAMS 0x000000070ec00000, 0x000000070ec00000| Untracked 
| 119|0x000000070ee00000, 0x000000070f000000, 0x000000070f000000|100%| O|  |TAMS 0x000000070ee00000, 0x000000070ee00000| Untracked 
| 120|0x000000070f000000, 0x000000070f200000, 0x000000070f200000|100%| O|  |TAMS 0x000000070f000000, 0x000000070f000000| Untracked 
| 121|0x000000070f200000, 0x000000070f400000, 0x000000070f400000|100%| O|  |TAMS 0x000000070f200000, 0x000000070f200000| Untracked 
| 122|0x000000070f400000, 0x000000070f600000, 0x000000070f600000|100%| O|  |TAMS 0x000000070f400000, 0x000000070f400000| Untracked 
| 123|0x000000070f600000, 0x000000070f800000, 0x000000070f800000|100%| O|  |TAMS 0x000000070f600000, 0x000000070f600000| Untracked 
| 124|0x000000070f800000, 0x000000070fa00000, 0x000000070fa00000|100%| O|  |TAMS 0x000000070f800000, 0x000000070f800000| Untracked 
| 125|0x000000070fa00000, 0x000000070fc00000, 0x000000070fc00000|100%| O|  |TAMS 0x000000070fa00000, 0x000000070fa00000| Untracked 
| 126|0x000000070fc00000, 0x000000070fe00000, 0x000000070fe00000|100%| O|  |TAMS 0x000000070fc00000, 0x000000070fc00000| Untracked 
| 127|0x000000070fe00000, 0x0000000710000000, 0x0000000710000000|100%| O|  |TAMS 0x000000070fe00000, 0x000000070fe00000| Untracked 
| 128|0x0000000710000000, 0x0000000710200000, 0x0000000710200000|100%| O|  |TAMS 0x0000000710000000, 0x0000000710000000| Untracked 
| 129|0x0000000710200000, 0x0000000710322400, 0x0000000710400000| 56%| O|  |TAMS 0x0000000710200000, 0x0000000710200000| Untracked 
| 130|0x0000000710400000, 0x0000000710400000, 0x0000000710600000|  0%| F|  |TAMS 0x0000000710400000, 0x0000000710400000| Untracked 
| 131|0x0000000710600000, 0x0000000710600000, 0x0000000710800000|  0%| F|  |TAMS 0x0000000710600000, 0x0000000710600000| Untracked 
| 132|0x0000000710800000, 0x0000000710800000, 0x0000000710a00000|  0%| F|  |TAMS 0x0000000710800000, 0x0000000710800000| Untracked 
| 133|0x0000000710a00000, 0x0000000710a00000, 0x0000000710c00000|  0%| F|  |TAMS 0x0000000710a00000, 0x0000000710a00000| Untracked 
| 134|0x0000000710c00000, 0x0000000710c00000, 0x0000000710e00000|  0%| F|  |TAMS 0x0000000710c00000, 0x0000000710c00000| Untracked 
| 135|0x0000000710e00000, 0x0000000710e00000, 0x0000000711000000|  0%| F|  |TAMS 0x0000000710e00000, 0x0000000710e00000| Untracked 
| 136|0x0000000711000000, 0x0000000711000000, 0x0000000711200000|  0%| F|  |TAMS 0x0000000711000000, 0x0000000711000000| Untracked 
| 137|0x0000000711200000, 0x0000000711200000, 0x0000000711400000|  0%| F|  |TAMS 0x0000000711200000, 0x0000000711200000| Untracked 
| 138|0x0000000711400000, 0x0000000711400000, 0x0000000711600000|  0%| F|  |TAMS 0x0000000711400000, 0x0000000711400000| Untracked 
| 139|0x0000000711600000, 0x0000000711600000, 0x0000000711800000|  0%| F|  |TAMS 0x0000000711600000, 0x0000000711600000| Untracked 
| 140|0x0000000711800000, 0x0000000711800000, 0x0000000711a00000|  0%| F|  |TAMS 0x0000000711800000, 0x0000000711800000| Untracked 
| 141|0x0000000711a00000, 0x0000000711a00000, 0x0000000711c00000|  0%| F|  |TAMS 0x0000000711a00000, 0x0000000711a00000| Untracked 
| 142|0x0000000711c00000, 0x0000000711c00000, 0x0000000711e00000|  0%| F|  |TAMS 0x0000000711c00000, 0x0000000711c00000| Untracked 
| 143|0x0000000711e00000, 0x0000000711e00000, 0x0000000712000000|  0%| F|  |TAMS 0x0000000711e00000, 0x0000000711e00000| Untracked 
| 144|0x0000000712000000, 0x0000000712000000, 0x0000000712200000|  0%| F|  |TAMS 0x0000000712000000, 0x0000000712000000| Untracked 
| 145|0x0000000712200000, 0x0000000712200000, 0x0000000712400000|  0%| F|  |TAMS 0x0000000712200000, 0x0000000712200000| Untracked 
| 146|0x0000000712400000, 0x0000000712400000, 0x0000000712600000|  0%| F|  |TAMS 0x0000000712400000, 0x0000000712400000| Untracked 
| 147|0x0000000712600000, 0x0000000712600000, 0x0000000712800000|  0%| F|  |TAMS 0x0000000712600000, 0x0000000712600000| Untracked 
| 148|0x0000000712800000, 0x0000000712800000, 0x0000000712a00000|  0%| F|  |TAMS 0x0000000712800000, 0x0000000712800000| Untracked 
| 149|0x0000000712a00000, 0x0000000712a00000, 0x0000000712c00000|  0%| F|  |TAMS 0x0000000712a00000, 0x0000000712a00000| Untracked 
| 150|0x0000000712c00000, 0x0000000712c00000, 0x0000000712e00000|  0%| F|  |TAMS 0x0000000712c00000, 0x0000000712c00000| Untracked 
| 151|0x0000000712e00000, 0x0000000712e00000, 0x0000000713000000|  0%| F|  |TAMS 0x0000000712e00000, 0x0000000712e00000| Untracked 
| 152|0x0000000713000000, 0x0000000713000000, 0x0000000713200000|  0%| F|  |TAMS 0x0000000713000000, 0x0000000713000000| Untracked 
| 153|0x0000000713200000, 0x0000000713200000, 0x0000000713400000|  0%| F|  |TAMS 0x0000000713200000, 0x0000000713200000| Untracked 
| 154|0x0000000713400000, 0x0000000713400000, 0x0000000713600000|  0%| F|  |TAMS 0x0000000713400000, 0x0000000713400000| Untracked 
| 155|0x0000000713600000, 0x0000000713600000, 0x0000000713800000|  0%| F|  |TAMS 0x0000000713600000, 0x0000000713600000| Untracked 
| 156|0x0000000713800000, 0x0000000713800000, 0x0000000713a00000|  0%| F|  |TAMS 0x0000000713800000, 0x0000000713800000| Untracked 
| 157|0x0000000713a00000, 0x0000000713a00000, 0x0000000713c00000|  0%| F|  |TAMS 0x0000000713a00000, 0x0000000713a00000| Untracked 
| 158|0x0000000713c00000, 0x0000000713c00000, 0x0000000713e00000|  0%| F|  |TAMS 0x0000000713c00000, 0x0000000713c00000| Untracked 
| 159|0x0000000713e00000, 0x0000000713e00000, 0x0000000714000000|  0%| F|  |TAMS 0x0000000713e00000, 0x0000000713e00000| Untracked 
| 160|0x0000000714000000, 0x0000000714000000, 0x0000000714200000|  0%| F|  |TAMS 0x0000000714000000, 0x0000000714000000| Untracked 
| 161|0x0000000714200000, 0x0000000714200000, 0x0000000714400000|  0%| F|  |TAMS 0x0000000714200000, 0x0000000714200000| Untracked 
| 162|0x0000000714400000, 0x0000000714400000, 0x0000000714600000|  0%| F|  |TAMS 0x0000000714400000, 0x0000000714400000| Untracked 
| 163|0x0000000714600000, 0x0000000714600000, 0x0000000714800000|  0%| F|  |TAMS 0x0000000714600000, 0x0000000714600000| Untracked 
| 164|0x0000000714800000, 0x0000000714800000, 0x0000000714a00000|  0%| F|  |TAMS 0x0000000714800000, 0x0000000714800000| Untracked 
| 165|0x0000000714a00000, 0x0000000714a00000, 0x0000000714c00000|  0%| F|  |TAMS 0x0000000714a00000, 0x0000000714a00000| Untracked 
| 166|0x0000000714c00000, 0x0000000714c00000, 0x0000000714e00000|  0%| F|  |TAMS 0x0000000714c00000, 0x0000000714c00000| Untracked 
| 167|0x0000000714e00000, 0x0000000714e00000, 0x0000000715000000|  0%| F|  |TAMS 0x0000000714e00000, 0x0000000714e00000| Untracked 
| 168|0x0000000715000000, 0x0000000715000000, 0x0000000715200000|  0%| F|  |TAMS 0x0000000715000000, 0x0000000715000000| Untracked 
| 169|0x0000000715200000, 0x0000000715200000, 0x0000000715400000|  0%| F|  |TAMS 0x0000000715200000, 0x0000000715200000| Untracked 
| 170|0x0000000715400000, 0x0000000715400000, 0x0000000715600000|  0%| F|  |TAMS 0x0000000715400000, 0x0000000715400000| Untracked 
| 171|0x0000000715600000, 0x0000000715600000, 0x0000000715800000|  0%| F|  |TAMS 0x0000000715600000, 0x0000000715600000| Untracked 
| 172|0x0000000715800000, 0x0000000715800000, 0x0000000715a00000|  0%| F|  |TAMS 0x0000000715800000, 0x0000000715800000| Untracked 
| 173|0x0000000715a00000, 0x0000000715a00000, 0x0000000715c00000|  0%| F|  |TAMS 0x0000000715a00000, 0x0000000715a00000| Untracked 
| 174|0x0000000715c00000, 0x0000000715c00000, 0x0000000715e00000|  0%| F|  |TAMS 0x0000000715c00000, 0x0000000715c00000| Untracked 
| 175|0x0000000715e00000, 0x0000000715e00000, 0x0000000716000000|  0%| F|  |TAMS 0x0000000715e00000, 0x0000000715e00000| Untracked 
| 176|0x0000000716000000, 0x0000000716000000, 0x0000000716200000|  0%| F|  |TAMS 0x0000000716000000, 0x0000000716000000| Untracked 
| 177|0x0000000716200000, 0x0000000716400000, 0x0000000716400000|100%| S|CS|TAMS 0x0000000716200000, 0x0000000716200000| Complete 
| 178|0x0000000716400000, 0x0000000716600000, 0x0000000716600000|100%| S|CS|TAMS 0x0000000716400000, 0x0000000716400000| Complete 
| 179|0x0000000716600000, 0x0000000716800000, 0x0000000716800000|100%| S|CS|TAMS 0x0000000716600000, 0x0000000716600000| Complete 
| 180|0x0000000716800000, 0x0000000716a00000, 0x0000000716a00000|100%| S|CS|TAMS 0x0000000716800000, 0x0000000716800000| Complete 
| 181|0x0000000716a00000, 0x0000000716c00000, 0x0000000716c00000|100%| S|CS|TAMS 0x0000000716a00000, 0x0000000716a00000| Complete 
| 182|0x0000000716c00000, 0x0000000716e00000, 0x0000000716e00000|100%| S|CS|TAMS 0x0000000716c00000, 0x0000000716c00000| Complete 
| 183|0x0000000716e00000, 0x0000000717000000, 0x0000000717000000|100%| S|CS|TAMS 0x0000000716e00000, 0x0000000716e00000| Complete 
| 184|0x0000000717000000, 0x0000000717200000, 0x0000000717200000|100%| S|CS|TAMS 0x0000000717000000, 0x0000000717000000| Complete 
| 185|0x0000000717200000, 0x0000000717400000, 0x0000000717400000|100%| S|CS|TAMS 0x0000000717200000, 0x0000000717200000| Complete 
| 186|0x0000000717400000, 0x0000000717600000, 0x0000000717600000|100%| S|CS|TAMS 0x0000000717400000, 0x0000000717400000| Complete 
| 187|0x0000000717600000, 0x0000000717800000, 0x0000000717800000|100%| S|CS|TAMS 0x0000000717600000, 0x0000000717600000| Complete 
| 188|0x0000000717800000, 0x0000000717800000, 0x0000000717a00000|  0%| F|  |TAMS 0x0000000717800000, 0x0000000717800000| Untracked 
| 189|0x0000000717a00000, 0x0000000717a00000, 0x0000000717c00000|  0%| F|  |TAMS 0x0000000717a00000, 0x0000000717a00000| Untracked 
| 190|0x0000000717c00000, 0x0000000717c00000, 0x0000000717e00000|  0%| F|  |TAMS 0x0000000717c00000, 0x0000000717c00000| Untracked 
| 191|0x0000000717e00000, 0x0000000717e00000, 0x0000000718000000|  0%| F|  |TAMS 0x0000000717e00000, 0x0000000717e00000| Untracked 
| 192|0x0000000718000000, 0x0000000718000000, 0x0000000718200000|  0%| F|  |TAMS 0x0000000718000000, 0x0000000718000000| Untracked 
| 193|0x0000000718200000, 0x0000000718200000, 0x0000000718400000|  0%| F|  |TAMS 0x0000000718200000, 0x0000000718200000| Untracked 
| 194|0x0000000718400000, 0x0000000718400000, 0x0000000718600000|  0%| F|  |TAMS 0x0000000718400000, 0x0000000718400000| Untracked 
| 195|0x0000000718600000, 0x0000000718600000, 0x0000000718800000|  0%| F|  |TAMS 0x0000000718600000, 0x0000000718600000| Untracked 
| 196|0x0000000718800000, 0x0000000718800000, 0x0000000718a00000|  0%| F|  |TAMS 0x0000000718800000, 0x0000000718800000| Untracked 
| 197|0x0000000718a00000, 0x0000000718a00000, 0x0000000718c00000|  0%| F|  |TAMS 0x0000000718a00000, 0x0000000718a00000| Untracked 
| 198|0x0000000718c00000, 0x0000000718c00000, 0x0000000718e00000|  0%| F|  |TAMS 0x0000000718c00000, 0x0000000718c00000| Untracked 
| 199|0x0000000718e00000, 0x0000000718e00000, 0x0000000719000000|  0%| F|  |TAMS 0x0000000718e00000, 0x0000000718e00000| Untracked 
| 200|0x0000000719000000, 0x0000000719000000, 0x0000000719200000|  0%| F|  |TAMS 0x0000000719000000, 0x0000000719000000| Untracked 
| 201|0x0000000719200000, 0x0000000719200000, 0x0000000719400000|  0%| F|  |TAMS 0x0000000719200000, 0x0000000719200000| Untracked 
| 202|0x0000000719400000, 0x0000000719400000, 0x0000000719600000|  0%| F|  |TAMS 0x0000000719400000, 0x0000000719400000| Untracked 
| 203|0x0000000719600000, 0x0000000719600000, 0x0000000719800000|  0%| F|  |TAMS 0x0000000719600000, 0x0000000719600000| Untracked 
| 204|0x0000000719800000, 0x0000000719800000, 0x0000000719a00000|  0%| F|  |TAMS 0x0000000719800000, 0x0000000719800000| Untracked 
| 205|0x0000000719a00000, 0x0000000719a00000, 0x0000000719c00000|  0%| F|  |TAMS 0x0000000719a00000, 0x0000000719a00000| Untracked 
| 206|0x0000000719c00000, 0x0000000719c00000, 0x0000000719e00000|  0%| F|  |TAMS 0x0000000719c00000, 0x0000000719c00000| Untracked 
| 207|0x0000000719e00000, 0x0000000719e00000, 0x000000071a000000|  0%| F|  |TAMS 0x0000000719e00000, 0x0000000719e00000| Untracked 
| 208|0x000000071a000000, 0x000000071a000000, 0x000000071a200000|  0%| F|  |TAMS 0x000000071a000000, 0x000000071a000000| Untracked 
| 209|0x000000071a200000, 0x000000071a200000, 0x000000071a400000|  0%| F|  |TAMS 0x000000071a200000, 0x000000071a200000| Untracked 
| 210|0x000000071a400000, 0x000000071a400000, 0x000000071a600000|  0%| F|  |TAMS 0x000000071a400000, 0x000000071a400000| Untracked 
| 211|0x000000071a600000, 0x000000071a600000, 0x000000071a800000|  0%| F|  |TAMS 0x000000071a600000, 0x000000071a600000| Untracked 
| 212|0x000000071a800000, 0x000000071a800000, 0x000000071aa00000|  0%| F|  |TAMS 0x000000071a800000, 0x000000071a800000| Untracked 
| 213|0x000000071aa00000, 0x000000071aa00000, 0x000000071ac00000|  0%| F|  |TAMS 0x000000071aa00000, 0x000000071aa00000| Untracked 
| 214|0x000000071ac00000, 0x000000071ac00000, 0x000000071ae00000|  0%| F|  |TAMS 0x000000071ac00000, 0x000000071ac00000| Untracked 
| 215|0x000000071ae00000, 0x000000071ae00000, 0x000000071b000000|  0%| F|  |TAMS 0x000000071ae00000, 0x000000071ae00000| Untracked 
| 216|0x000000071b000000, 0x000000071b000000, 0x000000071b200000|  0%| F|  |TAMS 0x000000071b000000, 0x000000071b000000| Untracked 
| 217|0x000000071b200000, 0x000000071b200000, 0x000000071b400000|  0%| F|  |TAMS 0x000000071b200000, 0x000000071b200000| Untracked 
| 218|0x000000071b400000, 0x000000071b400000, 0x000000071b600000|  0%| F|  |TAMS 0x000000071b400000, 0x000000071b400000| Untracked 
| 219|0x000000071b600000, 0x000000071b600000, 0x000000071b800000|  0%| F|  |TAMS 0x000000071b600000, 0x000000071b600000| Untracked 
| 220|0x000000071b800000, 0x000000071b800000, 0x000000071ba00000|  0%| F|  |TAMS 0x000000071b800000, 0x000000071b800000| Untracked 
| 221|0x000000071ba00000, 0x000000071ba00000, 0x000000071bc00000|  0%| F|  |TAMS 0x000000071ba00000, 0x000000071ba00000| Untracked 
| 222|0x000000071bc00000, 0x000000071bc00000, 0x000000071be00000|  0%| F|  |TAMS 0x000000071bc00000, 0x000000071bc00000| Untracked 
| 223|0x000000071be00000, 0x000000071be00000, 0x000000071c000000|  0%| F|  |TAMS 0x000000071be00000, 0x000000071be00000| Untracked 
| 224|0x000000071c000000, 0x000000071c000000, 0x000000071c200000|  0%| F|  |TAMS 0x000000071c000000, 0x000000071c000000| Untracked 
| 225|0x000000071c200000, 0x000000071c200000, 0x000000071c400000|  0%| F|  |TAMS 0x000000071c200000, 0x000000071c200000| Untracked 
| 226|0x000000071c400000, 0x000000071c400000, 0x000000071c600000|  0%| F|  |TAMS 0x000000071c400000, 0x000000071c400000| Untracked 
| 227|0x000000071c600000, 0x000000071c600000, 0x000000071c800000|  0%| F|  |TAMS 0x000000071c600000, 0x000000071c600000| Untracked 
| 228|0x000000071c800000, 0x000000071c800000, 0x000000071ca00000|  0%| F|  |TAMS 0x000000071c800000, 0x000000071c800000| Untracked 
| 229|0x000000071ca00000, 0x000000071ca00000, 0x000000071cc00000|  0%| F|  |TAMS 0x000000071ca00000, 0x000000071ca00000| Untracked 
| 230|0x000000071cc00000, 0x000000071cc00000, 0x000000071ce00000|  0%| F|  |TAMS 0x000000071cc00000, 0x000000071cc00000| Untracked 
| 231|0x000000071ce00000, 0x000000071ce00000, 0x000000071d000000|  0%| F|  |TAMS 0x000000071ce00000, 0x000000071ce00000| Untracked 
| 232|0x000000071d000000, 0x000000071d000000, 0x000000071d200000|  0%| F|  |TAMS 0x000000071d000000, 0x000000071d000000| Untracked 
| 233|0x000000071d200000, 0x000000071d200000, 0x000000071d400000|  0%| F|  |TAMS 0x000000071d200000, 0x000000071d200000| Untracked 
| 234|0x000000071d400000, 0x000000071d400000, 0x000000071d600000|  0%| F|  |TAMS 0x000000071d400000, 0x000000071d400000| Untracked 
| 235|0x000000071d600000, 0x000000071d600000, 0x000000071d800000|  0%| F|  |TAMS 0x000000071d600000, 0x000000071d600000| Untracked 
| 236|0x000000071d800000, 0x000000071d800000, 0x000000071da00000|  0%| F|  |TAMS 0x000000071d800000, 0x000000071d800000| Untracked 
| 237|0x000000071da00000, 0x000000071da00000, 0x000000071dc00000|  0%| F|  |TAMS 0x000000071da00000, 0x000000071da00000| Untracked 
| 238|0x000000071dc00000, 0x000000071dc00000, 0x000000071de00000|  0%| F|  |TAMS 0x000000071dc00000, 0x000000071dc00000| Untracked 
| 239|0x000000071de00000, 0x000000071de00000, 0x000000071e000000|  0%| F|  |TAMS 0x000000071de00000, 0x000000071de00000| Untracked 
| 240|0x000000071e000000, 0x000000071e000000, 0x000000071e200000|  0%| F|  |TAMS 0x000000071e000000, 0x000000071e000000| Untracked 
| 241|0x000000071e200000, 0x000000071e200000, 0x000000071e400000|  0%| F|  |TAMS 0x000000071e200000, 0x000000071e200000| Untracked 
| 242|0x000000071e400000, 0x000000071e400000, 0x000000071e600000|  0%| F|  |TAMS 0x000000071e400000, 0x000000071e400000| Untracked 
| 243|0x000000071e600000, 0x000000071e600000, 0x000000071e800000|  0%| F|  |TAMS 0x000000071e600000, 0x000000071e600000| Untracked 
| 244|0x000000071e800000, 0x000000071e800000, 0x000000071ea00000|  0%| F|  |TAMS 0x000000071e800000, 0x000000071e800000| Untracked 
| 245|0x000000071ea00000, 0x000000071ea00000, 0x000000071ec00000|  0%| F|  |TAMS 0x000000071ea00000, 0x000000071ea00000| Untracked 
| 246|0x000000071ec00000, 0x000000071ec00000, 0x000000071ee00000|  0%| F|  |TAMS 0x000000071ec00000, 0x000000071ec00000| Untracked 
| 247|0x000000071ee00000, 0x000000071ee00000, 0x000000071f000000|  0%| F|  |TAMS 0x000000071ee00000, 0x000000071ee00000| Untracked 
| 248|0x000000071f000000, 0x000000071f000000, 0x000000071f200000|  0%| F|  |TAMS 0x000000071f000000, 0x000000071f000000| Untracked 
| 249|0x000000071f200000, 0x000000071f200000, 0x000000071f400000|  0%| F|  |TAMS 0x000000071f200000, 0x000000071f200000| Untracked 
| 250|0x000000071f400000, 0x000000071f400000, 0x000000071f600000|  0%| F|  |TAMS 0x000000071f400000, 0x000000071f400000| Untracked 
| 251|0x000000071f600000, 0x000000071f600000, 0x000000071f800000|  0%| F|  |TAMS 0x000000071f600000, 0x000000071f600000| Untracked 
| 252|0x000000071f800000, 0x000000071f800000, 0x000000071fa00000|  0%| F|  |TAMS 0x000000071f800000, 0x000000071f800000| Untracked 
| 253|0x000000071fa00000, 0x000000071fa00000, 0x000000071fc00000|  0%| F|  |TAMS 0x000000071fa00000, 0x000000071fa00000| Untracked 
| 254|0x000000071fc00000, 0x000000071fc00000, 0x000000071fe00000|  0%| F|  |TAMS 0x000000071fc00000, 0x000000071fc00000| Untracked 
| 255|0x000000071fe00000, 0x000000071fe00000, 0x0000000720000000|  0%| F|  |TAMS 0x000000071fe00000, 0x000000071fe00000| Untracked 
| 256|0x0000000720000000, 0x0000000720000000, 0x0000000720200000|  0%| F|  |TAMS 0x0000000720000000, 0x0000000720000000| Untracked 
| 257|0x0000000720200000, 0x0000000720200000, 0x0000000720400000|  0%| F|  |TAMS 0x0000000720200000, 0x0000000720200000| Untracked 
| 258|0x0000000720400000, 0x0000000720400000, 0x0000000720600000|  0%| F|  |TAMS 0x0000000720400000, 0x0000000720400000| Untracked 
| 259|0x0000000720600000, 0x0000000720600000, 0x0000000720800000|  0%| F|  |TAMS 0x0000000720600000, 0x0000000720600000| Untracked 
| 260|0x0000000720800000, 0x0000000720800000, 0x0000000720a00000|  0%| F|  |TAMS 0x0000000720800000, 0x0000000720800000| Untracked 
| 261|0x0000000720a00000, 0x0000000720a00000, 0x0000000720c00000|  0%| F|  |TAMS 0x0000000720a00000, 0x0000000720a00000| Untracked 
| 262|0x0000000720c00000, 0x0000000720c00000, 0x0000000720e00000|  0%| F|  |TAMS 0x0000000720c00000, 0x0000000720c00000| Untracked 
| 263|0x0000000720e00000, 0x0000000720e00000, 0x0000000721000000|  0%| F|  |TAMS 0x0000000720e00000, 0x0000000720e00000| Untracked 
| 264|0x0000000721000000, 0x0000000721135c40, 0x0000000721200000| 60%| E|  |TAMS 0x0000000721000000, 0x0000000721000000| Complete 
| 265|0x0000000721200000, 0x0000000721400000, 0x0000000721400000|100%| E|CS|TAMS 0x0000000721200000, 0x0000000721200000| Complete 
| 266|0x0000000721400000, 0x0000000721600000, 0x0000000721600000|100%| E|CS|TAMS 0x0000000721400000, 0x0000000721400000| Complete 
| 267|0x0000000721600000, 0x0000000721800000, 0x0000000721800000|100%| E|CS|TAMS 0x0000000721600000, 0x0000000721600000| Complete 
| 268|0x0000000721800000, 0x0000000721a00000, 0x0000000721a00000|100%| E|CS|TAMS 0x0000000721800000, 0x0000000721800000| Complete 
| 269|0x0000000721a00000, 0x0000000721c00000, 0x0000000721c00000|100%| E|CS|TAMS 0x0000000721a00000, 0x0000000721a00000| Complete 
| 270|0x0000000721c00000, 0x0000000721e00000, 0x0000000721e00000|100%| E|CS|TAMS 0x0000000721c00000, 0x0000000721c00000| Complete 
| 271|0x0000000721e00000, 0x0000000722000000, 0x0000000722000000|100%| E|  |TAMS 0x0000000721e00000, 0x0000000721e00000| Complete 
| 272|0x0000000722000000, 0x0000000722200000, 0x0000000722200000|100%| E|CS|TAMS 0x0000000722000000, 0x0000000722000000| Complete 
| 273|0x0000000722200000, 0x0000000722400000, 0x0000000722400000|100%| E|CS|TAMS 0x0000000722200000, 0x0000000722200000| Complete 
| 274|0x0000000722400000, 0x0000000722600000, 0x0000000722600000|100%| E|CS|TAMS 0x0000000722400000, 0x0000000722400000| Complete 
| 275|0x0000000722600000, 0x0000000722800000, 0x0000000722800000|100%| E|CS|TAMS 0x0000000722600000, 0x0000000722600000| Complete 
| 276|0x0000000722800000, 0x0000000722a00000, 0x0000000722a00000|100%| E|CS|TAMS 0x0000000722800000, 0x0000000722800000| Complete 
| 277|0x0000000722a00000, 0x0000000722c00000, 0x0000000722c00000|100%| E|CS|TAMS 0x0000000722a00000, 0x0000000722a00000| Complete 

Card table byte_map: [0x00000197f3ec0000,0x00000197f46c0000] _byte_map_base: 0x00000197f06c0000

Marking Bits (Prev, Next): (CMBitMap*) 0x00000197ebbf0530, (CMBitMap*) 0x00000197ebbf0570
 Prev Bits: [0x00000197f4ec0000, 0x00000197f8ec0000)
 Next Bits: [0x00000197f8ec0000, 0x00000197fcec0000)

Polling page: 0x00000197e99d0000

Metaspace:

Usage:
  Non-class:    100.24 MB used.
      Class:     16.21 MB used.
       Both:    116.46 MB used.

Virtual space:
  Non-class space:      128.00 MB reserved,     101.19 MB ( 79%) committed,  2 nodes.
      Class space:      416.00 MB reserved,      17.00 MB (  4%) committed,  1 nodes.
             Both:      544.00 MB reserved,     118.19 MB ( 22%) committed. 

Chunk freelists:
   Non-Class:  10.25 MB
       Class:  14.97 MB
        Both:  25.22 MB

MaxMetaspaceSize: 512.00 MB
CompressedClassSpaceSize: 416.00 MB
Initial GC threshold: 21.00 MB
Current GC threshold: 128.56 MB
CDS: on
MetaspaceReclaimPolicy: balanced
 - commit_granule_bytes: 65536.
 - commit_granule_words: 8192.
 - virtual_space_node_default_size: 8388608.
 - enlarge_chunks_in_place: 1.
 - new_chunks_are_fully_committed: 0.
 - uncommit_free_chunks: 1.
 - use_allocation_guard: 0.
 - handle_deallocations: 1.


Internal statistics:

num_allocs_failed_limit: 12.
num_arena_births: 2424.
num_arena_deaths: 0.
num_vsnodes_births: 3.
num_vsnodes_deaths: 0.
num_space_committed: 1891.
num_space_uncommitted: 0.
num_chunks_returned_to_freelist: 12.
num_chunks_taken_from_freelist: 8221.
num_chunk_merges: 9.
num_chunk_splits: 4999.
num_chunks_enlarged: 2802.
num_inconsistent_stats: 0.

CodeHeap 'non-profiled nmethods': size=120000Kb used=13583Kb max_used=13583Kb free=106417Kb
 bounds [0x0000019787ad0000, 0x0000019788820000, 0x000001978f000000]
CodeHeap 'profiled nmethods': size=120000Kb used=33793Kb max_used=33793Kb free=86206Kb
 bounds [0x0000019780000000, 0x0000019782110000, 0x0000019787530000]
CodeHeap 'non-nmethods': size=5760Kb used=2483Kb max_used=2581Kb free=3276Kb
 bounds [0x0000019787530000, 0x00000197877e0000, 0x0000019787ad0000]
 total_blobs=18162 nmethods=17134 adapters=939
 compilation: enabled
              stopped_count=0, restarted_count=0
 full_count=0

Compilation events (20 events):
Event: 68.417 Thread 0x00000197ff39a0f0 nmethod 19974 0x000001978880f010 code [0x000001978880f1e0, 0x000001978880f868]
Event: 68.417 Thread 0x00000197ff39a0f0 19986 %     4       kotlin.text.StringsKt__StringsKt::findAnyOf$StringsKt__StringsKt @ 189 (442 bytes)
Event: 68.418 Thread 0x00000197ff400110 19999       3       java.io.ObjectOutputStream$BlockDataOutputStream::drain (45 bytes)
Event: 68.419 Thread 0x00000197ff400110 nmethod 19999 0x00000197820f9210 code [0x00000197820f93c0, 0x00000197820f9698]
Event: 68.435 Thread 0x00000197ff39a0f0 nmethod 19986% 0x000001978880fe10 code [0x000001978880ffe0, 0x0000019788810938]
Event: 68.435 Thread 0x00000197ff39a0f0 19987       4       kotlin.text.CharsKt__CharJVMKt::isWhitespace (20 bytes)
Event: 68.438 Thread 0x00000197ff39a0f0 nmethod 19987 0x0000019788811210 code [0x00000197888113a0, 0x0000019788811558]
Event: 68.438 Thread 0x00000197ff39a0f0 20001       4       kotlin.jvm.internal.Intrinsics::compare (20 bytes)
Event: 68.439 Thread 0x00000197ff39a0f0 nmethod 20001 0x0000019788811710 code [0x0000019788811880, 0x00000197888118f8]
Event: 68.439 Thread 0x00000197ff39a0f0 20000 %     4       com.esotericsoftware.kryo.io.Output::writeString_slow @ 0 (238 bytes)
Event: 68.445 Thread 0x00000197ff39a0f0 nmethod 20000% 0x0000019788811a10 code [0x0000019788811bc0, 0x0000019788811f28]
Event: 68.445 Thread 0x00000197ff39a0f0 20002       4       java.io.FileDescriptor$1::registerCleanup (5 bytes)
Event: 68.449 Thread 0x00000197ff39a0f0 nmethod 20002 0x0000019788812210 code [0x00000197888123a0, 0x0000019788812768]
Event: 68.449 Thread 0x00000197ff39a0f0 20003       4       java.io.FileDescriptor::setHandle (33 bytes)
Event: 68.450 Thread 0x00000197ff39a0f0 nmethod 20003 0x0000019788812990 code [0x0000019788812b00, 0x0000019788812bb8]
Event: 68.451 Thread 0x00000197ff400110 20004       3       org.jetbrains.kotlin.compilerRunner.ReportUtilsKt::escapeJavaStyleString (508 bytes)
Event: 68.458 Thread 0x00000197ff400110 nmethod 20004 0x00000197820f9790 code [0x00000197820fa200, 0x00000197820fee88]
Event: 68.467 Thread 0x00000197ff39a0f0 20005  s    4       java.io.FileDescriptor::close (9 bytes)
Event: 68.475 Thread 0x00000197ff39a0f0 nmethod 20005 0x0000019788812c90 code [0x0000019788812e40, 0x0000019788813678]
Event: 68.668 Thread 0x00000197ff39a0f0 20006       4       org.gradle.internal.dispatch.ProxyDispatchAdapter$DispatchingInvocationHandler::invoke (184 bytes)

GC Heap History (20 events):
Event: 34.881 GC heap before
{Heap before GC invocations=40 (full 0):
 garbage-first heap   total 393216K, used 311031K [0x0000000700000000, 0x0000000800000000)
  region size 2048K, 69 young (141312K), 8 survivors (16384K)
 Metaspace       used 107286K, committed 108736K, reserved 557056K
  class space    used 15066K, committed 15744K, reserved 425984K
}
Event: 34.906 GC heap after
{Heap after GC invocations=41 (full 0):
 garbage-first heap   total 393216K, used 198891K [0x0000000700000000, 0x0000000800000000)
  region size 2048K, 7 young (14336K), 7 survivors (14336K)
 Metaspace       used 107286K, committed 108736K, reserved 557056K
  class space    used 15066K, committed 15744K, reserved 425984K
}
Event: 35.737 GC heap before
{Heap before GC invocations=41 (full 0):
 garbage-first heap   total 393216K, used 311531K [0x0000000700000000, 0x0000000800000000)
  region size 2048K, 62 young (126976K), 7 survivors (14336K)
 Metaspace       used 107413K, committed 108800K, reserved 557056K
  class space    used 15078K, committed 15744K, reserved 425984K
}
Event: 35.768 GC heap after
{Heap after GC invocations=42 (full 0):
 garbage-first heap   total 393216K, used 213345K [0x0000000700000000, 0x0000000800000000)
  region size 2048K, 8 young (16384K), 8 survivors (16384K)
 Metaspace       used 107413K, committed 108800K, reserved 557056K
  class space    used 15078K, committed 15744K, reserved 425984K
}
Event: 36.555 GC heap before
{Heap before GC invocations=42 (full 0):
 garbage-first heap   total 393216K, used 313697K [0x0000000700000000, 0x0000000800000000)
  region size 2048K, 57 young (116736K), 8 survivors (16384K)
 Metaspace       used 107767K, committed 109184K, reserved 557056K
  class space    used 15125K, committed 15808K, reserved 425984K
}
Event: 36.580 GC heap after
{Heap after GC invocations=43 (full 0):
 garbage-first heap   total 473088K, used 221120K [0x0000000700000000, 0x0000000800000000)
  region size 2048K, 5 young (10240K), 5 survivors (10240K)
 Metaspace       used 107767K, committed 109184K, reserved 557056K
  class space    used 15125K, committed 15808K, reserved 425984K
}
Event: 37.829 GC heap before
{Heap before GC invocations=43 (full 0):
 garbage-first heap   total 473088K, used 374720K [0x0000000700000000, 0x0000000800000000)
  region size 2048K, 81 young (165888K), 5 survivors (10240K)
 Metaspace       used 108104K, committed 109568K, reserved 557056K
  class space    used 15161K, committed 15808K, reserved 425984K
}
Event: 37.849 GC heap after
{Heap after GC invocations=44 (full 0):
 garbage-first heap   total 473088K, used 230796K [0x0000000700000000, 0x0000000800000000)
  region size 2048K, 10 young (20480K), 10 survivors (20480K)
 Metaspace       used 108104K, committed 109568K, reserved 557056K
  class space    used 15161K, committed 15808K, reserved 425984K
}
Event: 39.978 GC heap before
{Heap before GC invocations=44 (full 0):
 garbage-first heap   total 473088K, used 376204K [0x0000000700000000, 0x0000000800000000)
  region size 2048K, 82 young (167936K), 10 survivors (20480K)
 Metaspace       used 112274K, committed 113856K, reserved 557056K
  class space    used 15755K, committed 16512K, reserved 425984K
}
Event: 40.015 GC heap after
{Heap after GC invocations=45 (full 0):
 garbage-first heap   total 473088K, used 241211K [0x0000000700000000, 0x0000000800000000)
  region size 2048K, 7 young (14336K), 7 survivors (14336K)
 Metaspace       used 112274K, committed 113856K, reserved 557056K
  class space    used 15755K, committed 16512K, reserved 425984K
}
Event: 42.593 GC heap before
{Heap before GC invocations=45 (full 0):
 garbage-first heap   total 473088K, used 378427K [0x0000000700000000, 0x0000000800000000)
  region size 2048K, 74 young (151552K), 7 survivors (14336K)
 Metaspace       used 114018K, committed 115648K, reserved 557056K
  class space    used 15916K, committed 16640K, reserved 425984K
}
Event: 42.666 GC heap after
{Heap after GC invocations=46 (full 0):
 garbage-first heap   total 473088K, used 264178K [0x0000000700000000, 0x0000000800000000)
  region size 2048K, 10 young (20480K), 10 survivors (20480K)
 Metaspace       used 114018K, committed 115648K, reserved 557056K
  class space    used 15916K, committed 16640K, reserved 425984K
}
Event: 44.931 GC heap before
{Heap before GC invocations=46 (full 0):
 garbage-first heap   total 473088K, used 378866K [0x0000000700000000, 0x0000000800000000)
  region size 2048K, 66 young (135168K), 10 survivors (20480K)
 Metaspace       used 114313K, committed 115968K, reserved 557056K
  class space    used 15961K, committed 16768K, reserved 425984K
}
Event: 44.973 GC heap after
{Heap after GC invocations=47 (full 0):
 garbage-first heap   total 473088K, used 273333K [0x0000000700000000, 0x0000000800000000)
  region size 2048K, 4 young (8192K), 4 survivors (8192K)
 Metaspace       used 114313K, committed 115968K, reserved 557056K
  class space    used 15961K, committed 16768K, reserved 425984K
}
Event: 45.776 GC heap before
{Heap before GC invocations=47 (full 0):
 garbage-first heap   total 473088K, used 381877K [0x0000000700000000, 0x0000000800000000)
  region size 2048K, 58 young (118784K), 4 survivors (8192K)
 Metaspace       used 114317K, committed 115968K, reserved 557056K
  class space    used 15962K, committed 16768K, reserved 425984K
}
Event: 45.792 GC heap after
{Heap after GC invocations=48 (full 0):
 garbage-first heap   total 473088K, used 273991K [0x0000000700000000, 0x0000000800000000)
  region size 2048K, 5 young (10240K), 5 survivors (10240K)
 Metaspace       used 114317K, committed 115968K, reserved 557056K
  class space    used 15962K, committed 16768K, reserved 425984K
}
Event: 47.011 GC heap before
{Heap before GC invocations=48 (full 0):
 garbage-first heap   total 473088K, used 384583K [0x0000000700000000, 0x0000000800000000)
  region size 2048K, 60 young (122880K), 5 survivors (10240K)
 Metaspace       used 114651K, committed 116416K, reserved 557056K
  class space    used 15995K, committed 16832K, reserved 425984K
}
Event: 47.032 GC heap after
{Heap after GC invocations=49 (full 0):
 garbage-first heap   total 569344K, used 278869K [0x0000000700000000, 0x0000000800000000)
  region size 2048K, 7 young (14336K), 7 survivors (14336K)
 Metaspace       used 114651K, committed 116416K, reserved 557056K
  class space    used 15995K, committed 16832K, reserved 425984K
}
Event: 50.595 GC heap before
{Heap before GC invocations=49 (full 0):
 garbage-first heap   total 569344K, used 461141K [0x0000000700000000, 0x0000000800000000)
  region size 2048K, 97 young (198656K), 7 survivors (14336K)
 Metaspace       used 119077K, committed 120896K, reserved 557056K
  class space    used 16583K, committed 17408K, reserved 425984K
}
Event: 50.628 GC heap after
{Heap after GC invocations=50 (full 0):
 garbage-first heap   total 569344K, used 287881K [0x0000000700000000, 0x0000000800000000)
  region size 2048K, 11 young (22528K), 11 survivors (22528K)
 Metaspace       used 119077K, committed 120896K, reserved 557056K
  class space    used 16583K, committed 17408K, reserved 425984K
}

Dll operation events (17 events):
Event: 0.013 Loaded shared library C:\Program Files\Microsoft\jdk-17.0.13.11-hotspot\bin\java.dll
Event: 0.035 Loaded shared library C:\Program Files\Microsoft\jdk-17.0.13.11-hotspot\bin\jsvml.dll
Event: 0.116 Loaded shared library C:\Program Files\Microsoft\jdk-17.0.13.11-hotspot\bin\zip.dll
Event: 0.124 Loaded shared library C:\Program Files\Microsoft\jdk-17.0.13.11-hotspot\bin\instrument.dll
Event: 0.131 Loaded shared library C:\Program Files\Microsoft\jdk-17.0.13.11-hotspot\bin\net.dll
Event: 0.132 Loaded shared library C:\Program Files\Microsoft\jdk-17.0.13.11-hotspot\bin\nio.dll
Event: 0.134 Loaded shared library C:\Program Files\Microsoft\jdk-17.0.13.11-hotspot\bin\zip.dll
Event: 0.475 Loaded shared library C:\Program Files\Microsoft\jdk-17.0.13.11-hotspot\bin\jimage.dll
Event: 0.965 Loaded shared library C:\Program Files\Microsoft\jdk-17.0.13.11-hotspot\bin\verify.dll
Event: 1.262 Loaded shared library C:\Users\aliah\.gradle\native\c067742578af261105cb4f569cf0c3c89f3d7b1fecec35dd04571415982c5e48\windows-amd64\native-platform.dll
Event: 1.309 Loaded shared library C:\Users\aliah\.gradle\native\100fb08df4bc3b14c8652ba06237920a3bd2aa13389f12d3474272988ae205f9\windows-amd64\native-platform-file-events.dll
Event: 2.916 Loaded shared library C:\Program Files\Microsoft\jdk-17.0.13.11-hotspot\bin\management.dll
Event: 2.918 Loaded shared library C:\Program Files\Microsoft\jdk-17.0.13.11-hotspot\bin\management_ext.dll
Event: 3.088 Loaded shared library C:\Program Files\Microsoft\jdk-17.0.13.11-hotspot\bin\extnet.dll
Event: 3.335 Loaded shared library C:\Program Files\Microsoft\jdk-17.0.13.11-hotspot\bin\sunmscapi.dll
Event: 49.042 Loaded shared library C:\Users\aliah\AppData\Local\Temp\native-platform4359030969303150567dir\native-platform.dll
Event: 49.991 Loaded shared library C:\Program Files\Microsoft\jdk-17.0.13.11-hotspot\bin\rmi.dll

Deoptimization events (20 events):
Event: 68.379 Thread 0x00000197aed0e3f0 Uncommon trap: trap_request=0xffffffc6 fr.pc=0x00000197887bfb60 relative=0x0000000000000ae0
Event: 68.379 Thread 0x00000197aed0e3f0 Uncommon trap: reason=bimorphic_or_optimized_type_check action=maybe_recompile pc=0x00000197887bfb60 method=java.io.ObjectOutputStream$BlockDataOutputStream.drain()V @ 36 c2
Event: 68.379 Thread 0x00000197aed0e3f0 DEOPT PACKING pc=0x00000197887bfb60 sp=0x00000092d76fedc0
Event: 68.379 Thread 0x00000197aed0e3f0 DEOPT UNPACKING pc=0x00000197875869a3 sp=0x00000092d76fed68 mode 2
Event: 68.380 Thread 0x00000197aed0e3f0 Uncommon trap: trap_request=0xffffffc6 fr.pc=0x00000197887dcef0 relative=0x0000000000000a70
Event: 68.380 Thread 0x00000197aed0e3f0 Uncommon trap: reason=bimorphic_or_optimized_type_check action=maybe_recompile pc=0x00000197887dcef0 method=java.io.ObjectOutputStream$BlockDataOutputStream.drain()V @ 36 c2
Event: 68.385 Thread 0x00000197aed0e3f0 DEOPT PACKING pc=0x00000197887dcef0 sp=0x00000092d76fecf0
Event: 68.385 Thread 0x00000197aed0e3f0 DEOPT UNPACKING pc=0x00000197875869a3 sp=0x00000092d76fece0 mode 2
Event: 68.386 Thread 0x00000197aed0e3f0 Uncommon trap: trap_request=0xffffffc6 fr.pc=0x00000197887bfb60 relative=0x0000000000000ae0
Event: 68.387 Thread 0x00000197aed0e3f0 Uncommon trap: reason=bimorphic_or_optimized_type_check action=maybe_recompile pc=0x00000197887bfb60 method=java.io.ObjectOutputStream$BlockDataOutputStream.drain()V @ 36 c2
Event: 68.387 Thread 0x00000197aed0e3f0 DEOPT PACKING pc=0x00000197887bfb60 sp=0x00000092d76fedc0
Event: 68.387 Thread 0x00000197aed0e3f0 DEOPT UNPACKING pc=0x00000197875869a3 sp=0x00000092d76fed68 mode 2
Event: 68.387 Thread 0x00000197aed0e3f0 Uncommon trap: trap_request=0xffffff45 fr.pc=0x0000019787c705b0 relative=0x0000000000000270
Event: 68.387 Thread 0x00000197aed0e3f0 Uncommon trap: reason=unstable_if action=reinterpret pc=0x0000019787c705b0 method=com.esotericsoftware.kryo.io.Output.writeString(Ljava/lang/CharSequence;)V @ 50 c2
Event: 68.387 Thread 0x00000197aed0e3f0 DEOPT PACKING pc=0x0000019787c705b0 sp=0x00000092d76ff010
Event: 68.387 Thread 0x00000197aed0e3f0 DEOPT UNPACKING pc=0x00000197875869a3 sp=0x00000092d76fef90 mode 2
Event: 68.668 Thread 0x00000197afea6de0 Uncommon trap: trap_request=0xffffff45 fr.pc=0x0000019788664668 relative=0x00000000000013a8
Event: 68.668 Thread 0x00000197afea6de0 Uncommon trap: reason=unstable_if action=reinterpret pc=0x0000019788664668 method=org.gradle.internal.file.FileHierarchySet$Node.isChildOfOrThis(Ljava/lang/String;I)Z @ 7 c2
Event: 68.668 Thread 0x00000197afea6de0 DEOPT PACKING pc=0x0000019788664668 sp=0x00000092d80ff1a0
Event: 68.668 Thread 0x00000197afea6de0 DEOPT UNPACKING pc=0x00000197875869a3 sp=0x00000092d80ff0d8 mode 2

Classes loaded (20 events):
Event: 50.082 Loading class sun/rmi/transport/DGCAckHandler
Event: 50.082 Loading class sun/rmi/transport/DGCAckHandler done
Event: 50.091 Loading class sun/rmi/transport/DGCAckHandler$1
Event: 50.092 Loading class sun/rmi/transport/DGCAckHandler$1 done
Event: 50.222 Loading class sun/rmi/transport/tcp/TCPTransport$ConnectionHandler
Event: 50.222 Loading class sun/rmi/transport/tcp/TCPTransport$ConnectionHandler done
Event: 50.280 Loading class sun/rmi/transport/Transport$1
Event: 50.280 Loading class sun/rmi/transport/Transport$1 done
Event: 50.281 Loading class sun/rmi/transport/DGCImpl$LeaseInfo
Event: 50.281 Loading class sun/rmi/transport/DGCImpl$LeaseInfo done
Event: 50.281 Loading class sun/rmi/transport/DGCImpl$1
Event: 50.281 Loading class sun/rmi/transport/DGCImpl$1 done
Event: 50.281 Loading class sun/rmi/transport/SequenceEntry
Event: 50.281 Loading class sun/rmi/transport/SequenceEntry done
Event: 68.318 Loading class sun/net/ConnectionResetException
Event: 68.318 Loading class sun/net/ConnectionResetException done
Event: 68.372 Loading class java/lang/Throwable$WrappedPrintWriter
Event: 68.372 Loading class java/lang/Throwable$PrintStreamOrWriter
Event: 68.372 Loading class java/lang/Throwable$PrintStreamOrWriter done
Event: 68.372 Loading class java/lang/Throwable$WrappedPrintWriter done

Classes unloaded (0 events):
No events

Classes redefined (0 events):
No events

Internal exceptions (20 events):
Event: 68.349 Thread 0x00000197ba0bcb40 Exception <a 'java/net/ConnectException'{0x00000007217cda60}: Connection refused: connect> (0x00000007217cda60) 
thrown [s\src\hotspot\share\prims\jni.cpp, line 535]
Event: 68.349 Thread 0x00000197ba0bcb40 Exception <a 'java/net/SocketException'{0x00000007217ce040}: Socket is not connected: shutdown> (0x00000007217ce040) 
thrown [s\src\hotspot\share\prims\jni.cpp, line 535]
Event: 68.350 Thread 0x00000197ba0bcb40 Exception <a 'java/net/ConnectException'{0x00000007217cf1c0}: Connection refused: connect> (0x00000007217cf1c0) 
thrown [s\src\hotspot\share\prims\jni.cpp, line 535]
Event: 68.350 Thread 0x00000197ba0bcb40 Exception <a 'java/net/SocketException'{0x00000007217cf7a0}: Socket is not connected: shutdown> (0x00000007217cf7a0) 
thrown [s\src\hotspot\share\prims\jni.cpp, line 535]
Event: 68.355 Thread 0x00000197ba0bb1f0 Exception <a 'java/net/ConnectException'{0x00000007214add28}: Connection refused: connect> (0x00000007214add28) 
thrown [s\src\hotspot\share\prims\jni.cpp, line 535]
Event: 68.355 Thread 0x00000197ba0bb1f0 Exception <a 'java/net/SocketException'{0x00000007214ae308}: Socket is not connected: shutdown> (0x00000007214ae308) 
thrown [s\src\hotspot\share\prims\jni.cpp, line 535]
Event: 68.359 Thread 0x00000197ba0b9390 Exception <a 'java/net/ConnectException'{0x00000007214f9a88}: Connection refused: connect> (0x00000007214f9a88) 
thrown [s\src\hotspot\share\prims\jni.cpp, line 535]
Event: 68.359 Thread 0x00000197ba0b8e80 Exception <a 'java/net/ConnectException'{0x00000007214dff58}: Connection refused: connect> (0x00000007214dff58) 
thrown [s\src\hotspot\share\prims\jni.cpp, line 535]
Event: 68.359 Thread 0x00000197ba0b9390 Exception <a 'java/net/SocketException'{0x00000007214fa068}: Socket is not connected: shutdown> (0x00000007214fa068) 
thrown [s\src\hotspot\share\prims\jni.cpp, line 535]
Event: 68.359 Thread 0x00000197ba0b8e80 Exception <a 'java/net/SocketException'{0x00000007214e0538}: Socket is not connected: shutdown> (0x00000007214e0538) 
thrown [s\src\hotspot\share\prims\jni.cpp, line 535]
Event: 68.361 Thread 0x00000197ba0bcb40 Exception <a 'java/net/ConnectException'{0x00000007217d0278}: Connection refused: connect> (0x00000007217d0278) 
thrown [s\src\hotspot\share\prims\jni.cpp, line 535]
Event: 68.361 Thread 0x00000197ba0bcb40 Exception <a 'java/net/SocketException'{0x00000007217d0858}: Socket is not connected: shutdown> (0x00000007217d0858) 
thrown [s\src\hotspot\share\prims\jni.cpp, line 535]
Event: 68.366 Thread 0x00000197ba0bb1f0 Exception <a 'java/net/ConnectException'{0x00000007214aede0}: Connection refused: connect> (0x00000007214aede0) 
thrown [s\src\hotspot\share\prims\jni.cpp, line 535]
Event: 68.366 Thread 0x00000197ba0bb1f0 Exception <a 'java/net/SocketException'{0x00000007214af3c0}: Socket is not connected: shutdown> (0x00000007214af3c0) 
thrown [s\src\hotspot\share\prims\jni.cpp, line 535]
Event: 68.370 Thread 0x00000197ba0b8e80 Exception <a 'java/net/ConnectException'{0x00000007214e1010}: Connection refused: connect> (0x00000007214e1010) 
thrown [s\src\hotspot\share\prims\jni.cpp, line 535]
Event: 68.370 Thread 0x00000197ba0b8e80 Exception <a 'java/net/SocketException'{0x00000007214e15f0}: Socket is not connected: shutdown> (0x00000007214e15f0) 
thrown [s\src\hotspot\share\prims\jni.cpp, line 535]
Event: 68.370 Thread 0x00000197ba0b9390 Exception <a 'java/net/ConnectException'{0x00000007214fab40}: Connection refused: connect> (0x00000007214fab40) 
thrown [s\src\hotspot\share\prims\jni.cpp, line 535]
Event: 68.370 Thread 0x00000197ba0b9390 Exception <a 'java/net/SocketException'{0x00000007214fb120}: Socket is not connected: shutdown> (0x00000007214fb120) 
thrown [s\src\hotspot\share\prims\jni.cpp, line 535]
Event: 68.372 Thread 0x00000197ba0bcb40 Exception <a 'java/net/ConnectException'{0x00000007217d1330}: Connection refused: connect> (0x00000007217d1330) 
thrown [s\src\hotspot\share\prims\jni.cpp, line 535]
Event: 68.372 Thread 0x00000197ba0bcb40 Exception <a 'java/net/SocketException'{0x00000007217d1910}: Socket is not connected: shutdown> (0x00000007217d1910) 
thrown [s\src\hotspot\share\prims\jni.cpp, line 535]

VM Operations (20 events):
Event: 48.613 Executing VM operation: ICBufferFull
Event: 48.613 Executing VM operation: ICBufferFull done
Event: 49.614 Executing VM operation: Cleanup
Event: 49.615 Executing VM operation: Cleanup done
Event: 49.929 Executing VM operation: HandshakeAllThreads
Event: 49.929 Executing VM operation: HandshakeAllThreads done
Event: 50.018 Executing VM operation: HandshakeAllThreads
Event: 50.018 Executing VM operation: HandshakeAllThreads done
Event: 50.595 Executing VM operation: G1CollectForAllocation
Event: 50.628 Executing VM operation: G1CollectForAllocation done
Event: 52.629 Executing VM operation: Cleanup
Event: 52.629 Executing VM operation: Cleanup done
Event: 53.630 Executing VM operation: Cleanup
Event: 53.630 Executing VM operation: Cleanup done
Event: 56.631 Executing VM operation: Cleanup
Event: 56.631 Executing VM operation: Cleanup done
Event: 60.247 Executing VM operation: HandshakeAllThreads
Event: 60.247 Executing VM operation: HandshakeAllThreads done
Event: 66.249 Executing VM operation: Cleanup
Event: 66.249 Executing VM operation: Cleanup done

Memory protections (0 events):
No events

Nmethod flushes (20 events):
Event: 38.199 Thread 0x00000197ff3eeab0 flushing  nmethod 0x00000197818fa010
Event: 38.199 Thread 0x00000197ff3eeab0 flushing  nmethod 0x0000019781912010
Event: 38.199 Thread 0x00000197ff3eeab0 flushing  nmethod 0x0000019781916d10
Event: 38.199 Thread 0x00000197ff3eeab0 flushing  nmethod 0x000001978192b610
Event: 38.199 Thread 0x00000197ff3eeab0 flushing  nmethod 0x000001978193c910
Event: 38.199 Thread 0x00000197ff3eeab0 flushing  nmethod 0x00000197819a5410
Event: 38.199 Thread 0x00000197ff3eeab0 flushing  nmethod 0x00000197819ddc10
Event: 38.199 Thread 0x00000197ff3eeab0 flushing  nmethod 0x00000197819e0a10
Event: 38.199 Thread 0x00000197ff3eeab0 flushing  nmethod 0x00000197819e0d90
Event: 38.199 Thread 0x00000197ff3eeab0 flushing  nmethod 0x00000197819e5b90
Event: 38.199 Thread 0x00000197ff3eeab0 flushing osr nmethod 0x00000197819f2610
Event: 38.200 Thread 0x00000197ff3eeab0 flushing  nmethod 0x0000019781a3c510
Event: 38.200 Thread 0x00000197ff3eeab0 flushing  nmethod 0x0000019781a69790
Event: 38.200 Thread 0x00000197ff3eeab0 flushing  nmethod 0x0000019781accc10
Event: 44.499 Thread 0x00000197ff3eeab0 flushing  nmethod 0x00000197809d3790
Event: 44.499 Thread 0x00000197ff3eeab0 flushing  nmethod 0x0000019780a99310
Event: 44.503 Thread 0x00000197ff3eeab0 flushing  nmethod 0x0000019780f63990
Event: 44.503 Thread 0x00000197ff3eeab0 flushing  nmethod 0x0000019780f69f10
Event: 44.503 Thread 0x00000197ff3eeab0 flushing  nmethod 0x0000019780fe5c10
Event: 44.504 Thread 0x00000197ff3eeab0 flushing  nmethod 0x000001978104bb10

Events (20 events):
Event: 49.992 Thread 0x00000197ba0bb1f0 Thread added: 0x00000197ba0beeb0
Event: 50.051 Thread 0x00000197b05dcb20 Thread added: 0x00000197ba0b8e80
Event: 50.066 Thread 0x00000197ba0bb1f0 Thread added: 0x00000197ba0bd050
Event: 50.066 Thread 0x00000197ba0bb1f0 Thread added: 0x00000197ba0b7f50
Event: 50.066 Thread 0x00000197ff400110 Thread added: 0x00000197af78ac30
Event: 50.222 Thread 0x00000197ba0bd050 Thread added: 0x00000197ba0bf8d0
Event: 50.272 Thread 0x00000197ba0b8e80 Thread added: 0x00000197ba0be490
Event: 50.343 Thread 0x00000197ba0bd050 Thread added: 0x00000197ba0b8460
Event: 50.482 Thread 0x00000197b05d9370 Thread added: 0x00000197ba0b9390
Event: 50.694 Thread 0x00000197ba0b9390 Thread added: 0x00000197ba0b8970
Event: 50.943 Thread 0x00000197ba0bd050 Thread added: 0x00000197ba0bbc10
Event: 51.166 Thread 0x00000197b05d7a20 Thread added: 0x00000197ba0bcb40
Event: 51.368 Thread 0x00000197ba0bcb40 Thread added: 0x00000197ba0bda70
Event: 51.479 Thread 0x00000197ba0bd050 Thread added: 0x00000197ba0b98a0
Event: 53.013 Thread 0x00000197af78ac30 Thread exited: 0x00000197af78ac30
Event: 68.388 Thread 0x00000197ff400110 Thread added: 0x00000197af78e150
Event: 68.446 Thread 0x00000197ba0b9390 Thread added: 0x00000197b06cdce0
Event: 68.451 Thread 0x00000197ba0b8e80 Thread added: 0x00000197b06cb460
Event: 68.458 Thread 0x00000197ba0bb1f0 Thread added: 0x00000197b06cbe80
Event: 68.474 Thread 0x00000197ba0bcb40 Thread added: 0x00000197b06cb970


Dynamic libraries:
0x00007ff62a300000 - 0x00007ff62a30e000 	C:\Program Files\Microsoft\jdk-17.0.13.11-hotspot\bin\java.exe
0x00007fff7e1f0000 - 0x00007fff7e3e8000 	C:\WINDOWS\SYSTEM32\ntdll.dll
0x00007fff7c200000 - 0x00007fff7c2c2000 	C:\WINDOWS\System32\KERNEL32.DLL
0x00007fff7ba80000 - 0x00007fff7bd7f000 	C:\WINDOWS\System32\KERNELBASE.dll
0x00007fff7bf60000 - 0x00007fff7c060000 	C:\WINDOWS\System32\ucrtbase.dll
0x00007fff72ce0000 - 0x00007fff72cf7000 	C:\Program Files\Microsoft\jdk-17.0.13.11-hotspot\bin\jli.dll
0x00007fff69670000 - 0x00007fff6968d000 	C:\Program Files\Microsoft\jdk-17.0.13.11-hotspot\bin\VCRUNTIME140.dll
0x00007fff7dd60000 - 0x00007fff7defd000 	C:\WINDOWS\System32\USER32.dll
0x00007fff7bea0000 - 0x00007fff7bec2000 	C:\WINDOWS\System32\win32u.dll
0x00007fff7d8d0000 - 0x00007fff7d8fb000 	C:\WINDOWS\System32\GDI32.dll
0x00007fff606f0000 - 0x00007fff6098a000 	C:\WINDOWS\WinSxS\amd64_microsoft.windows.common-controls_6595b64144ccf1df_6.0.19041.4355_none_60b8b9eb71f62e16\COMCTL32.dll
0x00007fff7bd80000 - 0x00007fff7be97000 	C:\WINDOWS\System32\gdi32full.dll
0x00007fff7dcc0000 - 0x00007fff7dd5e000 	C:\WINDOWS\System32\msvcrt.dll
0x00007fff7b9e0000 - 0x00007fff7ba7d000 	C:\WINDOWS\System32\msvcp_win.dll
0x00007fff7dad0000 - 0x00007fff7daff000 	C:\WINDOWS\System32\IMM32.DLL
0x00007fff77870000 - 0x00007fff7787c000 	C:\Program Files\Microsoft\jdk-17.0.13.11-hotspot\bin\vcruntime140_1.dll
0x00007fff436f0000 - 0x00007fff4377d000 	C:\Program Files\Microsoft\jdk-17.0.13.11-hotspot\bin\msvcp140.dll
0x00007fff21250000 - 0x00007fff21ec1000 	C:\Program Files\Microsoft\jdk-17.0.13.11-hotspot\bin\server\jvm.dll
0x00007fff7c2d0000 - 0x00007fff7c381000 	C:\WINDOWS\System32\ADVAPI32.dll
0x00007fff7d900000 - 0x00007fff7d99f000 	C:\WINDOWS\System32\sechost.dll
0x00007fff7d9a0000 - 0x00007fff7dac3000 	C:\WINDOWS\System32\RPCRT4.dll
0x00007fff7c1d0000 - 0x00007fff7c1f7000 	C:\WINDOWS\System32\bcrypt.dll
0x00007fff7ccb0000 - 0x00007fff7cd1b000 	C:\WINDOWS\System32\WS2_32.dll
0x00007fff7ace0000 - 0x00007fff7ad2b000 	C:\WINDOWS\SYSTEM32\POWRPROF.dll
0x00007fff646e0000 - 0x00007fff64707000 	C:\WINDOWS\SYSTEM32\WINMM.dll
0x00007fff6d6b0000 - 0x00007fff6d6ba000 	C:\WINDOWS\SYSTEM32\VERSION.dll
0x00007fff7ac80000 - 0x00007fff7ac92000 	C:\WINDOWS\SYSTEM32\UMPDC.dll
0x00007fff7a310000 - 0x00007fff7a322000 	C:\WINDOWS\SYSTEM32\kernel.appcore.dll
0x00007fff73540000 - 0x00007fff7354a000 	C:\Program Files\Microsoft\jdk-17.0.13.11-hotspot\bin\jimage.dll
0x00007fff77210000 - 0x00007fff773f4000 	C:\WINDOWS\SYSTEM32\DBGHELP.DLL
0x00007fff5d520000 - 0x00007fff5d554000 	C:\WINDOWS\SYSTEM32\dbgcore.DLL
0x00007fff7bed0000 - 0x00007fff7bf52000 	C:\WINDOWS\System32\bcryptPrimitives.dll
0x00007fff74900000 - 0x00007fff7490e000 	C:\Program Files\Microsoft\jdk-17.0.13.11-hotspot\bin\instrument.dll
0x00007fff548f0000 - 0x00007fff54915000 	C:\Program Files\Microsoft\jdk-17.0.13.11-hotspot\bin\java.dll
0x00007fff2b590000 - 0x00007fff2b667000 	C:\Program Files\Microsoft\jdk-17.0.13.11-hotspot\bin\jsvml.dll
0x00007fff7c390000 - 0x00007fff7cafe000 	C:\WINDOWS\System32\SHELL32.dll
0x00007fff798b0000 - 0x00007fff7a054000 	C:\WINDOWS\SYSTEM32\windows.storage.dll
0x00007fff7d3e0000 - 0x00007fff7d735000 	C:\WINDOWS\System32\combase.dll
0x00007fff7b2b0000 - 0x00007fff7b2df000 	C:\WINDOWS\SYSTEM32\Wldp.dll
0x00007fff7e030000 - 0x00007fff7e0fd000 	C:\WINDOWS\System32\OLEAUT32.dll
0x00007fff7d740000 - 0x00007fff7d7ed000 	C:\WINDOWS\System32\SHCORE.dll
0x00007fff7cd80000 - 0x00007fff7cdd5000 	C:\WINDOWS\System32\shlwapi.dll
0x00007fff7b7b0000 - 0x00007fff7b7d4000 	C:\WINDOWS\SYSTEM32\profapi.dll
0x00007fff5f9c0000 - 0x00007fff5f9d8000 	C:\Program Files\Microsoft\jdk-17.0.13.11-hotspot\bin\zip.dll
0x00007fff670e0000 - 0x00007fff670fa000 	C:\Program Files\Microsoft\jdk-17.0.13.11-hotspot\bin\net.dll
0x00007fff788c0000 - 0x00007fff789cd000 	C:\WINDOWS\SYSTEM32\WINHTTP.dll
0x00007fff7b010000 - 0x00007fff7b07a000 	C:\WINDOWS\system32\mswsock.dll
0x00007fff63cc0000 - 0x00007fff63cd6000 	C:\Program Files\Microsoft\jdk-17.0.13.11-hotspot\bin\nio.dll
0x00007fff761b0000 - 0x00007fff761c0000 	C:\Program Files\Microsoft\jdk-17.0.13.11-hotspot\bin\verify.dll
0x00007fff47920000 - 0x00007fff47947000 	C:\Users\aliah\.gradle\native\c067742578af261105cb4f569cf0c3c89f3d7b1fecec35dd04571415982c5e48\windows-amd64\native-platform.dll
0x00007fff0cd00000 - 0x00007fff0ce44000 	C:\Users\aliah\.gradle\native\100fb08df4bc3b14c8652ba06237920a3bd2aa13389f12d3474272988ae205f9\windows-amd64\native-platform-file-events.dll
0x00007fff72b50000 - 0x00007fff72b5a000 	C:\Program Files\Microsoft\jdk-17.0.13.11-hotspot\bin\management.dll
0x00007fff72470000 - 0x00007fff7247b000 	C:\Program Files\Microsoft\jdk-17.0.13.11-hotspot\bin\management_ext.dll
0x00007fff7e180000 - 0x00007fff7e188000 	C:\WINDOWS\System32\PSAPI.DLL
0x00007fff7b200000 - 0x00007fff7b218000 	C:\WINDOWS\SYSTEM32\CRYPTSP.dll
0x00007fff7a8c0000 - 0x00007fff7a8f4000 	C:\WINDOWS\system32\rsaenh.dll
0x00007fff7b770000 - 0x00007fff7b79e000 	C:\WINDOWS\SYSTEM32\USERENV.dll
0x00007fff7b220000 - 0x00007fff7b22c000 	C:\WINDOWS\SYSTEM32\CRYPTBASE.dll
0x00007fff7aca0000 - 0x00007fff7acdb000 	C:\WINDOWS\SYSTEM32\IPHLPAPI.DLL
0x00007fff7db90000 - 0x00007fff7db98000 	C:\WINDOWS\System32\NSI.dll
0x00007fff737d0000 - 0x00007fff737e7000 	C:\WINDOWS\SYSTEM32\dhcpcsvc6.DLL
0x00007fff73e10000 - 0x00007fff73e2d000 	C:\WINDOWS\SYSTEM32\dhcpcsvc.DLL
0x00007fff7ad30000 - 0x00007fff7adfa000 	C:\WINDOWS\SYSTEM32\DNSAPI.dll
0x00007fff70b70000 - 0x00007fff70b79000 	C:\Program Files\Microsoft\jdk-17.0.13.11-hotspot\bin\extnet.dll
0x00007fff72390000 - 0x00007fff7239e000 	C:\Program Files\Microsoft\jdk-17.0.13.11-hotspot\bin\sunmscapi.dll
0x00007fff7b880000 - 0x00007fff7b9dc000 	C:\WINDOWS\System32\CRYPT32.dll
0x00007fff7b320000 - 0x00007fff7b347000 	C:\WINDOWS\SYSTEM32\ncrypt.dll
0x00007fff7b2e0000 - 0x00007fff7b31b000 	C:\WINDOWS\SYSTEM32\NTASN1.dll
0x00007fff71140000 - 0x00007fff71147000 	C:\WINDOWS\system32\wshunix.dll
0x00007fff60eb0000 - 0x00007fff60ec7000 	C:\WINDOWS\system32\napinsp.dll
0x00007fff60e30000 - 0x00007fff60e4b000 	C:\WINDOWS\system32\pnrpnsp.dll
0x00007fff76190000 - 0x00007fff761a5000 	C:\WINDOWS\system32\wshbth.dll
0x00007fff778f0000 - 0x00007fff7790d000 	C:\WINDOWS\system32\NLAapi.dll
0x00007fff60300000 - 0x00007fff60312000 	C:\WINDOWS\System32\winrnr.dll
0x0000000060f60000 - 0x0000000060f86000 	C:\Program Files\Bonjour\mdnsNSP.dll
0x00007fff69390000 - 0x00007fff6939a000 	C:\Windows\System32\rasadhlp.dll
0x00007fff69cb0000 - 0x00007fff69d30000 	C:\WINDOWS\System32\fwpuclnt.dll
0x00007fff72b20000 - 0x00007fff72b3e000 	C:\Users\aliah\AppData\Local\Temp\native-platform4359030969303150567dir\native-platform.dll
0x00007fff75540000 - 0x00007fff75547000 	C:\Program Files\Microsoft\jdk-17.0.13.11-hotspot\bin\rmi.dll

dbghelp: loaded successfully - version: 4.0.5 - missing functions: none
symbol engine: initialized successfully - sym options: 0x614 - pdb path: .;C:\Program Files\Microsoft\jdk-17.0.13.11-hotspot\bin;C:\WINDOWS\SYSTEM32;C:\WINDOWS\WinSxS\amd64_microsoft.windows.common-controls_6595b64144ccf1df_6.0.19041.4355_none_60b8b9eb71f62e16;C:\Program Files\Microsoft\jdk-17.0.13.11-hotspot\bin\server;C:\Users\aliah\.gradle\native\c067742578af261105cb4f569cf0c3c89f3d7b1fecec35dd04571415982c5e48\windows-amd64;C:\Users\aliah\.gradle\native\100fb08df4bc3b14c8652ba06237920a3bd2aa13389f12d3474272988ae205f9\windows-amd64;C:\Program Files\Bonjour;C:\Users\aliah\AppData\Local\Temp\native-platform4359030969303150567dir

VM Arguments:
jvm_args: --add-opens=java.base/java.lang=ALL-UNNAMED --add-opens=java.base/java.lang.invoke=ALL-UNNAMED --add-opens=java.base/java.util=ALL-UNNAMED --add-opens=java.prefs/java.util.prefs=ALL-UNNAMED --add-exports=jdk.compiler/com.sun.tools.javac.api=ALL-UNNAMED --add-exports=jdk.compiler/com.sun.tools.javac.util=ALL-UNNAMED --add-opens=java.base/java.util=ALL-UNNAMED --add-opens=java.prefs/java.util.prefs=ALL-UNNAMED --add-opens=java.base/java.nio.charset=ALL-UNNAMED --add-opens=java.base/java.net=ALL-UNNAMED --add-opens=java.base/java.util.concurrent.atomic=ALL-UNNAMED --add-opens=java.xml/javax.xml.namespace=ALL-UNNAMED -XX:MaxMetaspaceSize=512m -Xmx4g -Dfile.encoding=windows-1252 -Duser.country=US -Duser.language=en -Duser.variant -javaagent:C:\Users\aliah\.gradle\wrapper\dists\gradle-8.11.1-bin\bpt9gzteqjrbo1mjrsomdt32c\gradle-8.11.1\lib\agents\gradle-instrumentation-agent-8.11.1.jar 
java_command: org.gradle.launcher.daemon.bootstrap.GradleDaemon 8.11.1
java_class_path (initial): C:\Users\aliah\.gradle\wrapper\dists\gradle-8.11.1-bin\bpt9gzteqjrbo1mjrsomdt32c\gradle-8.11.1\lib\gradle-daemon-main-8.11.1.jar
Launcher Type: SUN_STANDARD

[Global flags]
     intx CICompilerCount                          = 3                                         {product} {ergonomic}
   size_t CompressedClassSpaceSize                 = 436207616                                 {product} {ergonomic}
     uint ConcGCThreads                            = 1                                         {product} {ergonomic}
     uint G1ConcRefinementThreads                  = 4                                         {product} {ergonomic}
   size_t G1HeapRegionSize                         = 2097152                                   {product} {ergonomic}
    uintx GCDrainStackTargetSize                   = 64                                        {product} {ergonomic}
   size_t InitialHeapSize                          = 132120576                                 {product} {ergonomic}
   size_t MarkStackSize                            = 4194304                                   {product} {ergonomic}
   size_t MaxHeapSize                              = 4294967296                                {product} {command line}
   size_t MaxMetaspaceSize                         = 536870912                                 {product} {command line}
   size_t MaxNewSize                               = 2575302656                                {product} {ergonomic}
   size_t MinHeapDeltaBytes                        = 2097152                                   {product} {ergonomic}
   size_t MinHeapSize                              = 8388608                                   {product} {ergonomic}
    uintx NonNMethodCodeHeapSize                   = 5832780                                {pd product} {ergonomic}
    uintx NonProfiledCodeHeapSize                  = 122912730                              {pd product} {ergonomic}
    uintx ProfiledCodeHeapSize                     = 122912730                              {pd product} {ergonomic}
    uintx ReservedCodeCacheSize                    = 251658240                              {pd product} {ergonomic}
     bool SegmentedCodeCache                       = true                                      {product} {ergonomic}
   size_t SoftMaxHeapSize                          = 4294967296                             {manageable} {ergonomic}
     bool UseCompressedClassPointers               = true                           {product lp64_product} {ergonomic}
     bool UseCompressedOops                        = true                           {product lp64_product} {ergonomic}
     bool UseG1GC                                  = true                                      {product} {ergonomic}
     bool UseLargePagesIndividualAllocation        = false                                  {pd product} {ergonomic}

Logging:
Log output configuration:
 #0: stdout all=warning uptime,level,tags
 #1: stderr all=off uptime,level,tags

Environment Variables:
JAVA_HOME=C:\Program Files\Microsoft\jdk-17.0.13.11-hotspot\
CLASSPATH=D:\React Native\MyProject\android\\gradle\wrapper\gradle-wrapper.jar
PATH=D:\React Native\MyProject\node_modules\.bin;D:\React Native\MyProject\node_modules\.bin;D:\React Native\node_modules\.bin;D:\node_modules\.bin;C:\Users\aliah\AppData\Roaming\npm\node_modules\npm\node_modules\@npmcli\run-script\lib\node-gyp-bin;D:\React Native\MyProject\node_modules\.bin;D:\React Native\node_modules\.bin;D:\node_modules\.bin;C:\Users\aliah\AppData\Roaming\npm\node_modules\npm\node_modules\@npmcli\run-script\lib\node-gyp-bin;C:\Program Files\Microsoft\jdk-17.0.13.11-hotspot\bin;C:\WINDOWS\system32;C:\WINDOWS;C:\WINDOWS\System32\Wbem;C:\WINDOWS\System32\WindowsPowerShell\v1.0\;C:\WINDOWS\System32\OpenSSH\;C:\Program Files\nodejs\;C:\Program Files\Git\cmd;C:\Users\aliah\AppData\Local\Android\Sdk\emulator;C:\Users\aliah\AppData\Local\Android\Sdk;C:\Users\aliah\AppData\Local\Android\Sdk\platform-tools;C:\ProgramData\chocolatey\bin;D:\React Native\MyProject\android\gradle-8.11.1\bin;C:\Users\aliah\AppData\Local\Microsoft\WindowsApps;C:\Users\aliah\AppData\Local\Programs\Microsoft VS Code\bin;C:\Users\aliah\AppData\Roaming\npm;C:\Program Files\Microsoft\jdk-17.0.13.11-hotspot\bin;D:\React Native\MyProject\android\gradle-8.11.1\bin;
USERNAME=aliah
OS=Windows_NT
PROCESSOR_IDENTIFIER=Intel64 Family 6 Model 142 Stepping 9, GenuineIntel
TMP=C:\Users\aliah\AppData\Local\Temp
TEMP=C:\Users\aliah\AppData\Local\Temp



Periodic native trim disabled


---------------  S Y S T E M  ---------------

OS:
 Windows 10 , 64 bit Build 19041 (10.0.19041.5198)
OS uptime: 1 days 21:44 hours

CPU: total 4 (initial active 4) (2 cores per cpu, 2 threads per core) family 6 model 142 stepping 9 microcode 0xf0, cx8, cmov, fxsr, ht, mmx, 3dnowpref, sse, sse2, sse3, ssse3, sse4.1, sse4.2, popcnt, lzcnt, tsc, tscinvbit, avx, avx2, aes, erms, clmul, bmi1, bmi2, adx, fma, vzeroupper, clflush, clflushopt
Processor Information for the first 4 processors :
  Max Mhz: 2904, Current Mhz: 2703, Mhz Limit: 2700

Memory: 4k page, system-wide physical 8042M (527M free)
TotalPageFile size 12138M (AvailPageFile size 0M)
current process WorkingSet (physical memory assigned to process): 896M, peak: 921M
current process commit charge ("private bytes"): 959M, peak: 976M

vm_info: OpenJDK 64-Bit Server VM (17.0.13+11-LTS) for windows-amd64 JRE (17.0.13+11-LTS), built on Oct 11 2024 23:25:05 by "MicrosoftCorporation" with unknown MS VC++:1939

END.
