#
# There is insufficient memory for the Java Runtime Environment to continue.
# Native memory allocation (malloc) failed to allocate 1926864 bytes. Error detail: Chunk::new
# Possible reasons:
#   The system is out of physical RAM or swap space
#   This process is running with CompressedOops enabled, and the Java Heap may be blocking the growth of the native heap
# Possible solutions:
#   Reduce memory load on the system
#   Increase physical memory or swap space
#   Check if swap backing store is full
#   Decrease Java heap size (-Xmx/-Xms)
#   Decrease number of Java threads
#   Decrease Java thread stack sizes (-Xss)
#   Set larger code cache with -XX:ReservedCodeCacheSize=
#   JVM is running with Unscaled Compressed Oops mode in which the Java heap is
#     placed in the first 4GB address space. The Java Heap base address is the
#     maximum limit for the native heap growth. Please use -XX:HeapBaseMinAddress
#     to set the Java Heap base and to place the Java Heap above 4GB virtual address.
# This output file may be truncated or incomplete.
#
#  Out of Memory Error (arena.cpp:191), pid=18136, tid=18360
#
# JRE version: OpenJDK Runtime Environment Microsoft-10376486 (17.0.13+11) (build 17.0.13+11-LTS)
# Java VM: OpenJDK 64-Bit Server VM Microsoft-10376486 (17.0.13+11-LTS, mixed mode, sharing, tiered, compressed oops, compressed class ptrs, g1 gc, windows-amd64)
# No core dump will be written. Minidumps are not enabled by default on client versions of Windows
#

---------------  S U M M A R Y ------------

Command Line: --add-opens=java.base/java.lang=ALL-UNNAMED --add-opens=java.base/java.lang.invoke=ALL-UNNAMED --add-opens=java.base/java.util=ALL-UNNAMED --add-opens=java.prefs/java.util.prefs=ALL-UNNAMED --add-exports=jdk.compiler/com.sun.tools.javac.api=ALL-UNNAMED --add-exports=jdk.compiler/com.sun.tools.javac.util=ALL-UNNAMED --add-opens=java.base/java.util=ALL-UNNAMED --add-opens=java.prefs/java.util.prefs=ALL-UNNAMED --add-opens=java.base/java.nio.charset=ALL-UNNAMED --add-opens=java.base/java.net=ALL-UNNAMED --add-opens=java.base/java.util.concurrent.atomic=ALL-UNNAMED --add-opens=java.xml/javax.xml.namespace=ALL-UNNAMED -XX:MaxMetaspaceSize=512m -Xmx2048m -Dfile.encoding=windows-1252 -Duser.country=US -Duser.language=en -Duser.variant -javaagent:C:\Users\aliah\.gradle\wrapper\dists\gradle-8.11.1-bin\bpt9gzteqjrbo1mjrsomdt32c\gradle-8.11.1\lib\agents\gradle-instrumentation-agent-8.11.1.jar org.gradle.launcher.daemon.bootstrap.GradleDaemon 8.11.1

Host: Intel(R) Core(TM) i7-7500U CPU @ 2.70GHz, 4 cores, 7G,  Windows 10 , 64 bit Build 19041 (10.0.19041.5198)
Time: Mon Feb  3 16:36:22 2025 Pakistan Standard Time elapsed time: 36.757083 seconds (0d 0h 0m 36s)

---------------  T H R E A D  ---------------

Current thread (0x00000257fec064a0):  JavaThread "C2 CompilerThread1" daemon [_thread_in_native, id=18360, stack(0x0000007cfa400000,0x0000007cfa500000)]


Current CompileTask:
C2:  36757 16290   !   4       sun.reflect.annotation.AnnotationParser::parseAnnotation2 (271 bytes)

Stack: [0x0000007cfa400000,0x0000007cfa500000]
Native frames: (J=compiled Java code, j=interpreted, Vv=VM code, C=native code)
V  [jvm.dll+0x687fc9]
V  [jvm.dll+0x83eeb8]
V  [jvm.dll+0x840963]
V  [jvm.dll+0x840fd3]
V  [jvm.dll+0x24951f]
V  [jvm.dll+0xad0c4]
V  [jvm.dll+0xad75c]
V  [jvm.dll+0x36aafe]
V  [jvm.dll+0x335153]
V  [jvm.dll+0x3345ea]
V  [jvm.dll+0x21a748]
V  [jvm.dll+0x219b7f]
V  [jvm.dll+0x1a5506]
V  [jvm.dll+0x22a1ca]
V  [jvm.dll+0x22830b]
V  [jvm.dll+0x7f4708]
V  [jvm.dll+0x7eea6c]
V  [jvm.dll+0x686ea7]
C  [ucrtbase.dll+0x21bb2]
C  [KERNEL32.DLL+0x17374]
C  [ntdll.dll+0x4cc91]


---------------  P R O C E S S  ---------------

Threads class SMR info:
_java_thread_list=0x00000257b2e0b0a0, length=90, elements={
0x00000257ef313720, 0x00000257fdef8bb0, 0x00000257fdef9940, 0x00000257fdf11410,
0x00000257fdf14f60, 0x00000257fdf15830, 0x00000257fdf16100, 0x00000257fdf25b30,
0x00000257fdf264f0, 0x00000257fdf2ee10, 0x00000257fdedfc60, 0x00000257fe103e80,
0x00000257ffa06f40, 0x00000257ff980880, 0x00000257ff2e8030, 0x00000257ffa427e0,
0x00000257ffa389a0, 0x00000257ae065240, 0x00000257ae064310, 0x00000257ae0638f0,
0x00000257ae0624b0, 0x00000257ae063e00, 0x00000257ae064820, 0x00000257ae064d30,
0x00000257ae065750, 0x00000257ae0629c0, 0x00000257ae065c60, 0x00000257ae062ed0,
0x00000257ae0633e0, 0x00000257ae927fe0, 0x00000257ae92cbd0, 0x00000257ae9275c0,
0x00000257ae92c6c0, 0x00000257ae92a860, 0x00000257ae927ad0, 0x00000257ae9284f0,
0x00000257ae929e40, 0x00000257ae92ad70, 0x00000257ae929930, 0x00000257ae926ba0,
0x00000257ae92c1b0, 0x00000257ae926690, 0x00000257ae92b790, 0x00000257ae92e010,
0x00000257ae92b280, 0x00000257ae9270b0, 0x00000257ae928f10, 0x00000257ae92a350,
0x00000257fe2fee90, 0x00000257fe2fda50, 0x00000257fe2f8e60, 0x00000257fe2fdf60,
0x00000257fe2f9370, 0x00000257fe2f9880, 0x00000257fe2f8950, 0x00000257fe2ff3a0,
0x00000257fe2f9d90, 0x00000257fe2fb6e0, 0x00000257fe2ff8b0, 0x00000257fe2fa2a0,
0x00000257fe2fc100, 0x00000257fe2fe980, 0x00000257fe2ffdc0, 0x00000257fe2fa7b0,
0x00000257fe2facc0, 0x00000257fe2fbbf0, 0x00000257fe2fc610, 0x00000257fe2fd030,
0x00000257fe2fd540, 0x00000257fe5792f0, 0x00000257fe574700, 0x00000257fe5783c0,
0x00000257fe576a70, 0x00000257fe577eb0, 0x00000257fe5779a0, 0x00000257fe574c10,
0x00000257fe572db0, 0x00000257fe575120, 0x00000257fe5741f0, 0x00000257fe575630,
0x00000257fe577490, 0x00000257fe575b40, 0x00000257fe5788d0, 0x00000257fe579800,
0x00000257fe573ce0, 0x00000257fe5737d0, 0x00000257fe5728a0, 0x00000257fe578de0,
0x00000257fec064a0, 0x00000257fe22b7b0
}

Java Threads: ( => current thread )
  0x00000257ef313720 JavaThread "main" [_thread_blocked, id=1488, stack(0x0000007cf8f00000,0x0000007cf9000000)]
  0x00000257fdef8bb0 JavaThread "Reference Handler" daemon [_thread_blocked, id=18720, stack(0x0000007cf9600000,0x0000007cf9700000)]
  0x00000257fdef9940 JavaThread "Finalizer" daemon [_thread_blocked, id=16516, stack(0x0000007cf9700000,0x0000007cf9800000)]
  0x00000257fdf11410 JavaThread "Signal Dispatcher" daemon [_thread_blocked, id=3456, stack(0x0000007cf9800000,0x0000007cf9900000)]
  0x00000257fdf14f60 JavaThread "Attach Listener" daemon [_thread_blocked, id=4076, stack(0x0000007cf9900000,0x0000007cf9a00000)]
  0x00000257fdf15830 JavaThread "Service Thread" daemon [_thread_blocked, id=20896, stack(0x0000007cf9a00000,0x0000007cf9b00000)]
  0x00000257fdf16100 JavaThread "Monitor Deflation Thread" daemon [_thread_blocked, id=6980, stack(0x0000007cf9b00000,0x0000007cf9c00000)]
  0x00000257fdf25b30 JavaThread "C2 CompilerThread0" daemon [_thread_in_native, id=20488, stack(0x0000007cf9c00000,0x0000007cf9d00000)]
  0x00000257fdf264f0 JavaThread "C1 CompilerThread0" daemon [_thread_blocked, id=17436, stack(0x0000007cf9d00000,0x0000007cf9e00000)]
  0x00000257fdf2ee10 JavaThread "Sweeper thread" daemon [_thread_blocked, id=16712, stack(0x0000007cf9e00000,0x0000007cf9f00000)]
  0x00000257fdedfc60 JavaThread "Common-Cleaner" daemon [_thread_blocked, id=11740, stack(0x0000007cf9f00000,0x0000007cfa000000)]
  0x00000257fe103e80 JavaThread "Notification Thread" daemon [_thread_blocked, id=21196, stack(0x0000007cfa000000,0x0000007cfa100000)]
  0x00000257ffa06f40 JavaThread "Daemon health stats" [_thread_blocked, id=18896, stack(0x0000007cfa600000,0x0000007cfa700000)]
  0x00000257ff980880 JavaThread "Incoming local TCP Connector on port 60311" [_thread_in_native, id=13916, stack(0x0000007cfa700000,0x0000007cfa800000)]
  0x00000257ff2e8030 JavaThread "Daemon periodic checks" [_thread_blocked, id=17912, stack(0x0000007cfa800000,0x0000007cfa900000)]
  0x00000257ffa427e0 JavaThread "Daemon" [_thread_blocked, id=12820, stack(0x0000007cfa900000,0x0000007cfaa00000)]
  0x00000257ffa389a0 JavaThread "Handler for socket connection from /127.0.0.1:60311 to /127.0.0.1:60312" [_thread_in_native, id=21000, stack(0x0000007cfaa00000,0x0000007cfab00000)]
  0x00000257ae065240 JavaThread "Cancel handler" [_thread_blocked, id=7728, stack(0x0000007cfab00000,0x0000007cfac00000)]
  0x00000257ae064310 JavaThread "Daemon worker" [_thread_in_Java, id=16496, stack(0x0000007cfac00000,0x0000007cfad00000)]
  0x00000257ae0638f0 JavaThread "Asynchronous log dispatcher for DefaultDaemonConnection: socket connection from /127.0.0.1:60311 to /127.0.0.1:60312" [_thread_blocked, id=12776, stack(0x0000007cfad00000,0x0000007cfae00000)]
  0x00000257ae0624b0 JavaThread "Stdin handler" [_thread_blocked, id=12608, stack(0x0000007cfae00000,0x0000007cfaf00000)]
  0x00000257ae063e00 JavaThread "Daemon client event forwarder" [_thread_blocked, id=18224, stack(0x0000007cfaf00000,0x0000007cfb000000)]
  0x00000257ae064820 JavaThread "Cache worker for journal cache (C:\Users\aliah\.gradle\caches\journal-1)" [_thread_blocked, id=21032, stack(0x0000007cfb000000,0x0000007cfb100000)]
  0x00000257ae064d30 JavaThread "File lock request listener" [_thread_in_native, id=4816, stack(0x0000007cfb100000,0x0000007cfb200000)]
  0x00000257ae065750 JavaThread "Cache worker for file hash cache (C:\Users\aliah\.gradle\caches\8.11.1\fileHashes)" [_thread_blocked, id=19132, stack(0x0000007cfb200000,0x0000007cfb300000)]
  0x00000257ae0629c0 JavaThread "Cache worker for file content cache (C:\Users\aliah\.gradle\caches\8.11.1\fileContent)" [_thread_blocked, id=8916, stack(0x0000007cfb300000,0x0000007cfb400000)]
  0x00000257ae065c60 JavaThread "Cache worker for file hash cache (D:\React Native\MyProject\android\.gradle\8.11.1\fileHashes)" [_thread_blocked, id=19612, stack(0x0000007cfb400000,0x0000007cfb500000)]
  0x00000257ae062ed0 JavaThread "Cache worker for Build Output Cleanup Cache (D:\React Native\MyProject\android\.gradle\buildOutputCleanup)" [_thread_blocked, id=19868, stack(0x0000007cfb500000,0x0000007cfb600000)]
  0x00000257ae0633e0 JavaThread "File watcher server" daemon [_thread_in_native, id=17800, stack(0x0000007cfb600000,0x0000007cfb700000)]
  0x00000257ae927fe0 JavaThread "File watcher consumer" daemon [_thread_blocked, id=21184, stack(0x0000007cfb700000,0x0000007cfb800000)]
  0x00000257ae92cbd0 JavaThread "Cache worker for checksums cache (D:\React Native\MyProject\android\.gradle\8.11.1\checksums)" [_thread_blocked, id=14484, stack(0x0000007cfb800000,0x0000007cfb900000)]
  0x00000257ae9275c0 JavaThread "Cache worker for cache directory md-rule (C:\Users\aliah\.gradle\caches\8.11.1\md-rule)" [_thread_blocked, id=17620, stack(0x0000007cfb900000,0x0000007cfba00000)]
  0x00000257ae92c6c0 JavaThread "Cache worker for cache directory md-supplier (C:\Users\aliah\.gradle\caches\8.11.1\md-supplier)" [_thread_blocked, id=10512, stack(0x0000007cfba00000,0x0000007cfbb00000)]
  0x00000257ae92a860 JavaThread "jar transforms" [_thread_blocked, id=19108, stack(0x0000007cfbe00000,0x0000007cfbf00000)]
  0x00000257ae927ad0 JavaThread "Cache worker for Build Output Cleanup Cache (D:\React Native\MyProject\node_modules\@react-native\gradle-plugin\.gradle\buildOutputCleanup)" [_thread_blocked, id=21020, stack(0x0000007cfbf00000,0x0000007cfc000000)]
  0x00000257ae9284f0 JavaThread "Unconstrained build operations" [_thread_blocked, id=2532, stack(0x0000007cfc000000,0x0000007cfc100000)]
  0x00000257ae929e40 JavaThread "Unconstrained build operations Thread 2" [_thread_blocked, id=19324, stack(0x0000007cfc100000,0x0000007cfc200000)]
  0x00000257ae92ad70 JavaThread "Unconstrained build operations Thread 3" [_thread_blocked, id=1640, stack(0x0000007cfc200000,0x0000007cfc300000)]
  0x00000257ae929930 JavaThread "Unconstrained build operations Thread 4" [_thread_blocked, id=19888, stack(0x0000007cfc300000,0x0000007cfc400000)]
  0x00000257ae926ba0 JavaThread "Unconstrained build operations Thread 5" [_thread_blocked, id=5004, stack(0x0000007cfc400000,0x0000007cfc500000)]
  0x00000257ae92c1b0 JavaThread "Unconstrained build operations Thread 6" [_thread_blocked, id=21356, stack(0x0000007cfc500000,0x0000007cfc600000)]
  0x00000257ae926690 JavaThread "Unconstrained build operations Thread 7" [_thread_blocked, id=20336, stack(0x0000007cfc600000,0x0000007cfc700000)]
  0x00000257ae92b790 JavaThread "Unconstrained build operations Thread 8" [_thread_blocked, id=11612, stack(0x0000007cfc700000,0x0000007cfc800000)]
  0x00000257ae92e010 JavaThread "Unconstrained build operations Thread 9" [_thread_blocked, id=19404, stack(0x0000007cfc800000,0x0000007cfc900000)]
  0x00000257ae92b280 JavaThread "Unconstrained build operations Thread 10" [_thread_blocked, id=8884, stack(0x0000007cfc900000,0x0000007cfca00000)]
  0x00000257ae9270b0 JavaThread "Unconstrained build operations Thread 11" [_thread_blocked, id=7004, stack(0x0000007cfca00000,0x0000007cfcb00000)]
  0x00000257ae928f10 JavaThread "Unconstrained build operations Thread 12" [_thread_blocked, id=12736, stack(0x0000007cfcb00000,0x0000007cfcc00000)]
  0x00000257ae92a350 JavaThread "Unconstrained build operations Thread 13" [_thread_blocked, id=8316, stack(0x0000007cfcc00000,0x0000007cfcd00000)]
  0x00000257fe2fee90 JavaThread "Unconstrained build operations Thread 14" [_thread_blocked, id=16404, stack(0x0000007cfcd00000,0x0000007cfce00000)]
  0x00000257fe2fda50 JavaThread "Unconstrained build operations Thread 15" [_thread_blocked, id=12840, stack(0x0000007cfce00000,0x0000007cfcf00000)]
  0x00000257fe2f8e60 JavaThread "Memory manager" [_thread_blocked, id=3140, stack(0x0000007cfcf00000,0x0000007cfd000000)]
  0x00000257fe2fdf60 JavaThread "build event listener" [_thread_blocked, id=21056, stack(0x0000007cfd000000,0x0000007cfd100000)]
  0x00000257fe2f9370 JavaThread "ForkJoinPool.commonPool-worker-1" daemon [_thread_blocked, id=15212, stack(0x0000007cfd100000,0x0000007cfd200000)]
  0x00000257fe2f9880 JavaThread "ForkJoinPool.commonPool-worker-2" daemon [_thread_blocked, id=3412, stack(0x0000007cfd200000,0x0000007cfd300000)]
  0x00000257fe2f8950 JavaThread "ForkJoinPool.commonPool-worker-3" daemon [_thread_blocked, id=17280, stack(0x0000007cfd300000,0x0000007cfd400000)]
  0x00000257fe2ff3a0 JavaThread "included builds" [_thread_blocked, id=16028, stack(0x0000007cfd400000,0x0000007cfd500000)]
  0x00000257fe2f9d90 JavaThread "Execution worker" [_thread_blocked, id=12328, stack(0x0000007cfd500000,0x0000007cfd600000)]
  0x00000257fe2fb6e0 JavaThread "Execution worker Thread 2" [_thread_blocked, id=10588, stack(0x0000007cfd600000,0x0000007cfd700000)]
  0x00000257fe2ff8b0 JavaThread "Execution worker Thread 3" [_thread_blocked, id=10300, stack(0x0000007cfd700000,0x0000007cfd800000)]
  0x00000257fe2fa2a0 JavaThread "Cache worker for execution history cache (D:\React Native\MyProject\node_modules\@react-native\gradle-plugin\.gradle\8.11.1\executionHistory)" [_thread_blocked, id=20892, stack(0x0000007cfd800000,0x0000007cfd900000)]
  0x00000257fe2fc100 JavaThread "Unconstrained build operations Thread 16" [_thread_blocked, id=10052, stack(0x0000007cfd900000,0x0000007cfda00000)]
  0x00000257fe2fe980 JavaThread "Unconstrained build operations Thread 17" [_thread_blocked, id=20340, stack(0x0000007cfda00000,0x0000007cfdb00000)]
  0x00000257fe2ffdc0 JavaThread "Unconstrained build operations Thread 18" [_thread_blocked, id=13344, stack(0x0000007cfdb00000,0x0000007cfdc00000)]
  0x00000257fe2fa7b0 JavaThread "Unconstrained build operations Thread 19" [_thread_blocked, id=4676, stack(0x0000007cfdc00000,0x0000007cfdd00000)]
  0x00000257fe2facc0 JavaThread "Unconstrained build operations Thread 20" [_thread_blocked, id=14932, stack(0x0000007cfdd00000,0x0000007cfde00000)]
  0x00000257fe2fbbf0 JavaThread "Unconstrained build operations Thread 21" [_thread_blocked, id=18296, stack(0x0000007cfde00000,0x0000007cfdf00000)]
  0x00000257fe2fc610 JavaThread "Unconstrained build operations Thread 22" [_thread_blocked, id=3068, stack(0x0000007cfdf00000,0x0000007cfe000000)]
  0x00000257fe2fd030 JavaThread "Unconstrained build operations Thread 23" [_thread_blocked, id=304, stack(0x0000007cfe000000,0x0000007cfe100000)]
  0x00000257fe2fd540 JavaThread "Unconstrained build operations Thread 24" [_thread_blocked, id=18032, stack(0x0000007cfe100000,0x0000007cfe200000)]
  0x00000257fe5792f0 JavaThread "Unconstrained build operations Thread 25" [_thread_blocked, id=20736, stack(0x0000007cfe200000,0x0000007cfe300000)]
  0x00000257fe574700 JavaThread "Unconstrained build operations Thread 26" [_thread_blocked, id=18204, stack(0x0000007cfe300000,0x0000007cfe400000)]
  0x00000257fe5783c0 JavaThread "Unconstrained build operations Thread 27" [_thread_blocked, id=19840, stack(0x0000007cfe400000,0x0000007cfe500000)]
  0x00000257fe576a70 JavaThread "Unconstrained build operations Thread 28" [_thread_blocked, id=17116, stack(0x0000007cfe500000,0x0000007cfe600000)]
  0x00000257fe577eb0 JavaThread "Unconstrained build operations Thread 29" [_thread_blocked, id=8912, stack(0x0000007cfe600000,0x0000007cfe700000)]
  0x00000257fe5779a0 JavaThread "Unconstrained build operations Thread 30" [_thread_blocked, id=13572, stack(0x0000007cfe700000,0x0000007cfe800000)]
  0x00000257fe574c10 JavaThread "Unconstrained build operations Thread 31" [_thread_blocked, id=18512, stack(0x0000007cfe800000,0x0000007cfe900000)]
  0x00000257fe572db0 JavaThread "Unconstrained build operations Thread 32" [_thread_blocked, id=19512, stack(0x0000007cfe900000,0x0000007cfea00000)]
  0x00000257fe575120 JavaThread "Unconstrained build operations Thread 33" [_thread_blocked, id=19488, stack(0x0000007cfea00000,0x0000007cfeb00000)]
  0x00000257fe5741f0 JavaThread "Unconstrained build operations Thread 34" [_thread_blocked, id=2868, stack(0x0000007cfeb00000,0x0000007cfec00000)]
  0x00000257fe575630 JavaThread "Unconstrained build operations Thread 35" [_thread_blocked, id=17988, stack(0x0000007cfec00000,0x0000007cfed00000)]
  0x00000257fe577490 JavaThread "Unconstrained build operations Thread 36" [_thread_blocked, id=1508, stack(0x0000007cfed00000,0x0000007cfee00000)]
  0x00000257fe575b40 JavaThread "jar transforms Thread 2" [_thread_blocked, id=6760, stack(0x0000007cfee00000,0x0000007cfef00000)]
  0x00000257fe5788d0 JavaThread "jar transforms Thread 3" [_thread_blocked, id=7268, stack(0x0000007cfef00000,0x0000007cff000000)]
  0x00000257fe579800 JavaThread "Unconstrained build operations Thread 37" [_thread_blocked, id=2768, stack(0x0000007cff000000,0x0000007cff100000)]
  0x00000257fe573ce0 JavaThread "Unconstrained build operations Thread 38" [_thread_blocked, id=13968, stack(0x0000007cff100000,0x0000007cff200000)]
  0x00000257fe5737d0 JavaThread "Unconstrained build operations Thread 39" [_thread_blocked, id=21076, stack(0x0000007cff200000,0x0000007cff300000)]
  0x00000257fe5728a0 JavaThread "Unconstrained build operations Thread 40" [_thread_blocked, id=14468, stack(0x0000007cff300000,0x0000007cff400000)]
  0x00000257fe578de0 JavaThread "jar transforms Thread 4" [_thread_blocked, id=1800, stack(0x0000007cff400000,0x0000007cff500000)]
=>0x00000257fec064a0 JavaThread "C2 CompilerThread1" daemon [_thread_in_native, id=18360, stack(0x0000007cfa400000,0x0000007cfa500000)]
  0x00000257fe22b7b0 JavaThread "build event listener" [_thread_blocked, id=8992, stack(0x0000007cff500000,0x0000007cff600000)]

Other Threads:
  0x00000257fdef4600 VMThread "VM Thread" [stack: 0x0000007cf9500000,0x0000007cf9600000] [id=16472]
  0x00000257ef314290 WatcherThread [stack: 0x0000007cfa100000,0x0000007cfa200000] [id=21360]
  0x00000257ef36f740 GCTaskThread "GC Thread#0" [stack: 0x0000007cf9000000,0x0000007cf9100000] [id=10460]
  0x00000257fe1f8ab0 GCTaskThread "GC Thread#1" [stack: 0x0000007cfa200000,0x0000007cfa300000] [id=19880]
  0x00000257fe271d30 GCTaskThread "GC Thread#2" [stack: 0x0000007cfa300000,0x0000007cfa400000] [id=9048]
  0x00000257fe655be0 GCTaskThread "GC Thread#3" [stack: 0x0000007cfa500000,0x0000007cfa600000] [id=14080]
  0x00000257ef3805a0 ConcurrentGCThread "G1 Main Marker" [stack: 0x0000007cf9100000,0x0000007cf9200000] [id=10720]
  0x00000257ef380ed0 ConcurrentGCThread "G1 Conc#0" [stack: 0x0000007cf9200000,0x0000007cf9300000] [id=3464]
  0x00000257ef3c5560 ConcurrentGCThread "G1 Refine#0" [stack: 0x0000007cf9300000,0x0000007cf9400000] [id=10272]
  0x00000257b110bf90 ConcurrentGCThread "G1 Refine#1" [stack: 0x0000007cfbb00000,0x0000007cfbc00000] [id=16892]
  0x00000257b110c280 ConcurrentGCThread "G1 Refine#2" [stack: 0x0000007cfbc00000,0x0000007cfbd00000] [id=14644]
  0x00000257b06c3050 ConcurrentGCThread "G1 Refine#3" [stack: 0x0000007cfbd00000,0x0000007cfbe00000] [id=20048]
  0x00000257ef3c5ea0 ConcurrentGCThread "G1 Service" [stack: 0x0000007cf9400000,0x0000007cf9500000] [id=17248]

Threads with active compile tasks:
C2 CompilerThread0    36825 16374       4       org.gradle.internal.service.DefaultServiceRegistry::find (28 bytes)
C2 CompilerThread1    36825 16290   !   4       sun.reflect.annotation.AnnotationParser::parseAnnotation2 (271 bytes)

VM state: not at safepoint (normal execution)

VM Mutex/Monitor currently owned by a thread: None

Heap address: 0x0000000080000000, size: 2048 MB, Compressed Oops mode: 32-bit

CDS archive(s) mapped at: [0x000002578f000000-0x000002578fbb0000-0x000002578fbb0000), size 12255232, SharedBaseAddress: 0x000002578f000000, ArchiveRelocationMode: 1.
Compressed class space mapped at: 0x0000025790000000-0x00000257aa000000, reserved size: 436207616
Narrow klass base: 0x000002578f000000, Narrow klass shift: 0, Narrow klass range: 0x100000000

GC Precious Log:
 CPUs: 4 total, 4 available
 Memory: 8042M
 Large Page Support: Disabled
 NUMA Support: Disabled
 Compressed Oops: Enabled (32-bit)
 Heap Region Size: 1M
 Heap Min Capacity: 8M
 Heap Initial Capacity: 126M
 Heap Max Capacity: 2G
 Pre-touch: Disabled
 Parallel Workers: 4
 Concurrent Workers: 1
 Concurrent Refinement Workers: 4
 Periodic GC: Disabled

Heap:
 garbage-first heap   total 382976K, used 262866K [0x0000000080000000, 0x0000000100000000)
  region size 1024K, 72 young (73728K), 16 survivors (16384K)
 Metaspace       used 109603K, committed 111104K, reserved 557056K
  class space    used 15269K, committed 15936K, reserved 425984K

Heap Regions: E=young(eden), S=young(survivor), O=old, HS=humongous(starts), HC=humongous(continues), CS=collection set, F=free, OA=open archive, CA=closed archive, TAMS=top-at-mark-start (previous, next)
|   0|0x0000000080000000, 0x0000000080100000, 0x0000000080100000|100%|HS|  |TAMS 0x0000000080100000, 0x0000000080000000| Complete 
|   1|0x0000000080100000, 0x0000000080200000, 0x0000000080200000|100%|HC|  |TAMS 0x0000000080200000, 0x0000000080100000| Complete 
|   2|0x0000000080200000, 0x0000000080300000, 0x0000000080300000|100%|HC|  |TAMS 0x0000000080300000, 0x0000000080200000| Complete 
|   3|0x0000000080300000, 0x0000000080400000, 0x0000000080400000|100%| O|  |TAMS 0x0000000080400000, 0x0000000080300000| Untracked 
|   4|0x0000000080400000, 0x0000000080500000, 0x0000000080500000|100%| O|  |TAMS 0x0000000080500000, 0x0000000080400000| Untracked 
|   5|0x0000000080500000, 0x0000000080600000, 0x0000000080600000|100%| O|  |TAMS 0x0000000080600000, 0x0000000080500000| Untracked 
|   6|0x0000000080600000, 0x0000000080700000, 0x0000000080700000|100%| O|  |TAMS 0x0000000080700000, 0x0000000080600000| Untracked 
|   7|0x0000000080700000, 0x0000000080800000, 0x0000000080800000|100%|HS|  |TAMS 0x0000000080800000, 0x0000000080700000| Complete 
|   8|0x0000000080800000, 0x0000000080900000, 0x0000000080900000|100%| O|  |TAMS 0x0000000080900000, 0x0000000080800000| Untracked 
|   9|0x0000000080900000, 0x0000000080a00000, 0x0000000080a00000|100%| O|  |TAMS 0x0000000080a00000, 0x0000000080900000| Untracked 
|  10|0x0000000080a00000, 0x0000000080b00000, 0x0000000080b00000|100%| O|  |TAMS 0x0000000080b00000, 0x0000000080a00000| Untracked 
|  11|0x0000000080b00000, 0x0000000080c00000, 0x0000000080c00000|100%| O|  |TAMS 0x0000000080c00000, 0x0000000080b00000| Untracked 
|  12|0x0000000080c00000, 0x0000000080d00000, 0x0000000080d00000|100%| O|  |TAMS 0x0000000080d00000, 0x0000000080c00000| Untracked 
|  13|0x0000000080d00000, 0x0000000080e00000, 0x0000000080e00000|100%| O|  |TAMS 0x0000000080e00000, 0x0000000080d00000| Untracked 
|  14|0x0000000080e00000, 0x0000000080f00000, 0x0000000080f00000|100%| O|  |TAMS 0x0000000080f00000, 0x0000000080e00000| Untracked 
|  15|0x0000000080f00000, 0x0000000081000000, 0x0000000081000000|100%| O|  |TAMS 0x0000000081000000, 0x0000000080f00000| Untracked 
|  16|0x0000000081000000, 0x0000000081100000, 0x0000000081100000|100%| O|  |TAMS 0x0000000081100000, 0x0000000081000000| Untracked 
|  17|0x0000000081100000, 0x0000000081200000, 0x0000000081200000|100%| O|  |TAMS 0x0000000081200000, 0x0000000081100000| Untracked 
|  18|0x0000000081200000, 0x0000000081300000, 0x0000000081300000|100%| O|  |TAMS 0x0000000081300000, 0x0000000081200000| Untracked 
|  19|0x0000000081300000, 0x0000000081400000, 0x0000000081400000|100%| O|  |TAMS 0x0000000081400000, 0x0000000081300000| Untracked 
|  20|0x0000000081400000, 0x0000000081500000, 0x0000000081500000|100%| O|  |TAMS 0x0000000081500000, 0x0000000081400000| Untracked 
|  21|0x0000000081500000, 0x0000000081600000, 0x0000000081600000|100%| O|  |TAMS 0x0000000081600000, 0x0000000081500000| Untracked 
|  22|0x0000000081600000, 0x0000000081700000, 0x0000000081700000|100%| O|  |TAMS 0x0000000081700000, 0x0000000081600000| Untracked 
|  23|0x0000000081700000, 0x0000000081800000, 0x0000000081800000|100%| O|  |TAMS 0x0000000081800000, 0x0000000081700000| Untracked 
|  24|0x0000000081800000, 0x0000000081900000, 0x0000000081900000|100%| O|  |TAMS 0x0000000081900000, 0x0000000081800000| Untracked 
|  25|0x0000000081900000, 0x0000000081a00000, 0x0000000081a00000|100%| O|  |TAMS 0x0000000081a00000, 0x0000000081900000| Untracked 
|  26|0x0000000081a00000, 0x0000000081b00000, 0x0000000081b00000|100%| O|  |TAMS 0x0000000081b00000, 0x0000000081a00000| Untracked 
|  27|0x0000000081b00000, 0x0000000081c00000, 0x0000000081c00000|100%| O|  |TAMS 0x0000000081c00000, 0x0000000081b00000| Untracked 
|  28|0x0000000081c00000, 0x0000000081d00000, 0x0000000081d00000|100%|HS|  |TAMS 0x0000000081c00000, 0x0000000081c00000| Complete 
|  29|0x0000000081d00000, 0x0000000081e00000, 0x0000000081e00000|100%| O|  |TAMS 0x0000000081e00000, 0x0000000081d00000| Untracked 
|  30|0x0000000081e00000, 0x0000000081f00000, 0x0000000081f00000|100%| O|  |TAMS 0x0000000081f00000, 0x0000000081e00000| Untracked 
|  31|0x0000000081f00000, 0x0000000082000000, 0x0000000082000000|100%| O|  |TAMS 0x0000000082000000, 0x0000000081f00000| Untracked 
|  32|0x0000000082000000, 0x0000000082100000, 0x0000000082100000|100%| O|  |TAMS 0x0000000082100000, 0x0000000082000000| Untracked 
|  33|0x0000000082100000, 0x0000000082200000, 0x0000000082200000|100%| O|  |TAMS 0x0000000082200000, 0x0000000082100000| Untracked 
|  34|0x0000000082200000, 0x0000000082300000, 0x0000000082300000|100%| O|  |TAMS 0x0000000082300000, 0x0000000082200000| Untracked 
|  35|0x0000000082300000, 0x0000000082400000, 0x0000000082400000|100%| O|  |TAMS 0x0000000082400000, 0x0000000082300000| Untracked 
|  36|0x0000000082400000, 0x0000000082500000, 0x0000000082500000|100%|HS|  |TAMS 0x0000000082500000, 0x0000000082400000| Complete 
|  37|0x0000000082500000, 0x0000000082600000, 0x0000000082600000|100%|HC|  |TAMS 0x0000000082600000, 0x0000000082500000| Complete 
|  38|0x0000000082600000, 0x0000000082700000, 0x0000000082700000|100%|HS|  |TAMS 0x0000000082700000, 0x0000000082600000| Complete 
|  39|0x0000000082700000, 0x0000000082800000, 0x0000000082800000|100%|HC|  |TAMS 0x0000000082800000, 0x0000000082700000| Complete 
|  40|0x0000000082800000, 0x0000000082900000, 0x0000000082900000|100%|HS|  |TAMS 0x0000000082900000, 0x0000000082800000| Complete 
|  41|0x0000000082900000, 0x0000000082a00000, 0x0000000082a00000|100%|HC|  |TAMS 0x0000000082a00000, 0x0000000082900000| Complete 
|  42|0x0000000082a00000, 0x0000000082b00000, 0x0000000082b00000|100%|HC|  |TAMS 0x0000000082b00000, 0x0000000082a00000| Complete 
|  43|0x0000000082b00000, 0x0000000082c00000, 0x0000000082c00000|100%|HC|  |TAMS 0x0000000082c00000, 0x0000000082b00000| Complete 
|  44|0x0000000082c00000, 0x0000000082d00000, 0x0000000082d00000|100%|HS|  |TAMS 0x0000000082d00000, 0x0000000082c00000| Complete 
|  45|0x0000000082d00000, 0x0000000082e00000, 0x0000000082e00000|100%|HC|  |TAMS 0x0000000082e00000, 0x0000000082d00000| Complete 
|  46|0x0000000082e00000, 0x0000000082f00000, 0x0000000082f00000|100%|HC|  |TAMS 0x0000000082f00000, 0x0000000082e00000| Complete 
|  47|0x0000000082f00000, 0x0000000083000000, 0x0000000083000000|100%|HC|  |TAMS 0x0000000083000000, 0x0000000082f00000| Complete 
|  48|0x0000000083000000, 0x0000000083100000, 0x0000000083100000|100%| O|  |TAMS 0x0000000083100000, 0x0000000083000000| Untracked 
|  49|0x0000000083100000, 0x0000000083200000, 0x0000000083200000|100%| O|  |TAMS 0x0000000083200000, 0x0000000083100000| Untracked 
|  50|0x0000000083200000, 0x0000000083300000, 0x0000000083300000|100%| O|  |TAMS 0x0000000083300000, 0x0000000083200000| Untracked 
|  51|0x0000000083300000, 0x0000000083400000, 0x0000000083400000|100%| O|  |TAMS 0x0000000083400000, 0x0000000083300000| Untracked 
|  52|0x0000000083400000, 0x0000000083500000, 0x0000000083500000|100%| O|  |TAMS 0x0000000083500000, 0x0000000083400000| Untracked 
|  53|0x0000000083500000, 0x0000000083600000, 0x0000000083600000|100%| O|  |TAMS 0x0000000083600000, 0x0000000083500000| Untracked 
|  54|0x0000000083600000, 0x0000000083700000, 0x0000000083700000|100%| O|  |TAMS 0x0000000083700000, 0x0000000083600000| Untracked 
|  55|0x0000000083700000, 0x0000000083800000, 0x0000000083800000|100%| O|  |TAMS 0x0000000083800000, 0x0000000083700000| Untracked 
|  56|0x0000000083800000, 0x0000000083900000, 0x0000000083900000|100%| O|  |TAMS 0x0000000083900000, 0x0000000083800000| Untracked 
|  57|0x0000000083900000, 0x0000000083a00000, 0x0000000083a00000|100%| O|  |TAMS 0x0000000083a00000, 0x0000000083900000| Untracked 
|  58|0x0000000083a00000, 0x0000000083b00000, 0x0000000083b00000|100%| O|  |TAMS 0x0000000083b00000, 0x0000000083a00000| Untracked 
|  59|0x0000000083b00000, 0x0000000083c00000, 0x0000000083c00000|100%| O|  |TAMS 0x0000000083c00000, 0x0000000083b00000| Untracked 
|  60|0x0000000083c00000, 0x0000000083d00000, 0x0000000083d00000|100%| O|  |TAMS 0x0000000083d00000, 0x0000000083c00000| Untracked 
|  61|0x0000000083d00000, 0x0000000083e00000, 0x0000000083e00000|100%| O|  |TAMS 0x0000000083e00000, 0x0000000083d00000| Untracked 
|  62|0x0000000083e00000, 0x0000000083f00000, 0x0000000083f00000|100%| O|  |TAMS 0x0000000083f00000, 0x0000000083e00000| Untracked 
|  63|0x0000000083f00000, 0x0000000084000000, 0x0000000084000000|100%| O|  |TAMS 0x0000000084000000, 0x0000000083f00000| Untracked 
|  64|0x0000000084000000, 0x0000000084100000, 0x0000000084100000|100%| O|  |TAMS 0x0000000084100000, 0x0000000084000000| Untracked 
|  65|0x0000000084100000, 0x0000000084200000, 0x0000000084200000|100%| O|  |TAMS 0x0000000084169200, 0x0000000084100000| Untracked 
|  66|0x0000000084200000, 0x0000000084300000, 0x0000000084300000|100%| O|  |TAMS 0x0000000084200000, 0x0000000084200000| Untracked 
|  67|0x0000000084300000, 0x0000000084400000, 0x0000000084400000|100%| O|  |TAMS 0x0000000084300000, 0x0000000084300000| Untracked 
|  68|0x0000000084400000, 0x0000000084500000, 0x0000000084500000|100%| O|  |TAMS 0x0000000084400000, 0x0000000084400000| Untracked 
|  69|0x0000000084500000, 0x0000000084600000, 0x0000000084600000|100%| O|  |TAMS 0x0000000084500000, 0x0000000084500000| Untracked 
|  70|0x0000000084600000, 0x0000000084700000, 0x0000000084700000|100%| O|  |TAMS 0x0000000084600000, 0x0000000084600000| Untracked 
|  71|0x0000000084700000, 0x0000000084800000, 0x0000000084800000|100%| O|  |TAMS 0x0000000084700000, 0x0000000084700000| Untracked 
|  72|0x0000000084800000, 0x0000000084900000, 0x0000000084900000|100%| O|  |TAMS 0x0000000084800000, 0x0000000084800000| Untracked 
|  73|0x0000000084900000, 0x0000000084a00000, 0x0000000084a00000|100%| O|  |TAMS 0x0000000084900000, 0x0000000084900000| Untracked 
|  74|0x0000000084a00000, 0x0000000084b00000, 0x0000000084b00000|100%| O|  |TAMS 0x0000000084a00000, 0x0000000084a00000| Untracked 
|  75|0x0000000084b00000, 0x0000000084c00000, 0x0000000084c00000|100%| O|  |TAMS 0x0000000084b00000, 0x0000000084b00000| Untracked 
|  76|0x0000000084c00000, 0x0000000084d00000, 0x0000000084d00000|100%| O|  |TAMS 0x0000000084c00000, 0x0000000084c00000| Untracked 
|  77|0x0000000084d00000, 0x0000000084e00000, 0x0000000084e00000|100%| O|  |TAMS 0x0000000084d00000, 0x0000000084d00000| Untracked 
|  78|0x0000000084e00000, 0x0000000084f00000, 0x0000000084f00000|100%| O|  |TAMS 0x0000000084e00000, 0x0000000084e00000| Untracked 
|  79|0x0000000084f00000, 0x0000000085000000, 0x0000000085000000|100%| O|  |TAMS 0x0000000084f00000, 0x0000000084f00000| Untracked 
|  80|0x0000000085000000, 0x0000000085100000, 0x0000000085100000|100%|HS|  |TAMS 0x0000000085000000, 0x0000000085000000| Complete 
|  81|0x0000000085100000, 0x0000000085200000, 0x0000000085200000|100%|HS|  |TAMS 0x0000000085100000, 0x0000000085100000| Complete 
|  82|0x0000000085200000, 0x0000000085300000, 0x0000000085300000|100%|HS|  |TAMS 0x0000000085200000, 0x0000000085200000| Complete 
|  83|0x0000000085300000, 0x0000000085400000, 0x0000000085400000|100%| O|  |TAMS 0x0000000085300000, 0x0000000085300000| Untracked 
|  84|0x0000000085400000, 0x0000000085500000, 0x0000000085500000|100%|HS|  |TAMS 0x0000000085400000, 0x0000000085400000| Complete 
|  85|0x0000000085500000, 0x0000000085600000, 0x0000000085600000|100%|HS|  |TAMS 0x0000000085500000, 0x0000000085500000| Complete 
|  86|0x0000000085600000, 0x0000000085700000, 0x0000000085700000|100%| O|  |TAMS 0x0000000085600000, 0x0000000085600000| Untracked 
|  87|0x0000000085700000, 0x0000000085800000, 0x0000000085800000|100%| O|  |TAMS 0x0000000085700000, 0x0000000085700000| Untracked 
|  88|0x0000000085800000, 0x0000000085900000, 0x0000000085900000|100%| O|  |TAMS 0x0000000085800000, 0x0000000085800000| Untracked 
|  89|0x0000000085900000, 0x0000000085a00000, 0x0000000085a00000|100%| O|  |TAMS 0x0000000085900000, 0x0000000085900000| Untracked 
|  90|0x0000000085a00000, 0x0000000085b00000, 0x0000000085b00000|100%| O|  |TAMS 0x0000000085a00000, 0x0000000085a00000| Untracked 
|  91|0x0000000085b00000, 0x0000000085c00000, 0x0000000085c00000|100%| O|  |TAMS 0x0000000085b00000, 0x0000000085b00000| Untracked 
|  92|0x0000000085c00000, 0x0000000085d00000, 0x0000000085d00000|100%|HS|  |TAMS 0x0000000085c00000, 0x0000000085c00000| Complete 
|  93|0x0000000085d00000, 0x0000000085e00000, 0x0000000085e00000|100%| O|  |TAMS 0x0000000085d00000, 0x0000000085d00000| Untracked 
|  94|0x0000000085e00000, 0x0000000085f00000, 0x0000000085f00000|100%| O|  |TAMS 0x0000000085e00000, 0x0000000085e00000| Untracked 
|  95|0x0000000085f00000, 0x0000000086000000, 0x0000000086000000|100%| O|  |TAMS 0x0000000085f00000, 0x0000000085f00000| Untracked 
|  96|0x0000000086000000, 0x0000000086100000, 0x0000000086100000|100%| O|  |TAMS 0x0000000086000000, 0x0000000086000000| Untracked 
|  97|0x0000000086100000, 0x0000000086200000, 0x0000000086200000|100%| O|  |TAMS 0x0000000086100000, 0x0000000086100000| Untracked 
|  98|0x0000000086200000, 0x0000000086300000, 0x0000000086300000|100%| O|  |TAMS 0x0000000086200000, 0x0000000086200000| Untracked 
|  99|0x0000000086300000, 0x0000000086400000, 0x0000000086400000|100%| O|  |TAMS 0x0000000086300000, 0x0000000086300000| Untracked 
| 100|0x0000000086400000, 0x0000000086500000, 0x0000000086500000|100%| O|  |TAMS 0x0000000086400000, 0x0000000086400000| Untracked 
| 101|0x0000000086500000, 0x0000000086600000, 0x0000000086600000|100%| O|  |TAMS 0x0000000086500000, 0x0000000086500000| Untracked 
| 102|0x0000000086600000, 0x0000000086700000, 0x0000000086700000|100%| O|  |TAMS 0x0000000086600000, 0x0000000086600000| Untracked 
| 103|0x0000000086700000, 0x0000000086800000, 0x0000000086800000|100%|HS|  |TAMS 0x0000000086700000, 0x0000000086700000| Complete 
| 104|0x0000000086800000, 0x0000000086900000, 0x0000000086900000|100%|HC|  |TAMS 0x0000000086800000, 0x0000000086800000| Complete 
| 105|0x0000000086900000, 0x0000000086a00000, 0x0000000086a00000|100%| O|  |TAMS 0x0000000086900000, 0x0000000086900000| Untracked 
| 106|0x0000000086a00000, 0x0000000086b00000, 0x0000000086b00000|100%| O|  |TAMS 0x0000000086a00000, 0x0000000086a00000| Untracked 
| 107|0x0000000086b00000, 0x0000000086c00000, 0x0000000086c00000|100%| O|  |TAMS 0x0000000086b00000, 0x0000000086b00000| Untracked 
| 108|0x0000000086c00000, 0x0000000086d00000, 0x0000000086d00000|100%| O|  |TAMS 0x0000000086c00000, 0x0000000086c00000| Untracked 
| 109|0x0000000086d00000, 0x0000000086e00000, 0x0000000086e00000|100%| O|  |TAMS 0x0000000086d00000, 0x0000000086d00000| Untracked 
| 110|0x0000000086e00000, 0x0000000086f00000, 0x0000000086f00000|100%| O|  |TAMS 0x0000000086e00000, 0x0000000086e00000| Untracked 
| 111|0x0000000086f00000, 0x0000000087000000, 0x0000000087000000|100%| O|  |TAMS 0x0000000086f00000, 0x0000000086f00000| Untracked 
| 112|0x0000000087000000, 0x0000000087100000, 0x0000000087100000|100%| O|  |TAMS 0x0000000087000000, 0x0000000087000000| Untracked 
| 113|0x0000000087100000, 0x0000000087200000, 0x0000000087200000|100%| O|  |TAMS 0x0000000087100000, 0x0000000087100000| Untracked 
| 114|0x0000000087200000, 0x0000000087300000, 0x0000000087300000|100%| O|  |TAMS 0x0000000087200000, 0x0000000087200000| Untracked 
| 115|0x0000000087300000, 0x0000000087400000, 0x0000000087400000|100%|HS|  |TAMS 0x0000000087300000, 0x0000000087300000| Complete 
| 116|0x0000000087400000, 0x0000000087500000, 0x0000000087500000|100%|HC|  |TAMS 0x0000000087400000, 0x0000000087400000| Complete 
| 117|0x0000000087500000, 0x0000000087600000, 0x0000000087600000|100%| O|  |TAMS 0x0000000087500000, 0x0000000087500000| Untracked 
| 118|0x0000000087600000, 0x0000000087700000, 0x0000000087700000|100%| O|  |TAMS 0x0000000087600000, 0x0000000087600000| Untracked 
| 119|0x0000000087700000, 0x0000000087800000, 0x0000000087800000|100%| O|  |TAMS 0x0000000087700000, 0x0000000087700000| Untracked 
| 120|0x0000000087800000, 0x0000000087900000, 0x0000000087900000|100%| O|  |TAMS 0x0000000087800000, 0x0000000087800000| Untracked 
| 121|0x0000000087900000, 0x0000000087a00000, 0x0000000087a00000|100%| O|  |TAMS 0x0000000087900000, 0x0000000087900000| Untracked 
| 122|0x0000000087a00000, 0x0000000087b00000, 0x0000000087b00000|100%| O|  |TAMS 0x0000000087a00000, 0x0000000087a00000| Untracked 
| 123|0x0000000087b00000, 0x0000000087c00000, 0x0000000087c00000|100%| O|  |TAMS 0x0000000087b00000, 0x0000000087b00000| Untracked 
| 124|0x0000000087c00000, 0x0000000087d00000, 0x0000000087d00000|100%| O|  |TAMS 0x0000000087c00000, 0x0000000087c00000| Untracked 
| 125|0x0000000087d00000, 0x0000000087e00000, 0x0000000087e00000|100%| O|  |TAMS 0x0000000087d00000, 0x0000000087d00000| Untracked 
| 126|0x0000000087e00000, 0x0000000087f00000, 0x0000000087f00000|100%| O|  |TAMS 0x0000000087e00000, 0x0000000087e00000| Untracked 
| 127|0x0000000087f00000, 0x0000000088000000, 0x0000000088000000|100%| O|  |TAMS 0x0000000087f00000, 0x0000000087f00000| Untracked 
| 128|0x0000000088000000, 0x0000000088100000, 0x0000000088100000|100%| O|  |TAMS 0x0000000088000000, 0x0000000088000000| Untracked 
| 129|0x0000000088100000, 0x0000000088200000, 0x0000000088200000|100%| O|  |TAMS 0x0000000088100000, 0x0000000088100000| Untracked 
| 130|0x0000000088200000, 0x0000000088300000, 0x0000000088300000|100%| O|  |TAMS 0x0000000088200000, 0x0000000088200000| Untracked 
| 131|0x0000000088300000, 0x0000000088400000, 0x0000000088400000|100%| O|  |TAMS 0x0000000088300000, 0x0000000088300000| Untracked 
| 132|0x0000000088400000, 0x0000000088500000, 0x0000000088500000|100%| O|  |TAMS 0x0000000088400000, 0x0000000088400000| Untracked 
| 133|0x0000000088500000, 0x0000000088600000, 0x0000000088600000|100%|HS|  |TAMS 0x0000000088500000, 0x0000000088500000| Complete 
| 134|0x0000000088600000, 0x0000000088700000, 0x0000000088700000|100%|HS|  |TAMS 0x0000000088600000, 0x0000000088600000| Complete 
| 135|0x0000000088700000, 0x0000000088800000, 0x0000000088800000|100%|HS|  |TAMS 0x0000000088700000, 0x0000000088700000| Complete 
| 136|0x0000000088800000, 0x0000000088900000, 0x0000000088900000|100%|HS|  |TAMS 0x0000000088800000, 0x0000000088800000| Complete 
| 137|0x0000000088900000, 0x0000000088a00000, 0x0000000088a00000|100%|HC|  |TAMS 0x0000000088900000, 0x0000000088900000| Complete 
| 138|0x0000000088a00000, 0x0000000088b00000, 0x0000000088b00000|100%| O|  |TAMS 0x0000000088a00000, 0x0000000088a00000| Untracked 
| 139|0x0000000088b00000, 0x0000000088c00000, 0x0000000088c00000|100%| O|  |TAMS 0x0000000088b00000, 0x0000000088b00000| Untracked 
| 140|0x0000000088c00000, 0x0000000088d00000, 0x0000000088d00000|100%| O|  |TAMS 0x0000000088c00000, 0x0000000088c00000| Untracked 
| 141|0x0000000088d00000, 0x0000000088e00000, 0x0000000088e00000|100%| O|  |TAMS 0x0000000088d00000, 0x0000000088d00000| Untracked 
| 142|0x0000000088e00000, 0x0000000088f00000, 0x0000000088f00000|100%| O|  |TAMS 0x0000000088e00000, 0x0000000088e00000| Untracked 
| 143|0x0000000088f00000, 0x0000000089000000, 0x0000000089000000|100%| O|  |TAMS 0x0000000088f00000, 0x0000000088f00000| Untracked 
| 144|0x0000000089000000, 0x0000000089100000, 0x0000000089100000|100%| O|  |TAMS 0x0000000089000000, 0x0000000089000000| Untracked 
| 145|0x0000000089100000, 0x0000000089200000, 0x0000000089200000|100%| O|  |TAMS 0x0000000089100000, 0x0000000089100000| Untracked 
| 146|0x0000000089200000, 0x0000000089300000, 0x0000000089300000|100%| O|  |TAMS 0x0000000089200000, 0x0000000089200000| Untracked 
| 147|0x0000000089300000, 0x0000000089400000, 0x0000000089400000|100%| O|  |TAMS 0x0000000089300000, 0x0000000089300000| Untracked 
| 148|0x0000000089400000, 0x0000000089500000, 0x0000000089500000|100%| O|  |TAMS 0x0000000089400000, 0x0000000089400000| Untracked 
| 149|0x0000000089500000, 0x0000000089600000, 0x0000000089600000|100%| O|  |TAMS 0x0000000089500000, 0x0000000089500000| Untracked 
| 150|0x0000000089600000, 0x0000000089700000, 0x0000000089700000|100%| O|  |TAMS 0x0000000089600000, 0x0000000089600000| Untracked 
| 151|0x0000000089700000, 0x0000000089800000, 0x0000000089800000|100%| O|  |TAMS 0x0000000089700000, 0x0000000089700000| Untracked 
| 152|0x0000000089800000, 0x0000000089900000, 0x0000000089900000|100%| O|  |TAMS 0x0000000089800000, 0x0000000089800000| Untracked 
| 153|0x0000000089900000, 0x0000000089a00000, 0x0000000089a00000|100%| O|  |TAMS 0x0000000089900000, 0x0000000089900000| Untracked 
| 154|0x0000000089a00000, 0x0000000089b00000, 0x0000000089b00000|100%| O|  |TAMS 0x0000000089a00000, 0x0000000089a00000| Untracked 
| 155|0x0000000089b00000, 0x0000000089c00000, 0x0000000089c00000|100%| O|  |TAMS 0x0000000089b00000, 0x0000000089b00000| Untracked 
| 156|0x0000000089c00000, 0x0000000089d00000, 0x0000000089d00000|100%| O|  |TAMS 0x0000000089c00000, 0x0000000089c00000| Untracked 
| 157|0x0000000089d00000, 0x0000000089e00000, 0x0000000089e00000|100%| O|  |TAMS 0x0000000089d00000, 0x0000000089d00000| Untracked 
| 158|0x0000000089e00000, 0x0000000089f00000, 0x0000000089f00000|100%| O|  |TAMS 0x0000000089e00000, 0x0000000089e00000| Untracked 
| 159|0x0000000089f00000, 0x000000008a000000, 0x000000008a000000|100%| O|  |TAMS 0x0000000089f00000, 0x0000000089f00000| Untracked 
| 160|0x000000008a000000, 0x000000008a100000, 0x000000008a100000|100%| O|  |TAMS 0x000000008a000000, 0x000000008a000000| Untracked 
| 161|0x000000008a100000, 0x000000008a200000, 0x000000008a200000|100%| O|  |TAMS 0x000000008a100000, 0x000000008a100000| Untracked 
| 162|0x000000008a200000, 0x000000008a300000, 0x000000008a300000|100%| O|  |TAMS 0x000000008a200000, 0x000000008a200000| Untracked 
| 163|0x000000008a300000, 0x000000008a400000, 0x000000008a400000|100%| O|  |TAMS 0x000000008a300000, 0x000000008a300000| Untracked 
| 164|0x000000008a400000, 0x000000008a500000, 0x000000008a500000|100%| O|  |TAMS 0x000000008a400000, 0x000000008a400000| Untracked 
| 165|0x000000008a500000, 0x000000008a600000, 0x000000008a600000|100%| O|  |TAMS 0x000000008a500000, 0x000000008a500000| Untracked 
| 166|0x000000008a600000, 0x000000008a700000, 0x000000008a700000|100%| O|  |TAMS 0x000000008a600000, 0x000000008a600000| Untracked 
| 167|0x000000008a700000, 0x000000008a800000, 0x000000008a800000|100%| O|  |TAMS 0x000000008a700000, 0x000000008a700000| Untracked 
| 168|0x000000008a800000, 0x000000008a900000, 0x000000008a900000|100%| O|  |TAMS 0x000000008a800000, 0x000000008a800000| Untracked 
| 169|0x000000008a900000, 0x000000008aa00000, 0x000000008aa00000|100%| O|  |TAMS 0x000000008a900000, 0x000000008a900000| Untracked 
| 170|0x000000008aa00000, 0x000000008ab00000, 0x000000008ab00000|100%| O|  |TAMS 0x000000008aa00000, 0x000000008aa00000| Untracked 
| 171|0x000000008ab00000, 0x000000008ac00000, 0x000000008ac00000|100%| O|  |TAMS 0x000000008ab00000, 0x000000008ab00000| Untracked 
| 172|0x000000008ac00000, 0x000000008ad00000, 0x000000008ad00000|100%| O|  |TAMS 0x000000008ac00000, 0x000000008ac00000| Untracked 
| 173|0x000000008ad00000, 0x000000008ae00000, 0x000000008ae00000|100%| O|  |TAMS 0x000000008ad00000, 0x000000008ad00000| Untracked 
| 174|0x000000008ae00000, 0x000000008af00000, 0x000000008af00000|100%| O|  |TAMS 0x000000008ae00000, 0x000000008ae00000| Untracked 
| 175|0x000000008af00000, 0x000000008b000000, 0x000000008b000000|100%| O|  |TAMS 0x000000008af00000, 0x000000008af00000| Untracked 
| 176|0x000000008b000000, 0x000000008b100000, 0x000000008b100000|100%| O|  |TAMS 0x000000008b000000, 0x000000008b000000| Untracked 
| 177|0x000000008b100000, 0x000000008b200000, 0x000000008b200000|100%| O|  |TAMS 0x000000008b100000, 0x000000008b100000| Untracked 
| 178|0x000000008b200000, 0x000000008b300000, 0x000000008b300000|100%| O|  |TAMS 0x000000008b200000, 0x000000008b200000| Untracked 
| 179|0x000000008b300000, 0x000000008b400000, 0x000000008b400000|100%| O|  |TAMS 0x000000008b300000, 0x000000008b300000| Untracked 
| 180|0x000000008b400000, 0x000000008b500000, 0x000000008b500000|100%|HS|  |TAMS 0x000000008b400000, 0x000000008b400000| Complete 
| 181|0x000000008b500000, 0x000000008b600000, 0x000000008b600000|100%|HS|  |TAMS 0x000000008b500000, 0x000000008b500000| Complete 
| 182|0x000000008b600000, 0x000000008b700000, 0x000000008b700000|100%| O|  |TAMS 0x000000008b600000, 0x000000008b600000| Untracked 
| 183|0x000000008b700000, 0x000000008b800000, 0x000000008b800000|100%| O|  |TAMS 0x000000008b700000, 0x000000008b700000| Untracked 
| 184|0x000000008b800000, 0x000000008b900000, 0x000000008b900000|100%| O|  |TAMS 0x000000008b800000, 0x000000008b800000| Untracked 
| 185|0x000000008b900000, 0x000000008b9b4800, 0x000000008ba00000| 70%| O|  |TAMS 0x000000008b900000, 0x000000008b900000| Untracked 
| 186|0x000000008ba00000, 0x000000008ba00000, 0x000000008bb00000|  0%| F|  |TAMS 0x000000008ba00000, 0x000000008ba00000| Untracked 
| 187|0x000000008bb00000, 0x000000008bb00000, 0x000000008bc00000|  0%| F|  |TAMS 0x000000008bb00000, 0x000000008bb00000| Untracked 
| 188|0x000000008bc00000, 0x000000008bc00000, 0x000000008bd00000|  0%| F|  |TAMS 0x000000008bc00000, 0x000000008bc00000| Untracked 
| 189|0x000000008bd00000, 0x000000008bd00000, 0x000000008be00000|  0%| F|  |TAMS 0x000000008bd00000, 0x000000008bd00000| Untracked 
| 190|0x000000008be00000, 0x000000008be00000, 0x000000008bf00000|  0%| F|  |TAMS 0x000000008be00000, 0x000000008be00000| Untracked 
| 191|0x000000008bf00000, 0x000000008bf00000, 0x000000008c000000|  0%| F|  |TAMS 0x000000008bf00000, 0x000000008bf00000| Untracked 
| 192|0x000000008c000000, 0x000000008c000000, 0x000000008c100000|  0%| F|  |TAMS 0x000000008c000000, 0x000000008c000000| Untracked 
| 193|0x000000008c100000, 0x000000008c100000, 0x000000008c200000|  0%| F|  |TAMS 0x000000008c100000, 0x000000008c100000| Untracked 
| 194|0x000000008c200000, 0x000000008c200000, 0x000000008c300000|  0%| F|  |TAMS 0x000000008c200000, 0x000000008c200000| Untracked 
| 195|0x000000008c300000, 0x000000008c300000, 0x000000008c400000|  0%| F|  |TAMS 0x000000008c300000, 0x000000008c300000| Untracked 
| 196|0x000000008c400000, 0x000000008c400000, 0x000000008c500000|  0%| F|  |TAMS 0x000000008c400000, 0x000000008c400000| Untracked 
| 197|0x000000008c500000, 0x000000008c500000, 0x000000008c600000|  0%| F|  |TAMS 0x000000008c500000, 0x000000008c500000| Untracked 
| 198|0x000000008c600000, 0x000000008c600000, 0x000000008c700000|  0%| F|  |TAMS 0x000000008c600000, 0x000000008c600000| Untracked 
| 199|0x000000008c700000, 0x000000008c700000, 0x000000008c800000|  0%| F|  |TAMS 0x000000008c700000, 0x000000008c700000| Untracked 
| 200|0x000000008c800000, 0x000000008c800000, 0x000000008c900000|  0%| F|  |TAMS 0x000000008c800000, 0x000000008c800000| Untracked 
| 201|0x000000008c900000, 0x000000008c900000, 0x000000008ca00000|  0%| F|  |TAMS 0x000000008c900000, 0x000000008c900000| Untracked 
| 202|0x000000008ca00000, 0x000000008ca00000, 0x000000008cb00000|  0%| F|  |TAMS 0x000000008ca00000, 0x000000008ca00000| Untracked 
| 203|0x000000008cb00000, 0x000000008cb00000, 0x000000008cc00000|  0%| F|  |TAMS 0x000000008cb00000, 0x000000008cb00000| Untracked 
| 204|0x000000008cc00000, 0x000000008cc00000, 0x000000008cd00000|  0%| F|  |TAMS 0x000000008cc00000, 0x000000008cc00000| Untracked 
| 205|0x000000008cd00000, 0x000000008cd00000, 0x000000008ce00000|  0%| F|  |TAMS 0x000000008cd00000, 0x000000008cd00000| Untracked 
| 206|0x000000008ce00000, 0x000000008ce00000, 0x000000008cf00000|  0%| F|  |TAMS 0x000000008ce00000, 0x000000008ce00000| Untracked 
| 207|0x000000008cf00000, 0x000000008cf00000, 0x000000008d000000|  0%| F|  |TAMS 0x000000008cf00000, 0x000000008cf00000| Untracked 
| 208|0x000000008d000000, 0x000000008d000000, 0x000000008d100000|  0%| F|  |TAMS 0x000000008d000000, 0x000000008d000000| Untracked 
| 209|0x000000008d100000, 0x000000008d100000, 0x000000008d200000|  0%| F|  |TAMS 0x000000008d100000, 0x000000008d100000| Untracked 
| 210|0x000000008d200000, 0x000000008d200000, 0x000000008d300000|  0%| F|  |TAMS 0x000000008d200000, 0x000000008d200000| Untracked 
| 211|0x000000008d300000, 0x000000008d300000, 0x000000008d400000|  0%| F|  |TAMS 0x000000008d300000, 0x000000008d300000| Untracked 
| 212|0x000000008d400000, 0x000000008d400000, 0x000000008d500000|  0%| F|  |TAMS 0x000000008d400000, 0x000000008d400000| Untracked 
| 213|0x000000008d500000, 0x000000008d500000, 0x000000008d600000|  0%| F|  |TAMS 0x000000008d500000, 0x000000008d500000| Untracked 
| 214|0x000000008d600000, 0x000000008d600000, 0x000000008d700000|  0%| F|  |TAMS 0x000000008d600000, 0x000000008d600000| Untracked 
| 215|0x000000008d700000, 0x000000008d700000, 0x000000008d800000|  0%| F|  |TAMS 0x000000008d700000, 0x000000008d700000| Untracked 
| 216|0x000000008d800000, 0x000000008d800000, 0x000000008d900000|  0%| F|  |TAMS 0x000000008d800000, 0x000000008d800000| Untracked 
| 217|0x000000008d900000, 0x000000008d900000, 0x000000008da00000|  0%| F|  |TAMS 0x000000008d900000, 0x000000008d900000| Untracked 
| 218|0x000000008da00000, 0x000000008da00000, 0x000000008db00000|  0%| F|  |TAMS 0x000000008da00000, 0x000000008da00000| Untracked 
| 219|0x000000008db00000, 0x000000008db00000, 0x000000008dc00000|  0%| F|  |TAMS 0x000000008db00000, 0x000000008db00000| Untracked 
| 220|0x000000008dc00000, 0x000000008dc00000, 0x000000008dd00000|  0%| F|  |TAMS 0x000000008dc00000, 0x000000008dc00000| Untracked 
| 221|0x000000008dd00000, 0x000000008dd00000, 0x000000008de00000|  0%| F|  |TAMS 0x000000008dd00000, 0x000000008dd00000| Untracked 
| 222|0x000000008de00000, 0x000000008de00000, 0x000000008df00000|  0%| F|  |TAMS 0x000000008de00000, 0x000000008de00000| Untracked 
| 223|0x000000008df00000, 0x000000008df00000, 0x000000008e000000|  0%| F|  |TAMS 0x000000008df00000, 0x000000008df00000| Untracked 
| 224|0x000000008e000000, 0x000000008e000000, 0x000000008e100000|  0%| F|  |TAMS 0x000000008e000000, 0x000000008e000000| Untracked 
| 225|0x000000008e100000, 0x000000008e100000, 0x000000008e200000|  0%| F|  |TAMS 0x000000008e100000, 0x000000008e100000| Untracked 
| 226|0x000000008e200000, 0x000000008e200000, 0x000000008e300000|  0%| F|  |TAMS 0x000000008e200000, 0x000000008e200000| Untracked 
| 227|0x000000008e300000, 0x000000008e300000, 0x000000008e400000|  0%| F|  |TAMS 0x000000008e300000, 0x000000008e300000| Untracked 
| 228|0x000000008e400000, 0x000000008e400000, 0x000000008e500000|  0%| F|  |TAMS 0x000000008e400000, 0x000000008e400000| Untracked 
| 229|0x000000008e500000, 0x000000008e500000, 0x000000008e600000|  0%| F|  |TAMS 0x000000008e500000, 0x000000008e500000| Untracked 
| 230|0x000000008e600000, 0x000000008e600000, 0x000000008e700000|  0%| F|  |TAMS 0x000000008e600000, 0x000000008e600000| Untracked 
| 231|0x000000008e700000, 0x000000008e700000, 0x000000008e800000|  0%| F|  |TAMS 0x000000008e700000, 0x000000008e700000| Untracked 
| 232|0x000000008e800000, 0x000000008e800000, 0x000000008e900000|  0%| F|  |TAMS 0x000000008e800000, 0x000000008e800000| Untracked 
| 233|0x000000008e900000, 0x000000008e900000, 0x000000008ea00000|  0%| F|  |TAMS 0x000000008e900000, 0x000000008e900000| Untracked 
| 234|0x000000008ea00000, 0x000000008eb00000, 0x000000008eb00000|100%| S|CS|TAMS 0x000000008ea00000, 0x000000008ea00000| Complete 
| 235|0x000000008eb00000, 0x000000008ec00000, 0x000000008ec00000|100%| S|CS|TAMS 0x000000008eb00000, 0x000000008eb00000| Complete 
| 236|0x000000008ec00000, 0x000000008ed00000, 0x000000008ed00000|100%| S|CS|TAMS 0x000000008ec00000, 0x000000008ec00000| Complete 
| 237|0x000000008ed00000, 0x000000008ed00000, 0x000000008ee00000|  0%| F|  |TAMS 0x000000008ed00000, 0x000000008ed00000| Untracked 
| 238|0x000000008ee00000, 0x000000008ee00000, 0x000000008ef00000|  0%| F|  |TAMS 0x000000008ee00000, 0x000000008ee00000| Untracked 
| 239|0x000000008ef00000, 0x000000008f000000, 0x000000008f000000|100%| S|CS|TAMS 0x000000008ef00000, 0x000000008ef00000| Complete 
| 240|0x000000008f000000, 0x000000008f100000, 0x000000008f100000|100%| S|CS|TAMS 0x000000008f000000, 0x000000008f000000| Complete 
| 241|0x000000008f100000, 0x000000008f200000, 0x000000008f200000|100%| S|CS|TAMS 0x000000008f100000, 0x000000008f100000| Complete 
| 242|0x000000008f200000, 0x000000008f300000, 0x000000008f300000|100%| S|CS|TAMS 0x000000008f200000, 0x000000008f200000| Complete 
| 243|0x000000008f300000, 0x000000008f400000, 0x000000008f400000|100%| S|CS|TAMS 0x000000008f300000, 0x000000008f300000| Complete 
| 244|0x000000008f400000, 0x000000008f500000, 0x000000008f500000|100%| S|CS|TAMS 0x000000008f400000, 0x000000008f400000| Complete 
| 245|0x000000008f500000, 0x000000008f600000, 0x000000008f600000|100%| S|CS|TAMS 0x000000008f500000, 0x000000008f500000| Complete 
| 246|0x000000008f600000, 0x000000008f700000, 0x000000008f700000|100%| S|CS|TAMS 0x000000008f600000, 0x000000008f600000| Complete 
| 247|0x000000008f700000, 0x000000008f800000, 0x000000008f800000|100%| S|CS|TAMS 0x000000008f700000, 0x000000008f700000| Complete 
| 248|0x000000008f800000, 0x000000008f900000, 0x000000008f900000|100%| S|CS|TAMS 0x000000008f800000, 0x000000008f800000| Complete 
| 249|0x000000008f900000, 0x000000008fa00000, 0x000000008fa00000|100%| S|CS|TAMS 0x000000008f900000, 0x000000008f900000| Complete 
| 250|0x000000008fa00000, 0x000000008fa00000, 0x000000008fb00000|  0%| F|  |TAMS 0x000000008fa00000, 0x000000008fa00000| Untracked 
| 251|0x000000008fb00000, 0x000000008fb00000, 0x000000008fc00000|  0%| F|  |TAMS 0x000000008fb00000, 0x000000008fb00000| Untracked 
| 252|0x000000008fc00000, 0x000000008fc00000, 0x000000008fd00000|  0%| F|  |TAMS 0x000000008fc00000, 0x000000008fc00000| Untracked 
| 253|0x000000008fd00000, 0x000000008fd00000, 0x000000008fe00000|  0%| F|  |TAMS 0x000000008fd00000, 0x000000008fd00000| Untracked 
| 254|0x000000008fe00000, 0x000000008fe00000, 0x000000008ff00000|  0%| F|  |TAMS 0x000000008fe00000, 0x000000008fe00000| Untracked 
| 255|0x000000008ff00000, 0x000000008ff00000, 0x0000000090000000|  0%| F|  |TAMS 0x000000008ff00000, 0x000000008ff00000| Untracked 
| 256|0x0000000090000000, 0x0000000090100000, 0x0000000090100000|100%| S|CS|TAMS 0x0000000090000000, 0x0000000090000000| Complete 
| 257|0x0000000090100000, 0x0000000090200000, 0x0000000090200000|100%| S|CS|TAMS 0x0000000090100000, 0x0000000090100000| Complete 
| 258|0x0000000090200000, 0x0000000090200000, 0x0000000090300000|  0%| F|  |TAMS 0x0000000090200000, 0x0000000090200000| Untracked 
| 259|0x0000000090300000, 0x0000000090300000, 0x0000000090400000|  0%| F|  |TAMS 0x0000000090300000, 0x0000000090300000| Untracked 
| 260|0x0000000090400000, 0x0000000090400000, 0x0000000090500000|  0%| F|  |TAMS 0x0000000090400000, 0x0000000090400000| Untracked 
| 261|0x0000000090500000, 0x0000000090500000, 0x0000000090600000|  0%| F|  |TAMS 0x0000000090500000, 0x0000000090500000| Untracked 
| 262|0x0000000090600000, 0x0000000090600000, 0x0000000090700000|  0%| F|  |TAMS 0x0000000090600000, 0x0000000090600000| Untracked 
| 263|0x0000000090700000, 0x0000000090700000, 0x0000000090800000|  0%| F|  |TAMS 0x0000000090700000, 0x0000000090700000| Untracked 
| 264|0x0000000090800000, 0x0000000090800000, 0x0000000090900000|  0%| F|  |TAMS 0x0000000090800000, 0x0000000090800000| Untracked 
| 265|0x0000000090900000, 0x0000000090900000, 0x0000000090a00000|  0%| F|  |TAMS 0x0000000090900000, 0x0000000090900000| Untracked 
| 266|0x0000000090a00000, 0x0000000090a00000, 0x0000000090b00000|  0%| F|  |TAMS 0x0000000090a00000, 0x0000000090a00000| Untracked 
| 267|0x0000000090b00000, 0x0000000090b00000, 0x0000000090c00000|  0%| F|  |TAMS 0x0000000090b00000, 0x0000000090b00000| Untracked 
| 268|0x0000000090c00000, 0x0000000090c00000, 0x0000000090d00000|  0%| F|  |TAMS 0x0000000090c00000, 0x0000000090c00000| Untracked 
| 269|0x0000000090d00000, 0x0000000090d00000, 0x0000000090e00000|  0%| F|  |TAMS 0x0000000090d00000, 0x0000000090d00000| Untracked 
| 270|0x0000000090e00000, 0x0000000090e00000, 0x0000000090f00000|  0%| F|  |TAMS 0x0000000090e00000, 0x0000000090e00000| Untracked 
| 271|0x0000000090f00000, 0x0000000090f00000, 0x0000000091000000|  0%| F|  |TAMS 0x0000000090f00000, 0x0000000090f00000| Untracked 
| 272|0x0000000091000000, 0x0000000091000000, 0x0000000091100000|  0%| F|  |TAMS 0x0000000091000000, 0x0000000091000000| Untracked 
| 273|0x0000000091100000, 0x0000000091100000, 0x0000000091200000|  0%| F|  |TAMS 0x0000000091100000, 0x0000000091100000| Untracked 
| 274|0x0000000091200000, 0x0000000091200000, 0x0000000091300000|  0%| F|  |TAMS 0x0000000091200000, 0x0000000091200000| Untracked 
| 275|0x0000000091300000, 0x0000000091300000, 0x0000000091400000|  0%| F|  |TAMS 0x0000000091300000, 0x0000000091300000| Untracked 
| 276|0x0000000091400000, 0x0000000091400000, 0x0000000091500000|  0%| F|  |TAMS 0x0000000091400000, 0x0000000091400000| Untracked 
| 277|0x0000000091500000, 0x0000000091500000, 0x0000000091600000|  0%| F|  |TAMS 0x0000000091500000, 0x0000000091500000| Untracked 
| 278|0x0000000091600000, 0x0000000091600000, 0x0000000091700000|  0%| F|  |TAMS 0x0000000091600000, 0x0000000091600000| Untracked 
| 279|0x0000000091700000, 0x0000000091700000, 0x0000000091800000|  0%| F|  |TAMS 0x0000000091700000, 0x0000000091700000| Untracked 
| 280|0x0000000091800000, 0x0000000091800000, 0x0000000091900000|  0%| F|  |TAMS 0x0000000091800000, 0x0000000091800000| Untracked 
| 281|0x0000000091900000, 0x0000000091900000, 0x0000000091a00000|  0%| F|  |TAMS 0x0000000091900000, 0x0000000091900000| Untracked 
| 282|0x0000000091a00000, 0x0000000091a00000, 0x0000000091b00000|  0%| F|  |TAMS 0x0000000091a00000, 0x0000000091a00000| Untracked 
| 283|0x0000000091b00000, 0x0000000091b00000, 0x0000000091c00000|  0%| F|  |TAMS 0x0000000091b00000, 0x0000000091b00000| Untracked 
| 284|0x0000000091c00000, 0x0000000091c00000, 0x0000000091d00000|  0%| F|  |TAMS 0x0000000091c00000, 0x0000000091c00000| Untracked 
| 285|0x0000000091d00000, 0x0000000091d00000, 0x0000000091e00000|  0%| F|  |TAMS 0x0000000091d00000, 0x0000000091d00000| Untracked 
| 286|0x0000000091e00000, 0x0000000091e00000, 0x0000000091f00000|  0%| F|  |TAMS 0x0000000091e00000, 0x0000000091e00000| Untracked 
| 287|0x0000000091f00000, 0x0000000091f00000, 0x0000000092000000|  0%| F|  |TAMS 0x0000000091f00000, 0x0000000091f00000| Untracked 
| 288|0x0000000092000000, 0x0000000092000000, 0x0000000092100000|  0%| F|  |TAMS 0x0000000092000000, 0x0000000092000000| Untracked 
| 289|0x0000000092100000, 0x0000000092100000, 0x0000000092200000|  0%| F|  |TAMS 0x0000000092100000, 0x0000000092100000| Untracked 
| 290|0x0000000092200000, 0x0000000092200000, 0x0000000092300000|  0%| F|  |TAMS 0x0000000092200000, 0x0000000092200000| Untracked 
| 291|0x0000000092300000, 0x0000000092300000, 0x0000000092400000|  0%| F|  |TAMS 0x0000000092300000, 0x0000000092300000| Untracked 
| 292|0x0000000092400000, 0x0000000092400000, 0x0000000092500000|  0%| F|  |TAMS 0x0000000092400000, 0x0000000092400000| Untracked 
| 293|0x0000000092500000, 0x0000000092500000, 0x0000000092600000|  0%| F|  |TAMS 0x0000000092500000, 0x0000000092500000| Untracked 
| 294|0x0000000092600000, 0x0000000092600000, 0x0000000092700000|  0%| F|  |TAMS 0x0000000092600000, 0x0000000092600000| Untracked 
| 295|0x0000000092700000, 0x0000000092700000, 0x0000000092800000|  0%| F|  |TAMS 0x0000000092700000, 0x0000000092700000| Untracked 
| 296|0x0000000092800000, 0x0000000092800000, 0x0000000092900000|  0%| F|  |TAMS 0x0000000092800000, 0x0000000092800000| Untracked 
| 297|0x0000000092900000, 0x0000000092900000, 0x0000000092a00000|  0%| F|  |TAMS 0x0000000092900000, 0x0000000092900000| Untracked 
| 298|0x0000000092a00000, 0x0000000092a00000, 0x0000000092b00000|  0%| F|  |TAMS 0x0000000092a00000, 0x0000000092a00000| Untracked 
| 299|0x0000000092b00000, 0x0000000092b00000, 0x0000000092c00000|  0%| F|  |TAMS 0x0000000092b00000, 0x0000000092b00000| Untracked 
| 300|0x0000000092c00000, 0x0000000092c00000, 0x0000000092d00000|  0%| F|  |TAMS 0x0000000092c00000, 0x0000000092c00000| Untracked 
| 301|0x0000000092d00000, 0x0000000092d00000, 0x0000000092e00000|  0%| F|  |TAMS 0x0000000092d00000, 0x0000000092d00000| Untracked 
| 302|0x0000000092e00000, 0x0000000092e00000, 0x0000000092f00000|  0%| F|  |TAMS 0x0000000092e00000, 0x0000000092e00000| Untracked 
| 303|0x0000000092f00000, 0x0000000092f00000, 0x0000000093000000|  0%| F|  |TAMS 0x0000000092f00000, 0x0000000092f00000| Untracked 
| 304|0x0000000093000000, 0x0000000093000000, 0x0000000093100000|  0%| F|  |TAMS 0x0000000093000000, 0x0000000093000000| Untracked 
| 305|0x0000000093100000, 0x0000000093100000, 0x0000000093200000|  0%| F|  |TAMS 0x0000000093100000, 0x0000000093100000| Untracked 
| 306|0x0000000093200000, 0x0000000093200000, 0x0000000093300000|  0%| F|  |TAMS 0x0000000093200000, 0x0000000093200000| Untracked 
| 307|0x0000000093300000, 0x0000000093300000, 0x0000000093400000|  0%| F|  |TAMS 0x0000000093300000, 0x0000000093300000| Untracked 
| 308|0x0000000093400000, 0x0000000093400000, 0x0000000093500000|  0%| F|  |TAMS 0x0000000093400000, 0x0000000093400000| Untracked 
| 309|0x0000000093500000, 0x0000000093500000, 0x0000000093600000|  0%| F|  |TAMS 0x0000000093500000, 0x0000000093500000| Untracked 
| 310|0x0000000093600000, 0x0000000093600000, 0x0000000093700000|  0%| F|  |TAMS 0x0000000093600000, 0x0000000093600000| Untracked 
| 311|0x0000000093700000, 0x0000000093700000, 0x0000000093800000|  0%| F|  |TAMS 0x0000000093700000, 0x0000000093700000| Untracked 
| 312|0x0000000093800000, 0x0000000093800000, 0x0000000093900000|  0%| F|  |TAMS 0x0000000093800000, 0x0000000093800000| Untracked 
| 313|0x0000000093900000, 0x0000000093900000, 0x0000000093a00000|  0%| F|  |TAMS 0x0000000093900000, 0x0000000093900000| Untracked 
| 314|0x0000000093a00000, 0x0000000093a00000, 0x0000000093b00000|  0%| F|  |TAMS 0x0000000093a00000, 0x0000000093a00000| Untracked 
| 315|0x0000000093b00000, 0x0000000093b00000, 0x0000000093c00000|  0%| F|  |TAMS 0x0000000093b00000, 0x0000000093b00000| Untracked 
| 316|0x0000000093c00000, 0x0000000093c00000, 0x0000000093d00000|  0%| F|  |TAMS 0x0000000093c00000, 0x0000000093c00000| Untracked 
| 317|0x0000000093d00000, 0x0000000093d80000, 0x0000000093e00000| 50%| E|  |TAMS 0x0000000093d00000, 0x0000000093d00000| Complete 
| 318|0x0000000093e00000, 0x0000000093f00000, 0x0000000093f00000|100%| E|CS|TAMS 0x0000000093e00000, 0x0000000093e00000| Complete 
| 319|0x0000000093f00000, 0x0000000094000000, 0x0000000094000000|100%| E|CS|TAMS 0x0000000093f00000, 0x0000000093f00000| Complete 
| 320|0x0000000094000000, 0x0000000094100000, 0x0000000094100000|100%| E|CS|TAMS 0x0000000094000000, 0x0000000094000000| Complete 
| 321|0x0000000094100000, 0x0000000094200000, 0x0000000094200000|100%| E|CS|TAMS 0x0000000094100000, 0x0000000094100000| Complete 
| 322|0x0000000094200000, 0x0000000094300000, 0x0000000094300000|100%| E|CS|TAMS 0x0000000094200000, 0x0000000094200000| Complete 
| 323|0x0000000094300000, 0x0000000094400000, 0x0000000094400000|100%| E|CS|TAMS 0x0000000094300000, 0x0000000094300000| Complete 
| 324|0x0000000094400000, 0x0000000094500000, 0x0000000094500000|100%| E|CS|TAMS 0x0000000094400000, 0x0000000094400000| Complete 
| 325|0x0000000094500000, 0x0000000094600000, 0x0000000094600000|100%| E|CS|TAMS 0x0000000094500000, 0x0000000094500000| Complete 
| 326|0x0000000094600000, 0x0000000094700000, 0x0000000094700000|100%| E|CS|TAMS 0x0000000094600000, 0x0000000094600000| Complete 
| 327|0x0000000094700000, 0x0000000094800000, 0x0000000094800000|100%| E|CS|TAMS 0x0000000094700000, 0x0000000094700000| Complete 
| 328|0x0000000094800000, 0x0000000094900000, 0x0000000094900000|100%| E|CS|TAMS 0x0000000094800000, 0x0000000094800000| Complete 
| 329|0x0000000094900000, 0x0000000094a00000, 0x0000000094a00000|100%| E|CS|TAMS 0x0000000094900000, 0x0000000094900000| Complete 
| 330|0x0000000094a00000, 0x0000000094b00000, 0x0000000094b00000|100%| E|CS|TAMS 0x0000000094a00000, 0x0000000094a00000| Complete 
| 331|0x0000000094b00000, 0x0000000094c00000, 0x0000000094c00000|100%| E|CS|TAMS 0x0000000094b00000, 0x0000000094b00000| Complete 
| 332|0x0000000094c00000, 0x0000000094d00000, 0x0000000094d00000|100%| E|CS|TAMS 0x0000000094c00000, 0x0000000094c00000| Complete 
| 333|0x0000000094d00000, 0x0000000094e00000, 0x0000000094e00000|100%| E|CS|TAMS 0x0000000094d00000, 0x0000000094d00000| Complete 
| 334|0x0000000094e00000, 0x0000000094f00000, 0x0000000094f00000|100%| E|CS|TAMS 0x0000000094e00000, 0x0000000094e00000| Complete 
| 335|0x0000000094f00000, 0x0000000095000000, 0x0000000095000000|100%| E|CS|TAMS 0x0000000094f00000, 0x0000000094f00000| Complete 
| 336|0x0000000095000000, 0x0000000095100000, 0x0000000095100000|100%| E|CS|TAMS 0x0000000095000000, 0x0000000095000000| Complete 
| 337|0x0000000095100000, 0x0000000095200000, 0x0000000095200000|100%| E|CS|TAMS 0x0000000095100000, 0x0000000095100000| Complete 
| 338|0x0000000095200000, 0x0000000095300000, 0x0000000095300000|100%| E|CS|TAMS 0x0000000095200000, 0x0000000095200000| Complete 
| 339|0x0000000095300000, 0x0000000095400000, 0x0000000095400000|100%| E|CS|TAMS 0x0000000095300000, 0x0000000095300000| Complete 
| 340|0x0000000095400000, 0x0000000095500000, 0x0000000095500000|100%| E|CS|TAMS 0x0000000095400000, 0x0000000095400000| Complete 
| 341|0x0000000095500000, 0x0000000095600000, 0x0000000095600000|100%| E|CS|TAMS 0x0000000095500000, 0x0000000095500000| Complete 
| 342|0x0000000095600000, 0x0000000095700000, 0x0000000095700000|100%| E|CS|TAMS 0x0000000095600000, 0x0000000095600000| Complete 
| 343|0x0000000095700000, 0x0000000095800000, 0x0000000095800000|100%| E|CS|TAMS 0x0000000095700000, 0x0000000095700000| Complete 
| 344|0x0000000095800000, 0x0000000095900000, 0x0000000095900000|100%| E|CS|TAMS 0x0000000095800000, 0x0000000095800000| Complete 
| 345|0x0000000095900000, 0x0000000095a00000, 0x0000000095a00000|100%| E|CS|TAMS 0x0000000095900000, 0x0000000095900000| Complete 
| 346|0x0000000095a00000, 0x0000000095b00000, 0x0000000095b00000|100%| E|CS|TAMS 0x0000000095a00000, 0x0000000095a00000| Complete 
| 347|0x0000000095b00000, 0x0000000095c00000, 0x0000000095c00000|100%| E|CS|TAMS 0x0000000095b00000, 0x0000000095b00000| Complete 
| 348|0x0000000095c00000, 0x0000000095d00000, 0x0000000095d00000|100%| E|CS|TAMS 0x0000000095c00000, 0x0000000095c00000| Complete 
| 349|0x0000000095d00000, 0x0000000095e00000, 0x0000000095e00000|100%| E|CS|TAMS 0x0000000095d00000, 0x0000000095d00000| Complete 
| 350|0x0000000095e00000, 0x0000000095f00000, 0x0000000095f00000|100%| E|CS|TAMS 0x0000000095e00000, 0x0000000095e00000| Complete 
| 351|0x0000000095f00000, 0x0000000096000000, 0x0000000096000000|100%| E|CS|TAMS 0x0000000095f00000, 0x0000000095f00000| Complete 
| 352|0x0000000096000000, 0x0000000096100000, 0x0000000096100000|100%| E|CS|TAMS 0x0000000096000000, 0x0000000096000000| Complete 
| 353|0x0000000096100000, 0x0000000096200000, 0x0000000096200000|100%| E|CS|TAMS 0x0000000096100000, 0x0000000096100000| Complete 
| 354|0x0000000096200000, 0x0000000096300000, 0x0000000096300000|100%| E|CS|TAMS 0x0000000096200000, 0x0000000096200000| Complete 
| 355|0x0000000096300000, 0x0000000096400000, 0x0000000096400000|100%| E|CS|TAMS 0x0000000096300000, 0x0000000096300000| Complete 
| 356|0x0000000096400000, 0x0000000096500000, 0x0000000096500000|100%| E|CS|TAMS 0x0000000096400000, 0x0000000096400000| Complete 
| 357|0x0000000096500000, 0x0000000096600000, 0x0000000096600000|100%| E|CS|TAMS 0x0000000096500000, 0x0000000096500000| Complete 
| 358|0x0000000096600000, 0x0000000096700000, 0x0000000096700000|100%| E|CS|TAMS 0x0000000096600000, 0x0000000096600000| Complete 
| 359|0x0000000096700000, 0x0000000096800000, 0x0000000096800000|100%| E|CS|TAMS 0x0000000096700000, 0x0000000096700000| Complete 
| 360|0x0000000096800000, 0x0000000096900000, 0x0000000096900000|100%| E|CS|TAMS 0x0000000096800000, 0x0000000096800000| Complete 
| 361|0x0000000096900000, 0x0000000096a00000, 0x0000000096a00000|100%| E|CS|TAMS 0x0000000096900000, 0x0000000096900000| Complete 
| 362|0x0000000096a00000, 0x0000000096b00000, 0x0000000096b00000|100%| E|CS|TAMS 0x0000000096a00000, 0x0000000096a00000| Complete 
| 363|0x0000000096b00000, 0x0000000096c00000, 0x0000000096c00000|100%| E|CS|TAMS 0x0000000096b00000, 0x0000000096b00000| Complete 
| 364|0x0000000096c00000, 0x0000000096d00000, 0x0000000096d00000|100%| E|CS|TAMS 0x0000000096c00000, 0x0000000096c00000| Complete 
| 365|0x0000000096d00000, 0x0000000096e00000, 0x0000000096e00000|100%| E|CS|TAMS 0x0000000096d00000, 0x0000000096d00000| Complete 
| 366|0x0000000096e00000, 0x0000000096f00000, 0x0000000096f00000|100%| E|CS|TAMS 0x0000000096e00000, 0x0000000096e00000| Complete 
| 367|0x0000000096f00000, 0x0000000097000000, 0x0000000097000000|100%| E|CS|TAMS 0x0000000096f00000, 0x0000000096f00000| Complete 
| 368|0x0000000097000000, 0x0000000097100000, 0x0000000097100000|100%| E|CS|TAMS 0x0000000097000000, 0x0000000097000000| Complete 
| 369|0x0000000097100000, 0x0000000097200000, 0x0000000097200000|100%| E|CS|TAMS 0x0000000097100000, 0x0000000097100000| Complete 
| 370|0x0000000097200000, 0x0000000097300000, 0x0000000097300000|100%| E|CS|TAMS 0x0000000097200000, 0x0000000097200000| Complete 
| 371|0x0000000097300000, 0x0000000097400000, 0x0000000097400000|100%| E|CS|TAMS 0x0000000097300000, 0x0000000097300000| Complete 
| 372|0x0000000097400000, 0x0000000097500000, 0x0000000097500000|100%| E|CS|TAMS 0x0000000097400000, 0x0000000097400000| Complete 
| 373|0x0000000097500000, 0x0000000097600000, 0x0000000097600000|100%| E|CS|TAMS 0x0000000097500000, 0x0000000097500000| Complete 

Card table byte_map: [0x00000257f7250000,0x00000257f7650000] _byte_map_base: 0x00000257f6e50000

Marking Bits (Prev, Next): (CMBitMap*) 0x00000257ef36fc70, (CMBitMap*) 0x00000257ef36fcb0
 Prev Bits: [0x00000257f7a50000, 0x00000257f9a50000)
 Next Bits: [0x00000257f9a50000, 0x00000257fba50000)

Polling page: 0x00000257eead0000

Metaspace:

Usage:
  Non-class:     92.13 MB used.
      Class:     14.91 MB used.
       Both:    107.04 MB used.

Virtual space:
  Non-class space:      128.00 MB reserved,      92.94 MB ( 73%) committed,  2 nodes.
      Class space:      416.00 MB reserved,      15.56 MB (  4%) committed,  1 nodes.
             Both:      544.00 MB reserved,     108.50 MB ( 20%) committed. 

Chunk freelists:
   Non-Class:  3.11 MB
       Class:  495.00 KB
        Both:  3.59 MB

MaxMetaspaceSize: 512.00 MB
CompressedClassSpaceSize: 416.00 MB
Initial GC threshold: 21.00 MB
Current GC threshold: 115.31 MB
CDS: on
MetaspaceReclaimPolicy: balanced
 - commit_granule_bytes: 65536.
 - commit_granule_words: 8192.
 - virtual_space_node_default_size: 8388608.
 - enlarge_chunks_in_place: 1.
 - new_chunks_are_fully_committed: 0.
 - uncommit_free_chunks: 1.
 - use_allocation_guard: 0.
 - handle_deallocations: 1.


Internal statistics:

num_allocs_failed_limit: 9.
num_arena_births: 1814.
num_arena_deaths: 0.
num_vsnodes_births: 3.
num_vsnodes_deaths: 0.
num_space_committed: 1736.
num_space_uncommitted: 0.
num_chunks_returned_to_freelist: 9.
num_chunks_taken_from_freelist: 6938.
num_chunk_merges: 9.
num_chunk_splits: 4389.
num_chunks_enlarged: 2640.
num_inconsistent_stats: 0.

CodeHeap 'non-profiled nmethods': size=120000Kb used=10090Kb max_used=10090Kb free=109909Kb
 bounds [0x0000025787ad0000, 0x00000257884b0000, 0x000002578f000000]
CodeHeap 'profiled nmethods': size=120000Kb used=28735Kb max_used=28735Kb free=91264Kb
 bounds [0x0000025780000000, 0x0000025781c20000, 0x0000025787530000]
CodeHeap 'non-nmethods': size=5760Kb used=2448Kb max_used=2565Kb free=3311Kb
 bounds [0x0000025787530000, 0x00000257877d0000, 0x0000025787ad0000]
 total_blobs=15226 nmethods=14238 adapters=900
 compilation: enabled
              stopped_count=0, restarted_count=0
 full_count=0

Compilation events (20 events):
Event: 36.711 Thread 0x00000257fdf264f0 nmethod 16526 0x0000025781bf0410 code [0x0000025781bf05c0, 0x0000025781bf0828]
Event: 36.711 Thread 0x00000257fdf264f0 16527       3       org.gradle.api.internal.tasks.properties.annotations.AbstractOutputPropertyAnnotationHandler::visitPropertyValue (22 bytes)
Event: 36.711 Thread 0x00000257fdf264f0 nmethod 16527 0x0000025781bf0910 code [0x0000025781bf0ae0, 0x0000025781bf0f18]
Event: 36.711 Thread 0x00000257fdf264f0 16528       3       java.util.Map::putIfAbsent (23 bytes)
Event: 36.712 Thread 0x00000257fdf264f0 nmethod 16528 0x0000025781bf1110 code [0x0000025781bf12c0, 0x0000025781bf1598]
Event: 36.712 Thread 0x00000257fdf264f0 16529       3       org.gradle.api.internal.provider.ValueSupplier$TaskProducer::visitProducerTasks (11 bytes)
Event: 36.712 Thread 0x00000257fdf264f0 nmethod 16529 0x0000025781bf1690 code [0x0000025781bf1840, 0x0000025781bf1a28]
Event: 36.712 Thread 0x00000257fdf264f0 16531       3       org.gradle.internal.reflect.annotations.impl.DefaultTypeAnnotationMetadataStore::createTypeAnnotationMetadata (257 bytes)
Event: 36.720 Thread 0x00000257fdf264f0 nmethod 16531 0x0000025781bf1b10 code [0x0000025781bf21c0, 0x0000025781bf64c8]
Event: 36.720 Thread 0x00000257fdf264f0 16530       3       org.gradle.internal.reflect.annotations.impl.DefaultTypeAnnotationMetadataStore$$Lambda$688/0x000002579056dbc8::apply (12 bytes)
Event: 36.720 Thread 0x00000257fdf264f0 nmethod 16530 0x0000025781bf7910 code [0x0000025781bf7ac0, 0x0000025781bf7d08]
Event: 36.730 Thread 0x00000257fdf25b30 nmethod 16380 0x000002578849e390 code [0x000002578849e680, 0x00000257884a1040]
Event: 36.731 Thread 0x00000257fdf25b30 16469       4       com.google.gson.stream.JsonReader::nextNonWhitespace (357 bytes)
Event: 36.736 Thread 0x00000257fdf264f0 16532       3       java.lang.reflect.Method::equals (65 bytes)
Event: 36.737 Thread 0x00000257fdf264f0 nmethod 16532 0x0000025781bf7e10 code [0x0000025781bf8000, 0x0000025781bf86c8]
Event: 36.743 Thread 0x00000257fdf25b30 nmethod 16469 0x00000257884a2390 code [0x00000257884a2540, 0x00000257884a2978]
Event: 36.743 Thread 0x00000257fdf25b30 16492       4       java.util.stream.ReferencePipeline::anyMatch (18 bytes)
Event: 36.750 Thread 0x00000257fdf264f0 16533       3       org.gradle.internal.component.local.model.PublishArtifactLocalArtifactMetadata::getId (2 bytes)
Event: 36.750 Thread 0x00000257fdf264f0 nmethod 16533 0x0000025781bf8810 code [0x0000025781bf89a0, 0x0000025781bf8ab8]
Event: 36.752 Thread 0x00000257fdf264f0 16534       3       java.util.BitSet::or (105 bytes)

GC Heap History (20 events):
Event: 22.080 GC heap before
{Heap before GC invocations=30 (full 0):
 garbage-first heap   total 191488K, used 158450K [0x0000000080000000, 0x0000000100000000)
  region size 1024K, 50 young (51200K), 4 survivors (4096K)
 Metaspace       used 85297K, committed 86272K, reserved 557056K
  class space    used 11876K, committed 12352K, reserved 425984K
}
Event: 22.090 GC heap after
{Heap after GC invocations=31 (full 0):
 garbage-first heap   total 191488K, used 114610K [0x0000000080000000, 0x0000000100000000)
  region size 1024K, 5 young (5120K), 5 survivors (5120K)
 Metaspace       used 85297K, committed 86272K, reserved 557056K
  class space    used 11876K, committed 12352K, reserved 425984K
}
Event: 22.586 GC heap before
{Heap before GC invocations=31 (full 0):
 garbage-first heap   total 191488K, used 159666K [0x0000000080000000, 0x0000000100000000)
  region size 1024K, 49 young (50176K), 5 survivors (5120K)
 Metaspace       used 86962K, committed 87872K, reserved 557056K
  class space    used 12095K, committed 12544K, reserved 425984K
}
Event: 22.596 GC heap after
{Heap after GC invocations=32 (full 0):
 garbage-first heap   total 191488K, used 117692K [0x0000000080000000, 0x0000000100000000)
  region size 1024K, 6 young (6144K), 6 survivors (6144K)
 Metaspace       used 86962K, committed 87872K, reserved 557056K
  class space    used 12095K, committed 12544K, reserved 425984K
}
Event: 23.178 GC heap before
{Heap before GC invocations=32 (full 0):
 garbage-first heap   total 191488K, used 160700K [0x0000000080000000, 0x0000000100000000)
  region size 1024K, 48 young (49152K), 6 survivors (6144K)
 Metaspace       used 89561K, committed 90560K, reserved 557056K
  class space    used 12535K, committed 12992K, reserved 425984K
}
Event: 23.189 GC heap after
{Heap after GC invocations=33 (full 0):
 garbage-first heap   total 191488K, used 118724K [0x0000000080000000, 0x0000000100000000)
  region size 1024K, 4 young (4096K), 4 survivors (4096K)
 Metaspace       used 89561K, committed 90560K, reserved 557056K
  class space    used 12535K, committed 12992K, reserved 425984K
}
Event: 23.824 GC heap before
{Heap before GC invocations=33 (full 0):
 garbage-first heap   total 191488K, used 161732K [0x0000000080000000, 0x0000000100000000)
  region size 1024K, 46 young (47104K), 4 survivors (4096K)
 Metaspace       used 92490K, committed 93440K, reserved 557056K
  class space    used 13010K, committed 13504K, reserved 425984K
}
Event: 23.833 GC heap after
{Heap after GC invocations=34 (full 0):
 garbage-first heap   total 382976K, used 120211K [0x0000000080000000, 0x0000000100000000)
  region size 1024K, 3 young (3072K), 3 survivors (3072K)
 Metaspace       used 92490K, committed 93440K, reserved 557056K
  class space    used 13010K, committed 13504K, reserved 425984K
}
Event: 26.967 GC heap before
{Heap before GC invocations=34 (full 0):
 garbage-first heap   total 382976K, used 314771K [0x0000000080000000, 0x0000000100000000)
  region size 1024K, 193 young (197632K), 3 survivors (3072K)
 Metaspace       used 97077K, committed 98176K, reserved 557056K
  class space    used 13603K, committed 14144K, reserved 425984K
}
Event: 26.997 GC heap after
{Heap after GC invocations=35 (full 0):
 garbage-first heap   total 382976K, used 133631K [0x0000000080000000, 0x0000000100000000)
  region size 1024K, 16 young (16384K), 16 survivors (16384K)
 Metaspace       used 97077K, committed 98176K, reserved 557056K
  class space    used 13603K, committed 14144K, reserved 425984K
}
Event: 29.347 GC heap before
{Heap before GC invocations=35 (full 0):
 garbage-first heap   total 382976K, used 302591K [0x0000000080000000, 0x0000000100000000)
  region size 1024K, 179 young (183296K), 16 survivors (16384K)
 Metaspace       used 101497K, committed 102720K, reserved 557056K
  class space    used 14189K, committed 14784K, reserved 425984K
}
Event: 29.419 GC heap after
{Heap after GC invocations=36 (full 0):
 garbage-first heap   total 382976K, used 158815K [0x0000000080000000, 0x0000000100000000)
  region size 1024K, 23 young (23552K), 23 survivors (23552K)
 Metaspace       used 101497K, committed 102720K, reserved 557056K
  class space    used 14189K, committed 14784K, reserved 425984K
}
Event: 30.593 GC heap before
{Heap before GC invocations=36 (full 0):
 garbage-first heap   total 382976K, used 303199K [0x0000000080000000, 0x0000000100000000)
  region size 1024K, 160 young (163840K), 23 survivors (23552K)
 Metaspace       used 101929K, committed 103232K, reserved 557056K
  class space    used 14247K, committed 14848K, reserved 425984K
}
Event: 30.646 GC heap after
{Heap after GC invocations=37 (full 0):
 garbage-first heap   total 382976K, used 176615K [0x0000000080000000, 0x0000000100000000)
  region size 1024K, 15 young (15360K), 15 survivors (15360K)
 Metaspace       used 101929K, committed 103232K, reserved 557056K
  class space    used 14247K, committed 14848K, reserved 425984K
}
Event: 31.782 GC heap before
{Heap before GC invocations=37 (full 0):
 garbage-first heap   total 382976K, used 303591K [0x0000000080000000, 0x0000000100000000)
  region size 1024K, 139 young (142336K), 15 survivors (15360K)
 Metaspace       used 102169K, committed 103552K, reserved 557056K
  class space    used 14279K, committed 14912K, reserved 425984K
}
Event: 31.819 GC heap after
{Heap after GC invocations=38 (full 0):
 garbage-first heap   total 382976K, used 186368K [0x0000000080000000, 0x0000000100000000)
  region size 1024K, 11 young (11264K), 11 survivors (11264K)
 Metaspace       used 102169K, committed 103552K, reserved 557056K
  class space    used 14279K, committed 14912K, reserved 425984K
}
Event: 33.080 GC heap before
{Heap before GC invocations=38 (full 0):
 garbage-first heap   total 382976K, used 306176K [0x0000000080000000, 0x0000000100000000)
  region size 1024K, 129 young (132096K), 11 survivors (11264K)
 Metaspace       used 102372K, committed 103744K, reserved 557056K
  class space    used 14291K, committed 14912K, reserved 425984K
}
Event: 33.101 GC heap after
{Heap after GC invocations=39 (full 0):
 garbage-first heap   total 382976K, used 192461K [0x0000000080000000, 0x0000000100000000)
  region size 1024K, 8 young (8192K), 8 survivors (8192K)
 Metaspace       used 102372K, committed 103744K, reserved 557056K
  class space    used 14291K, committed 14912K, reserved 425984K
}
Event: 35.086 GC heap before
{Heap before GC invocations=39 (full 0):
 garbage-first heap   total 382976K, used 313293K [0x0000000080000000, 0x0000000100000000)
  region size 1024K, 124 young (126976K), 8 survivors (8192K)
 Metaspace       used 107890K, committed 109312K, reserved 557056K
  class space    used 15053K, committed 15680K, reserved 425984K
}
Event: 35.159 GC heap after
{Heap after GC invocations=40 (full 0):
 garbage-first heap   total 382976K, used 206546K [0x0000000080000000, 0x0000000100000000)
  region size 1024K, 16 young (16384K), 16 survivors (16384K)
 Metaspace       used 107890K, committed 109312K, reserved 557056K
  class space    used 15053K, committed 15680K, reserved 425984K
}

Dll operation events (15 events):
Event: 0.015 Loaded shared library C:\Program Files\Microsoft\jdk-17.0.13.11-hotspot\bin\java.dll
Event: 0.033 Loaded shared library C:\Program Files\Microsoft\jdk-17.0.13.11-hotspot\bin\jsvml.dll
Event: 0.108 Loaded shared library C:\Program Files\Microsoft\jdk-17.0.13.11-hotspot\bin\zip.dll
Event: 0.113 Loaded shared library C:\Program Files\Microsoft\jdk-17.0.13.11-hotspot\bin\instrument.dll
Event: 0.118 Loaded shared library C:\Program Files\Microsoft\jdk-17.0.13.11-hotspot\bin\net.dll
Event: 0.120 Loaded shared library C:\Program Files\Microsoft\jdk-17.0.13.11-hotspot\bin\nio.dll
Event: 0.123 Loaded shared library C:\Program Files\Microsoft\jdk-17.0.13.11-hotspot\bin\zip.dll
Event: 0.503 Loaded shared library C:\Program Files\Microsoft\jdk-17.0.13.11-hotspot\bin\jimage.dll
Event: 0.684 Loaded shared library C:\Program Files\Microsoft\jdk-17.0.13.11-hotspot\bin\verify.dll
Event: 0.872 Loaded shared library C:\Users\aliah\.gradle\native\c067742578af261105cb4f569cf0c3c89f3d7b1fecec35dd04571415982c5e48\windows-amd64\native-platform.dll
Event: 0.889 Loaded shared library C:\Users\aliah\.gradle\native\100fb08df4bc3b14c8652ba06237920a3bd2aa13389f12d3474272988ae205f9\windows-amd64\native-platform-file-events.dll
Event: 2.619 Loaded shared library C:\Program Files\Microsoft\jdk-17.0.13.11-hotspot\bin\management.dll
Event: 2.621 Loaded shared library C:\Program Files\Microsoft\jdk-17.0.13.11-hotspot\bin\management_ext.dll
Event: 2.850 Loaded shared library C:\Program Files\Microsoft\jdk-17.0.13.11-hotspot\bin\extnet.dll
Event: 3.126 Loaded shared library C:\Program Files\Microsoft\jdk-17.0.13.11-hotspot\bin\sunmscapi.dll

Deoptimization events (20 events):
Event: 36.114 Thread 0x00000257ae064310 Uncommon trap: trap_request=0xffffffd6 fr.pc=0x0000025788467cd0 relative=0x00000000000003b0
Event: 36.114 Thread 0x00000257ae064310 Uncommon trap: reason=array_check action=maybe_recompile pc=0x0000025788467cd0 method=java.util.LinkedHashMap.keysToArray([Ljava/lang/Object;)[Ljava/lang/Object; @ 25 c2
Event: 36.114 Thread 0x00000257ae064310 DEOPT PACKING pc=0x0000025788467cd0 sp=0x0000007cfacf8be0
Event: 36.114 Thread 0x00000257ae064310 DEOPT UNPACKING pc=0x00000257875869a3 sp=0x0000007cfacf8b88 mode 2
Event: 36.152 Thread 0x00000257ae064310 Uncommon trap: trap_request=0xffffffd6 fr.pc=0x0000025788467cd0 relative=0x00000000000003b0
Event: 36.152 Thread 0x00000257ae064310 Uncommon trap: reason=array_check action=maybe_recompile pc=0x0000025788467cd0 method=java.util.LinkedHashMap.keysToArray([Ljava/lang/Object;)[Ljava/lang/Object; @ 25 c2
Event: 36.152 Thread 0x00000257ae064310 DEOPT PACKING pc=0x0000025788467cd0 sp=0x0000007cfacf8320
Event: 36.152 Thread 0x00000257ae064310 DEOPT UNPACKING pc=0x00000257875869a3 sp=0x0000007cfacf82c8 mode 2
Event: 36.383 Thread 0x00000257ae064310 Uncommon trap: trap_request=0xfffffff4 fr.pc=0x00000257884930f4 relative=0x00000000000000f4
Event: 36.383 Thread 0x00000257ae064310 Uncommon trap: reason=null_check action=make_not_entrant pc=0x00000257884930f4 method=org.gradle.internal.instantiation.generator.AbstractClassGenerator.isPropertyType(Ljava/lang/Class;)Z @ 3 c2
Event: 36.383 Thread 0x00000257ae064310 DEOPT PACKING pc=0x00000257884930f4 sp=0x0000007cfacf8160
Event: 36.383 Thread 0x00000257ae064310 DEOPT UNPACKING pc=0x00000257875869a3 sp=0x0000007cfacf80f0 mode 2
Event: 36.518 Thread 0x00000257ae064310 Uncommon trap: trap_request=0xfffffff4 fr.pc=0x0000025788494e0c relative=0x000000000000158c
Event: 36.518 Thread 0x00000257ae064310 Uncommon trap: reason=null_check action=make_not_entrant pc=0x0000025788494e0c method=org.gradle.internal.instantiation.generator.AbstractClassGenerator$PropertyMetadata.addGetter(Lorg/gradle/internal/instantiation/generator/AbstractClassGenerator$MethodM
Event: 36.518 Thread 0x00000257ae064310 DEOPT PACKING pc=0x0000025788494e0c sp=0x0000007cfacf97a0
Event: 36.518 Thread 0x00000257ae064310 DEOPT UNPACKING pc=0x00000257875869a3 sp=0x0000007cfacf9788 mode 2
Event: 36.519 Thread 0x00000257ae064310 Uncommon trap: trap_request=0xfffffff4 fr.pc=0x0000025788495888 relative=0x0000000000000168
Event: 36.519 Thread 0x00000257ae064310 Uncommon trap: reason=null_check action=make_not_entrant pc=0x0000025788495888 method=org.gradle.internal.instantiation.generator.AbstractClassGenerator.isPropertyType(Ljava/lang/Class;)Z @ 12 c2
Event: 36.519 Thread 0x00000257ae064310 DEOPT PACKING pc=0x0000025788495888 sp=0x0000007cfacf9760
Event: 36.519 Thread 0x00000257ae064310 DEOPT UNPACKING pc=0x00000257875869a3 sp=0x0000007cfacf9710 mode 2

Classes loaded (20 events):
Event: 34.444 Loading class org/xml/sax/ext/Locator2 done
Event: 34.444 Loading class com/sun/org/apache/xerces/internal/parsers/AbstractSAXParser$LocatorProxy done
Event: 34.445 Loading class org/xml/sax/helpers/AttributesImpl
Event: 34.446 Loading class org/xml/sax/helpers/AttributesImpl done
Event: 34.446 Loading class java/util/regex/Pattern$Behind
Event: 34.447 Loading class java/util/regex/Pattern$Behind done
Event: 34.447 Loading class java/util/regex/Pattern$Neg
Event: 34.447 Loading class java/util/regex/Pattern$Neg done
Event: 34.457 Loading class javax/xml/datatype/DatatypeConfigurationException
Event: 34.457 Loading class javax/xml/datatype/DatatypeConfigurationException done
Event: 34.459 Loading class jdk/internal/reflect/UnsafeBooleanFieldAccessorImpl
Event: 34.460 Loading class jdk/internal/reflect/UnsafeBooleanFieldAccessorImpl done
Event: 34.460 Loading class jdk/internal/reflect/UnsafeIntegerFieldAccessorImpl
Event: 34.460 Loading class jdk/internal/reflect/UnsafeIntegerFieldAccessorImpl done
Event: 34.633 Loading class java/io/CharArrayWriter
Event: 34.634 Loading class java/io/CharArrayWriter done
Event: 34.642 Loading class java/io/SequenceInputStream
Event: 34.643 Loading class java/io/SequenceInputStream done
Event: 34.651 Loading class java/util/function/IntUnaryOperator
Event: 34.651 Loading class java/util/function/IntUnaryOperator done

Classes unloaded (0 events):
No events

Classes redefined (0 events):
No events

Internal exceptions (20 events):
Event: 31.709 Thread 0x00000257ae064310 Exception <a 'java/lang/ClassNotFoundException'{0x000000008fb8ac10}: org/gradle/api/internal/artifacts/dependencies/AbstractDependencyConstraintCustomizer> (0x000000008fb8ac10) 
thrown [s\src\hotspot\share\classfile\systemDictionary.cpp, line 256]
Event: 31.712 Thread 0x00000257ae064310 Exception <a 'java/lang/ClassNotFoundException'{0x000000008fbae948}: org/gradle/api/internal/artifacts/dependencies/DefaultDependencyConstraintCustomizer> (0x000000008fbae948) 
thrown [s\src\hotspot\share\classfile\systemDictionary.cpp, line 256]
Event: 31.715 Thread 0x00000257ae064310 Exception <a 'java/lang/ClassNotFoundException'{0x000000008fbe0ab8}: org/gradle/api/internal/artifacts/dependencies/DefaultDependencyConstraint_DecoratedCustomizer> (0x000000008fbe0ab8) 
thrown [s\src\hotspot\share\classfile\systemDictionary.cpp, line 256]
Event: 32.259 Thread 0x00000257ae064310 Exception <a 'java/lang/ClassNotFoundException'{0x0000000096ad8668}: build_c4rw0o4rgfzb4h854scxe8zwcBeanInfo> (0x0000000096ad8668) 
thrown [s\src\hotspot\share\classfile\systemDictionary.cpp, line 256]
Event: 32.260 Thread 0x00000257ae064310 Exception <a 'java/lang/ClassNotFoundException'{0x0000000096adf958}: build_c4rw0o4rgfzb4h854scxe8zwcCustomizer> (0x0000000096adf958) 
thrown [s\src\hotspot\share\classfile\systemDictionary.cpp, line 256]
Event: 33.177 Thread 0x00000257ae064310 Exception <a 'java/lang/ClassNotFoundException'{0x0000000096bdba98}: build_c4rw0o4rgfzb4h854scxe8zwcBeanInfo> (0x0000000096bdba98) 
thrown [s\src\hotspot\share\classfile\systemDictionary.cpp, line 256]
Event: 33.178 Thread 0x00000257ae064310 Exception <a 'java/lang/ClassNotFoundException'{0x0000000096be2d20}: build_c4rw0o4rgfzb4h854scxe8zwcCustomizer> (0x0000000096be2d20) 
thrown [s\src\hotspot\share\classfile\systemDictionary.cpp, line 256]
Event: 33.281 Thread 0x00000257ae064310 Exception <a 'java/lang/ClassNotFoundException'{0x00000000964edaf0}: build_c4rw0o4rgfzb4h854scxe8zwc$_run_closure1BeanInfo> (0x00000000964edaf0) 
thrown [s\src\hotspot\share\classfile\systemDictionary.cpp, line 256]
Event: 33.282 Thread 0x00000257ae064310 Exception <a 'java/lang/ClassNotFoundException'{0x00000000964faef0}: build_c4rw0o4rgfzb4h854scxe8zwc$_run_closure1Customizer> (0x00000000964faef0) 
thrown [s\src\hotspot\share\classfile\systemDictionary.cpp, line 256]
Event: 33.831 Thread 0x00000257ae064310 Exception <a 'sun/nio/fs/WindowsException'{0x00000000941b5a00}> (0x00000000941b5a00) 
thrown [s\src\hotspot\share\prims\jni.cpp, line 516]
Event: 33.831 Thread 0x00000257ae064310 Exception <a 'sun/nio/fs/WindowsException'{0x00000000941b7040}> (0x00000000941b7040) 
thrown [s\src\hotspot\share\prims\jni.cpp, line 516]
Event: 33.831 Thread 0x00000257ae064310 Exception <a 'sun/nio/fs/WindowsException'{0x00000000941b86d0}> (0x00000000941b86d0) 
thrown [s\src\hotspot\share\prims\jni.cpp, line 516]
Event: 33.831 Thread 0x00000257ae064310 Exception <a 'sun/nio/fs/WindowsException'{0x00000000941b9d60}> (0x00000000941b9d60) 
thrown [s\src\hotspot\share\prims\jni.cpp, line 516]
Event: 33.997 Thread 0x00000257ae064310 Exception <a 'java/lang/NullPointerException'{0x0000000093577258}> (0x0000000093577258) 
thrown [s\src\hotspot\share\interpreter\linkResolver.cpp, line 1433]
Event: 34.138 Thread 0x00000257ae064310 Implicit null exception at 0x0000025787c53dad to 0x0000025787c553f0
Event: 34.652 Thread 0x00000257ae064310 Exception <a 'java/lang/NoSuchMethodError'{0x000000009126c1a8}: 'int java.lang.invoke.DirectMethodHandle$Holder.invokeSpecial(java.lang.Object, java.lang.Object, int)'> (0x000000009126c1a8) 
thrown [s\src\hotspot\share\interpreter\linkResolver.cpp, line 759]
Event: 35.170 Thread 0x00000257fdef9940 Implicit null exception at 0x00000257882d4b80 to 0x00000257882d5200
Event: 36.383 Thread 0x00000257ae064310 Implicit null exception at 0x0000025788493010 to 0x00000257884930e4
Event: 36.518 Thread 0x00000257ae064310 Implicit null exception at 0x0000025788494264 to 0x0000025788494dfc
Event: 36.519 Thread 0x00000257ae064310 Implicit null exception at 0x0000025788495792 to 0x0000025788495876

VM Operations (20 events):
Event: 31.782 Executing VM operation: G1CollectForAllocation
Event: 31.819 Executing VM operation: G1CollectForAllocation done
Event: 32.509 Executing VM operation: ICBufferFull
Event: 32.509 Executing VM operation: ICBufferFull done
Event: 33.080 Executing VM operation: G1CollectForAllocation
Event: 33.101 Executing VM operation: G1CollectForAllocation done
Event: 33.408 Executing VM operation: ICBufferFull
Event: 33.409 Executing VM operation: ICBufferFull done
Event: 33.919 Executing VM operation: HandshakeAllThreads
Event: 33.919 Executing VM operation: HandshakeAllThreads done
Event: 33.919 Executing VM operation: HandshakeAllThreads
Event: 33.919 Executing VM operation: HandshakeAllThreads done
Event: 33.934 Executing VM operation: ICBufferFull
Event: 33.935 Executing VM operation: ICBufferFull done
Event: 34.580 Executing VM operation: ICBufferFull
Event: 34.580 Executing VM operation: ICBufferFull done
Event: 35.085 Executing VM operation: G1CollectForAllocation
Event: 35.159 Executing VM operation: G1CollectForAllocation done
Event: 36.170 Executing VM operation: Cleanup
Event: 36.171 Executing VM operation: Cleanup done

Memory protections (0 events):
No events

Nmethod flushes (20 events):
Event: 29.602 Thread 0x00000257fdf2ee10 flushing  nmethod 0x0000025781593610
Event: 29.602 Thread 0x00000257fdf2ee10 flushing  nmethod 0x0000025781594f90
Event: 29.602 Thread 0x00000257fdf2ee10 flushing  nmethod 0x0000025781599590
Event: 29.602 Thread 0x00000257fdf2ee10 flushing  nmethod 0x00000257815ca290
Event: 29.602 Thread 0x00000257fdf2ee10 flushing  nmethod 0x0000025781640810
Event: 29.602 Thread 0x00000257fdf2ee10 flushing  nmethod 0x000002578164e310
Event: 29.602 Thread 0x00000257fdf2ee10 flushing  nmethod 0x0000025781657310
Event: 29.602 Thread 0x00000257fdf2ee10 flushing  nmethod 0x000002578167ab90
Event: 29.602 Thread 0x00000257fdf2ee10 flushing  nmethod 0x000002578167af90
Event: 29.602 Thread 0x00000257fdf2ee10 flushing  nmethod 0x000002578167bf10
Event: 29.602 Thread 0x00000257fdf2ee10 flushing  nmethod 0x0000025781687a90
Event: 29.603 Thread 0x00000257fdf2ee10 flushing  nmethod 0x00000257816a2a10
Event: 29.603 Thread 0x00000257fdf2ee10 flushing  nmethod 0x00000257816a4f90
Event: 29.603 Thread 0x00000257fdf2ee10 flushing  nmethod 0x00000257816aaf10
Event: 29.603 Thread 0x00000257fdf2ee10 flushing  nmethod 0x00000257816df310
Event: 29.604 Thread 0x00000257fdf2ee10 flushing  nmethod 0x000002578182aa90
Event: 33.925 Thread 0x00000257fdf2ee10 flushing  nmethod 0x000002578010c190
Event: 33.926 Thread 0x00000257fdf2ee10 flushing  nmethod 0x0000025780247e90
Event: 33.928 Thread 0x00000257fdf2ee10 flushing  nmethod 0x000002578044ec10
Event: 33.931 Thread 0x00000257fdf2ee10 flushing  nmethod 0x00000257807e4690

Events (20 events):
Event: 15.891 Thread 0x00000257fe2ff3a0 Thread added: 0x00000257fe5783c0
Event: 16.017 Thread 0x00000257ae064310 Thread added: 0x00000257fe576a70
Event: 16.017 Thread 0x00000257ae064310 Thread added: 0x00000257fe577eb0
Event: 16.017 Thread 0x00000257ae064310 Thread added: 0x00000257fe5779a0
Event: 16.040 Thread 0x00000257ae064310 Thread added: 0x00000257fe574c10
Event: 16.041 Thread 0x00000257ae064310 Thread added: 0x00000257fe572db0
Event: 16.042 Thread 0x00000257ae064310 Thread added: 0x00000257fe575120
Event: 16.086 Thread 0x00000257ae064310 Thread added: 0x00000257fe5741f0
Event: 16.087 Thread 0x00000257ae064310 Thread added: 0x00000257fe575630
Event: 16.087 Thread 0x00000257ae064310 Thread added: 0x00000257fe577490
Event: 16.316 Thread 0x00000257ae064310 Thread added: 0x00000257fe575b40
Event: 16.578 Thread 0x00000257ae064310 Thread added: 0x00000257fe5788d0
Event: 17.101 Thread 0x00000257fe2ff3a0 Thread added: 0x00000257fe579800
Event: 17.101 Thread 0x00000257fe2ff3a0 Thread added: 0x00000257fe573ce0
Event: 17.101 Thread 0x00000257fe2ff3a0 Thread added: 0x00000257fe5737d0
Event: 17.115 Thread 0x00000257fe2ff3a0 Thread added: 0x00000257fe5728a0
Event: 18.573 Thread 0x00000257ae064310 Thread added: 0x00000257fe578de0
Event: 19.515 Thread 0x00000257ff938ee0 Thread exited: 0x00000257ff938ee0
Event: 19.702 Thread 0x00000257fdf264f0 Thread added: 0x00000257fec064a0
Event: 21.211 Thread 0x00000257ae064310 Thread added: 0x00000257fe22b7b0


Dynamic libraries:
0x00007ff68a080000 - 0x00007ff68a08e000 	C:\Program Files\Microsoft\jdk-17.0.13.11-hotspot\bin\java.exe
0x00007fff00a30000 - 0x00007fff00c28000 	C:\WINDOWS\SYSTEM32\ntdll.dll
0x00007fff005d0000 - 0x00007fff00692000 	C:\WINDOWS\System32\KERNEL32.DLL
0x00007ffefe620000 - 0x00007ffefe91f000 	C:\WINDOWS\System32\KERNELBASE.dll
0x00007ffefe160000 - 0x00007ffefe260000 	C:\WINDOWS\System32\ucrtbase.dll
0x00007ffef5e50000 - 0x00007ffef5e67000 	C:\Program Files\Microsoft\jdk-17.0.13.11-hotspot\bin\jli.dll
0x00007ffedc750000 - 0x00007ffedc76d000 	C:\Program Files\Microsoft\jdk-17.0.13.11-hotspot\bin\VCRUNTIME140.dll
0x00007ffeff180000 - 0x00007ffeff31d000 	C:\WINDOWS\System32\USER32.dll
0x00007ffefe5f0000 - 0x00007ffefe612000 	C:\WINDOWS\System32\win32u.dll
0x00007ffeea4e0000 - 0x00007ffeea77a000 	C:\WINDOWS\WinSxS\amd64_microsoft.windows.common-controls_6595b64144ccf1df_6.0.19041.4355_none_60b8b9eb71f62e16\COMCTL32.dll
0x00007fff009c0000 - 0x00007fff009eb000 	C:\WINDOWS\System32\GDI32.dll
0x00007ffefed80000 - 0x00007ffefee1e000 	C:\WINDOWS\System32\msvcrt.dll
0x00007ffefe920000 - 0x00007ffefea37000 	C:\WINDOWS\System32\gdi32full.dll
0x00007ffefe550000 - 0x00007ffefe5ed000 	C:\WINDOWS\System32\msvcp_win.dll
0x00007ffeffc10000 - 0x00007ffeffc3f000 	C:\WINDOWS\System32\IMM32.DLL
0x00007ffef65c0000 - 0x00007ffef65cc000 	C:\Program Files\Microsoft\jdk-17.0.13.11-hotspot\bin\vcruntime140_1.dll
0x00007ffe8f430000 - 0x00007ffe8f4bd000 	C:\Program Files\Microsoft\jdk-17.0.13.11-hotspot\bin\msvcp140.dll
0x00007ffe8a500000 - 0x00007ffe8b171000 	C:\Program Files\Microsoft\jdk-17.0.13.11-hotspot\bin\server\jvm.dll
0x00007fff006a0000 - 0x00007fff00751000 	C:\WINDOWS\System32\ADVAPI32.dll
0x00007ffefece0000 - 0x00007ffefed7f000 	C:\WINDOWS\System32\sechost.dll
0x00007ffefeba0000 - 0x00007ffefecc3000 	C:\WINDOWS\System32\RPCRT4.dll
0x00007ffefe0c0000 - 0x00007ffefe0e7000 	C:\WINDOWS\System32\bcrypt.dll
0x00007ffeff390000 - 0x00007ffeff3fb000 	C:\WINDOWS\System32\WS2_32.dll
0x00007ffefd650000 - 0x00007ffefd69b000 	C:\WINDOWS\SYSTEM32\POWRPROF.dll
0x00007ffee7fe0000 - 0x00007ffee8007000 	C:\WINDOWS\SYSTEM32\WINMM.dll
0x00007ffef40f0000 - 0x00007ffef40fa000 	C:\WINDOWS\SYSTEM32\VERSION.dll
0x00007ffefd4c0000 - 0x00007ffefd4d2000 	C:\WINDOWS\SYSTEM32\UMPDC.dll
0x00007ffefc930000 - 0x00007ffefc942000 	C:\WINDOWS\SYSTEM32\kernel.appcore.dll
0x00007ffeeb5f0000 - 0x00007ffeeb5fa000 	C:\Program Files\Microsoft\jdk-17.0.13.11-hotspot\bin\jimage.dll
0x00007ffefaf80000 - 0x00007ffefb164000 	C:\WINDOWS\SYSTEM32\DBGHELP.DLL
0x00007ffee1090000 - 0x00007ffee10c4000 	C:\WINDOWS\SYSTEM32\dbgcore.DLL
0x00007ffefe2b0000 - 0x00007ffefe332000 	C:\WINDOWS\System32\bcryptPrimitives.dll
0x00007ffef6030000 - 0x00007ffef603e000 	C:\Program Files\Microsoft\jdk-17.0.13.11-hotspot\bin\instrument.dll
0x00007ffedc5f0000 - 0x00007ffedc615000 	C:\Program Files\Microsoft\jdk-17.0.13.11-hotspot\bin\java.dll
0x00007ffe8e8e0000 - 0x00007ffe8e9b7000 	C:\Program Files\Microsoft\jdk-17.0.13.11-hotspot\bin\jsvml.dll
0x00007ffeffc40000 - 0x00007fff003ae000 	C:\WINDOWS\System32\SHELL32.dll
0x00007ffefc0f0000 - 0x00007ffefc894000 	C:\WINDOWS\SYSTEM32\windows.storage.dll
0x00007ffefee20000 - 0x00007ffeff175000 	C:\WINDOWS\System32\combase.dll
0x00007ffefdaf0000 - 0x00007ffefdb1f000 	C:\WINDOWS\SYSTEM32\Wldp.dll
0x00007fff00760000 - 0x00007fff0082d000 	C:\WINDOWS\System32\OLEAUT32.dll
0x00007ffeff6d0000 - 0x00007ffeff77d000 	C:\WINDOWS\System32\SHCORE.dll
0x00007fff00440000 - 0x00007fff00495000 	C:\WINDOWS\System32\shlwapi.dll
0x00007ffefdff0000 - 0x00007ffefe014000 	C:\WINDOWS\SYSTEM32\profapi.dll
0x00007ffec7db0000 - 0x00007ffec7dc8000 	C:\Program Files\Microsoft\jdk-17.0.13.11-hotspot\bin\zip.dll
0x00007ffedba20000 - 0x00007ffedba3a000 	C:\Program Files\Microsoft\jdk-17.0.13.11-hotspot\bin\net.dll
0x00007ffefb190000 - 0x00007ffefb29d000 	C:\WINDOWS\SYSTEM32\WINHTTP.dll
0x00007ffefd850000 - 0x00007ffefd8ba000 	C:\WINDOWS\system32\mswsock.dll
0x00007ffed94f0000 - 0x00007ffed9506000 	C:\Program Files\Microsoft\jdk-17.0.13.11-hotspot\bin\nio.dll
0x00007ffef9150000 - 0x00007ffef9160000 	C:\Program Files\Microsoft\jdk-17.0.13.11-hotspot\bin\verify.dll
0x00007ffeeb6c0000 - 0x00007ffeeb6e7000 	C:\Users\aliah\.gradle\native\c067742578af261105cb4f569cf0c3c89f3d7b1fecec35dd04571415982c5e48\windows-amd64\native-platform.dll
0x00007ffedaf80000 - 0x00007ffedb0c4000 	C:\Users\aliah\.gradle\native\100fb08df4bc3b14c8652ba06237920a3bd2aa13389f12d3474272988ae205f9\windows-amd64\native-platform-file-events.dll
0x00007ffee29f0000 - 0x00007ffee29fa000 	C:\Program Files\Microsoft\jdk-17.0.13.11-hotspot\bin\management.dll
0x00007ffee0c20000 - 0x00007ffee0c2b000 	C:\Program Files\Microsoft\jdk-17.0.13.11-hotspot\bin\management_ext.dll
0x00007ffeff380000 - 0x00007ffeff388000 	C:\WINDOWS\System32\PSAPI.DLL
0x00007ffefda40000 - 0x00007ffefda58000 	C:\WINDOWS\SYSTEM32\CRYPTSP.dll
0x00007ffefd100000 - 0x00007ffefd134000 	C:\WINDOWS\system32\rsaenh.dll
0x00007ffefdf70000 - 0x00007ffefdf9e000 	C:\WINDOWS\SYSTEM32\USERENV.dll
0x00007ffefda60000 - 0x00007ffefda6c000 	C:\WINDOWS\SYSTEM32\CRYPTBASE.dll
0x00007ffefd4e0000 - 0x00007ffefd51b000 	C:\WINDOWS\SYSTEM32\IPHLPAPI.DLL
0x00007ffefecd0000 - 0x00007ffefecd8000 	C:\WINDOWS\System32\NSI.dll
0x00007ffef5380000 - 0x00007ffef5397000 	C:\WINDOWS\SYSTEM32\dhcpcsvc6.DLL
0x00007ffef64d0000 - 0x00007ffef64ed000 	C:\WINDOWS\SYSTEM32\dhcpcsvc.DLL
0x00007ffefd520000 - 0x00007ffefd5ea000 	C:\WINDOWS\SYSTEM32\DNSAPI.dll
0x00007ffedc740000 - 0x00007ffedc749000 	C:\Program Files\Microsoft\jdk-17.0.13.11-hotspot\bin\extnet.dll
0x00007ffedc810000 - 0x00007ffedc81e000 	C:\Program Files\Microsoft\jdk-17.0.13.11-hotspot\bin\sunmscapi.dll
0x00007ffefe340000 - 0x00007ffefe49c000 	C:\WINDOWS\System32\CRYPT32.dll
0x00007ffefdb60000 - 0x00007ffefdb87000 	C:\WINDOWS\SYSTEM32\ncrypt.dll
0x00007ffefdb20000 - 0x00007ffefdb5b000 	C:\WINDOWS\SYSTEM32\NTASN1.dll
0x00007ffec6d40000 - 0x00007ffec6d47000 	C:\WINDOWS\system32\wshunix.dll
0x00007ffee4670000 - 0x00007ffee4687000 	C:\WINDOWS\system32\napinsp.dll
0x00007ffee4650000 - 0x00007ffee466b000 	C:\WINDOWS\system32\pnrpnsp.dll
0x00007ffefa1f0000 - 0x00007ffefa205000 	C:\WINDOWS\system32\wshbth.dll
0x00007ffef86b0000 - 0x00007ffef86cd000 	C:\WINDOWS\system32\NLAapi.dll
0x00007ffee4630000 - 0x00007ffee4642000 	C:\WINDOWS\System32\winrnr.dll
0x000000006e910000 - 0x000000006e936000 	C:\Program Files\Bonjour\mdnsNSP.dll
0x00007ffeeb350000 - 0x00007ffeeb35a000 	C:\Windows\System32\rasadhlp.dll
0x00007ffeec760000 - 0x00007ffeec7e0000 	C:\WINDOWS\System32\fwpuclnt.dll

dbghelp: loaded successfully - version: 4.0.5 - missing functions: none
symbol engine: initialized successfully - sym options: 0x614 - pdb path: .;C:\Program Files\Microsoft\jdk-17.0.13.11-hotspot\bin;C:\WINDOWS\SYSTEM32;C:\WINDOWS\WinSxS\amd64_microsoft.windows.common-controls_6595b64144ccf1df_6.0.19041.4355_none_60b8b9eb71f62e16;C:\Program Files\Microsoft\jdk-17.0.13.11-hotspot\bin\server;C:\Users\aliah\.gradle\native\c067742578af261105cb4f569cf0c3c89f3d7b1fecec35dd04571415982c5e48\windows-amd64;C:\Users\aliah\.gradle\native\100fb08df4bc3b14c8652ba06237920a3bd2aa13389f12d3474272988ae205f9\windows-amd64;C:\Program Files\Bonjour

VM Arguments:
jvm_args: --add-opens=java.base/java.lang=ALL-UNNAMED --add-opens=java.base/java.lang.invoke=ALL-UNNAMED --add-opens=java.base/java.util=ALL-UNNAMED --add-opens=java.prefs/java.util.prefs=ALL-UNNAMED --add-exports=jdk.compiler/com.sun.tools.javac.api=ALL-UNNAMED --add-exports=jdk.compiler/com.sun.tools.javac.util=ALL-UNNAMED --add-opens=java.base/java.util=ALL-UNNAMED --add-opens=java.prefs/java.util.prefs=ALL-UNNAMED --add-opens=java.base/java.nio.charset=ALL-UNNAMED --add-opens=java.base/java.net=ALL-UNNAMED --add-opens=java.base/java.util.concurrent.atomic=ALL-UNNAMED --add-opens=java.xml/javax.xml.namespace=ALL-UNNAMED -XX:MaxMetaspaceSize=512m -Xmx2048m -Dfile.encoding=windows-1252 -Duser.country=US -Duser.language=en -Duser.variant -javaagent:C:\Users\aliah\.gradle\wrapper\dists\gradle-8.11.1-bin\bpt9gzteqjrbo1mjrsomdt32c\gradle-8.11.1\lib\agents\gradle-instrumentation-agent-8.11.1.jar 
java_command: org.gradle.launcher.daemon.bootstrap.GradleDaemon 8.11.1
java_class_path (initial): C:\Users\aliah\.gradle\wrapper\dists\gradle-8.11.1-bin\bpt9gzteqjrbo1mjrsomdt32c\gradle-8.11.1\lib\gradle-daemon-main-8.11.1.jar
Launcher Type: SUN_STANDARD

[Global flags]
     intx CICompilerCount                          = 3                                         {product} {ergonomic}
   size_t CompressedClassSpaceSize                 = 436207616                                 {product} {ergonomic}
     uint ConcGCThreads                            = 1                                         {product} {ergonomic}
     uint G1ConcRefinementThreads                  = 4                                         {product} {ergonomic}
   size_t G1HeapRegionSize                         = 1048576                                   {product} {ergonomic}
    uintx GCDrainStackTargetSize                   = 64                                        {product} {ergonomic}
   size_t InitialHeapSize                          = 132120576                                 {product} {ergonomic}
   size_t MarkStackSize                            = 4194304                                   {product} {ergonomic}
   size_t MaxHeapSize                              = 2147483648                                {product} {command line}
   size_t MaxMetaspaceSize                         = 536870912                                 {product} {command line}
   size_t MaxNewSize                               = 1287651328                                {product} {ergonomic}
   size_t MinHeapDeltaBytes                        = 1048576                                   {product} {ergonomic}
   size_t MinHeapSize                              = 8388608                                   {product} {ergonomic}
    uintx NonNMethodCodeHeapSize                   = 5832780                                {pd product} {ergonomic}
    uintx NonProfiledCodeHeapSize                  = 122912730                              {pd product} {ergonomic}
    uintx ProfiledCodeHeapSize                     = 122912730                              {pd product} {ergonomic}
    uintx ReservedCodeCacheSize                    = 251658240                              {pd product} {ergonomic}
     bool SegmentedCodeCache                       = true                                      {product} {ergonomic}
   size_t SoftMaxHeapSize                          = 2147483648                             {manageable} {ergonomic}
     bool UseCompressedClassPointers               = true                           {product lp64_product} {ergonomic}
     bool UseCompressedOops                        = true                           {product lp64_product} {ergonomic}
     bool UseG1GC                                  = true                                      {product} {ergonomic}
     bool UseLargePagesIndividualAllocation        = false                                  {pd product} {ergonomic}

Logging:
Log output configuration:
 #0: stdout all=warning uptime,level,tags
 #1: stderr all=off uptime,level,tags

Environment Variables:
JAVA_HOME=C:\Program Files\Microsoft\jdk-17.0.13.11-hotspot\
CLASSPATH=D:\React Native\MyProject\android\\gradle\wrapper\gradle-wrapper.jar
PATH=D:\React Native\MyProject\node_modules\.bin;D:\React Native\MyProject\node_modules\.bin;D:\React Native\node_modules\.bin;D:\node_modules\.bin;C:\Users\aliah\AppData\Roaming\npm\node_modules\npm\node_modules\@npmcli\run-script\lib\node-gyp-bin;D:\React Native\MyProject\node_modules\.bin;D:\React Native\MyProject\node_modules\.bin;D:\React Native\node_modules\.bin;D:\node_modules\.bin;C:\Users\aliah\AppData\Roaming\npm\node_modules\npm\node_modules\@npmcli\run-script\lib\node-gyp-bin;C:\Program Files\Microsoft\jdk-17.0.13.11-hotspot\bin;C:\WINDOWS\system32;C:\WINDOWS;C:\WINDOWS\System32\Wbem;C:\WINDOWS\System32\WindowsPowerShell\v1.0\;C:\WINDOWS\System32\OpenSSH\;C:\Program Files\nodejs\;C:\Program Files\Git\cmd;C:\Users\aliah\AppData\Local\Android\Sdk\emulator;C:\Users\aliah\AppData\Local\Android\Sdk;C:\Users\aliah\AppData\Local\Android\Sdk\platform-tools;C:\ProgramData\chocolatey\bin;D:\React Native\MyProject\android\gradle-8.11.1\bin;C:\Users\aliah\AppData\Local\Microsoft\WindowsApps;C:\Users\aliah\AppData\Local\Programs\Microsoft VS Code\bin;C:\Users\aliah\AppData\Roaming\npm;C:\Program Files\Microsoft\jdk-17.0.13.11-hotspot\bin;D:\React Native\MyProject\android\gradle-8.11.1\bin;
USERNAME=aliah
OS=Windows_NT
PROCESSOR_IDENTIFIER=Intel64 Family 6 Model 142 Stepping 9, GenuineIntel
TMP=C:\Users\aliah\AppData\Local\Temp
TEMP=C:\Users\aliah\AppData\Local\Temp



Periodic native trim disabled


---------------  S Y S T E M  ---------------

OS:
 Windows 10 , 64 bit Build 19041 (10.0.19041.5198)
OS uptime: 1 days 18:09 hours

CPU: total 4 (initial active 4) (2 cores per cpu, 2 threads per core) family 6 model 142 stepping 9 microcode 0xf0, cx8, cmov, fxsr, ht, mmx, 3dnowpref, sse, sse2, sse3, ssse3, sse4.1, sse4.2, popcnt, lzcnt, tsc, tscinvbit, avx, avx2, aes, erms, clmul, bmi1, bmi2, adx, fma, vzeroupper, clflush, clflushopt
Processor Information for processor 0
  Max Mhz: 2904, Current Mhz: 1502, Mhz Limit: 2700
Processor Information for processor 1
  Max Mhz: 2904, Current Mhz: 1502, Mhz Limit: 2700
Processor Information for processor 2
  Max Mhz: 2904, Current Mhz: 2703, Mhz Limit: 2700
Processor Information for processor 3
  Max Mhz: 2904, Current Mhz: 2703, Mhz Limit: 2700

Memory: 4k page, system-wide physical 8042M (388M free)
TotalPageFile size 12138M (AvailPageFile size 1M)
current process WorkingSet (physical memory assigned to process): 588M, peak: 602M
current process commit charge ("private bytes"): 738M, peak: 740M

vm_info: OpenJDK 64-Bit Server VM (17.0.13+11-LTS) for windows-amd64 JRE (17.0.13+11-LTS), built on Oct 11 2024 23:25:05 by "MicrosoftCorporation" with unknown MS VC++:1939

END.
